보석십자수ad,아이러브페인팅,캔버스,진짜,취미,생활,도안,제품,함께,사용,추천,는데요,비즈,부분,구성,더라구요,고체,정말,그리고,방법,작업,0,0,0,0,0,0,0,0,0,0,0,0,0,0,0,0,0,0,0,0
보석십자수notad,세요,큐빅,다가,입니다,네요,해바라기,액자,습니다,생각,바로,다고,아니,사진,선물,지만,이번,만들,보석,는데,사이즈,0,0,0,0,0,0,0,0,0,0,0,0,0,0,0,0,0,0,0,0
보석십자수tfidf_ad,구요,1.6280360136229617,비즈,1.5154899157074908,습니다,1.4705782167421733,고요,1.4554688449299802,더라구요,1.4508128722480615,라구요,1.4439359345129885,습니,1.4220926844511486,더라구,1.4129049228580182,라구,1.4082990172058627,큐빅,1.40126678542947,페인팅,1.3999746429067377,어요,1.361159108571941,더라고요,1.3382356481114603,더라고,1.3203556430273578,아이러브,1.2796732846575463,러브,1.2743606814866115,아이러브페인팅,1.2675244876513039,이러,1.2302316715972996,버스,1.1893394094270047,캔버스,1.187711944878752
보석십자수tfidf_notad,비즈,2.1294918228614947,니다,1.5911392205374535,어요,1.5258614438929958,큐빅,1.3851276157980152,아이,1.3607166640916253,습니,1.3544344324021058,습니다,1.344021877136366,액자,1.249829029936874,고요,1.2165237651916407,도안,1.2142872691409017,페인팅,1.169408955232853,취미,1.0521059962776103,작업,1.0468231475428607,더라,1.0430198629797474,구요,1.02966524626249,바라기,1.0192551661513332,해바라기,1.012672611595594,라기,1.0049705306966965,버스,0.9898078916996381,바라,0.9861428212061569
미니어처ad,설명서,제품,다양,사용,아이,더라구요,해요,부터,때문,함께,구매,면서,에요,필요,다른,라고,하우스,까지,조립,합니다,0,0,0,0,0,0,0,0,0,0,0,0,0,0,0,0,0,0,0,0
미니어처notad,사진,인형,네요,제작,입니다,오늘,세요,미니어처,미니,소품,작업,너무,많이,만들,지만,으면,이런,붙여,는데,해서,0,0,0,0,0,0,0,0,0,0,0,0,0,0,0,0,0,0,0,0
미니어처tfidf_ad,푸들,2.8853671569896284,만들,2.724934909133762,포켓몬,2.3996824448069143,포켓,2.379749445349172,어요,2.2739057642584766,습니다,2.0652335572792215,분양,1.832359397613065,하우스,1.744442406883267,우스,1.744442406883267,하우,1.7148309750661073,구요,1.6169577077836972,데요,1.5668144696634807,실버,1.562894780317026,만들기,1.5448207999615189,조립,1.4910792290936021,아이,1.3767406609740904,프린터,1.3473230864801946,더라구,1.3203134724162335,더라구요,1.299188456857574,슈나우저,1.2172302256266954
미니어처tfidf_notad,어요,1.3229693903684543,하우스,1.3031172068536958,하우,1.29691105588794,우스,1.2947388307101455,만들,1.2167873263808893,만들기,1.1298722148059095,인형,1.0735152695773367,니다,1.0709208837201947,아이,1.0463134806099021,습니다,1.0414548314981185,습니,1.0297175949083641,네요,0.9857986494321512,소품,0.9590359174739697,작업,0.91614592099915,조립,0.9155436531937663,구요,0.8979055768174837,제작,0.8890978179961103,하나,0.8505593623775821,수업,0.8435990248490477,제품,0.8028662782312496
펀치 니들ad,키트,더라구요,생활,아이,소품,바늘,원단,취미,처음,도안,때문,펀칭,수틀,함께,에서,다양,진행,자수,구매,준비,0,0,0,0,0,0,0,0,0,0,0,0,0,0,0,0,0,0,0,0
펀치 니들notad,그리고,너무,지만,수업,해요,털실,시간,사진,느낌,그림,아요,생각,습니다,공방,다음,에요,는데,답니다,합니다,많이,0,0,0,0,0,0,0,0,0,0,0,0,0,0,0,0,0,0,0,0
펀치 니들tfidf_ad,래스,1.884205558942242,클래스,1.884205558942242,구요,1.696569164604958,원단,1.458807774004815,바늘,1.4341459527823763,어요,1.4168901392528679,더라구요,1.4019014171257693,더라구,1.3995032675664996,소품,1.3732653608351366,미니,1.3542126821394969,라구,1.3376549208459463,자수,1.3340980769230075,에코,1.2128711028727144,아이,1.200338635548538,더라,1.1965040616808575,작업,1.1804027367811425,수업,1.103632765182257,키트,1.1036327651822564,고요,1.0660037635308428,작품,1.059272741449193
펀치 니들tfidf_notad,수업,1.4422565267551708,래스,1.3970555515234744,클래스,1.3950739124432991,니다,1.295597276590717,자수,1.2441450291972194,바늘,1.2300089171462671,어요,1.2064096731786853,원단,1.148577863026774,작업,1.088419606381287,습니,1.0577437601930488,습니다,1.0448966538954838,작품,1.0101299424077905,도안,0.9899020931641409,취미,0.9074102520671306,공방,0.8711404125382952,아이,0.8517385512009324,부분,0.8511659415785691,자격,0.8449735709522241,시간,0.8407296189360767,진행,0.820251005804291
3d펜ad,제품,가능,더라고요,저온,선물,교육,출력,구성,답니다,연습,다양,사용,까지,그리,함께,버튼,어린이,해요,조절,에요,0,0,0,0,0,0,0,0,0,0,0,0,0,0,0,0,0,0,0,0
3d펜notad,습니다,작품,수업,많이,네요,구매,라고,완성,이렇게,만들,합니다,체험,으면,지만,너무,만드,연결,는데,정도,작업,0,0,0,0,0,0,0,0,0,0,0,0,0,0,0,0,0,0,0,0
3d펜tfidf_ad,고요,2.0036611320962026,구요,1.9915238542879525,드로잉,1.9220578384350626,수업,1.894445405149829,어요,1.8201789663198151,라고요,1.7442095018450121,더라고요,1.735125077356236,더라구요,1.7211690484788171,더라고,1.71821792560101,더라구,1.714475123332109,라구,1.7074180485635049,교육,1.6988534821172376,저온,1.562665374348397,체험,1.5589239785105924,취업,1.522042332687415,강의,1.456273313559348,퍼스트,1.453718482930886,퍼스,1.447916190551582,선물,1.435335561890257,버튼,1.388050852264743
3d펜tfidf_notad,사용,1.648854547350172,어요,1.639805729826604,필라멘트,1.6304065669663133,라멘,1.6290686488904773,습니,1.6232299031207005,습니다,1.6132562700510336,구요,1.6026015592852332,필라,1.5855310099248228,버튼,1.4406287985293293,수업,1.4393536827484903,더라,1.3734428066685993,아이,1.3721760065249724,사나,1.3230656874768725,데요,1.319049076585184,더라구,1.3077438038494007,더라구요,1.3051508062498893,니다,1.2995082306260282,나고,1.2491567704340425,체험,1.2334986642775112,고요,1.2300146462541137
3d프린터ad,제작,기술,활용,과정,제품,산업,다양,가능,개발,프린팅,진행,운용,기능사,부품,도록,방식,필요,소재,교육,경우,0,0,0,0,0,0,0,0,0,0,0,0,0,0,0,0,0,0,0,0
3d프린터notad,조립,필라멘트,해서,정도,만들,는데,부분,어요,어서,오늘,출력물,많이,출력,지만,문제,생각,시작,가지,다고,세요,0,0,0,0,0,0,0,0,0,0,0,0,0,0,0,0,0,0,0,0
3d프린터tfidf_ad,시험,2.0354277608701845,교육,1.8106067014421046,니다,1.6431454633170979,제작,1.5941726005508512,출력,1.5321844932176618,과정,1.5006433810764284,메이커,1.4978671005023108,능사,1.468364327544152,기능사,1.4645701044755624,메이,1.4490198032159947,모델링,1.4399987573261686,박스,1.4185592976472035,방식,1.4041455520881587,모델,1.3780802037829163,운용,1.364540709483084,기능,1.3375599525491488,부품,1.3211222272461776,용기,1.3207092917295482,학교,1.2906040052979277,제품,1.261781282578502
3d프린터tfidf_notad,시험,1.7915918137070812,교육,1.497474208410822,조립,1.4214091585987918,니다,1.3368763980243532,출력,1.2238219669264332,필라,1.2184584853618046,필라멘트,1.2107395617328038,만들,1.1778364829720684,모델,1.0378529261595346,습니,1.03417950068381,모델링,1.0336389917091524,습니다,1.0273176461769034,작업,1.0262498934357398,문제,1.0182013310758136,모형,1.0142334925171619,학교,0.9996737944251962,방식,0.9994028787624949,장비,0.9747589604183909,프린팅,0.9661313824818448,어요,0.9630206379586053
가죽공예ad,과정,배우,주문,면서,까지,에서,작품,부터,는데,다양,해서,직접,어요,처음,고급,만드,가지,핸드,공예,메이드,0,0,0,0,0,0,0,0,0,0,0,0,0,0,0,0,0,0,0,0
가죽공예notad,죽공,데이,습니다,입니다,바느질,공방,지갑,네요,합니다,작업,완성,카드,진행,가방,케이스,취미,가죽,사용,너무,만들,0,0,0,0,0,0,0,0,0,0,0,0,0,0,0,0,0,0,0,0
가죽공예tfidf_ad,작품,1.8945104478566364,고요,1.6625684784405619,강의,1.652160222232767,수강,1.5940333123048596,는데,1.5937227833903318,로소,1.4777448779851594,더라고요,1.4627829687968772,더라고,1.4627829687968772,잠실,1.4457738645085416,자격증,1.4067078630229946,과정,1.4064986847815761,판매,1.402735961249398,더라,1.3906972894455139,창업,1.3242690087058977,라고,1.263443942698865,구요,1.225792013765499,데이,1.197934483254955,소파,1.1754788802154676,어요,1.1711447469353722,키트,1.1455977932455779
가죽공예tfidf_notad,지갑,1.588883076681974,가방,1.315112805892604,친구,1.161133274884821,제작,1.1196056661858862,카드,1.0804297773138196,잠실,1.0521498285492188,각인,1.0166253466333466,데이,0.9839301584178081,수업,0.953946754681715,가능,0.94776461660587,담담,0.9271952017330259,색상,0.9250990504002337,케이,0.9192034566593338,케이스,0.9169673188523766,이스,0.9017850323453553,작업,0.8871776127454065,클래스,0.8797473144812071,래스,0.8797473144812071,어요,0.8582595939154799,선택,0.838878396788392
가방 만들기ad,공예,작품,죽공예,과정,수강,주문,시작,취미,더라구요,까지,부터,배우,키트,에요,직접,아서,보다,답니다,에서,미싱,0,0,0,0,0,0,0,0,0,0,0,0,0,0,0,0,0,0,0,0
가방 만들기notad,원단,합니다,입니다,바느질,완성,습니다,사이즈,패턴,모양,가방,부분,너무,수업,지만,만들,가능,사용,아요,만든,방법,0,0,0,0,0,0,0,0,0,0,0,0,0,0,0,0,0,0,0,0
가방 만들기tfidf_ad,마크,3.579370150480601,크라메,3.5520242216709916,마크라메,3.532069029414413,가죽,2.81219689911623,판매,2.3441101412789354,죽공,2.318754039841419,고요,1.9286463808143377,공예,1.881847816359663,바늘,1.872166226545006,라탄,1.7892423431464226,미싱,1.778417512738767,코바늘,1.7749854756786054,강의,1.7194902159279963,코바,1.7157118358938297,죽공예,1.6370379423446086,구요,1.5655003835787673,공방,1.5390877220923858,더라,1.4536819690793852,스티,1.4453957932265673,는데,1.4195862377652342
가방 만들기tfidf_notad,가죽,2.8357692713807277,죽공,2.2738120017100374,퀼트,1.724003278229898,공방,1.6696425457178206,라탄,1.4329252673696142,줍니다,1.29086488974956,원단,1.2296744088282963,수업,1.1726698118557413,부분,1.1120887128163777,바늘,1.0886250356265046,습니다,1.07874249801461,아이,1.0709874192397884,미싱,1.0668728849357303,습니,1.0619664300057061,바느질,1.0546675736259488,안감,1.0300711230430368,공예,1.0238020922636275,래스,1.009119022584211,클래스,1.009119022584211,패턴,1.0000286289990308
양모펠트ad,과정,다가,생각,부터,보다,가지,그리고,아이,아서,취미,가능,작품,시작,다양,아니,다음,어서,바늘,처음,지만,0,0,0,0,0,0,0,0,0,0,0,0,0,0,0,0,0,0,0,0
양모펠트notad,예요,제작,반려,수업,세요,자격증,동물,네요,습니다,강아지,완성,고양이,표현,어요,클래스,공예,답니다,귀엽,입니다,진행,0,0,0,0,0,0,0,0,0,0,0,0,0,0,0,0,0,0,0,0
양모펠트tfidf_ad,어요,1.8743473240995994,수업,1.50379680702707,니들,1.4556090791758853,공방,1.3948461907762202,자격증,1.3815510557964277,코난,1.2637567605143647,바늘,1.2495648827330663,과정,1.2336387839834981,미니,1.2039728043259361,반려,1.2039728043259361,인형,1.2014551129705717,공예,1.1417783783072832,아지,1.1321403949145774,작품,1.0835755238933424,호두,1.083220080440884,강아지,1.0628256768585824,아이,1.0592474973207833,클래스,1.0187010628247894,동물,0.9698587052349922,찔러,0.9692876159870342
양모펠트tfidf_notad,바늘,1.4698662424840978,수업,1.4042340629772943,니다,1.2477230746856711,어요,1.198201494371863,제작,1.15742994616271,반려,1.067811521158715,액자,1.0461545225200517,인형,1.0440383518564804,예요,1.0357285337335207,강아지,1.0215097179257107,아지,1.0113401122371874,습니다,0.9819334916617894,습니,0.9682430238622618,는데,0.9478256774312926,니들,0.941337579669889,고양,0.938196916569502,고양이,0.9342235606838102,양이,0.9276816027881113,클래스,0.8829496405457498,래스,0.8829496405457498
프랑스 자수ad,수강,배우,어서,까지,취미,이나,부터,아서,방법,에요,생각,가능,시작,처음,면서,다양,수틀,해서,는데,어요,0,0,0,0,0,0,0,0,0,0,0,0,0,0,0,0,0,0,0,0
프랑스 자수notad,수놓,입니다,습니다,완성,합니다,세요,스티치,수업,시간,만들,클래스,사용,지만,사진,자수,네요,소품,많이,너무,프랑스,0,0,0,0,0,0,0,0,0,0,0,0,0,0,0,0,0,0,0,0
프랑스 자수tfidf_ad,판매,2.613568724754067,강의,1.811984502471247,수업,1.7958224834718695,더라고요,1.5763694915324569,수강,1.5413607951895552,니까,1.5175491545937831,고요,1.4705382189589165,더라,1.3900232816788953,구요,1.3770727542098369,더라구요,1.3732451619039778,더라구,1.3732451619039778,라구,1.3511219977775704,펀치,1.2999922906739196,배우,1.2993695893954886,자격증,1.2525090342732443,자격,1.240357755105259,키지,1.231822027587844,패키지,1.231822027587844,공예,1.223194989091599,무료,1.2231949890915987
프랑스 자수tfidf_notad,스티치,1.5663819415357936,스티,1.561850835198405,티치,1.5587375112744215,수업,1.394225127285824,바늘,0.923155661238663,수놓,0.918170118271051,습니다,0.91389710940681,래스,0.9065257880603608,클래스,0.904082322324349,습니,0.9040409020433924,공방,0.8830377799073745,과정,0.8610596967035822,가방,0.8222296217079423,작품,0.8216806835200444,데이,0.8153202572451596,니다,0.8145686766432649,도안,0.802559221445833,어요,0.776653189521963,만들,0.7621831954828384,답니다,0.7482715441466378
스크래치 북ad,페이퍼,아이,제품,놀이,답니다,전용,작품,네요,재미있,함께,그리고,색칠,미술,사용,컬러,조금,정말,엄마,어요,나오,0,0,0,0,0,0,0,0,0,0,0,0,0,0,0,0,0,0,0,0
스크래치 북notad,다가,생각,생활,추천,아서,취미,는데,시작,부분,세요,완성,해서,다른,스크래치,시간,마음,많이,부터,라고,야경,0,0,0,0,0,0,0,0,0,0,0,0,0,0,0,0,0,0,0,0
스크래치 북tfidf_ad,고요,1.9845237704415988,페이퍼,1.8261762257060095,사유,1.7415473141642717,더라고요,1.6546502833257724,더라고,1.591043225285877,구요,1.553061553126452,취미,1.5384368781874875,더라구요,1.4883928278311986,러링,1.4746654182984713,더라구,1.464703607539853,아이,1.4581398544443256,어요,1.4580539539579032,데요,1.4332671675411544,컬러,1.3962714706412287,네요,1.3528247291748892,페이,1.3467186191481122,도안,1.2495149665743397,놀이,1.2174537673235502,답니다,1.2112238242180289,너무,1.1893099493775536
스크래치 북tfidf_notad,어요,1.506478700651492,자리,1.4684749911414685,아이,1.343134725623431,구요,1.1165679995199482,더라구,1.0650619495853413,놀이,1.0560661031737084,더라,1.0537343416552778,더라구요,1.0198775032392966,아요,0.939198000171009,취미,0.9059543576043805,습니,0.8924734127398968,컬러,0.8846239223249829,너무,0.8813239361217421,러링,0.8595025038943325,습니다,0.8488785409753318,도안,0.8337254174133794,뽀로로,0.8240411058701957,그림,0.8203263200296809,구매,0.8057147489439299,미술,0.7966717666548798
DIYad,더라구요,취미,키트,부터,더라고요,제품,까지,는데요,시작,필요,디자인,답니다,재료,어서,다양,직접,아이,어요,가지,정말,0,0,0,0,0,0,0,0,0,0,0,0,0,0,0,0,0,0,0,0
DIYnotad,합니다,습니다,작업,입니다,소품,느낌,부분,선물,세요,많이,사진,수업,예쁘,사용,제작,컬러,네요,지만,너무,만들,0,0,0,0,0,0,0,0,0,0,0,0,0,0,0,0,0,0,0,0
DIYtfidf_ad,비누,2.700290857002128,공예,2.0763922066956755,판매,1.8218591752242275,키트,1.8215053242452885,캔들,1.7236426815820793,라탄,1.6681407136887205,고요,1.5723513404132228,수강,1.5465318446836047,어요,1.5450859155130967,가죽,1.5390170730673605,강의,1.4909637592562082,미니,1.44557923179652,그리기,1.429621474053635,초밥,1.3995806910666715,구요,1.3785233301243354,더라구,1.2803590822850377,더라구요,1.276822178742814,더라고요,1.2768162565750703,라구,1.2719921640423517,아이,1.263466551613887
DIYtfidf_notad,습니다,1.649170600696693,습니,1.632097688472271,가방,1.5583091469692834,어요,1.4494097797146013,뜨개,1.4448656963452944,니다,1.338101669225226,리그,1.3247205704043392,비누,1.2995166317848532,미니,1.2381840733644704,비즈,1.198859087003901,이다,1.1896437681710055,라피,1.1731425912204703,아이,1.171883945195781,만들기,1.1314388846050405,키트,1.1238581123625613,그라피,1.111988984515605,캘리,1.1070923065643292,리어,1.0926631182182682,테리어,1.0795656530037556,패키지,1.0781519545682308
LED조명ad,조절,시간,는데요,센서,필요,디자인,가지,면서,때문,까지,사용,부분,분위기,선택,해요,에서,밝기,보다,하나,아니,0,0,0,0,0,0,0,0,0,0,0,0,0,0,0,0,0,0,0,0
LED조명notad,교체,시공,형광,아파트,거실,입니다,습니다,사진,기존,네요,합니다,조명,정도,깔끔,많이,전기,지만,세요,방등,설치,0,0,0,0,0,0,0,0,0,0,0,0,0,0,0,0,0,0,0,0
LED조명tfidf_ad,생체,2.726421851235267,거울,2.6273424114534176,리듬,2.594773894629283,삼성,2.5180027689118885,어요,2.236340039888384,교체,1.9705140026107537,설치,1.689972545169134,고요,1.6538640813743728,습니다,1.640509093757286,습니,1.6080299418321573,센서,1.574052626589646,시공,1.4898520354510238,더라,1.4113441366931763,침대,1.4093126577012087,충전,1.4085042521256368,조절,1.3904189931185396,촬영,1.3500842159739495,셀카,1.3307460223674918,거실,1.2858999742171762,카봉,1.2808271515069618
LED조명tfidf_notad,교체,2.143757720237032,어요,1.7668113750938894,시공,1.7228136010505317,엣지,1.6347502977847925,평판,1.5824660657769754,습니다,1.414260857751439,거울,1.386068976629081,방등,1.386013871240015,습니,1.381514387939522,설치,1.3376755562493245,형광,1.3177975917363611,간판,1.3135160681734064,형광등,1.2805785072845854,광등,1.2760492216261055,사용,1.2151382059397229,거실,1.1724203998318534,구요,1.1389079788774308,제품,1.1139316020048928,주방,1.1009396888791068,모듈,1.0407970468820165
무드등ad,가습기,충전,버튼,사용,전원,기능,아이,제품,캠핑,조명,시간,연결,필요,면서,함께,선택,는데요,때문,수유,가능,0,0,0,0,0,0,0,0,0,0,0,0,0,0,0,0,0,0,0,0
무드등notad,세요,비언,만들,선물,아니,색상,사진,아크릴,생각,는데,아서,어요,예쁘,무드,아요,합니다,부분,체험,지만,마음,0,0,0,0,0,0,0,0,0,0,0,0,0,0,0,0,0,0,0,0
무드등tfidf_ad,가습,3.9781703880369226,습기,3.601508340920587,가습기,3.4330056011893237,충전,1.9452229365737843,비언,1.729504566693612,어요,1.667791485279419,조명,1.6607153510198334,습니다,1.6381012591728776,습니,1.6084912612487914,선물,1.5553180884668756,구요,1.527720633567264,라구,1.4157067245302257,더라구요,1.401749716578877,더라구,1.3980838192456175,고요,1.3979010964324792,캠핑,1.3836516595372947,아이,1.358329427655515,체험,1.3351991773868723,아크릴,1.3171081978294308,크릴,1.3171081978294308
무드등tfidf_notad,어요,1.7035874891774625,가습,1.632938028329026,습기,1.5766907252253957,가습기,1.5429335700746702,조명,1.5194372010380643,비언,1.5097580063999954,선물,1.3890928325062903,더라,1.328966167465315,구요,1.2888807818257384,라구,1.2584074363380133,더라구,1.2476975858159878,더라구요,1.2186769731046643,고요,1.1999381597469243,만들,1.1636862985742658,습니다,1.1617569264431535,니다,1.1539389517258056,사용,1.1424894019173188,습니,1.1411801902057923,체험,1.1352065779809555,크릴,1.0765394859052742
칼림바ad,설명서,음계,추천,사용,튜닝,스티커,제품,울림,취미,때문,망치,건반,처음,가능,손가락,어서,케이스,선물,다고,해요,0,0,0,0,0,0,0,0,0,0,0,0,0,0,0,0,0,0,0,0
칼림바notad,영상,만들,세요,입니다,시간,라는,습니다,합니다,음악,많이,악보,아이,나무,너무,아서,피아노,네요,지만,그래서,칼림바,0,0,0,0,0,0,0,0,0,0,0,0,0,0,0,0,0,0,0,0
칼림바tfidf_ad,브로,2.1725160034011184,고요,1.749154835211709,구요,1.7263564480198417,라구,1.715181168342434,더라구,1.7081082563080325,더라구요,1.6915479918376994,더라고,1.6556961721946277,더라고요,1.6514616551301913,라고요,1.6398721183973686,어요,1.5824375440763312,더라,1.3933190862059055,습니다,1.3520967304779643,습니,1.3395306911041531,는데요,1.1075411480604906,코즈,1.0999092824989731,네코,1.0953158619726429,크릴,1.0879224707498547,아크릴,1.0811651883228373,라고,1.0518632971913457,건반,1.0440257268007478
칼림바tfidf_notad,어요,1.4831069500295346,체험,1.4620747543222845,악기,1.3794563948610978,구요,1.3018588747143893,니다,1.2973854331849777,습니다,1.282063512037286,더라,1.2646210196689942,데요,1.257881199939724,악보,1.2509650969899182,라구요,1.2149550044881827,더라구,1.2149550044881827,더라구요,1.2122261999169983,건반,1.0917667371369772,소리,1.0663616007639298,조율,1.0150407806645276,수업,1.001848171320041,는데요,0.9740922100872329,아이,0.9621361556809698,피아,0.9500822094603867,아노,0.9433191321593739
오르골ad,완성,더라고요,다양,디자인,사용,면서,마음,추천,제품,가지,지만,어서,정말,만들,태엽,함께,아이,까지,에게,가능,0,0,0,0,0,0,0,0,0,0,0,0,0,0,0,0,0,0,0,0
오르골notad,사진,구매,소품,예쁜,생각,너무,많이,느낌,아니,크리스마스,는데,으면,트리,오르골,네요,세요,시간,해서,예쁘,다고,0,0,0,0,0,0,0,0,0,0,0,0,0,0,0,0,0,0,0,0
오르골tfidf_ad,크리스마스,2.106719394893743,리스,2.1000424754600266,관광,1.991560481743596,칼림,1.8748181460842506,칼림바,1.849482765731761,만들,1.6627913755592318,이어폰,1.617401424983606,체험,1.5512227740345819,악보,1.5055057289155573,선물,1.493663914777567,세일러,1.4599521601117487,어요,1.4302369174134806,제주,1.3660357436673223,만들기,1.3548661132000175,키트,1.3330404364542825,모빌,1.3272292364652258,지역,1.3174397783294733,고요,1.3109367755393122,이어,1.3083902348282261,노우,1.2999372399414841
오르골tfidf_notad,크리,1.7353106795644733,리스,1.7341375768793157,크리스,1.7205294983075359,크리스마스,1.7203376243564823,마스,1.7183779262101553,체험,1.5639537391031324,어요,1.4284007819287612,습니다,1.2630450857980944,습니,1.2583211656224833,만들,1.2137808244275288,니다,1.208165666221724,구요,1.121526932561043,소품,1.088248226630322,더라,1.0844670242373857,선물,1.0531018655894455,더라구,0.9743610571097459,라구,0.9729679829146957,는데,0.9711395980891802,라구요,0.9616347417379174,더라구요,0.9601156757386402
발난로ad,더라고요,난방,는데요,기능,답니다,이나,자동,다는,걱정,필요,사용,해요,위험,어요,버튼,부분,제품,면서,어서,해도,0,0,0,0,0,0,0,0,0,0,0,0,0,0,0,0,0,0,0,0
발난로notad,구매,다리,패드,히팅,아래,다가,세요,너무,으면,그리고,는데,아서,라고,보다,겨울,네요,냉증,니까,수족,사무실,0,0,0,0,0,0,0,0,0,0,0,0,0,0,0,0,0,0,0,0
발난로tfidf_ad,고요,2.040671488536383,구요,1.6965639404060213,더라고,1.6799120729076253,더라고요,1.6727021498479357,라고요,1.6727021498479357,히팅,1.6361907140748173,패드,1.6067064841914296,더라구,1.5368365899042684,더라구요,1.5234727934703183,습니다,1.3309555407068454,습니,1.295670913230365,라고,1.2872449993728434,히터,1.279987846730838,어요,1.2084238741541895,스쿱,1.1533992399334505,테리어,1.0871544328172689,네이,1.0869351698748477,인테리어,1.0722619063403198,답니다,1.0586280642653145,따듯,1.0586043624616086
발난로tfidf_notad,히팅,1.487952453540448,패드,1.4782822586890432,습니다,1.3923230520736711,습니,1.3789996029305116,구요,1.352789821020262,니다,1.3326408039953335,히터,1.198787483447361,어요,1.148387659631385,더라구,1.1154102430491057,더라구요,1.1123446099752792,라구요,1.1065280774695836,고요,1.0463063957549912,네요,1.0272362210069967,제품,1.01802884535058,더라,1.0129912641926906,데요,0.9167744880093945,더라고,0.9014545020002034,라고요,0.8998202362524811,더라고요,0.8910841174539135,무실,0.865805601079869
우산ad,경우,가능,사용,예쁜,장우,양산,이나,튼튼,자동,필요,더라구요,제품,는데요,선물,색상,까지,때문,에요,다니,아요,0,0,0,0,0,0,0,0,0,0,0,0,0,0,0,0,0,0,0,0
우산notad,라고,지만,생각,만들,는데,더라고요,그리고,세요,많이,하나,아니,보다,너무,다는,아이,정도,어요,다고,으면,입니다,0,0,0,0,0,0,0,0,0,0,0,0,0,0,0,0,0,0,0,0
우산tfidf_ad,공제,7.06284819005315,사업,4.06351715221673,가입,3.910701497114156,노란,3.7463227753559267,소득,3.5003577899735276,업자,2.86107715089865,사업자,2.720205043639108,양산,2.2578189956069163,득공,2.0430464941828044,어요,1.8741474103942402,소기업,1.724020448916142,소기,1.711748935104831,기업,1.6914128912706012,습니다,1.6778614841069228,금액,1.663399524743458,제도,1.6541417046810016,납입,1.6160203324790472,장우,1.590013107005615,사용,1.5749184221449664,지원,1.532213861329337
우산tfidf_notad,니다,1.978785220525488,습니다,1.6578866329518804,습니,1.6313193911076356,어요,1.4929388730127853,양산,1.3464689201404398,아이,1.2083831535359744,고요,1.1916527130510344,공제,1.1062007159503786,나물,1.0995332319146607,입니다,1.0970414257045638,더라,1.0581112202128753,스타벅,1.02155653712429,벅스,1.02155653712429,로쇠,1.0174861934776596,고로쇠,1.0174861934776596,스타,0.9997986701882853,더라고요,0.9845313757349308,제품,0.9838247625924573,더라고,0.9814615288289635,데요,0.9710776072369764
캡슐 세제ad,냄새,세척력,향기,더라고요,제거,세탁물,포드,효과,면서,기분,는데요,입니다,먼저,효소,아니,섬유,빨래,때문,걱정,바로,0,0,0,0,0,0,0,0,0,0,0,0,0,0,0,0,0,0,0,0
캡슐 세제notad,더라구요,라고,네요,필름,으면,습니다,정말,액체,생각,편하,많이,아서,없이,드럼,피부,지만,어요,다고,에서,해서,0,0,0,0,0,0,0,0,0,0,0,0,0,0,0,0,0,0,0,0
캡슐 세제tfidf_ad,시트,2.5728098477882644,에버,2.260536970427489,아로,2.241514754791003,버블,2.2129349823221154,카포,2.1431755328183124,포드,2.107936473235351,드라이,1.9759782741806518,워시,1.9712191811621065,블루,1.9473412793378875,위시,1.9335874350043412,드라,1.8868598614186107,이시트,1.8295740802082296,라이,1.7946134110979115,고요,1.608730981985917,건조,1.4872210993928614,조기,1.4750949037432908,건조기,1.4702585270097064,더라고요,1.4540036215890044,라고요,1.4540036215890044,더라고,1.4509774460984655
캡슐 세제tfidf_notad,아로,1.706283735850277,카포,1.567539932412986,고요,1.5616561938805742,구요,1.5273580617641374,포드,1.5271740972435526,라구요,1.4605043757035718,더라구요,1.4519131734935506,라구,1.44790987307673,더라구,1.4366639711499203,향기,1.2949323062508677,습니다,1.2840905062140147,어요,1.226360946204872,라고요,1.2072104944950766,더라고요,1.2024948285009551,더라고,1.191052376612482,데요,1.1811569010975997,탁세,1.148456161034013,더라,1.134501651179408,모트,1.1204402877944335,엘모,1.1204402877944335
전자저울ad,정밀,드레,재료,정말,계량,크기,기능,정확,베이,가능,단위,는데요,해요,때문,디자인,바로,이유식,측정,주방,사용,0,0,0,0,0,0,0,0,0,0,0,0,0,0,0,0,0,0,0,0
전자저울notad,가격,구매,생각,습니다,으면,건전지,누르,아니,정도,중량,많이,더라구요,입니다,그리고,네요,지만,됩니다,는데,다는,표시,0,0,0,0,0,0,0,0,0,0,0,0,0,0,0,0,0,0,0,0
전자저울tfidf_ad,다지,3.5776133688904226,다지기,3.447123763079168,주방,2.0491663335285217,어요,1.8269675744712122,근대,1.7032711919904944,드레,1.5778532918107824,고요,1.4673418552722348,요리,1.4066301304957867,유식,1.3515288295143775,이유식,1.3515288295143775,습니다,1.3480637033221075,습니,1.3403845324743362,이유,1.319424343561114,니다,1.3056216875204645,데요,1.2895371503582786,커피,1.2530011434967978,마늘,1.2485096988795161,방전,1.2253595139564333,이킹,1.2160618362065558,설치,1.2131508522424537
전자저울tfidf_notad,니다,2.2415055068345953,어요,1.8018754087027944,다이소,1.6626995064969945,이소,1.6553162065334877,습니다,1.5739954656858197,주방,1.356963790702045,측정,1.3265899044803138,이유식,1.2921105789542837,유식,1.2921105789542837,요리,1.290456014317933,계량,1.2331846706897271,이유,1.1991155839998036,카스,1.1954751950442433,제품,1.1187188974293687,네요,1.0886926948635105,커피,1.0752788413665662,만들,1.0507783376368007,데요,1.0439106085726568,버튼,1.010132569622244,구요,0.9915763483075299
산소포화도 측정기ad,가정,임대,호흡기,휴대,드리,치료,가능,기능,기기,코로나,건강,사용,입니다,습니다,됩니다,설치,는데요,가지,체크,의료,0,0,0,0,0,0,0,0,0,0,0,0,0,0,0,0,0,0,0,0
산소포화도 측정기notad,정상,는데,해서,사람,포화도,많이,이나,측정,맥박,라고,어서,수술,수치,포화,해야,는지,지만,측정기,어요,상태,0,0,0,0,0,0,0,0,0,0,0,0,0,0,0,0,0,0,0,0
산소포화도 측정기tfidf_ad,소호,4.033313087424518,흡기,3.1058850050916407,호흡기,3.0636280662468565,호흡,2.6036265090012374,임대,2.5458351533211223,정용,2.2873349668708616,가정,2.285069722761409,어요,2.2069053651290296,발생기,1.9748913679776368,소발,1.9491598843557782,치료,1.9489704816118942,니다,1.8737678365767907,수술,1.8736565616866205,용산,1.8402413901592447,코로나,1.8286217695020577,생기,1.8007921459897238,소치,1.7433955540174242,메디케어,1.7360766128509795,간호,1.6895867409467675,케어,1.668773037337856
산소포화도 측정기tfidf_notad,니다,2.5840672635669057,발생기,2.2286939743969536,소발,2.1412942106951123,생기,1.9984278726482085,호흡기,1.9740741469695682,흡기,1.96666478493163,소호,1.9621001526180435,호흡,1.8836596163423796,수술,1.7367618120430084,어요,1.7180254370367019,습니,1.698416005735695,습니다,1.6905072001210932,발생,1.66939759482563,대상자,1.5484378249677178,대상,1.51933893525786,한다,1.5145193739912532,의료,1.4816485200506444,치료,1.4739882570972827,상자,1.4451710473562085,간호,1.342577438971258
소음 측정기ad,수치,진동,공사,도록,이웃,관리,환경,소음계,분쟁,사용,피해,공사장,에게,때문,위해,주택,필요,시간,크기,해야,0,0,0,0,0,0,0,0,0,0,0,0,0,0,0,0,0,0,0,0
소음 측정기notad,세요,생각,측정기,어요,다고,아파트,는데,소리,아니,데시벨,설치,층간,현장,다면,라고,는지,대한,부터,해서,많이,0,0,0,0,0,0,0,0,0,0,0,0,0,0,0,0,0,0,0,0
소음 측정기tfidf_ad,층간,3.779104610053589,니다,3.184111787917815,공사,2.516697422986202,진동,2.2875483282192794,습니다,2.208446668931732,음계,2.129539750239063,소음계,2.0925042763218618,제습,2.0407184289972933,소리,1.991132545728805,먼지,1.8807516990318605,제품,1.7918574312205702,관리,1.7698585653089052,신청,1.7198758336610915,엔진,1.6742230195024685,공사장,1.5263898023742188,피해,1.5250322188128527,오일,1.5221630400584054,는데,1.5016762419534488,사장,1.493132891023379,데시벨,1.4919399268648006
소음 측정기tfidf_notad,층간,2.993762929916754,니다,2.284598230568218,간소,2.2487505287000684,습니다,2.1867385447828678,소리,1.984395804668841,윗집,1.3945024525847192,데시,1.3204290950271493,데시벨,1.3055089922584808,는데,1.1699105605916404,한다,1.1450973274587217,거칠,1.0999534749696203,공사,1.0995503535251696,정도,1.0919966717027185,으로,1.090425380485487,네요,1.083049787624883,발생,1.0651428144149602,작업,1.0440888134011985,합니다,1.0413040689442228,사용,1.0235539044922808,지만,1.0174350961107523
거리 측정기ad,버디,모드,그린,미니미,는데요,코스,기능,까지,골프장,렌즈,확인,라운,캐디,배터리,정확,경우,골프,선택,시계,가능,0,0,0,0,0,0,0,0,0,0,0,0,0,0,0,0,0,0,0,0
거리 측정기notad,케이스,가격,레이저,많이,생각,세요,아주,입니다,구매,아요,부터,는데,보이스,됩니다,보다,용품,보이,아니,이렇게,으면,0,0,0,0,0,0,0,0,0,0,0,0,0,0,0,0,0,0,0,0
거리 측정기tfidf_ad,미니미,3.0988487181731896,미니,2.9868672789829973,보이스,2.761131877735382,버디,2.5086923368511878,캐디,1.8378834271592568,어요,1.8065065500180524,습니다,1.790436872043138,습니,1.7514942369144413,시계,1.5677321340071655,데요,1.5494278321905397,아이나비,1.5304059484118009,이나비,1.5304059484118009,나비,1.5136766243284645,그린,1.4380387083916508,코스,1.428547062428282,이스,1.4017972041851001,보이,1.394797687864643,라운드,1.3706191086529573,니콘,1.3311576535753495,는데요,1.2689463075438974
거리 측정기tfidf_notad,골프,2.252239426092861,습니다,1.967082492491783,습니,1.9349493551942683,캐디,1.8047807314322233,가죽,1.793509417212622,이스,1.6444033337746162,케이스,1.609358614015995,어요,1.5628292553665668,보이스,1.515045785126843,케이,1.4365390885141054,부쉬넬,1.4119179990216237,부쉬,1.3842022888031025,코스,1.3838028069565402,미니,1.3690741656622007,제작,1.360105852276983,레이저,1.3225079064484186,미니미,1.2529055461332266,선물,1.2322837300251728,코스트코,1.2130075659799042,버튼,1.2068823786994485
온습도계ad,관리,온도계,디지털,가능,아이,이나,건조,드레,체크,는데요,더라고요,신생아,측정,버튼,확인,사용,아요,실내,제품,표시,0,0,0,0,0,0,0,0,0,0,0,0,0,0,0,0,0,0,0,0
온습도계notad,샤오미,구매,정도,화면,시간,아서,지만,라고,는데,생각,보다,해서,하나,깔끔,에서,너무,설정,다고,아니,가지,0,0,0,0,0,0,0,0,0,0,0,0,0,0,0,0,0,0,0,0
온습도계tfidf_ad,습니다,1.924456264874155,습니,1.918673747612807,드레,1.7443552683533359,어요,1.5705900899569816,고요,1.4375774852069767,샤오미,1.430367350429736,구요,1.3707268733396218,디지털,1.3638505391899183,아기,1.3414769862940066,신생,1.3210641257269669,신생아,1.3168299458368162,블루투스,1.2378814082968626,온도계,1.2328687972958492,더라고,1.2106019017062688,더라고요,1.2058497095480556,더라구요,1.1990146476090142,더라구,1.1893138683373783,설정,1.1815914146028257,더라,1.1604244531550936,알람,1.118855035153705
온습도계tfidf_notad,니다,2.2984284630944165,습니다,1.8380392755346733,어요,1.7397093300915056,샤오미,1.6831871486292382,샤오,1.6596771800919714,드레,1.4116278537125537,휴비딕,1.2594313556098296,구요,1.254570271010069,휴비,1.2516888224674663,아기,1.100189102870341,더라,1.0821301731290585,더라구,1.0332871661010972,제품,1.0273356065990467,설정,1.0203707857254463,라구요,1.0033986943543716,더라구요,1.000137377920879,고요,0.9955544534173251,답니다,0.9941900234951258,네요,0.9940045816951073,측정,0.9728429013790756
적외선 온도계ad,측정기,포인트,자동,경우,전원,바로,어요,산업,거리,정확,물체,설정,센서,모드,아요,기능,해야,체온,측정,가지,0,0,0,0,0,0,0,0,0,0,0,0,0,0,0,0,0,0,0,0
적외선 온도계notad,구매,가격,레이저,네요,건전지,온도계,세요,비접,촉식,입니다,해서,외선,제품,시간,는데,그리고,적외선,필요,면서,생각,0,0,0,0,0,0,0,0,0,0,0,0,0,0,0,0,0,0,0,0
적외선 온도계tfidf_ad,체온,3.44785263554703,체온계,2.5832792549080312,방사,1.9770623440362154,어요,1.920505872439455,사율,1.7169788562329769,열화상,1.4830108746169688,카메라,1.4206430533246923,습니다,1.322523912967996,물체,1.2853885426443599,네요,1.2274085906200478,니다,1.21798443970479,는데,1.213380804944413,레이,1.1807292612048659,아이,1.1536331615634021,답니다,1.1345120800774087,고요,1.1280317932804076,모드,1.1152132501749485,포인트,1.1023947070694893,지만,1.0900521757522177,합니다,1.0776914304246652
적외선 온도계tfidf_notad,체온,2.4090213250046313,체온계,1.9723102866227602,니다,1.7281146896285904,습니다,1.203439743923944,네요,1.2011390523150118,습니,1.200690742737109,합니다,1.1844506759419315,교정,1.1579257101329392,방사,1.1077708082872793,는데,1.0594977930286438,제품,1.0222839336629173,구매,1.022255639447795,촉체,1.016701244915225,레이,1.0126555782142725,접촉,0.9860348748632897,어요,0.9675033936345856,레이저,0.9674185697389248,입니다,0.9550916283619996,비접,0.938013325964977,버튼,0.8998292403346607
높이 측정기ad,골프,확인,기능,상태,자동,디자인,전원,표시,사용,까지,는데요,도록,제품,에서,혈압,가지,어요,경우,필요,가능,0,0,0,0,0,0,0,0,0,0,0,0,0,0,0,0,0,0,0,0
높이 측정기notad,레이저,높이,더라구요,해서,아니,정도,가정,케이스,너무,많이,이렇게,입니다,는데,누르,라고,생각,다고,하나,이나,지만,0,0,0,0,0,0,0,0,0,0,0,0,0,0,0,0,0,0,0,0
높이 측정기tfidf_ad,혈압,7.942655059318993,거리,4.676075329599795,골프,4.406641937091804,미세먼지,3.07386154209948,미세,2.7714130574864986,먼지,2.7167027695233466,어요,2.3276700650653868,공기,1.895397745588998,혈압계,1.8391583499184647,습니다,1.8165909862413374,레이저,1.8126497958015169,데요,1.7539056047503578,수치,1.7339502890381902,고요,1.6549101604078678,모드,1.6391984166780373,라돈,1.6233385821969164,캐디,1.612255814979008,혈당,1.5955936186257098,더라,1.5856998675373226,라운,1.5607054870891761
높이 측정기tfidf_notad,혈압,4.8980595688786766,거리,3.2341595599693114,골프,2.6343010051315963,레이저,2.1602788547317786,습니,2.025444435581755,습니다,2.0205083402878916,레이,1.9899448346083657,어요,1.8313921208578334,라돈,1.4903216145116032,구요,1.390346905929891,어댑터,1.372154470942639,미세먼지,1.362776838261086,미세,1.3453884404443945,데요,1.333300466905061,먼지,1.300369232656561,더라,1.2973655001368305,는데,1.2825076717121051,이다,1.2631428864538294,더라구요,1.228540475617726,더라구,1.2264844135403747
타이머ad,가스,는데요,해요,기능,버튼,설치,자동,디자인,사용,가능,정말,아요,이나,어서,까지,제품,경우,거나,세요,구입,0,0,0,0,0,0,0,0,0,0,0,0,0,0,0,0,0,0,0,0
타이머notad,타임,방법,시계,주방,다가,알람,생각,라고,네요,구매,요리,타이머,시간,소리,필요,으면,는데,지만,추천,다른,0,0,0,0,0,0,0,0,0,0,0,0,0,0,0,0,0,0,0,0
타이머tfidf_ad,캔들,4.773366743739961,가스,3.5841516153996302,워머,3.1166667892965907,공부,2.184725951844701,습니,1.940790848350925,습니다,1.9405876036778102,어요,1.800709815816191,밸브,1.7573696047723044,와플,1.6947890004911248,니다,1.6470003579727257,고요,1.6114602189606155,설정,1.4723721162556018,전기,1.4668786807061138,조명,1.4609869452319537,워치,1.4200528080735344,설치,1.3923561597686838,구요,1.3805739526123015,시계,1.36301331416703,버튼,1.3560303110360574,순공,1.3518227729017727
타이머tfidf_notad,니다,2.1559417946804507,어요,1.7584533591751745,습니,1.7174401049973333,습니다,1.7112861357097013,공부,1.6830987499099492,와플,1.4994714264900997,설정,1.3194199814497427,시계,1.264318721093187,집중,1.2257006804367927,제품,1.204492662925914,타임,1.1901127773815954,사용,1.1833144399228803,아이,1.153681816224245,구요,1.1496734918318443,운동,1.1256824349485546,메이커,1.1212578552789647,가스,1.11644490249727,버튼,1.1092237460451668,기능,1.1038349479180212,라이,1.0729121833572342
유수분 측정기ad,더라고요,마스크,추천,진정,탄력,보습,자극,로션,에요,촉촉,화장품,산뜻,크림,느껴,흡수,스킨,센스,피부,습니다,케어,0,0,0,0,0,0,0,0,0,0,0,0,0,0,0,0,0,0,0,0
유수분 측정기notad,니까,관리,생각,더라구요,이렇게,라고,측정기,아서,다고,많이,면서,다는,아니,상태,해서,어서,는데,효과,그래서,이나,0,0,0,0,0,0,0,0,0,0,0,0,0,0,0,0,0,0,0,0
유수분 측정기tfidf_ad,크림,2.5756132055820857,에센스,2.278935919696784,클렌,2.200776651722732,센스,2.124657624870314,렌징,1.9407651231892749,클렌징,1.9330020626965179,마스,1.842879121627975,구요,1.830137253125704,마스크,1.801904163905948,미스,1.754619922278599,로션,1.733128239287429,더라구,1.6259786094417572,미스트,1.6028260879828944,더라구요,1.601356991843549,라구요,1.5993232224017282,라구,1.5833370861509677,바디,1.4962742612086548,테라,1.377940653466009,토너,1.3605463824509385,고요,1.354486331761125
유수분 측정기tfidf_notad,클렌,2.311928496137035,크림,2.1869412706960305,구요,2.179391870730387,에센스,2.1481268416092236,미스트,2.1381153683237777,미스,2.1086286418989317,라구요,2.104080922777104,더라구요,2.098658033800874,센스,2.075685964562469,더라구,2.0170424629694432,라구,2.0110557324144454,토너,1.832834764775483,클렌징,1.8148823096492037,관리,1.7673097582436048,마스크,1.7292405493646776,고요,1.6236532530560635,거품,1.5280881022201012,바디,1.4110877270861986,드름,1.3466871998682248,레드,1.3385784802701652
아두이노ad,코딩,활용,어요,면서,어서,부품,구성,교육,는데,그리고,기본,필요,시작,까지,가능,하나,보드,라이브러리,라는,방법,0,0,0,0,0,0,0,0,0,0,0,0,0,0,0,0,0,0,0,0
아두이노notad,출력,제어,입니다,센서,시간,모터,합니다,이용,입력,도록,연결,아래,경우,전원,세요,됩니다,버튼,동작,데이터,회로,0,0,0,0,0,0,0,0,0,0,0,0,0,0,0,0,0,0,0,0
아두이노tfidf_ad,니다,2.6122796146175378,코딩,2.520448381877769,어요,1.9276119012647281,습니다,1.9275842467915663,습니,1.898756734678616,키트,1.78326029948496,교육,1.498355145064032,합니다,1.456477000742432,모터,1.404120196305995,보드,1.3687294963546304,라이,1.3502032832951236,라이브러리,1.2595806482826695,라이브,1.2578607371213242,이브,1.2578576758574531,이다,1.2157354915940273,파일,1.192039541655609,아이,1.1906764459325885,조립,1.172352180799829,만들,1.1394791327797362,한다,1.1305962885610676
아두이노tfidf_notad,니다,3.016211128001045,모터,2.227207080764396,센서,1.8289628721645128,서보,1.5299965304633736,습니다,1.4692087129253466,코딩,1.4064867855271341,교육,1.3295393538181568,보드,1.3218105485262257,서보모터,1.3152084162595796,보모,1.312281056166297,합니다,1.3062962633659159,블루투스,1.237442486439181,블루,1.2263785419278401,연결,1.1935023842530448,함수,1.1851861251196065,어요,1.1426203256685112,온도,1.1174996297797686,한다,1.079419786381998,모듈,1.0694231361911226,버튼,1.0651859951481888
라즈베리 파이ad,컴퓨터,선택,명령어,파일,다운로드,부팅,설치,카드,실행,가능,네요,파이썬,습니다,때문,입니다,까지,추가,정도,이제,된다,0,0,0,0,0,0,0,0,0,0,0,0,0,0,0,0,0,0,0,0
라즈베리 파이notad,부분,연결,케이스,세요,코드,포트,입력,다음,카메라,접속,아래,어서,모니터,는데,프로그램,으면,같이,사진,해서,처럼,0,0,0,0,0,0,0,0,0,0,0,0,0,0,0,0,0,0,0,0
라즈베리 파이tfidf_ad,니다,7.873166447797435,습니다,4.585990367643923,합니다,2.2869942786524495,입니다,2.140423778667602,설치,1.9977753771445,파일,1.7679492337485452,됩니다,1.6541923590992942,피코,1.6191589016552772,설정,1.6019627336367823,명령,1.4064781154428554,카드,1.3934580505857674,이다,1.3093801713848086,실행,1.2510963879803854,선택,1.2317908614470023,게임,1.2309630058362488,한다,1.223834176694232,버전,1.2069613099943561,출력,1.178001814585473,명령어,1.1673074397189098,로그,1.1634186922761593
라즈베리 파이tfidf_notad,니다,6.005427480226888,습니다,3.2909236424697097,모터,2.2079234395731175,합니다,1.837427678205107,입니다,1.7610683769249673,센서,1.5357870002561649,설치,1.407623503716653,연결,1.325094868662765,케이,1.3173004096274399,파일,1.2613769347638564,설정,1.2394878482555536,입력,1.2068244276589728,됩니다,1.1290612155554958,로그,1.1241601646221997,한다,1.0657451573293963,신호,1.0612134011436833,카드,1.060016520928801,통신,1.052612218995287,접속,1.0378214280625129,카메라,1.0308239982281677
마이크로 비트ad,가능,비트코인,다양,기능,프로젝트,학생,게임,입니다,됩니다,사용,프로그램,클릭,동작,교육,코드,진행,가지,함께,다른,합니다,0,0,0,0,0,0,0,0,0,0,0,0,0,0,0,0,0,0,0,0
마이크로 비트notad,변수,어요,실행,시간,출력,오늘,네요,시작,다음,이번,코딩,그리고,도록,연결,는데,세요,만들,메이커,해서,센서,0,0,0,0,0,0,0,0,0,0,0,0,0,0,0,0,0,0,0,0
마이크로 비트tfidf_ad,코인,3.3290948505486884,비트코인,2.9695526066894296,니다,2.3276270088368105,블록,1.7797113605127592,습니다,1.5939060225962869,센서,1.5572800627316639,코딩,1.4534238590900217,수업,1.38472554585105,마퀸,1.3764203154712116,연결,1.3438064453893397,빌딩,1.30628350032805,합니다,1.2534606428198491,버튼,1.2334157708617035,마트,1.1956444880474921,스마트,1.1956444880474921,프로,1.1749330541208785,교육,1.1522350243093216,게임,1.1488837864087504,아이,1.1258579998638334,체험,1.1060485252055479
마이크로 비트tfidf_notad,블록,1.7364161077229494,니다,1.6941181720695697,센서,1.61306648691049,코인,1.6125532472710034,비트코인,1.3840537992771362,습니다,1.3690547169925915,코딩,1.361749192317478,연결,1.2897894292643357,마퀸,1.2616799866491417,변수,1.2057224112162739,모터,1.1460832268688883,어요,1.1165136886203189,합니다,1.1015015592910404,버튼,1.099201366401024,아이,1.0829523708892985,프로,1.055261964963953,수업,1.0529556372866178,출력,1.02462048381178,교육,1.0048899632719563,로그,0.9938544515366691
컴퓨터 부품ad,매입,제품,장착,가능,부분,모델,경우,성능,천안,가격,연결,메모리,세대,파워,선택,설치,저희,게임,에서,코어,0,0,0,0,0,0,0,0,0,0,0,0,0,0,0,0,0,0,0,0
컴퓨터 부품notad,수리,노트북,작업,라고,저장,컴퓨터,교체,이렇게,는데요,하나,부품,어서,조립,판매,네요,장치,면서,모니터,입니다,문제,0,0,0,0,0,0,0,0,0,0,0,0,0,0,0,0,0,0,0,0
컴퓨터 부품tfidf_ad,천안,2.988488557412403,매입,2.393042280258017,수리,2.3344189956109056,조립,1.6975259112103995,쿨러,1.6161746888200663,설치,1.4944677582639534,장착,1.4860049754442632,대전,1.4827400586398007,중고,1.413471020517147,윈도,1.3788260656193942,윈도우,1.3788260656193942,도우,1.3589673562870903,구매,1.342215992891274,어요,1.3113059375731975,만원,1.3081507228151399,이다,1.2944718650611042,가격,1.278577425707145,케이스,1.2747224677068019,이스,1.2713026985777625,노트북,1.2694798793591422
컴퓨터 부품tfidf_notad,수리,2.7956181250951393,조립,1.8317932614850694,천안,1.6545541223946998,중고,1.609352435105944,김포,1.5341260952102251,노트북,1.4883267723370543,노트,1.4883267723370543,대구,1.2858567046275524,구매,1.259301430688894,케이,1.2544477203827615,니다,1.2252124650522638,제품,1.2173616456088834,데요,1.1557323501421437,모니,1.1245480826153285,니터,1.1227527703524582,모니터,1.1227527703524582,매입,1.115488182089504,장치,1.1037066681131245,쿨러,1.0916598611331294,습니,1.080056976948331
커넥터ad,충전,가능,사용,다양,제품,라는,에서,보다,타입,다른,경우,케이블,도록,배민,제작,세요,이나,가지,때문,거나,0,0,0,0,0,0,0,0,0,0,0,0,0,0,0,0,0,0,0,0
커넥터notad,네요,는데,작업,해서,부분,구매,배달,하나,어서,많이,정도,다고,하네스,아래,시간,어요,확인,부터,해야,오늘,0,0,0,0,0,0,0,0,0,0,0,0,0,0,0,0,0,0,0,0
커넥터tfidf_ad,충전,2.9031096844581508,아트,2.365021851044292,배민,2.1174174907440415,케이블,1.9760037001919502,케이,1.8487219464363294,배달,1.698277543954858,미술,1.634995491300104,니다,1.5978041584047922,요가,1.4714959421700937,보청,1.434779467245338,보청기,1.434779467245338,라이,1.4119173838381394,연결,1.3870588371203738,어요,1.3659319199691238,아이,1.2789990031490517,습니,1.2622034017841104,습니다,1.2590713834174003,전기,1.2554033088483019,인증,1.2168254404959733,이어,1.21442218995163
커넥터tfidf_notad,분유,2.3511263403739937,배달,2.0888107135382454,액상,1.8016071898508705,케이,1.713913041059737,케이블,1.7078329929429341,니다,1.6945396625853917,상분,1.6270020877507867,어요,1.5339392410783932,하네스,1.497675621993342,수리,1.3630423016615152,습니다,1.2990166446106959,배민,1.2652886215908623,전선,1.2074803708909845,충전,1.1642380110049664,연결,1.1609711225808823,꼭지,1.158965327763782,작업,1.1532114724762348,호스,1.0966365353709622,합니다,1.0875035435233908,제품,1.003650921721719
휴대용선풍기ad,밴드,는데요,더라고요,아이,무선,캠핑,사용,탁상,무게,미니,조절,디자인,해도,사이즈,습니다,이나,배터리,어서,여름,면서,0,0,0,0,0,0,0,0,0,0,0,0,0,0,0,0,0,0,0,0
휴대용선풍기notad,세요,너무,아니,에요,는데,지만,다니,으면,보다,정도,라고,아서,누르,다고,그래서,해요,다는,많이,하나,부분,0,0,0,0,0,0,0,0,0,0,0,0,0,0,0,0,0,0,0,0
휴대용선풍기tfidf_ad,밴드,2.2495120128543866,고요,1.8253216763770075,습니다,1.63065179677657,어요,1.6123343096792722,더라고요,1.6067820575359675,라고요,1.605001200318245,더라고,1.6032020126968456,습니,1.5829199089918307,구요,1.51957617991619,미니,1.381714767544801,데요,1.2987256198243922,용선,1.2612718608425402,더라구,1.248214891209002,라구,1.241973626006875,더라구요,1.2400058288631834,목걸이,1.2280733157761,무선,1.2147378795556243,캠핑,1.1993475948849102,라고,1.1986675813465666,걸이,1.1827930117090308
휴대용선풍기tfidf_notad,습니다,1.701673791033279,습니,1.6638863460503885,니다,1.6060212128261344,밴드,1.5600014001775988,어요,1.5554691336986703,고요,1.4077787703429079,구요,1.2370909617185142,용선,1.2152487391062705,미니,1.1977487313404316,답니다,1.1807231488513201,아이,1.1742966797978427,목걸이,1.1352254369881607,걸이,1.1333695849873369,더라고요,1.130251351604922,더라고,1.1290576101156153,데요,1.1266996107808767,라고요,1.1246643898427922,제품,1.1071129820769487,더라,1.071027368924038,라구요,1.0638800851198404
스피커ad,기능,는데요,연결,버튼,디자인,이나,사운드,시간,블루투스,가능,사용,출력,다는,충전,제품,에서,가지,전원,구성,재생,0,0,0,0,0,0,0,0,0,0,0,0,0,0,0,0,0,0,0,0
스피커notad,작업,오디오,됩니다,입니다,소리,너무,음질,스피커,합니다,는데,네요,저음,많이,구매,지만,이렇게,미니,습니다,해서,아요,0,0,0,0,0,0,0,0,0,0,0,0,0,0,0,0,0,0,0,0
스피커tfidf_ad,어요,2.0514610411649157,습니다,1.9215000452184454,습니,1.8842963245862983,투스,1.7267918123749961,블루투스,1.725352819198017,데요,1.7049574882425367,니다,1.667086051065689,블루,1.6603534418726966,고요,1.6214103431851625,디오,1.5326035985814486,는데요,1.4990562469962379,오디,1.3795113395204115,캠핑,1.3558321768510082,오디오,1.3525652101033143,이다,1.3411663382819927,사운드,1.335690220798863,사운,1.335690220798863,라디오,1.3243260049774659,충전,1.3070177464824613,더라고,1.268558883961128
스피커tfidf_notad,순정,1.754221492812125,투스,1.7426038206771277,블루투스,1.739918760860984,어요,1.7292185713492096,작업,1.7217817865368905,블루,1.7057130114637795,니다,1.685319494754169,오디,1.6441095485255859,오디오,1.632611306350529,디오,1.5344517803563642,튜닝,1.4561460899370515,카오,1.4407893103931655,차량,1.3880709764068215,습니다,1.3567038739508888,습니,1.3453454158948928,사운,1.3114567177498284,사운드,1.3114567177498284,제품,1.2150889297492098,센터,1.2014717982924223,장착,1.1972756739482424
디퓨저ad,더라고요,인테리어,실내,디자인,제품,천연,공간,는데요,화장실,선택,사용,방향제,은은,기분,발향,거실,고급,까지,그리고,가능,0,0,0,0,0,0,0,0,0,0,0,0,0,0,0,0,0,0,0,0
디퓨저notad,구매,만들,세요,입니다,합니다,오일,많이,용기,포장,는데,향기,지만,다른,으면,해서,네요,퓨저,어서,때문,습니다,0,0,0,0,0,0,0,0,0,0,0,0,0,0,0,0,0,0,0,0
디퓨저tfidf_ad,차량,1.9994233937213122,디즈,1.826279682114373,구요,1.7525512464535151,디즈니,1.7439430591510827,더라구,1.5682503538739865,더라구요,1.5643625959472092,라구요,1.564105018335863,라구,1.5465539389490721,고요,1.5333476429738861,실내,1.4735939620286391,더라고,1.4164362698452648,더라고요,1.403491252705696,방향제,1.3531548273042737,어요,1.3376761837209972,향제,1.3105254842828165,방향,1.281257957826268,데요,1.2231202401563672,릭터,1.1536064980015661,캐릭,1.1530482718033714,캐릭터,1.1461155467158417
디퓨저tfidf_notad,구요,1.5613586988166355,라구,1.5341426571940915,차량,1.5316028805213069,더라구,1.5291701530247432,라구요,1.51818867975347,더라구요,1.5072072064821973,어요,1.4182613472730823,더라,1.3649088736870942,오일,1.3497300564512291,고요,1.1924059680298202,아로,1.178542018971893,데요,1.1494171611897885,향기,1.1421275433535951,실내,1.1386293534875875,로마,1.107492812833566,방향제,1.106383432080738,방향,1.1024812488852964,향수,1.0847872058840837,선물,1.0798670630082932,스틱,1.0790197375994954
기저귀ad,걱정,밴드,흡수력,흡수,여름,허리,엉덩이,착용,팬티,소변,피부,더라고요,제품,우리,선택,는데요,단계,네요,추천,부분,0,0,0,0,0,0,0,0,0,0,0,0,0,0,0,0,0,0,0,0
기저귀notad,가방,세요,라고,엄마,생각,육아,이나,정도,시간,에서,개월,가능,너무,어서,보다,지만,에요,거나,아기,해서,0,0,0,0,0,0,0,0,0,0,0,0,0,0,0,0,0,0,0,0
기저귀tfidf_ad,퍼스,3.9378258116793483,가방,3.6819816192864545,차차,2.1538232943535878,썸머,2.110050195866402,여름,2.085434804005582,어차,2.078035209756254,하기스,1.9821476948949033,기스,1.972340753752952,크림,1.927616347309948,드라이,1.7375957707555618,팬티,1.7147476820278185,에어,1.6715921618819838,고요,1.668794439284409,구요,1.6403879581569256,더라고요,1.6010985224732457,라고요,1.6010985224732457,더라고,1.593162090816412,드라,1.4484898748842452,라구요,1.4385011201045337,통잠,1.4355176172595645
기저귀tfidf_notad,가방,5.303719953587642,팬티,2.025090368195199,어요,1.8809952651403505,변기,1.7395572698441508,흡수,1.6366005978333662,발진,1.6054528885855806,구요,1.5772886464873745,고요,1.501854947343815,아이,1.4937745654493355,수납,1.4859839774381094,니다,1.4793148897937374,피부,1.447683475358244,데요,1.4204122690859013,여름,1.4202830029478233,더라고요,1.4010310126936327,라고요,1.3971197528220194,더라고,1.392182933907454,라구요,1.381152208952165,더라구요,1.3744638205310893,라구,1.363885510727152
파우치ad,노트북,아이패드,아이,디자인,다니,가능,사용,까지,가지,이나,면서,수납,아니,습니다,소재,케이스,에서,요즘,부터,어서,0,0,0,0,0,0,0,0,0,0,0,0,0,0,0,0,0,0,0,0
파우치notad,만들,원단,제작,가죽,세요,사진,지퍼,입니다,부분,네요,에요,많이,미니,컬러,보다,지만,너무,구매,으면,해서,0,0,0,0,0,0,0,0,0,0,0,0,0,0,0,0,0,0,0,0
파우치tfidf_ad,노트북,3.487355052769553,노트,3.2946194154609927,패드,2.248952630176753,아이패드,2.0116701898955975,습니다,1.8947118002311658,습니,1.887800425459223,인치,1.7293377054170491,골프,1.6965817956718925,맥북,1.675018889743983,아이,1.5336410399312395,여행,1.5197201151516488,고요,1.324325733756142,어요,1.307366314635418,가방,1.2912334151830187,각인,1.2865065524965968,네일,1.255482325178754,마우스,1.2234551546858148,케이,1.2060648820892614,구요,1.2051171633837798,우스,1.2002341898058349
파우치tfidf_notad,제품,1.6251406483046267,가죽,1.3390360558538634,만들,1.3115387957217863,습니다,1.2806748062199307,제작,1.2662072178138946,니다,1.2624966645735969,습니,1.2543456266095385,패드,1.238871684607567,원단,1.1631778095188763,아이패드,1.152168000064108,노트,1.1275170447597989,구요,1.1212015555260872,아이,1.1171999253417497,노트북,1.1156704911988393,가방,1.098889485365231,사용,1.0703028999650865,컬러,1.0074258367015796,지퍼,0.9823236492827178,이스,0.9534119437847866,부분,0.9506833332407195
운동화ad,편안,높이,착용,스니커즈,는데요,여름,코디,사용,슈즈,데일리,부터,까지,면서,브랜드,소재,커플,디자인,키즈,스타일,가지,0,0,0,0,0,0,0,0,0,0,0,0,0,0,0,0,0,0,0,0
운동화notad,사이즈,신고,합니다,부분,보다,지만,아서,는데,세탁,해서,어서,라고,습니다,인데,으면,입니다,정도,운동,이렇게,운동화,0,0,0,0,0,0,0,0,0,0,0,0,0,0,0,0,0,0,0,0
운동화tfidf_ad,청키,2.512129592114902,세탁,2.0707592022830035,스니커,1.8968851840674343,스니,1.8945540598566946,스니커즈,1.8925179802523135,키즈,1.7563436873759002,세제,1.731043503998492,디스커버리,1.6658940799169175,디스,1.6315088281208896,커버,1.5638296977980186,조거,1.5510974472195092,무통,1.4981850432654287,고요,1.4973927830835692,버리,1.4639482037588734,구요,1.3535885266485286,습니,1.3010886107904698,습니다,1.3010193797281073,더라고요,1.279046873205085,더라고,1.2645755078502905,화세,1.2351822039322877
운동화tfidf_notad,나이키,2.084813312502069,이키,2.077635013064855,세탁,1.923783951909303,나이,1.91644799031475,니다,1.8796601491888703,습니다,1.8615709342129356,습니,1.8117095955904732,고요,1.4219711860736632,어요,1.4102157272467541,컬러,1.3632333470195759,제품,1.219954887071351,아이,1.2129561341447084,발란스,1.2007037088309178,발란,1.1997821195205358,사이즈,1.1966158839876493,더라고요,1.1823624180960668,더라고,1.1743041716689928,이즈,1.164111597561033,구매,1.1525115458353832,스타,1.1487602796253424
청소세제ad,세탁기,탁조,다목,세정제,브리오,성분,세탁,제품,기름때,깔끔,클리너,제거,더라고요,아니,보이,해야,주방,얼룩,가능,사용,0,0,0,0,0,0,0,0,0,0,0,0,0,0,0,0,0,0,0,0
청소세제notad,효과,락스,욕조,욕실,아이,방법,그리고,세면대,네요,후드,세요,뿌리,바닥,바로,없이,타일,진짜,깨끗,정말,습니다,0,0,0,0,0,0,0,0,0,0,0,0,0,0,0,0,0,0,0,0
청소세제tfidf_ad,세탁,5.2827512968153325,세탁기,3.6706272758327843,인덕,3.3859975085093375,인덕션,3.375416266295246,브리오,2.6801785455450218,오신,2.6477956622674177,브리,2.6297194216123168,탁조,2.533065345409056,장실,2.248095913013293,화장실,2.246636110472375,화장,2.156719222252798,욕실,2.143083617094941,기름,2.0770732741670863,다목,2.0646445081630684,다목적,2.051038943035141,목적,2.0362116785167936,기름때,1.8373771186259231,세정제,1.8003969358011191,정제,1.7570792183920263,클리너,1.7442473338939743
청소세제tfidf_notad,욕실,2.6712445793149433,세탁,2.601083506595739,클리너,2.2795893511191765,클리,2.153771854101386,화장실,2.1297651337449026,장실,2.113600980944162,화장,2.0270664587815665,클렌,1.7619109778225936,세탁기,1.730986010563306,실청,1.6285990065660552,브리,1.5797373327954918,브리오,1.5797373327954918,오신,1.5583166069500434,기름,1.5206923119777467,목적,1.5022971193360135,다목,1.4900833216178346,다목적,1.483976422758745,주방,1.4435991780677901,구요,1.4154893818176542,후드,1.394643085904347
로봇청소기ad,는데요,더라고요,답니다,모드,없이,집안,때문,바닥,아이,깨끗,장애물,까지,해요,어요,이나,확인,면서,필요,바로,시간,0,0,0,0,0,0,0,0,0,0,0,0,0,0,0,0,0,0,0,0
로봇청소기notad,구매,우리,지만,라고,정도,배터리,로봇,청소기,합니다,네요,너무,보다,생각,는데,으면,지통,다고,입니다,해야,아니,0,0,0,0,0,0,0,0,0,0,0,0,0,0,0,0,0,0,0,0
로봇청소기tfidf_ad,살균,2.0096585785231875,세라,1.9607803780274227,고요,1.7805698810804385,어요,1.7635393251274594,구요,1.6729723208885412,더라고,1.6512318173791525,라고요,1.6461511040949093,더라고요,1.6436107474527872,트윈,1.634597356562587,답니다,1.6066485059560676,로보,1.6025190504973734,보락,1.563505835882326,보스,1.5532785896216554,균수,1.4895664794230061,더라구요,1.448669397502261,더라구,1.444702507377155,걸레,1.3700306744067152,물걸레,1.351846902938197,데요,1.3439382240223097,습니다,1.3322272990384345
로봇청소기tfidf_notad,니다,2.4451788980451763,어요,2.131409117872246,습니다,1.9113019647571337,샤오,1.9007302279450708,습니,1.8874530673939476,샤오미,1.8732718458399256,유리창,1.60679911051465,유리,1.5904955547034247,고요,1.574025678629099,창문,1.5169808990318365,구요,1.4619974156386144,보락,1.4593699071138913,브리,1.4531745327714607,제트,1.4505799693766737,에브리,1.4475853999531088,로보,1.4209948771690941,라고요,1.315624004381219,더라고요,1.3016280043346105,더라고,1.2880630983371462,더라,1.2676369934037164
전동칫솔ad,케어,클린,는데요,관리,양치질,구강,양치,모드,답니다,치아,잇몸,아이,일반,시간,치석,에게,면서,건강,추천,더라고요,0,0,0,0,0,0,0,0,0,0,0,0,0,0,0,0,0,0,0,0
전동칫솔notad,더라구요,아서,라고,그래서,너무,세요,아요,생각,네요,정도,에요,는데,해서,전동,그리고,이렇게,하나,칫솔,어요,어서,0,0,0,0,0,0,0,0,0,0,0,0,0,0,0,0,0,0,0,0
전동칫솔tfidf_ad,오랄,2.7895424857788975,아이,2.1589668573255327,음파,2.0057329271522595,구요,1.7425833964852866,고요,1.7327606926941914,필립,1.7047582824947738,필립스,1.7009950191780083,소닉,1.6099630535372564,모드,1.5835731276580676,어요,1.5737967529933197,더라고요,1.5521003928196495,라고요,1.5481924735167656,케어,1.5257078732702873,더라고,1.5152419481026107,습니다,1.4866142362380572,습니,1.4614728708887208,더라구,1.4600569015120528,라구,1.4576198615023763,라구요,1.4558516760452764,더라구요,1.4527234861886722
전동칫솔tfidf_notad,어요,1.7999533080694978,오랄,1.769627474308986,니다,1.7674868979560188,음파,1.762089741976577,모드,1.7257549498894245,고요,1.7168928222660216,구요,1.6085733120775836,습니다,1.6009603672790782,더라고요,1.4034722058758127,더라고,1.3907788896956084,아이,1.3736072097406116,라구,1.3253067201350421,라구요,1.317001302959727,더라구요,1.316053226154773,더라구,1.3146539221317015,데요,1.163842256635042,구석,1.1371220008046181,살균,1.110855344020734,더라,1.0833178961435692,린이,1.0564055646129396
수납박스ad,캠핑,아이,테이블,해도,다양,용품,편리,다는,이나,소품,사용,더라고요,스툴,정말,컬러,는데요,가능,상판,올려,느낌,0,0,0,0,0,0,0,0,0,0,0,0,0,0,0,0,0,0,0,0
수납박스notad,구매,만들,높이,에요,뚜껑,너무,사이즈,공간,보이,손잡이,들어가,지만,는데,많이,세요,그래서,정리함,화이트,답니다,주방,0,0,0,0,0,0,0,0,0,0,0,0,0,0,0,0,0,0,0,0
수납박스tfidf_ad,캠핑,6.025543602690063,메이,2.2587550577443514,아이카,2.2164975856855,이카,2.2164975856855,카사,2.1990448487903382,리빙,2.0894137797993144,상판,2.088258688630061,테이블,2.011609494990684,스툴,1.9703959174234642,토트,1.8004972951070948,습니다,1.751658230711421,습니,1.743453181868978,고요,1.6479843136676071,메이크업,1.618780468180241,정리,1.6040940730391755,더라고,1.5958720328891527,구요,1.5909789523967082,더라고요,1.5903499843324431,라고요,1.574877121979237,어요,1.4164852450084338
수납박스tfidf_notad,캠핑,3.6003360019671287,리빙,1.7742599750593622,정리,1.7549565166296013,습니다,1.7149842157711848,습니,1.6885331520258549,어요,1.6843071591282317,상판,1.5860390899838726,정리함,1.5362575430956962,고요,1.4878506019931814,테이블,1.4527117615265774,스툴,1.4116570143094698,니다,1.3816805117152615,데요,1.3632445766564234,구요,1.3353198439036815,라구,1.2353548569346253,제품,1.2245948098875714,더라구요,1.2159044771469534,더라,1.18143494217388,공간,1.1681089765596564,아이,1.1629611761405299
청소포ad,막대,가능,깔끔,머리카락,더라고요,기청,아이,에요,정전,때문,밀대,는데요,편하,집안,간편,해요,걸레,바닥,정전기,제거,0,0,0,0,0,0,0,0,0,0,0,0,0,0,0,0,0,0,0,0
청소포notad,네요,다고,더라구요,정도,습니다,보다,사이즈,생각,아니,많이,먼지,지만,면서,해서,매일,물걸레,해도,으면,부착,아주,0,0,0,0,0,0,0,0,0,0,0,0,0,0,0,0,0,0,0,0
청소포tfidf_ad,밀대,2.0223506287602557,롤링,1.8972859842395293,정전,1.8787085112481525,스카,1.8770121431043543,정전기,1.8665288774637232,전기,1.8610849799983127,스카트,1.7352429602956183,막대,1.6887907180030577,맙던,1.639199287854005,물걸레,1.6104055274051812,물걸,1.5932561060585664,고요,1.5758456891299781,대걸,1.5524232767350135,대걸레,1.5263030088513636,구요,1.5251839833880665,라고요,1.4149663421286538,더라고요,1.411597374647395,더라고,1.3853305711044026,기청,1.3762507894347071,더라구,1.3259250819137376
청소포tfidf_notad,점착,1.9269244071153169,정전기,1.8210685428211177,정전,1.8210685428211177,액션,1.7381824452036474,더블,1.7220012170502614,전기,1.6690784884577214,구요,1.6288801439030793,티슈,1.6109132952749388,건티,1.557064053276139,밀대,1.5462522161036052,더라구,1.5185860797592616,막대,1.5070543821158224,물걸레,1.496778439324898,대걸레,1.4789559787682183,더라구요,1.4590336844745846,라구요,1.4567784085304627,걸레,1.4520837793763817,캐치,1.4050834836883959,습니다,1.400075563796095,습니,1.3955435261811924
에어프라이어ad,사용,까지,고기,그리고,에어,기름,요즘,해요,바로,없이,에요,바삭,메뉴,골고루,습니다,아이,는데요,하나,요리,답니다,0,0,0,0,0,0,0,0,0,0,0,0,0,0,0,0,0,0,0,0
에어프라이어notad,버터,줍니다,감자,고구마,세요,정도,으면,구워,재료,간단,마늘,만들,레시피,오늘,아요,어도,양념,합니다,지만,입니다,0,0,0,0,0,0,0,0,0,0,0,0,0,0,0,0,0,0,0,0
에어프라이어tfidf_ad,까스,3.979031708678629,피자,2.245502182432741,새우,2.2130995408269714,치즈,2.0751183947624963,스팀,1.9924802070656271,치킨,1.9612443177482317,감자,1.9057734547487326,스텐,1.8200053061221162,고구마,1.751402669240926,구마,1.7430559737618307,구이,1.668086464237353,삼겹살,1.6660331775284072,허닭,1.5854494105005346,디디,1.584533551936843,소스,1.5649485202221898,장어,1.5381505181385113,버터,1.48968830692352,호박,1.4268695312724458,마늘,1.361409682448556,더라고요,1.34865228252578
에어프라이어tfidf_notad,감자,3.690326102191489,고구마,2.854078797234558,구마,2.8114832173086826,고구,2.7078610893620216,두부,2.4721267691675517,버터,2.110060981418683,옥수,2.0505280327069544,옥수수,2.046659111890526,치즈,2.017742341594092,식빵,1.971688517456595,삼겹살,1.8457362851238925,구이,1.7880414731516745,호박,1.683252407738825,마늘,1.6565715180613112,소스,1.584383419757074,단호박,1.4923653230675247,계란,1.4234797415476523,고기,1.4002840331264914,양념,1.3717876640919409,장어,1.2543209863963918
거북목베개ad,소재,제품,추천,답니다,더라고요,해요,입니다,커버,메모리,구매,가능,경추,도움,유지,만들,높이,에게,에요,바른,사용,0,0,0,0,0,0,0,0,0,0,0,0,0,0,0,0,0,0,0,0
거북목베개notad,디스크,아니,더라구요,처럼,습니다,사람,정도,지만,시간,네요,다는,받쳐,부터,처음,아서,바로,는데,어깨,자목,에서,0,0,0,0,0,0,0,0,0,0,0,0,0,0,0,0,0,0,0,0
거북목베개tfidf_ad,고요,1.9821420527270082,라고요,1.8436821472895721,더라고요,1.8348182908122181,더라고,1.821957929513864,마약,1.8149687500584286,닥터,1.6805170866549133,구요,1.6149770956875253,더라구요,1.510983167360502,더라구,1.4988099664200771,라구,1.4928315322013763,밸런스,1.4648068373418701,메모리,1.3616871890682425,교정,1.2861752932953645,바디,1.2065649485188255,에어,1.1967045112452654,니까,1.191211852991001,데요,1.1691508967534328,습니다,1.1648928361338675,습니,1.1555548181695572,목교,1.0969369560916225
거북목베개tfidf_notad,구요,1.995031137262544,더라구,1.739021949721361,라구,1.736823513288484,더라구요,1.7313751108503561,라구요,1.7238036699398582,고요,1.6827675992917475,더라고요,1.627610218710353,더라고,1.6273163386535825,습니다,1.6238880303699978,라고요,1.6098932515159636,습니,1.6017827146998578,니다,1.519927476737311,어요,1.432241384491219,데요,1.3667518594182884,닥터,1.3284977990769595,코드,1.3223074785702171,발란,1.3126088282900428,발란스,1.3058077462781772,더라,1.1580267623251586,메모,1.133147600215362
컵홀더ad,유모차,멀티,트랩,아기,빨대,디자인,가능,고정,제작,주문,자기,차량,는데요,사용,부터,장착,필요,카페,아서,소개,0,0,0,0,0,0,0,0,0,0,0,0,0,0,0,0,0,0,0,0
컵홀더notad,커피,만들,아요,마시,으면,캠핑,활용,면서,구매,오늘,해요,어요,습니다,세요,지만,네요,음료,아래,사진,다가,0,0,0,0,0,0,0,0,0,0,0,0,0,0,0,0,0,0,0,0
컵홀더tfidf_ad,빨대,3.2715830958683005,트랩,2.4800055797471368,종이,2.2948049056750834,캠핑,2.1746588840881595,종이컵,2.1624099009979827,유비,2.1607726568296295,어요,2.003985281968032,유모,1.8536863858204293,멀티,1.8451086753719863,유모차,1.836986508470696,테더,1.8071363335308315,헤드,1.4959195316512817,도자기,1.4299398042981744,실리콘,1.3847061748099034,티스,1.2743018232584993,자기,1.2525280705793618,차량,1.2188973961603038,주문,1.1845142113499167,디자인,1.1795433173866066,고정,1.167583448631015
컵홀더tfidf_notad,빨대,2.3560534228423875,라탄,1.9637381876007016,종이컵,1.6520299939569902,종이,1.5994142276401984,캠핑,1.4371925879338565,니다,1.4087777661297995,습니다,1.3781409811385827,습니,1.3226450426310163,양치,1.2790865073336628,빈티지,1.2734620683285098,빈티,1.2734620683285098,트랩,1.2454263360880402,어요,1.1671165358983266,커피,1.1569973434892686,쿨러,1.0939555654827382,만들,1.0218476350024728,파스,0.9747021661083772,제품,0.9643413912796752,부분,0.9090394462880086,줍니다,0.8962430885991364
공기청정기ad,실내,확인,생활,공간,더라고요,답니다,추천,청정,는데요,우리,시간,사용,성능,다고,까지,제거,기능,요즘,바로,상태,0,0,0,0,0,0,0,0,0,0,0,0,0,0,0,0,0,0,0,0
공기청정기notad,청소,구매,합니다,습니다,입니다,교체,세요,너무,정도,등급,지만,퓨리,는데,라고,이렇게,아서,냄새,청정기,네요,센서,0,0,0,0,0,0,0,0,0,0,0,0,0,0,0,0,0,0,0,0
공기청정기tfidf_ad,위닉,2.032989825558163,위닉스,2.029710809710488,닉스,2.029710809710488,살균,1.9843435501417377,차량,1.7551518141255869,구요,1.748139743943012,디디,1.6738395972433096,디오,1.6283979909019841,다이슨,1.5971109362780167,바이,1.5512966261773289,라구,1.5444586460493346,더라구,1.5429264450115874,더라구요,1.5409437084653983,퓨리,1.5368265169763908,러스,1.5329234872681081,고요,1.4888462532775937,매직,1.4809036733976089,바이러,1.4595084720953897,바이러스,1.4567231505837572,클린,1.423000394984395
공기청정기tfidf_notad,습니다,1.8432409505519278,어요,1.7549815485466396,니다,1.6706850342620894,구요,1.5045049451487502,고요,1.4852164202109461,렌탈,1.4045408599237008,청소,1.390356453381562,데요,1.3704943363287705,더라,1.3132320337780299,차량,1.3028964555871174,웨이,1.280000313235574,가습,1.2739580537510218,더라구,1.237834777703031,라구요,1.237834777703031,더라구요,1.2321825641062136,더라고,1.2214942251038827,더라고요,1.2214942251038827,모드,1.212909994593318,라고요,1.212046563915154,에어,1.1999238359183102
진공청소기ad,답니다,기능,더라고요,추천,헤드,흡입,시간,물걸레,까지,깨끗,제품,바닥,강력,어서,때문,배터리,어요,는데요,깔끔,구성,0,0,0,0,0,0,0,0,0,0,0,0,0,0,0,0,0,0,0,0
진공청소기notad,진공,네요,습니다,이렇게,정도,청소기,합니다,지만,분리,가격,차량,구매,연결,더라구요,정말,아니,부분,러쉬,입니다,라고,0,0,0,0,0,0,0,0,0,0,0,0,0,0,0,0,0,0,0,0
진공청소기tfidf_ad,어요,2.176036128230834,걸레,2.102063979503012,물걸레,1.9547236029620918,고요,1.8926035530434882,구요,1.7482515829698406,더라고요,1.7216496332992006,더라고,1.7086519683647972,답니다,1.6546185371501427,데요,1.6138677436535298,습니다,1.5151247662765375,라구요,1.5047319484108768,습니,1.4993606329502018,더라구요,1.4984882473801262,러쉬,1.4933350517414297,무선,1.4051788699284042,더라,1.3893395736056957,러시,1.3870728581073029,브러시,1.3813173690695133,는데요,1.3708883733266721,벤투,1.3500681619352755
진공청소기tfidf_notad,니다,2.496576222721507,로봇,2.2758364153313217,샤오,2.1756852556606487,오미,2.134164544674759,샤오미,2.117556260280402,습니다,1.8655954218907618,습니,1.853450973131943,러쉬,1.8298601549634568,무선,1.8294431151543906,어요,1.6918409397489067,걸레,1.684909843579526,구요,1.6782624170389038,고요,1.539019862891455,물걸레,1.4871606249954834,데요,1.4871548790538538,라구요,1.3775821486879098,먼지,1.3717464258191763,더라구요,1.3710533233386781,라구,1.3673110352134823,더라구,1.354591862792892
자외선차단제ad,더라고요,촉촉,수분,선크림,없이,백탁,메이크업,쿠션,제형,마스크,느낌,정말,바를,사용,어요,자극,크림,너무,이렇게,는데요,0,0,0,0,0,0,0,0,0,0,0,0,0,0,0,0,0,0,0,0
자외선차단제notad,습니다,지수,때문,시간,효과,많이,정도,더라구요,보다,이나,다고,아서,지만,성분,입니다,자차,그래서,자외선,차단제,하나,0,0,0,0,0,0,0,0,0,0,0,0,0,0,0,0,0,0,0,0
자외선차단제tfidf_ad,스틱,1.8656027681690517,선스,1.7841021172487914,키엘,1.7505494401434603,고요,1.6469724218299289,쿠션,1.4761703526894365,기자,1.43182477936284,구요,1.4316724056781114,더라고,1.3957501524698248,라고요,1.381236286066326,더라고요,1.3788173083324093,자차,1.3396054420865855,라구요,1.2719575456171606,더라구,1.2682185271999484,더라구요,1.261080753076308,무기,1.2293206283097378,메르,1.1053785656100767,데요,1.0964256256628224,답니다,1.0949961526370449,아이,1.0848913142964711,마스,1.074497564920724
자외선차단제tfidf_notad,스틱,1.9521802342524057,구요,1.9489175061628439,라구,1.8772945745110308,더라구,1.8750686375788244,자차,1.85248049320786,기자,1.7980624978083326,더라구요,1.7623157948978836,습니다,1.5643927384120515,니다,1.5455627027868428,더라,1.5418285611225577,토마토,1.5397144020084872,어요,1.4942016359269137,선크림,1.4773325756068951,선스,1.4770999081375191,습니,1.446353744166056,거든,1.355151887221183,무기,1.3521941553575674,고요,1.342477381928804,리포,1.3102382635482257,에요,1.2656278295856622
섬유유연제ad,더라고요,건조,는데요,안심,입니다,향기,농축,때문,다고,까지,거든요,자연,성분,냄새,답니다,라고,에서,피부,부터,느낌,0,0,0,0,0,0,0,0,0,0,0,0,0,0,0,0,0,0,0,0
섬유유연제notad,유아,선물,용량,효과,시트,너무,가족,추천,건조기,습니다,수건,세요,섬유,함께,세탁,일반,세제,아기,만들,유연제,0,0,0,0,0,0,0,0,0,0,0,0,0,0,0,0,0,0,0,0
섬유유연제tfidf_ad,아기,2.2864643800898907,조기,2.092142006690267,건조기,2.090886972493092,시트,2.0104797442400915,건조,1.8776641208340983,고요,1.7534732359162748,세제,1.6181572688771135,라고요,1.5443667685658373,더라고요,1.5416854693390623,더라고,1.5402024036836675,구요,1.4889578977452587,어스,1.414010733871431,유아,1.3970008115162418,하어,1.3671561794541713,다우니,1.3344284813070924,라구요,1.3185435057452097,더라구요,1.313447685433151,데요,1.3094053147337699,더라구,1.29425189203307,라구,1.2872629321439133
섬유유연제tfidf_notad,시트,2.5614956420945183,조기,2.311350633184141,건조기,2.3073996064607494,아기,1.9688214882688244,건조,1.7986828712824268,유아,1.5922462499073822,탁세,1.5335085857029422,어스,1.528554230998449,드라이,1.51639023466829,이시트,1.4409896152648944,드라,1.3591700094784274,고요,1.2833570248081279,구요,1.1178485380353547,비알,1.114630609936427,어요,1.1026548489915144,세제,1.0754466437768124,답니다,1.0545276823070595,향기,1.0398695772292088,아이,1.0398266262096088,라고요,1.0349460587489878
가습기ad,대용량,모드,제품,무량,아이,단계,분리,더라고요,기능,정말,용량,가습,전원,디자인,간편,본체,는데요,이나,관리,유지,0,0,0,0,0,0,0,0,0,0,0,0,0,0,0,0,0,0,0,0
가습기notad,입니다,생각,청소,무드,정도,습기,으면,라고,는데,필터,보다,하나,아니,다고,가습기,세척,그리고,합니다,지만,아서,0,0,0,0,0,0,0,0,0,0,0,0,0,0,0,0,0,0,0,0
가습기tfidf_ad,편백,2.5164779717896573,고요,2.054507425288307,구요,1.901362645720501,라구요,1.7128334175982023,더라구요,1.7020220254221992,라구,1.6969191692518697,더라구,1.6950726576918946,라고요,1.679364774450625,더라고,1.6778299463802304,더라고요,1.676408146326592,미니,1.603117526296473,가열,1.4820851497552616,습니다,1.3563026593442045,습니,1.3553730454878798,어요,1.342021570374814,백수,1.3217151435493446,에어,1.3173939661547986,수조,1.2835654431465677,데요,1.2814944933749552,살균,1.2729567966989481
가습기tfidf_notad,어요,1.9283661947128647,습니다,1.6818367478855512,습니,1.6685091259940938,편백,1.6447991929123735,데요,1.6056910489954652,고요,1.6039210611512265,구요,1.4782729866301294,습도,1.4323504869243722,니다,1.3877755424634264,더라고요,1.379099735524198,더라고,1.3706369847498787,가열,1.3398618840580325,답니다,1.337210624546551,라구요,1.2961585941513931,더라구요,1.2929423197242185,미니,1.277784244400088,는데요,1.2769842616737854,더라,1.2723957803593045,더라구,1.263360266562316,필터,1.2285615814337212
마우스패드ad,충전,무선,게이밍,가능,고급,합니다,제작,게임,제품,기능,입니다,올려,까지,깔끔,책상,방지,키보드,다는,디자인,그리고,0,0,0,0,0,0,0,0,0,0,0,0,0,0,0,0,0,0,0,0
마우스패드notad,노트북,손목,구매,어요,가죽,데스크,아서,리뷰,라고,아주,어서,너무,는데,이렇게,더라구요,정말,아요,만들,마우스패드,해서,0,0,0,0,0,0,0,0,0,0,0,0,0,0,0,0,0,0,0,0
마우스패드tfidf_ad,충전,6.718059539120938,무선,3.614949624803043,선충,3.0857586710051668,게이,1.8693639577123065,장패,1.710941068468943,게이밍,1.7075832470351107,습니다,1.5415615474321127,습니,1.5142341288211023,어요,1.5098019036820687,가죽,1.2991737118006252,구요,1.2148247568326473,제작,1.212662199828197,고속,1.2094591225686002,전이,1.1930899156590962,에이,1.187141990826701,전기,1.1834068751904239,마트,1.1491791065348325,니다,1.1465316815315667,충전기,1.1454381287320266,스마트,1.143880252413468
마우스패드tfidf_notad,충전,3.6320932156072865,손목,1.870814481961229,가죽,1.8185949949346056,선충,1.7777894017894058,무선,1.7712478754836904,어요,1.6888208207643143,습니다,1.6649018094599741,니다,1.6243752200433395,습니,1.5976726501935308,장패,1.2452831348748086,구요,1.2084063251550006,눙눙,1.191950064140577,눙눙이,1.191950064140577,코리오,1.1637393274467975,리오,1.1561387077956757,노트,1.151461343454617,춘식,1.1502452544048352,데코,1.1438527458938883,노트북,1.1429536430165923,라구,1.1173128137291755
