,Post URL,Post,Image num,sticker num,gif num,Paragraph num,Comment num,Video num,weekly viewer mean,Sympathy num,AD,Posting Date,Buddy num,Total visit,Blog category,Comment detail
0,https://blog.naver.com/bbyonggayo?Redirect=Log&logNo=221747641251,"​아이들이 커 감에 따라 따로 빨던 옷을 같이 빨게 되고, 그러면서 자연스럽게 어른 세제를 이용하다 보니뭔가 찜찜하더라고요.​그래서 가끔은 식초를 함께 넣기도 하고 세탁조 청소도 자주 하는 등 여러 가지 방법을 시도해보았었어요.하지만 르소메 캡슐세제를 알게 되면서부터는 모든 문제가 해결되었지요. 온 가족이 사용 가능한 세제이기 때문에 아기들용으로도 물론 사용 가능하고요.캡슐세제이기 때문에 간편하게손에 하나도 안 묻히고 사용할 수 있지요:)안전한 성분이기에 유아세탁에 적합하고 민감한 피부에도 사용 가능하도록알레르기 free 향료를 사용했어요.종이로 만들어진 박스 또한 너무너무 마음에 드는 거 있죠???​친환경을 생각한 포장과예쁘고 유니크한 디자인 또한 너무 마음에 들어 캡슐세제를 다 이용하고 나서도 통은 버리지 못할 것 같아요 ㅋ우리나라에서 소아암, 백혈병으로 힘들어하는 아이들을 위해 기부하고 있는 르소메.때문에 더 믿음이 가는 것 같아요.요 통통한 비닐 안에 노란색 세탁세제가 보이시나요?너무 예쁘죠??잘 안 보이실까 봐 초록색 바탕으로 바꾸어봤어요.안전한 포장이기 때문에 세탁기에 그대로 넣어도 걱정 없어요통통하니 자꾸만 만지고 싶은 젤리 같은 르소메 캡슐세제​​이제 세탁을 한 번 해볼게요캡슐 1개에 최대 7kg의 빨래가 가능하고1일 1개를 사용할 경우총 30일 (한 달) 동안 사용할 수 있는 양이에요세제 투입구가 아닌 세탁조의 맨 밑바닥에 먼저 캡슐을 놓아주고그 위로 빨랫감을 잘 넣어주어요그리고 세탁기를 돌리면 끝!!!섬유 유연제를 넣을까 말까 고민을 하다가 후기에 보니 다들 세탁 후에도 옷이 보들보들하고 깨끗한 향이나 거부감 없이 느낌이 너무 좋다길래 그냥 넣지 않았어요헐. 근데 웬걸?진짜 옷이 안 빳빳하네요?그동안 사용했던 유아세제들의 단점을 이야기하자면너무 빳빳하다는 거였거든요.그나마 마르면 좀 부드러워진다지만 르소메는 확실히 다르네요거기다 건조기에 들어갔다 나와도 향이 은은하니 너무 마음에 드네요:)아이들의 유치원 활동복도 세탁하고 그 외에 저희 옷들에도 모두 사용해보았어요이번엔 수건!!! 수건이야말로 정말 빳빳해지잖아요? 그런데 부드럽고 좋아요~! 이 정도면 온 가족이 정말 사용 가능한 것 같아요~!​음....뭐랄까.향이 막 나고 그런 느낌이 아니고 깨끗한 느낌????  이라고 하면 아시려나요~?뭔가 세탁을 했는데 제대로 됐고 잘 빨린 것 같은그런 깨끗한 향이에요.실제로 만져보면 느낌도 부드럽고 눈으로 봐도 깨끗이 잘 빨려있고요오늘은 이불을 빨았어요~! 정말이지 너무 마음에 드는 르소메.​간편하기도 하고 안전한 성분인데다느낌도 너무 좋은 프리미엄 캡슐세제라더더욱 마음에 들어요^^​http://www.lesommetshop.com​ ​ 

-
트 086비610
04066

본 포스팅은 실제 상품이나 서비스를 제공받아
건강한 리뷰문화를 만들기위해 작성한 진솔한 후기입니다.

 

 
4
",21,0,0,285,0,1,804.4,2,text_ad,2019. 12. 24. 11:04,332,522040,교육·학문,0
1,https://blog.naver.com/bbyonggayo?Redirect=Log&logNo=222413019779,"향 좋은 실내디퓨저 추천하려고요.얼마나 좋으냐 하면요.​현관에 놨는데 엘리베이터 문이 딱 열리면 (한 층에 두 가구)은은하게 맴돌고 있어요. 그리고 현관문을 여는 순간 향긋한 것이 완전 기분 최고! ​저희 집 방문한 도도 언니어디 거냐고 향 너무 좋고 최고라며 물어봤고요. 저희 집 남편도 너무 좋다고 극찬했어요^^너무 예쁜 포장으로 왔어요. 집들이 선물한다고 생각한다면 저 무조건 이거요. 예쁘게 포장해 주고 향이 좋으니 최고​거기다 하나 더 얹자면 인테리어 용으로 최곱니다.플렌느 인테리어디퓨저​오픈해볼게요제가 구입한 테라조 실내디퓨저센스 있게 라벨도 테라조 모양으로 붙여서 왔네요너무 예쁘게 들어 있었고요. 저 골드캡은 위에 올라주는 아이인지라 필수!!!! 원래도 예쁜 디자인이지만확실히 골드캡을 올리는 순간확~~ 살아납니다!!  플라스틱이라 마음에 들어요. 유리 케이스는아무래도 깨질까 봐 불안하기도 하더라고요.플라스틱 뚜껑으로 잘 닫혀 왔고요6월에 생산한 얼마 안 된 제품이어서 더 마음에 들었어요실링지를 제거하고 금색 캡을 닫아 사용하라고 적혀있어요투명한 액체랍니다:)스틱은 넉넉하게 5개가 왔어요. 사용해보니 2개로도 충분히 실내디퓨저로 발향 가능하지만개인적인 생각으론 세 개 정도 꽂아야 예쁘더라고요 ㅎㅎㅎ이왕이면 예쁜 걸로 예쁘게 두는 게 좋잖아요^^요게 바로 금색 캡이랍니다. ​그럼 한 번 사용해보도록 할게요.뚜껑을 열고실링지를 확인합니다.실링지를 제거하고캬~~~~ 너무 향긋해요골드캡을씌워줍니다너무 향기롭고 너무 예뻐요.참고로 제가 선택한 향은 블랙체리 / 베이비파우더 / 다우니 코튼 중에 다우니 코튼이랍니다.스틱을 꼽아 주었어요. 테라조 무늬라 확실히 봐도 봐도 예쁘네요. 인테리어디퓨저 딱이지요?​집 곳곳에 방향제를 두는지라 인테리어디퓨저 위주로 보는 스타일인데정말 너무 예뻐서 만족입니다. 하나는 화장실에 두었어요.. 화장실 들어가면 향이 퍼지는 게 너무 좋더라고요^^여름 되면 아무리 깨끗하게 관리해도냄새가 조금 올라오는 곳이 화장실인데올여름 걱정 없지 싶어요^^그리고 또 하나는 처음에 말씀드린 대로 현관에 두었어요. 짜잔~~~ 너무 예쁘죠? 인테리어디퓨저 딱이지요~바로 옆에 있는 것 또한 방향제에요. 인센스라고 종이로 된 건데 요렇게 사용하다 한 조각씩 태우며 쓰는 거랍니다.​보시다시피 종류별로 다 쓰는 것 같네요ㅎㅎㅎㅎㅎㅎㅎ​현관 경우에는 그 집의 향을 결정한다고 생각하기 때문에문을 열고 들어오자마자 꼬릿한 냄새나 특유의 그 집 냄새가 나는 게 손님에게도 아닌 것 같고, 저도 제 집을 들어오며 기분이 별로더라고요. 때문에 현관은 더 특별히 신경 쓰고 있지요.여태까지 썼던 실내디퓨저 중 제일 만족이에요. ​향도 그렇고 인테리어 효과도 그렇고요.향 종류별로 구입해서 사용해보고 싶네요.​실내디퓨저 / 인테리어디퓨저 사용해보시라고 링크 걸어둘게요:)​​​​ 

-
트 086비610
04066

본 포스팅은 실제 상품이나 서비스를 제공받아
건강한 리뷰문화를 만들기위해 작성한 진솔한 후기입니다.

 

 
 
 
 
",23,2,2,296,2,1,804.4,8,text_ad,2021. 6. 28. 17:02,332,522040,교육·학문,"['너무 고급지고 이뿐걸요~~향까지 풍성하다니~~아주 괜찮네요~', '향이 멀리 퍼지고 오래가서 좋은 것 같아요~ ^^']"
2,https://blog.naver.com/bbyonggayo?Redirect=Log&logNo=221994057799,"매일 집에만 있는 요즘. 그간은 환기라도 자주 할 수 있어서 좋았지만요즘은 미세먼지 때문에아침 일찍 문 열었다가 점심부터는거의 닫고 있는 상황 ㅠ_ㅠ ​때문에 집 안의 향기도 그다지 좋진 않더라고요.뭔가 상큼하고 기분 좋아지는 향.때문에 구입하게 된 푸타완 무알콜 디퓨저에요너무 예쁜 포장에 깜짝 놀랐어요. 푸타완은 자연주의 브랜드로 전 세계적으로 14년째 사랑받고 있는 태국 브랜드에요때문에 ""엇! 이 향은!!"" 하면서 태국 마사지숍에서 맡았던 그 향을 맡을 수 있는데요.그중 제가 선택한 천연 아로마 향은[레몬그라스]에요정말 어쩜 이렇게 예쁜!!!!!! 모든 게 완벽하다며 혼자 감탄 ㅋㅋㅋ​제일 중요했던 무알콜! 오직 100% 순수 에센셜 오일만을 사용한천연 아로마랍니다~!거기다 우드스틱으로 순~~한 발향을 플라워 리드로 진한 발향을~셀프로 조절할 수 있게끔 함께 들어 있어요친절하게 한글로 적힌 설명서를 함께 넣어주셨어요. ​1주일마다 리드를 거꾸로 뒤집어 준다는 건 처음 알았어요~!!천연 에센셜 오일을 사용하므로 내용물이 변하기 않게 햇빛이 강한 곳은 피해달라는 설명도 적혀 있어요뚜껑은 조금 신기하게 생겼는데요.자세히 보니 화살표 방향이 표시되어 있더라고요화살표 방향으로 잡아당기듯 열어 뜯으면손쉽게 뚜껑을 열 수 있어요.그리고 나면 등장하는 고무? 실리콘? 마개.꼼꼼히 밀봉되어 있어 더욱 마음에 들어요^^가득히 안에 들어 있는 푸타완 무알콜 디퓨저​가득히 들어 있는지 보이시죠?우드스틱을 꽂아 보았어요.이게 뭐라고 이렇게 신이 나는지요~ ㅋ천연아로마라서 그런지상큼한 레몬그라스 향이 은은하게 퍼져 코로 들어오는데어찌나 기분이 좋았는지 몰라요^^​동남아에서 맡을 수 있는 그 향!!그거 맞아요!!!아이들 방에 예쁘게  놓아주려고요~!​천연아로마 푸타완 무알콜 디퓨저​순수 에센셜 오일에다 무알콜이니 안심하고 사용할 수 있을 것 같아요^^​​​모두 다 푸타완 무알콜 디퓨저를 만나볼 수 있는 사이트들이에요:)레몬그라스 이외에도 다양한 향이 있는 데다 차량용 디퓨저도 있으니 한 번 둘러보셔요^^​#태국디퓨저 #태국향 #천연아로마 #천연디퓨저 #천연방향제 #디퓨저 #방향제#무알콜디퓨저 #푸타완방향체 #푸타완디퓨저 #푸타완무알콜디퓨저 #디퓨저 

-
트 086비610
04066

본 포스팅은 실제 상품이나 서비스를 제공받아
건강한 리뷰문화를 만들기위해 작성한 진솔한 후기입니다.

 

 
",16,0,1,228,0,1,804.4,2,text_ad,2020. 6. 8. 16:40,332,522040,교육·학문,0
3,https://blog.naver.com/bbyonggayo?Redirect=Log&logNo=221970277638,"얼마 동안 고민하고 며칠을 기다려서 만나게 된 쿠진아트 에어프라이어 오븐 TOA-60KR때문에 얼마나 기쁘고 행복했는지는 굳이 얘기하진 않을게요.원래 사용하고 있던 에어프라이어가 있어 급한 건 아니었기에느긋하게 기다릴 순 있었다만 자꾸만 입고가 늦어지니혹시나 못 받는 상황이 생길까 조마조마했던 것도 사실:) ​하지만 꼼꼼하게 포장되어 온 걸 보며 그 마음이 다 풀렸다죠. 신혼생활 때부터 쭉 함께 해왔던지라 내 주방과 뗄레야 뗄 수 없는 관계가 되어버린 에프는벌써 이번이 3번째라는:)​처음 구입했던 에프는 12년  8월뮬렉x 였는데 가격은 저렴했던 모델이지만필립x와 성능차이가 너무 많이 나서 결국 필립x로 갈아 탔어요.그렇게 8년째 매일 같이 에프를 사용중이네요.함께 생활하는 식구가 넷. 아이들도 많이 커서 이젠 적은 용량으로는 힘들어도 너무 힘든 거 있죠. ​치킨도 두 번에 나누어 튀기고 돈가스는 무려 세 번까지도 가동!때문에 무조건 대용량을 생각하기도 했고 수명이 다 되어 가는 광파오븐을 후에 저렴한 일반 전자레인지로 바꿀 생각으로 오븐형을 생각하게 되었죠.거기다 디자인까지 완벽한이게 바로 쿠진아트 에어프라이어 오븐고르게 된 사연입니다:) -찰떡이었더랬지함께 온 구성품들인데 개인적으로 한 번만 사용해도 너무나도 헌 것처럼 되어 버리는 이 세 가지 툴은 좀..좀..좀...ㅋㅋㅋㅋㅋㅋ좀 더 견고하고 단단하게 만들었으면 싶었어요.찾아보니 스텐이 아니라고들 하더라는..추가로 생산해도 구입할 의사 있어욧!만들어주셔요안에서 꺼낼 때 정말 뜨거움으로 뜨거운 걸 잡아도 방어막 제대로 칠 것 같은오븐 장갑 매우 마음에 들고요. 주방도구들도 튼튼하고 예뻐 마음에 들지요.​이건 제가 구입할 때만 사은품이었는지항상 주는 건지는 잘 모르겠어요.꼭 확인해보시고 구입하셔요^^찾아보면 좀 더 작은 용량이 있고 (작다 해도 9L)제가 산 대용량이 있는데 이 대용량은 무려 17L에요.피자 한판 다 들어갈 정도의 크기라고 하더군요. 하지만 막상 와보니 그렇게 크지도 않고 안으로 좀 깊숙한 것 같은데그렇다고 그렇게 깊~~~~지도 않고 정말 적당해요! 거기다 안이 훤히 다 보이니 내부도 청소하기도 편하더라고요.​토스트 기능이 있기에 빵 부스러기를 편하게 버릴 수 있도록밑에 판이 분리 될 수 있게 해놓았어요.센스 돋는:)그리고 스티커도 아닌 ... 뭐지? 아무튼 정말 신기한 재질로 되어 있어서 벗기다 유리창에 흠집 나는 거 걱정할 일 1도 없다며우선 사용 전 아무것도 넣지 않을 상태로 몇 번 돌려보았지요.그리고 키친타월에 오일 묻혀 쓱 쓱 닦아내기.묻어나는 게 1도 없어서 더 좋았어요.고구마를 구워보았는데요.확실히 투명 유리창인데다 불을 켜서내부를 더 자세히 볼 수 있으니 아무것도 안 보였던 예전에 비하면정말 너무너무 좋은! 고구마 위에 물방울 맺히는 장면도 볼 수 있고 요리가 얼마나 진행됐는지.혹시 타진 않았는지 등을 확인 가능하지요:)그렇게 쿠진아트 에어프라이어 오븐 TOA-60KR고구마 굽기 성공~!오오~ 진짜 맛있음!!!!!한 번 먹으면 헤어 나올 수 없다는 [문디목딱고구마]껍질 전부 벗겨 토막 내어 air fry 200도에서 15분 돌려주면 돼요.생긴 건 저래 봬도 겉바속촉 제대로~!어른이고 애들이고 너무 잘 먹어대서 벌써 한 달 사이 고구마만 10kg는 이렇게 먹었을 정도 ㅋㅋ  진짜 강추합니다:)그리고 제일 해보고 싶었던 통삼겹! 쿠팡에서 구입했는데 수입산 냉장으로냄새도 안 나고 저렴하고 좋아3번이나 사서 먹었어요.​1200g 무려 2근인데 요로코롬 한 번에 다 들어가고요. 야채도 들어가는 상황이니 정말 대단한 용량이라고 볼 수 있어요​​👇 이 제품 쿠팡에서 보기 👇구입했을 때 함께 온 레시피북에 있는 방법으로 요리했는데처음엔 통삼겹에 칼집을 내어 올리브유를 바르고 소금, 후추, 로즈마리 뿌려 냉장고에서 충분히 숙성시켜주었어요. ​그리고 통삼겹만 넣고 베이크(fan) 모드 210도 20분구워주었어요.야채는 잘라 소금, 후추, 올리브유를 넣고버무려 미리 준비해두어요.통삼겹이 다 되면 한 번 뒤집어 주고 야채를 빈 공간에 넣어180도 20분 돌려줍니다. 말해 뭐해진짜 환상적인 비주얼ㅋㅋㅋㅋㅋㅋ야채까지 넣고 굽기 시작했을 때는 온 집안 식구들을 모으는 냄새가 나기 시작!심지어 우리 엄마까지 ""어머머~ 이게 무슨 냄새야?? 너무 맛있겠다!!""하며 구경하러 오시고 ㅋㅋㅋ꺼내자마자 지글지글 소리 나면서 캬~~~~~~!!!!! 기가 막히고요. ​가운데를 슥 슥 ~ 칼로 자르니 요로코롬 너무 잘 익은 삼겹:)야채는 대파, 양파, 마늘을 넣었고 버섯도 넣어봤었는데 오오오~야채 많으면 많을수록 좋아요! 진짜 꿀맛!고기는 그냥 먹어도 맛있고쌈을 싸서 먹어도 정말 맛있어요대신 보쌈처럼 푸욱 ~~ 그런 느낌 (뭔지 아나요?) 이기 때문에 계속 먹으면 퍽퍽한 느낌? 때문에 뭔가 매콤한 게 땡기는 거 있죠?​그래서 그다음에 해 먹을 땐한 번은 골뱅이 소면을 한 번은 비빔면을 함께 먹었더니와~ 정말 환상의 조합이었어요.​엄마 오셨을 때 한 번!도도네 초대해 한 번!동생에 왔을 때 한 번!벌써 3번이나 해 먹었다니 다니 다니 다니제부가 정말 대박이라며 동영상을 찍어줬지요비빔면이랑 함게 먹으니 궁합 최고고요~!애들은 또 어찌나 잘 먹던지애미 뿌듯하게씨리~쿠진아트 에어프라이어 오븐 TOA-60KR​토스트 모드도 구워 봤지요.구웠을 때의 모습(곡물빵이니 참고! )뭔가 바삭하고 진짜 토스트기에 한 것처럼 되는데저희 집은 원래 토스트기를 안 쓰고 프라이팬에 버터 둘러 굽기 때문에 그것보다 덜한 맛은 어쩔 수 없는 것 같아요.아! 좋은 점은토스트의 강도를 약, 중, 강으로 조절할 수 있어요. 요건 치킨! 많이들 먹는다는 바사삭 치킨 ㅋ 잘 튀겨져서 나와 맛있었고요.​​​벌써 사용한 지 1달이 넘은 후기인지라 사진 이외에도 정말 많이 해 먹었었는데우선, 냉동 음식들 뭐 기본적인 떡갈비나 돈가스, 동그랑땡, 군만두 등..기존 필립 x 꺼 사용했을 때랑 맛에 큰 차이 못 느꼈고요.맛있게 잘 먹었어요^^ 많이 들어가니 확실히 좋아요​그리고 훈제오리는 좀 바싹 익은 걸 좋아하는 편이다 보니오랜 시간 돌려서 태운 적도 있고 그랬었는데요건 창문으로 확인이 가능하니까 태우지 않고 완벽히 조리할 수 있었다는 점을 칭찬!​치킨텐더도 직접 닭 안심에 부침가루 + 계란 물 +빵가루 조합으로 해 봤는데정말 맛있었어요! ​개인적으로 쿠진아트 에어프라이어 오븐 TOA-60KR​​​에프 세 번째 구입 (에프와 함께 한 지 8년째)거의 매일 사용하는 사람으로썬대용량으로 무조건 추천드려요.나머지도 말할 것도 없고요.​​아참~! 제 돈 주고 산 후기에요~*​...그나저나 저 이십 얼마 주고 샀는데 ㅠ_ㅠ뭐 한 달간 잘 썼으니 위로가 되나요.. ㅠ펀샵에서 199.000원에 파네요.제일 저렴한 것 같으니 참고하시라고 올려봐요:).. 
6,
 
 
 
",29,1,0,754,0,2,804.4,13,,2020. 5. 19. 15:44,332,522040,교육·학문,0
4,https://blog.naver.com/bbyonggayo?Redirect=Log&logNo=222200241411,"게으르고 게을러 미루다보면 안 좋은 점도 있겠지만 이렇게 사용한지 한 달 넘은 후기를 적을 수 있어 좋은 점도 있다는 거 ㅋㅋㅋㅋㅋㅋㅋㅋ라고 변명을 해봅니다. ​내가 사용하는 샤오미 차량용 공기청정기는 18년 11월 초 1세대로 구입한 것​진즉 갈았어도 갈아야 할 필터를 이렇게나 미룬. ​아무튼 늦었다고 생각할 때가 원래 가장 빠른거라며 검색 후 주문을 했어워낙 호환용이 잘 나와 있더라고.네이버스토어에서 필터를 구입! 동생네도 동일한 제품을 사용하고 있길래 두 개를 구입했지. 필터킹 제품이였고, 가격은 하나에 6900원. 그리고  배송비 추가.몇 개 더 사서 쟁길까 했지만 호환용이라 한 번 사용해 본 후 추가 구입을 하는 게 맞는 것 같아서 동생과 우리꺼 딱 2개만 구입그냥 차량에 설치되어 있는 상태에서 필터를 교환해도 1도 무리가 없지만 전체적으로 한 번 닦을겸 집으로 가지고 올라왔어오메반성하게 되는 필터의 상태.​양손으로 잡고 끌어 올려주면 슥 슥 스으으윽 하며 올라와.먼지도 많이 끼고 더러워진 것을 확인 할 수 있었어세워서 보니  더 엉망이로구나 ㅠㅠ 아무튼 요건 바로 쓰레기통으로 갔고요새로운 필터를 끼워줄 차례. 정말 딱히 방법이라고 할 것도 없이 그냥 끼우기만 하면되더라고? 너무 편함혹시 잘못된 부분이 없는지, 호환제품이기에 더 꼼꼼하게 살펴봐주고요이상이 없다 싶었을 때 뺐던 방법과 동일하게 다시 끼워주기요렇게 놓고 쏘옥 집어넣기뻑뻑했다라는 후기도 봤었는데, 난 생각보다 괜찮았고 정품 뺄 때랑 별로 다른 점도 느끼지 못했어​그렇게 다시 장착! 항상 지하주차장에 차를 주차하고 요즘 코로나 때문에 외출을 안 해 차를 이용하지 않다보니 장착한 사진을 찍기 너무 힘들더라^^;갑자기 생각나서 뒤돌아 찍은 한 장! 요렇게 잘 장착해서 사용 중! 정상적으로 잘 되고요. 호환용이라 가격 부담도 적어 좋은 듯^-^ ​필터킹 요걸로 구입함:) ​​#샤오미필터 #샤오미공기청정기필터 #샤오미차량용공기청정기필터 #샤오미차량용필터 #차량용공기청정기필터 #필터킹 #샤오미1세대 #샤오미차량용1세대필터 #샤오미차량용공기청정기 #내돈내산후기",14,0,0,239,0,0,804.4,5,,2021. 1. 7. 23:58,332,522040,교육·학문,0
5,https://blog.naver.com/bbyonggayo?Redirect=Log&logNo=221463078052,작년 그러니까 2018년 11월 초. 미국여행을 다녀오자마자 느껴진 우리나라의 미세먼지에 짜증이 났달까??거진 2주를 맑은 하늘만 보다가 왔으니어찌나 한숨이 나오고 애들은 또 얼마나 마스크에 갑갑해 했는지..​무튼 고민하다 샤오미 차량용 공기청정기를 구입했는데2세대가 비싼거에 비해 큰 차이가 없다고 해서 1세대로 구입:) 국내쇼핑몰에서 구입할까 하다가 마침 연시두파 미밴드도 사야하고 큐텐에서 10만원이상 할인도 하길래 같이 샀는데.3달지난 지금. 값이 미친듯이 내렸어 ㅋㅋㅋㅋㅋㅋㅋㅋㅋㅋ5만원..도 안해....후아 ㅠ3세대가 나와서 그런건가요 ㅋㅋㅋㅋ(72500원 주고 구입했는데 -ㅅ-)뭐.. 가격이 많이 내려서 속상하긴 하지만그래도 3달동안 미세먼지 걱정없이 애들 차태워 다녔던 거 생각나면 (장거리 여행 두번이나) 이미 그 만큼은 뽕뽑았지 생각한다며:)그림을 보며 설치방법과 사용방법을 익혔는데요 뒤에 부분이 필터.이 필터는 따로 갈아주면 되고 나중에 추가로도 구입이 가능함교체시기는 보통 6개월이라고 하는데 뭐 얼마나 사용하느냐에 따라 다르지 않을까 싶어.(필터는 2만원 정도?)본체를 받혀줄 수 있는 거치대알맞게 올리고 밴드로 고정시키면 되고뒷부분도 똑딱이로 밴드를 고정할 수 있도록 한 엄청 간단한 설치이 정도면 그냥 나혼자 차에 가서 설치해도 하겠다며자신감 뿜뿜했지 ㅋㅋㅋㅋ전원연결 부분미지아 공기청정기를 세척하는 방법을 보니필터부분 말고도 요 네모난 부분도 청소해 줘야하나봐그렇게 앞 좌석 머리쪽에 설치완료. 시동을 걸면 우우우우웅~~~ 소리와 함께 공기정화를 시작하는데개신기해 +_+ ㅋㅋㅋ반대쪽 부분도 밴드때문에 불편할 일은 1도없게넘나 편하게 되어있어.Mi home 어플을 깔고 연동시키면 이렇게 실시간으로 현재 차 안의 미세먼지상태를 알 수 있고Auto버튼을 눌러놓으면 따로 다시 설정하지 않아도 매번 알아서 공기상태에 따라 자동으로 움직인다.함께 있는 전원선은 생각보다 훨씬 훨씬 훠어얼씬 길어서 설치하는데는 1도 어렵지 않았으나.우리 차가 조금 작은 편이여서 그런지 둘째가 카시트를 탈 때 머리를 부딪힌 적이 ㅋㅋㅋㅋㅋ​거기다 바람이 윗부분에서 나오므로 어떨 땐 연두의 머리카락 윗부분이 날리기에제일 뒤로 자리를 옮겼다지요:)도도네도 여기에 설치했다고 하더라고 ㅋㅋ선은 기니까 맨 뒤에 설치했는데도 오히려 남아서 정리했을 정도구입하길 잘해도 너무 잘했다라고 생각되는 샤오미 차량용 공기청정기 미지아.​그 이유는 미세먼지 많은 날 운전 중 차 문을 열었다 닫거나 창문을 열었다 닫으면미친듯이 우우우우웅~~~ 소리를 내며 돌아가는걸 제대로 몸소 체험했기 때문.​거기다 차안의 냄새가 좀 줄었달까??방향제로 커버되지 않는 그런거??실제로 애들이 차 안에서 뭔갈 먹는다던가 하면또 우우우우웅~~~~ 소리를 크게 내며 돌아감ㅋㅋㅋㅋㅋㅋ말을 많이 해도 돌아가 ㅋㅋㅋㅋㅋㅋㅋㅋㅋㅋ그럴 땐 괜히 웃김 ㅋㅋ​​미세먼지 많은 (앞으로 줄지는 않을....) 우리나라에서 차타고 다니려면 필수품 아닌가 생각되...작은 사이즈는 차를 다 커버할까 싶기도 해서 크기는 이 정도는 되야하지 싶고 이왕이면 어플로 확인가능했으면 좋겠고가격도 합리적이였으면 좋겠고.이 모든걸 만족시키는 제품인 듯. ​​,19,0,0,328,0,1,804.4,4,,2019. 2. 11. 15:08,332,522040,교육·학문,0
6,https://blog.naver.com/bbyonggayo?Redirect=Log&logNo=221987721457,"여름이 다가오고 있음이 느껴지는 요즘이에요. 정말이지 짧은 바지 생각이 간절할 정도로 더운 날엔 너무 덥더라고요.​꼭 해가 있는 날이 아니더라도 자외선차단제는 필수긴 하지만 코로나 덕에 집에만 있다가 학교 등교, 유치원 등원, 학교 하교, 유치원 하원 때마다밖에 나가다 보니 뜨거운 햇빛이 여간 신경 쓰이는 게 아니더라고요.​때문에 간편하게 사용하고 자외선차단 확실하게 해줄 수 있는그런 선스틱이 필요했어요. 하지만 보통 너무 번들거리거나 끈적거려서 오히려 더 덥고 답답하더라고요.​반면 이번에 사용해 본 르넴프스 선스틱은완전 보송보송~ 정말이지 거부감 1도 없고 ""내가 발랐나?"" 생각을 다시 해야 할 정도로원래 그냥 제 피부 같아요아이들과 외출 전 귀찮아 선크림 안 바르게 되는데르넴프스 하나면 간편하게 슉슉 바르고 나가면 돼서정말 애정 하지 않을 수가 없어요.손으로 잘 잡을 수 있게 살짝 U 모양처럼 생겼어요.향긋한 꽃 향일까요? 향기가 너무 좋아요. 센스 돋게 뚜껑의 안쪽에는 모양 그대로의 속 뚜껑 있는데요.요게 떨어지는 줄 알았는데 안 떨어져서 너무 좋더라고요.​22g의 용량으로 SPF50+ PA++++확실한 자외선차단으로 가볍게 휴대하고 다닐 수 있어요​등교 시키기 전에 급하게 발라도30초면 끝나니 너무 좋아요.아 그리고보송 보송해서 화장 전 프라이머로 사용해도 너무 괜찮을 것 같아요.밖에 오래 있을 것 같을 때엔 요렇게 가방에 휴대해서 나가지요.파란색의 르넴프스 선스틱 눈에 확 띄고 너무 예쁘죠?밖에서도 한 번 발라보았어요. 얼굴뿐만 아니라 바디도 겸용 선스틱이기 때문에더 좋지요:)​바르기 전의 팔요렇게 슥슥 문질러 주는데백탁현상이 1도 없고정말 부드럽게 발려요.마구 손으로 문질러 대도 묻어나는 것도 1도 없고 끈적임도 없어 남편도 발리기 너무 좋아요짜잔~!바르고 났는데 티가 하나도 안 나죠?그냥 제 피부 같아요 ㅋㅋㅋㅋ그래서 애정 할 수밖에 없는 :)​​자외선 차단제 르넴프스 선스틱​그냥도 좋지만 미백과 주름개선까지 기능성 테스트 완료된 제품이라더 믿음 가요:)​​#선스틱추천 #르넴프스선스틱 #자외선차단 #보송선스틱 #르넴프스오일컷선스틱#유기자차선스틱  #자외선차단/미백/주름개선 기능성화장 #백탁없는 선스틱 #선스틱쇼핑몰 #선크림추천 #선스틱 #기미/잡티/주름 예방 #르넴프스 #LENEMPS​​​​​​​ 

-
트 086비610
04066

본 포스팅은 실제 상품이나 서비스를 제공받아
건강한 리뷰문화를 만들기위해 작성한 진솔한 후기입니다.

 

 
 
",16,0,2,246,0,1,804.4,2,text_ad,2020. 6. 2. 19:03,332,522040,교육·학문,0
