,Post URL,Post,Image num,sticker num,gif num,Paragraph num,Comment num,Video num,weekly viewer mean,Sympathy num,AD,Posting Date,Buddy num,Total visit,Blog category,Comment detail
0,https://blog.naver.com/bobo3628?Redirect=Log&logNo=222200795120,"안녕하세요 짠주부 페이버입니다 =)​오늘은 집들이 선물로 받아서잘 사용중인 [ 무아스 LED 무드등 ]을사용후기 소개해보려고합니다.​이 무드등의 사연이 있는데..ㅎ저희부부는 결혼 후 제가 살던 원룸에서약 2년정도를 함께 살았습니다.​계약기간이 남아있기도 했고,조금 더 자금 등을 모아서 이사하는게좋겠다고 판단해서였죠.ㅎ​그래도 신혼집이라 집들이를 했는데,돈 많이 벌라면서 부엉이 모양의무아스 LED 무드등을 선물 받게 되었습니다.​그런데ㅎㅎ원룸과는 좀 안어울린다고 해야할까요?너무 이쁜데 원룸이 초라한 느낌이라그대로 보관하다가 이사하고나서드/디/어 설치를 하게되었습니다 :)탁월한 선택!​약 2년이 지난 지금도 꾸준히 판매가 되는 모델로ㅎㅎ유행타지 않으면서도 질리지않는 디자인이 특징이고요!​사이즈도 슬림하여서 자리를 크게 차지하지않으면서,사용시에만 무드등으로 사용할 수 있어요!​부자되고 싶으신 분들이 부엉이 모양 많이 찾는데~분위기와 운(Luck)을 한번에 잡고 싶다면최고의 아이템 일 것 같아요!​#낮동안의 모습​인테리어소품이나 집들이선물 고민중이시라면호불호가 갈리지않는 잇템으로 추천추천합니다 :)​​​​#집들이선물 #무아스무드등 #LED무드등 #부엉이인테리어소품 #부엉이전등 #부엉이무드등  
",6,0,0,104,3,1,589.4,5,suspect,2021. 1. 9. 6:00,649,309298,일상·생각,"['해바라기도 돈들어온다는데~~~', '맞아유!ㅎㅎ미신이라고 왠지 안믿지만..신경쓰이고 믿고싶은..! 그런게 있는거 같어요', '이거 밤에 켜면 너무 이쁨!!!~~최고의 선물!!!^^']"
1,https://blog.naver.com/bobo3628?Redirect=Log&logNo=222051308019,"​안녕하세요 😄 페이버입니다!​오늘은 내생애 첫 정기 기부라는 주제로 포스팅을 들고 왔습니다.​1) 길거리에서 하는 단발성기부2) 아름다운가게에서 물품기부3) 재난시 학교나 회사에서 소액기부​이런것들은 간간히 해보았는데사실 정기적으로 해봐야지 생각만하고는 못해서..생각은 오래전부터하고 실천하지 못했습니다.​중도해지는 결코하고싶지않아서내가 경제적으로 어렵더라도 할 수 있는 금액으로! 멈추지않고, 지속적으로 하고자..!현재 월 블로그 소득 정도로 금액을 책정했습니다.​월 1만원 정도면..^_^향후 경제활동을 쉬더라도 나눔이 가능하지 않을까?이런 생각에~ㅎㅎ​고민하다가 선택한곳은 바로!초록우산 어린이재단입니다.https://www.childfund.or.kr​정기후원 이외에도 일시후원도 가능합니다.기부는 계좌이체,카드,지로로도 할 수 있습니다.잊더라도 납부이체되지않도록 카드로 결제하였어요.ㅎ​왠지 뿌듯한 이 기분♡향후 블로그 소득이 더 오른다면~남편 이름으로도 좋은일을 해주고 싶고금액도 더 올릴 수 있으면 좋겠다싶습니다ㅎ​이글을 읽고 계신분들도 좋은일 함께 해주신거예요!​블로그 방문해주시고 응원주시는 분들 항상 감사합니다 🙏 ​더 알차고 좋은 정보도 나누고~받은 사랑과 응원도 💕 주변에 나누는 페이버가 될게요~​계속 함께해주세요♡^^​#초록우산 #어린이재단 #정기후원 #기부 #블로그수익 #좋은일 #함께해요 #정기기부 #어린이 #아동 #이들이 #미래다 
",7,1,0,117,11,0,589.4,39,,2020. 8. 4. 22:13,649,309298,일상·생각,"['포스트 잘 보고 갑니다 이웃님 😎 제 블로그도 놀려오셔요ㅎ', 'ㅎㅎ좋아요~', '글 잘 보고 갑니다 😄 오늘도 좋은 하루 되세요 이웃님ㅎ', '잘보고갑니당!제 블로그도 추천박아주떼욘! ★', '글과 그림이있는 블로그 인상적인ㄷㅔ 닉네임도 너무 잘지으신거같아요!ㅎ 자주 보러갈게요~^^', '잘 보고 갑니다~~좋은 하루 되시고, 제 블로그도 놀러 오세요~~^^https://m.blog.naver.com/three_sixty/150186616992', '와우 보드 사진이 엄청 멋지네요! 방문 감사합니다 ~^^', '좋은 일, 좋은 말과 행동은 결국 나에게 돌아온다는 신념 ㅎㅎ 선한 영향력에 감동받아요~좋은 포스팅 감사합니다', '안 잊고 살려고 노력하고 있습니다.ㅎㅎ공개적으로 말한거니 더 잘지켜야겠어요~^^ㅎ']"
2,https://blog.naver.com/bobo3628?Redirect=Log&logNo=222324211902,"​안녕하세요 😄관리하는 여자 페이버입니다 ~!오늘은 봄맞이 저희 부부의 행사라고 할까요?커플 운동화 사러 가는 날입니다.ㅎ​기존에는 나이키를 샀는데 ~현대백화점 카드 추천으로 받은 상품권이 있었기에..좀 더 업그레이드해서 구매해보기로 했어요♡조금 더 컬러풀한 것을 골랐는데 ㅎㅎ직원분이 이 운동화를 신고 있는데이뻐보여서 여쭤보니 너무 편해서본인도 남친거랑 하나씩 구매해버렸다고  강려추천을..ㅎ​그 말에 한번 신고나서...ㅎ날라다닐 것 같아서 바로 사버렸어용 ^_^어서어서 개봉을 해보자스라~~데상트 에너자이트 쉐도우 언박싱♡박스에서 꺼내서 나란히 두었어용^^​데상트 에너자이트 쉐도우는 기본 하얀색 러닝화인데요!그레이와 오렌지 컬러가 포인트로 똭 있어서 좋아용진짜 엄청 가볍가볍♡쿠션도 빵빵하구용ㅎㅎ데상트 에너자이트 라인이 있는것 같은데쉐도우는 남녀 공용으로 있는 것 같아요~커플신발  이쁜것도 중요하지만 편한게 중요하겠죠 ~ ?신은듯 안신은듯 가벼워서 봄.여름에발에 땀 안차고 가볍게 신을 수 있어요ㅎ왠만한 데일리룩에는 치마.바지 안가리고 찰떡 매치♡앞라인도 너무 투박하지도 얇지도 않아서발볼이 조금 넓은 저도 괜찮게 신을 수 있었어용!역시 이뻐이뻐♡저는 신발상자는 모아두는 편이라서..ㅎ신발 한켠에 첫개시 전까지 소듕하게 보관했답니다.​그리고 날이 좋았던 어제, 첫개시 했어요 ~남편도 너무 편해서 대대만족♡치마에도 바지에도 너무 잘어울리죠?^^새신을 신고 뛰어보자~팔짝!머리가 하늘까지 닿겠네!#데상트운동화 #데상트에너자이트 #데상트커플운동화 #에너자이트쉐도우 #커플운동화 #내돈내산 #운동화후기 
 
",11,5,9,145,4,1,589.6,3,,2021. 4. 26. 23:24,649,309299,일상·생각,"['포스팅 넘 잘 보구가요 >.< 글이 너무 좋아요❤라인이네 블로그도 놀러오세요👍❤', '요신발 넘 편하고 좋음!!~~굿 ㅎㅎ', '너무 가벼워보이네요. 서로 소통하며 지내요 ^^']"
3,https://blog.naver.com/bobo3628?Redirect=Log&logNo=222241910816,"안녕하세요~짠주부 페이버입니다 :)​오늘은 제가 생활에서 너무너무 잘 사용하고 있는치후 로봇청소기 S6 리뷰를 한번 더 들고 왔습니다.​왜냐면..!!이제는 한..6개월정도 사용해보니이녀석과 친해졌거든요.ㅎㅎ​ㅁ 이전 포스팅 : 바로가기 ​맨처음에는 마냥 좋아서ㅎㅎ!리뷰가 자세하지 않았던 거 같아서오늘은 청소영상과 함께 들고왔습니다~​일단 6개월 사용후에도여전히 만족하는 가전임은 변함없어요!​ㅠㅠ 로봇청소기는 진짜 삶의 질 수직 상승..!신혼부부 신혼필수템으로 들어가야할 것 같아요..이제..건조기랑 식기세척기만 있다면..저도 집안일 시간이 엄청 줄어들 것 같은..ㅎㅎ​와이파이로 연결이되면 앱으로 컨트롤 가능한 것 같은데저희는 수동으로만 사용하고 있어요ㅎㅎ버튼 눌러서 작동하는데 버튼도 2개 밖에 없으니작동시키기도 완전 쉽죠?자 그럼 작동시켜보겠습니다~재빠르게 청소하러 튀어나오는 치후청소기!제가 씽씽이라고 애칭도 붙여줬어요♡청소의 루트가 정해져서 벽을 따라서네모박스영역을 만들며 구석구석 청소를 합니다.이렇게 의자가 있어도 그 사이사이 계속 들어가려고노력하면서 청소하는 씽씽이ㅋㅋ그래서 저는 생각보다 만족도가 높습니다!의외로 깨끗하게 잘하거든요!ㅎ그런데 손님이 오는 경우 등 동작중일때중지해야하는 경우가 발생하더라구요.그럴땐 동작버튼을 한번더 누르면 멈추고콘센트모양을 누르면 저절로 충전하러갑니다.이렇게 저절로 찾아가죠ㅎㅎ저희집은 25평정도이고, 문틀이없고가구 또한 많이 없어서로봇청소기로 청소하기에는 안성맞춤이예요 ^^좀 웃겼던건..충전 파킹은 잘하지만한번에 잘하는건 아니고요ㅎㅎ주차하듯이 뒤로갔다가 앞으로 갔다가 하면서위치를 치후로봇청소기가 스스로 조정합니다.하지만 치후로봇청소기는 본인청소는 못 한다는거..ㅎㅎ쓰레기는 주기적으로 비워주시면되는데굉장히 간단합니다~^^로봇청소기가 저 대신 집청소를 해주니..ㅎ전 로봇청소기를 살펴줘야해요ㅎ특히 긴머리 여성이 사는  곳이라면..먼지통 비우는 일 외에도 솔청소는 필수입니다ㅠㅠ보이시죠..?머리카락이 마구 얽혀버린 ㅠㅠ가위로 싹뚝싹뚝 잘라줍니다.가볍게 솔은 물로씻어 건조후 다시 조립해주었어요!일단 집에 문턱이 없다면 대부분의 청소는 잘됩니다다만 정기적으로 로봇청소기를 보살펴야하고ㅎㅎ문을 열어두고 청소하다보면..방문 뒤쪽/문아래는 지저분한데..이건 사람이 한번 청소하거나 귀찮다면..한번씩 로봇청소기가 방에 들어가면문을닫아 방에 가둬두는 것도 방법입니다ㅋ​​[참고]최근 S10 시리즈까지 나왔는데,S9은 조금 더 저렴한 가격으로구입 고려해보아도 좋겠어요!​매일 출근/외출 전에 돌리고나가면기본적인 먼지 제거가 되어서 데일리 청소는 해결되고~^^이따금씩 물 걸레질만 해주고로봇청소기 솔청소만해주면 끝!!ㅎㅎ​아니살 이유가 없다지요!ㅎㅎ신혼필수템 치후로봇청소기 리뷰였습니당!​​​#치후로봇청소기 #로봇청소기추천 #치후로봇청소기S6 #치후로봇청소기후기 #구매후기 #사용후기 #신혼필수템​ 
 
",6,2,15,229,4,1,589.8,4,suspect,2021. 2. 13. 11:03,649,309300,일상·생각,"['포스팅 잘보고갑니다벌써 일요일입니다즐건 설연휴 보내시고시간되시면제 블로그 방문부탁드려요', '진짜 로봇청소기는 사랑이에요^^ 쓰는 것도 걸레질도 저보다 나으니 굳이 제가 할 필요가......', '정말 필요한 로봇청소기!!!!^^', '로봇청소기로 싹트는 사랑!!!ㅋㅋㅋ']"
4,https://blog.naver.com/bobo3628?Redirect=Log&logNo=222033820130,"안녕하세요 😄 페이버입니다.오늘도 내/돈/내/산 리뷰를 들고왔습니다!​좀 특별한데..ㅎ사실 저희 아주버님(남편의 형님)께 선물드린것인데집에 고양이 2마리가 로봇 청소기를 무서워해서..다시 저희에게 돌아왔습니다..ㅋㅋ(뜻밖의 득템..)​일단 외형은 넘 깔끔하고 이쁩니다!제품 사양 먼저 체크하고 장!단! 분석 들어가볼게요~^^​ㅁ상품명 : 치후 360 로봇청소기 S6 (현재 S9까지 출시)ㅁ상품 가격 : 548,990원​# 장점​- 시간절약 : 문턱이 없는 집이라면 약30분내 25평정도 청소가능!- 꼼꼼한 청소 : 거실,방, 부엌 할거없이 진짜 꼼꼼하게 왔다갔다하며 청소!- 적은 소음 : 타 무선청소기 대비 크지않은 소음- 자동 충전청소 종료 후 자동 충전 기능- 물걸레 기능 겸비- 어플 조작 기능 있음(*사용한적 x)​# 단점​- 복층에서도 사용이 가능하다했으나.. 우리집 신발장 문턱은 낮아서인지 돌진해서 꼬꾸라짐..- 바닥의 물체가 밀어서 밀리면 계속 밀고감ㅋㅋ(힘이 좋다고 해야할지..)- 인터넷 모뎀에 따라 Wifi 연결이 안될 수 있음​ # Favor's 최종 선택 : 저는 강.추! - 현재 이사한곳의 Wifi가 5G라서 청소기와 연결이 되지않지만 청소함에 불편함이 1도 없음- 출근시 누르고 가면 머리카락포함 바닥의 먼지가 깨끗하게 제거된 것이 느껴짐​저는 정리정돈은 곧 잘 하는 편인데..청소기를 자주 돌리지 않아서 남편이 청소기돌리고 머리카락 줍고 매번 분주했는데ㅎㅎ뽀송한 바닥으로 퇴근길을 맞이 할 수 있어서 둘다 삶의 질이 상승했다며 좋아하고 있습니다.~^^ㅎ최근에 #차이슨 청소기가 고장나 속상했는데ㅎ선물 드린걸 다시 가져와서 죄송하지만..그보다 넘 편해요 >_<놓치지 않을거예요~~​반려동물이 있거나 가구나 짐이 많거나 실제 방바닥 면적이 넓지않거나각 방문에 턱이 있다면 적합하지 않을 수 있는데~그 외에는 굉장히 유용할 것 같습니다!​삶의 질 수직상승! 요제품 어떠신가용ㅎ?​혹시 유용한 사용법이 있다면 댓글로 남겨주세용~​#로봇청소기 #무선 #자동충전 #청소기 #치후 #360로봇 #청소기 #S6 #신혼 #가전 #추천 #필수템 #삶의질 #향상 #만족도 #상승 #워라밸 #실천 #집안일 #탈출 #장점 #구매 #후기 #잇템 #내돈내산 #클린 #리뷰 #추천 #찐후기​ 
 
 
",5,1,0,232,0,1,589.8,3,,2020. 7. 17. 18:47,649,309300,일상·생각,0
5,https://blog.naver.com/bobo3628?Redirect=Log&logNo=222212347290,"안녕하세요? 페이버입니다  :)오늘은 #내돈내산 #찐후기 들고 왔습니다.​바로 겨울철 필수품 가습기인데요.​제가 1년간 사용해본 제품은살때부터 정말 고심고심하면서 골랐던케어팟 가습기 입니다.​​아직도 꾸준히 판매되는 제품으로그만큼의 장점이 있는 것은 사실입니다 :)하지만.. 1년을 사용해보니 단점도 확실히 있어서.ㅠ구매하시는 분들은 참고하여보시면 도움이 될  것 같아요!​​#케어팟외관하얀 밥통모양에 상부에는 3개의 기능버튼이 있고,불빛은 녹색으로 표시됩니다.​#케어팟 내부영락없는 밥통 비주얼에하얀 봉이 달려있는 구조이고모두 분리가 가능하죠!​안의 스테인리스 물통은소독을 원하는 경우물을 넣고 팔팔 끓일 수도 있습니다.​#케어팟사용테스트습기 조절은 3단계로 되어있고,한번 터치할때마다 단계는 자동으로 바뀝니다.성질 급하신 분들은 좀 화날 수 있는 부분이죠.​1단계 → 2단계  → 3단계  → 2단계  → 1단계  (반복)​​#케어팟가습기 소음테스트​저희집에서는 가습기가 침대 왼쪽 협탁위에 있는데요.1단계 ~ 2단계는 많은 방해받지 않고 잠을 잘 수 있는 수준이지만3단계는... 이정도 거리에서는 거슬리는 소리예요.​#장점ㅁ분리세척이 가능하다.ㅁ내부 물통 재질이 스테인리스이다.ㅁ디자인이 깔끔하고, 유행을 타지 않을 듯 하다.ㅁ작동이 용이하다.​#단점ㅁ소음 : 가습 강도를 3단계 최고로 했을 때, 냇가 옆에서 자는 듯한 소음을 느낌 2단계까지는 개인적으로 괜찮음ㅁ크기 : 상대적으로 날씬하지 않아서 공간차지가 큰편ㅁ시간 : 가습기에 물을 모두 소비하기 전에 작동이 멈춤 ( 기기 작동원리상 )ㅁ가습기가 꽤 높은 곳에 위치해 있어야 적합하다고 생각됨▶ 가습기의 습기가 옆면에서 나오다보니 체감상 습기가 바로 아래로 내려감▶ 침대와 너무 가깝거나 커튼 등 옆에 있으면 침구류나 커튼이 젖음​​우리집 실사용시3단계 까지의 극강습기 배출을 요하진 않아서..가습기의 습기 배출 방향이 사전 위쪽이었다면 더 좋았을 것이라는 아쉬움이 있지만...가습기 살균관련 이슈가 있는바..ㅠㅠ​여전히 세척의 용이성이나짠주부에게는 스텐리스 강점이 큰 제품인것은 인정!​#구매처​​#케어팟사용후기 #케어팟단점 #케어팟장점 #케어팟소음 #가습기추천​​​ 
 
 
 
",6,1,2,211,2,1,590.0,5,,2021. 1. 20. 6:00,649,309301,일상·생각,"['겨울엔 가습기가 꼭 필요하죠~~~', '적당한 습도가 건강에 좋죠^^']"
