,Post URL,Post,Image num,sticker num,gif num,Paragraph num,Comment num,Video num,weekly viewer mean,Sympathy num,AD,Posting Date,Buddy num,Total visit,Blog category,Comment detail
0,https://blog.naver.com/chanseong1?Redirect=Log&logNo=222208970211,"침대에 누워 자려고 해도 바로 잠이 들지 않아 휴대폰을 잠깐 보곤 하는데요. 자기 전 휴식을 취할 때 은은한 취침등을 하나 켜 두면 분위기도 있고 좋을 것 같았어요.​그래서 여러 제품을 찾아보다가 다기능 무드등을 알게 되어 사용해보기로 했습니다. 바로 노멀라이프 스마트 무드등이에요.  제품 박스를 열어보면  구성품으로 무드등 본체와 사용 설명서, USB 케이블이 들어있습니다. 스마트 무드등 높이는 32cm, 바디는 아주 유연해서 자유자재로 기울기 조절을 할 수 있어서 좋아요. 그리고 아이들 방에 사용 시 실수로 떨어뜨려서 깨뜨릴 수 있는 조명 ! ​부드러운 실리콘 소재라 깨질 위험이 없어 안전해요. LED 조명을 끄고 켜는 터치 스위치와 중앙에는 무선 충전 패드 ! 스마트폰을 올려놓으면 고속 충전이 가능합니다.무드등을 사용하려면 마이크로 5핀 USB 케이블로 우선 연결을 해야 해요.  LED 조명을 켜고 동시에 충전도 가능합니다. 스마트 기기를 올려놓으면 흰색의 LED 표시등이 깜빡거리며 무선 충전이 돼요.그리고 조명 뒤를 보면 블루투스 스피커 기능! ​블루투스 설정 목록에서 NM smart mood lamp를 선택 후 페어링을 하면 음악도 들을 수 있습니다. 최대 10M 거리까지 무선 스트리밍이 가능하고, 프리미엄 블루투스 5.0 탑재로 지속적인 고품질 사운드 제공!간편한 터치 스위치로 조명 밝기와 컬러도 변경할 수 있는데요. ​스위치를 누르고 있으면 밝기 조절이 가능 ! ​스위치를 짧게 터치하면 주광색, 백색, 전구색 3가지 색상 순으로 변경됩니다.침대 옆 스마트폰 충전하면서 원하는 색상으로 조명을 켜니 방 안 분위기도 달라지네요. ​수면등 & 수유등 역할과 함께 음악 감상, 충전도 할 수 있는 노멀라이프 스마트 무드등 추천합니다.  

미      불을 통해 본 업체로부터
제품 또는 서비스를제공받마 작성된 리뷰입니다
「,】

 
 
",8,7,2,215,0,2,4829.6,92,text_ad,2021. 1. 17. 23:09,12968,9467295,,0
1,https://blog.naver.com/chanseong1?Redirect=Log&logNo=222013279761,"가만히 있어도 더운 여름 ! 선풍기는 필수품이죠.​집에 선풍기는 몇 대 있지만 아쉬운 점이 몇 가지 있었는데요. 꼭 필요한 기능들만 모아 놓은 유용한 무선선풍기를 알게 되어 사용해보기로 했습니다.바로 COMS USB 충전식 탁상용 선풍기160 x 265 x 150 mm의 크지 않은 사이즈에 642g의 가벼운 무게 ! ​무거운 유선선풍기를 사용하다가 가볍고 쉽게 가지고 다닐 수 있는 무선선풍기를 사용하다 보니 정말 편리하기는 해요.바닥면은 미끄럼 방지와 뚜껑을 열면 배터리를 넣을 수 있는 공간이 나옵니다.​교체 가능한 배터리 2400mAh 2개를 넣을 수 있는데요.오래 사용 가능한 고성능 배터리는 1개로도 동작이 가능합니다.​ 하지만 2개를 사용할 때보다는 작동 시간이 줄어들겠죠.충전은 간편하게 USB 케이블 충전식 !​스마트폰 충전 단자인 마이크로 5핀 케이블로 쉽게 충전이 가능합니다. USB 케이블을 꽂으면 LED 빨간등이 켜지고, 완충 시 자동으로 꺼집니다.원터치 버튼 방식으로 3단계 풍량 조절 !​약, 중, 강의 풍속 조절은  녹색 LED 등이 켜져서 바로 확인을 할 수 있어요.선풍기 헤드는 수동으로 35도 상하 각도 조절 가능 ! 헤드 뒤쪽을 보면 좌우 회전도 가능한데요. ​장시간 집중적으로 쐬는 선풍기 바람이 싫다면 고정-회전 버튼을 돌려서 45도 자동 회전 기능을 사용하면 됩니다.그리고 LED 무드등 기능! 미니 서큘레이터 기능에 LED등으로도 사용 가능해요. ​침실 무드등뿐만 아니라 아이들 공부방에 놓거나, 캠핑용 선풍기로도 좋습니다.저소음 무선 선풍기를 한번 작동시켜봤어요.​자동 회전과 3단계 풍속 조절, 2단계 밝기 조절도 가능한 LED 무드등 램프 기능까지!심플하고 깔끔한 디자인과 가정, 사무실, 야외 등 다양한 장소에서 사용하기 좋은 회전 가능한 휴대용 무선선풍기 ​COMS 충전식 탁상용 선풍기 추천합니다. 
",11,6,1,215,0,1,4829.6,119,revu,2020. 6. 27. 7:28,12968,9467295,,0
2,https://blog.naver.com/chanseong1?Redirect=Log&logNo=221942636252,"평소에 히어로 캐릭터들을 좋아하는 편입니다. ​그래서 마블 어벤져스 시리즈에 등장하는 히어로 캐릭터들도 물론 무척 좋아하는데요. 마블의 인기 캐릭터 3종스파이더맨, 캡틴아메리카, 아이언맨으로 디자인된 가성비 좋은 선풍기를 알게 되어 사용해보기로 했습니다.바로 ​코끼리 마블 어벤져스 LED 선풍기!그중에서도 빨간 색상의 스파이더맨 디자인이 가장 마음에 들었어요.​구성품은 선풍기 본체와 5핀 충전 케이블이에요.스파이더맨만의 특징을 잘 살린 마블 어벤져스 선풍기!깔끔하고 아주 예쁜데요.​크기는 118 x 186 mm, 무게는 375g으로 가벼워서 휴대하기 좋아요.​유니크한 캐릭터 디자인이라 어린이들도 정말 좋아할 만한 귀여운 다기능 선풍기입니다.충전은 마이크로 5핀 USB 케이블로 할 수 있어요.​충전 시 빨간등이 켜지며, 완충 시 자동으로 꺼집니다.최대 6시간 사용 가능 !분리가 가능하기 때문에 핸디형으로 사용 가능하고, ​충전과 거치를 동시에 하는 탁상용 스탠드 선풍기로도 사용할 수 있습니다.바닥면을 살펴보면 미끄럼 방지 패드로 되어 떨어뜨릴 위험이 적어요.부드러운 관절 구조로 되어  원하는 대로 최대 90도까지 상하 각도 조절도 가능합니다.그리고 손잡이 부분에 버튼이 두 개가 있는데요. ​위 버튼은 풍량 조절, 아래는 LED 라이트 조절!사용방법은 아주 간단해요. 우선, 전원 버튼은 1초 이상길게 누르면 됩니다.​풍량 조절은 3단까지! 처음 켤 땐 풍속 1단, 버튼을 짧게 한 번 누르면 2단, 한 번 더 누르면 3단이에요.​최대 출력 3W의  브러시리스 DC 모터로 작지만 바람이 강력합니다.LED 라이트 조절은 2가지 빛으로 바꿀 수 있는데요.처음 켤 땐 백색빛의 COOL 형광 라이트 !​짧게 한 번 누르면 주광빛의WARM 백열 라이트 !누를 때마다 번갈아 변경됩니다.은은하게 빛나는 주광빛 WARM 백열 라이트는 침실 무드등으로도 좋고, ​선명도가 높은 백색빛 COOL 형광 라이트는 학생 공부방 스탠드로도 활용!어둠을 무서워하는 아이방 방 안을 밝혀줘도 좋아요.직장인은 사무실에서, 집에선 화장대 조명으로 ! ​ 야외 캠핑 활동 시엔 고휘도 LED 라이트 손전등으로 다양하게 활용 가능합니다.안전을 확인한 KC 안전 인증에 AIG 배상책임보험에도 가입된 안심하고 사용할 수 있는 제품!​남녀노소 누구나 사용 가능한 가성비 좋은 멀티 선풍기  마블 어벤져스 LED 선풍기​ 올여름 편리하게 휴대용으로, 어린이날 선물로도 추천해요. 
09부30
",13,6,1,270,0,1,4829.8,211,revu,2020. 5. 3. 8:18,12968,9467296,,0
3,https://blog.naver.com/chanseong1?Redirect=Log&logNo=221577636921,"여름철 대체로 습기가 많지만건조한 방이 하나 있어요.아들 방인데요.​습도 유지를 위해서소형가습기 하나 있었으면 좋겠다고 생각했습니다.그런데 무드등 기능까지되는 미니 가습기가 있네요.코드26 미니가습기입니다.조그만 미니 박스에 귀엽게 담겨왔어요. ㅎㅎKC 안전인증 마크도획득한 제품으로 안전성 보장 !크기도 미니사이즈에무게도 0.25kg로 가벼워서콘센트만 있는 곳이라면휴대용 가습기로 좋아요.​저전력 설계로 만들어져전기세도 저렴합니다 ㅎㅎ구성품은 가습기 본체와 어댑터, 설명서가 들어있어요.가습기 바닥면에는 미끄럼 방지패드가 있어안정적으로 사용 가능합니다.어댑터 연결하는구멍도 있고요 ㅎㅎ가습기 앞면에는 전원 버튼과  LED 조명 버튼분무량 조절바가 있어요.​전원(POWER)버튼으로타이머 기능도 가능한데요.​한번 누르면 가습기 작동 두번 누르면 1시간 타이머세번 누르면 3시간 타이머네번 누르면 6시간 타이머 !다섯번 누르면 전원이 꺼집니다.조명(LIGHT)버튼으로는한번 누르면 웜 라이트 점멸두번 누르면 LED 색상 변환세번 누르면 색상 고정네번 누르면 조명이 꺼집니다.6가지 색상 무드등을켤 수 있어서 분위기도 있고정말 마음에 듭니다.조명을 영상 촬영하니색상 변환할 때 흔들리는데실제는 자연스럽게 바껴요 !이 구멍이 가습 분출구예요.덮개를 열어서 물을 채웁니다.물탱크 용량은 400ml수위 표시선에서 2cm 낮은 지점까지 물을 채우면 됩니다.미세한 물입자가 분무되는데요.뚜껑이 360도 회전 가능해서분사구를 전환할 수도 있어요.저소음이며, 응결 되지 않고 미세분사해서 바닥에물고임도 없어요.가벼운 미니사이즈에 디자인도 인테리어로 예뻐서이곳저곳 배치해가며사용하고 있습니다.간단하게 집들이 선물이나 사무실, 친구 병문안 선물로괜찮을 것 같아요.​실내 습도를 유지하면감기와 호흡기 질환 예방에 도움도 된다고 하니하나 있으면 좋습니다.이 글은 위블을 통해 본 업체에서
제품 또는 서비스를 제공받아 작성된 글 입니다.

세
 
 
",14,12,1,167,0,2,4829.8,163,text_ad,2019. 7. 5. 13:10,12968,9467296,,0
4,https://blog.naver.com/chanseong1?Redirect=Log&logNo=222394244179,"오래전 한 예능 프로에서 배우 이시영 씨가 취미 생활로 악기 연주하는 모습을 보고  처음 알게 된 손가락피아노 칼림바! 작고 귀엽게 생긴 악기에서 오르골 비슷한 맑은 소리가 나 정말 놀라웠고 인상 깊었는데요. 칼림바는 엄지손가락만으로 연주하는 악기이기 때문에 엄지피아노라고 불리기도 하는 배우기 쉬운 악기라고 합니다. 점점 늘어나는 집콕 생활에 취미로 연주 좀 해볼까 했지만 칼림바 가격은 천차만별에 종류도 다양해서 결국 포기...그런데 이번에 디자인이 굉장히 마음에 쏙 드는 예쁜 칼림바를 알게 되었는데요. 가격도 상당히 저렴한 데다가 구매평까지 괜찮은 것 같아 한번 사용해보기로 했습니다. 바로 이든 칼림바인데요. 제품 박스를 열어보면 꼼꼼한 포장과 함께 여러 구성품들도 함께 제공돼요.구성품을 모두 살펴보면 칼림바와 함께 파우치, 조율 망치, 그리고 극세사 융, 음계 스티커, 골무, 가이드북까지 !! ​이렇게 많은 구성품들을 사은품으로 받을 수 있습니다.친절하게 한국어로 되어 있는 가이드북엔 쉬운 칼림바 악보, 연주법, 조율 방법 등이 적혀있어 누구나 쉽게 배울 수 있어요.  칼림바 조율 방법은 튜닝 어플만 설치하면 간단히 조율이 가능한데요. 음이 높을 땐 키 상단을, 음이 낮을 땐 키 하단을 조율 망치로 두드리면 됩니다.그러나 이든 칼림바는 꼼꼼한 검수 작업과 튜닝까지 모두 완료한 후 발송되기 때문에 귀찮게 따로 조율할 필요가 없어요.칼림바는 습기에 민감한 악기라 실내에 보관해야 하는데요.   제공된 파우치에 넣어 간편하게 보관할 수 있어요. 화려한 코발트 블루 색상과 아름다운 엘프가 그려져 있는 독특한 디자인의 칼림바! 이외에도 열 가지가 더 넘는 다양한 디자인의 칼림바들이 구비되어 있습니다. 또한 이든 칼림바의 특징은 목재 전문가들이 선별한 좋은 목재만을 사용하여 악기를 제작했다고 하는데요. 재질이 가벼우면서 단단한 솔리드 통 원목을 사용하여 견고한 바디와 함께 높은 공명, 사운드 울림도 풍부합니다. 건반 키 위에는 선명하게 음계가 각인되어 있기 때문에 초보자도 쉽고 빠르게 악기 연주를 할 수 있어요. 실로폰 ? 미니피아노 ? 음높이가 다른 여러 개의  금속 건반이 배열되어 있는 독특하고 신기한 악기 칼림바! 크기 13.5 x 18 x 3.5cm 가벼운 무게이기 때문에 오래 연주해도 부담 없어요. 최근 학교에서 칼림바가 유행이라고 하는데 아이들과 함께 배워봐도 정말 좋을 것 같습니다. 칼림바 뒷면에는 구멍 두 개가 보이는데 비브라토 홀이라고 해요. 손으로 구멍을 막아서 울림을 증폭시킬 수 있고, 열었다 닫았다 반복하면서 떨림을 만들어 낼 수도 있어요.몇 분 동안 만지작거렸더니 악기를 다뤄본 적 없어도  대충 감이 오기 시작합니다. 피아노를 배웠던 분들은 더 쉽게 연주할 수 있겠어요. 악보 없이 한번 재미로 간단한 칼림바 연주를! 계이름이 맞는지 모르겠네요.오르골과 비슷한 소리가 나니 곡명은 크리스마스 캐롤 We Wish You a Merry Christmas!손톱이 너무 짧아서 소리를 제대로 내지 못 했는데도 아주 맑고 깨끗한 음색을 가진 가성비 좋은 칼림바예요. 다음에는 유튜브 보면서 연습한 후 반주와 함께 멋지게 연주해보고 싶은 욕심이 마구마구 생겨나네요. 밤에도 부담 없이 연주 가능한나만의 힐링 악기 칼림바 집콕 취미로 강력 추천합니다. 이든 칼림바는 디자인 종류가 정말 많아 고르는 재미도 있어요.  

미      불을 통해 본 업체로부터
제품 또는 서비스를제공받마 작성된 리뷰입니다
「,】

 
 
",10,8,1,411,0,1,4829.8,79,text_ad,2021. 6. 11. 18:13,12968,9467296,,0
5,https://blog.naver.com/chanseong1?Redirect=Log&logNo=222352615509,"세탁기는 자주 돌리지만 세제 계량이 어려워서 무게당 적당량을 사용했는지 아직도 잘 모릅니다. ​대용량 세탁세제는 무거워서 가끔 질질 흘리기도 하는데요. 이번에는 계량할 필요도 없이 손쉽게 세탁할 수 있는 정말 간편한 캡슐형 세제를 사용해보기로 했어요. 바로 맥시멀라이프 클린데이 캡슐세제 ! 파우치형으로 안에는 노랗고 예쁜 28개의 캡슐세제가 들어있습니다. 개봉하자마자 퍼지는 상쾌한 Soap Floral 향기 ~ 개인차가 있겠지만 향이 정말 마음에 들었어요.알러지, 유해성분이 없어 피부자극이 걱정되는 분들도 안심하고 사용할 수 있는 착한 제품이라고 합니다. 클린데이 캡슐세제는 올인원 세제이기 때문에 섬유유연제가 필요 없이 이거 하나면 끝 ! ​물론 섬유유연제를 넣었을 때 정도의 향만큼은 나지 않지만 정말 간편하고 좋아요.  드럼 일반 겸용 캡슐세제 사용방법은 초간단 ! ​제품을 물에 접촉이 잘 되도록 빨랫감보다 먼저 세탁조에  넣어주기만 하면 됩니다. 적정량은 빨랫감 무게 6kg당 캡슐 1개예요. ​세탁기에 캡슐 하나 넣고 빨랫감만 넣으면 너무나 쉽게 세탁 완료! 고농축 캡슐세제이며 7중 효소로 세척력이 더욱 강화된 제품입니다. ​세정력과 향긋한 향 ~ 모두 만족스러웠어요. 한번 사용해본다면 번거롭게 계량해야 하는 세제는 이제 사용 못 할 수도 있어요. 서투른 새내기 자취생들도 간편하게 사용할 수 있는 맥시멀라이프 클린데이 캡슐세제 추천합니다.  

미      불을 통해 본 업체로부터
제품 또는 서비스를제공받마 작성된 리뷰입니다
「,】

 
[3
",9,4,1,167,0,1,4829.8,92,text_ad,2021. 5. 16. 1:24,12968,9467296,,0
6,https://blog.naver.com/chanseong1?Redirect=Log&logNo=221915750915,"날씨가 조금씩 풀리고 있네요. 아직까지 덥거나 하진 않지만 집에서 요리하거나 운동하면 땀이 날 때가 많이 있습니다.​하지만 핸디형 선풍기를 들고 바람을 쐬기에는 불편한데요. 그래서 휴대하기에도 좋고 테이블에 놓고 바람 쐴 수 있는탁상형 선풍기를 사용해봤어요.바로 ​솔러스에어 휴대용 무선 미니 선풍기 !먼저 구성품을 살펴보면 제품 사용설명서는 당연히 안에 들어있고요.​본체와 보관 주머니, 그리고 마이크로 5핀 USB !주머니는 미니선풍기를 보관하거나 휴대하고 다닐 때 넣어두면 편하고 좋아요.사용방법은 전원버튼을 누를 때마다 바람 세기를 조절할 수 있습니다.최대 4단계까지 풍량 조절이 가능한데요.​한 번 누르면 1단계 초미세풍, 두 번 누르면 2단계 미풍, 세 번 누르면 3단계 약풍, 네 번 누르면 강풍, ​마지막은 정지입니다. 작동 중인 상태에서 3초간 누르고 있어도 정지 !소리는 저소음이면서도 바람 세기는 강력해서 아주 마음에 듭니다.충전은 5핀 USB 케이블로! 작동이 정지되어 있을 때 전원버튼을 3초 정도 누르면 배터리 잔량 확인이 가능한데요. 배터리 잔량이 10% 미만이면 1단계 LED가 빠르게 깜빡거려요. 충전시간은 약 4시간이고, 완충 시 1단계 LED가 점등됩니다.크기는 약 18x15x27cm, 색상은 화이트와 그레이 두 가지 색상이 있어요.​디자인이 아주 깔끔하고, 4000mAh 대용량 배터리를 내장하고 있기 때문에  완충 시 약 18시간 동안  사용이 가능합니다.바람 최대 직진 거리는 약 8M나 되는데요.​ 무게는 약 0.44kg으로   한 손으로 가볍게 들 수 있어 휴대성도 아주 좋습니다.또 하나의 특징은 바로 상하 최대 90도로 각도 조절이 가능해요.​원하는 방향대로 바람을 쐴 수 있습니다.손쉬운 안전망 분리로 간편하게 청소까지!​후면 왼쪽에 있는 고정 나사를 작은 드라이버로 풀어서 시계 반대방향으로 돌리면 쉽게 분리가 가능합니다.​날개는 분리가 되지 않고, 안전망만 물 세척이 가능해요.도서관, 사무실, 카페 등 여러 곳에서 사용하기 좋은작지만 강력한 바람 고성능, 저소음 미니선풍기!​ 솔러스에어 무선 미니 탁상용 선풍기 추천합니다.  
 
",15,8,1,242,0,1,4829.8,186,revu,2020. 4. 19. 0:10,12968,9467296,,0
7,https://blog.naver.com/chanseong1?Redirect=Log&logNo=222208970211,"침대에 누워 자려고 해도 바로 잠이 들지 않아 휴대폰을 잠깐 보곤 하는데요. 자기 전 휴식을 취할 때 은은한 취침등을 하나 켜 두면 분위기도 있고 좋을 것 같았어요.​그래서 여러 제품을 찾아보다가 다기능 무드등을 알게 되어 사용해보기로 했습니다. 바로 노멀라이프 스마트 무드등이에요.  제품 박스를 열어보면  구성품으로 무드등 본체와 사용 설명서, USB 케이블이 들어있습니다. 스마트 무드등 높이는 32cm, 바디는 아주 유연해서 자유자재로 기울기 조절을 할 수 있어서 좋아요. 그리고 아이들 방에 사용 시 실수로 떨어뜨려서 깨뜨릴 수 있는 조명 ! ​부드러운 실리콘 소재라 깨질 위험이 없어 안전해요. LED 조명을 끄고 켜는 터치 스위치와 중앙에는 무선 충전 패드 ! 스마트폰을 올려놓으면 고속 충전이 가능합니다.무드등을 사용하려면 마이크로 5핀 USB 케이블로 우선 연결을 해야 해요.  LED 조명을 켜고 동시에 충전도 가능합니다. 스마트 기기를 올려놓으면 흰색의 LED 표시등이 깜빡거리며 무선 충전이 돼요.그리고 조명 뒤를 보면 블루투스 스피커 기능! ​블루투스 설정 목록에서 NM smart mood lamp를 선택 후 페어링을 하면 음악도 들을 수 있습니다. 최대 10M 거리까지 무선 스트리밍이 가능하고, 프리미엄 블루투스 5.0 탑재로 지속적인 고품질 사운드 제공!간편한 터치 스위치로 조명 밝기와 컬러도 변경할 수 있는데요. ​스위치를 누르고 있으면 밝기 조절이 가능 ! ​스위치를 짧게 터치하면 주광색, 백색, 전구색 3가지 색상 순으로 변경됩니다.침대 옆 스마트폰 충전하면서 원하는 색상으로 조명을 켜니 방 안 분위기도 달라지네요. ​수면등 & 수유등 역할과 함께 음악 감상, 충전도 할 수 있는 노멀라이프 스마트 무드등 추천합니다.  

미      불을 통해 본 업체로부터
제품 또는 서비스를제공받마 작성된 리뷰입니다
「,】

 
 
",8,7,2,215,0,2,4829.8,92,text_ad,2021. 1. 17. 23:09,12968,9467296,,0
8,https://blog.naver.com/chanseong1?Redirect=Log&logNo=222029568702,"귀여운 캐릭터들을 좋아해서 피규어나 인형들을 보게 되면 눈을 떼지 못하는데요.  영화 속 주인공 캐릭터들을 디자인에 그대로 적용시킨 귀여운 미니스피커를 알게 되어  그냥 지나칠 수 없었습니다. 바로 아이리버 미니언즈 블루투스 스피커 !박스를 모두 개봉해보면 C타입 충전 케이블, 스피커 본체, 제품 설명서, 입모양 스티커가 들어있어요.​ 캐릭터별 입모양 스티커로 취향대로 다양한 표정을 연출할 수 있습니다. 미니언즈 캐릭터 종류 케빈, 밥, 오토 중에 키가 가장 큰 케빈이에요. 동그란 눈과 깜찍한 손과 발!입모양 스티커를 안 붙이는 게 개인적으로 더 귀여워 보입니다.옆모습마저 사랑스러운 아이리버 음향 기술로 탄생한 미니언즈 블루투스 스피커 !​크기 54 x 57.8 x 101.6mm, 무게는 130g으로 가벼워요.​작은 사이즈에 3W 출력으로  언제 어디서나 안정적인 사운드를 즐길 수 있습니다. 뒷모습을 보면 스피커와 충전 포트가 있습니다.바닥면에는 전원 버튼이 있어 길게 누르면 끄거나 켤 수 있어요.​전원을 켜면 우~후~~전원을 끄면 빠이~ 귀여운 목소리로 인사합니다.스마트폰과 블루투스 스피커  페어링 방법은 간단해요.​휴대폰 블루투스를 켜서 연결 가능한 디바이스 목록에 Minions Kevin을 선택하면 끝!처음 한 번만 연결한다면 그 후에는 자동으로 연결됩니다.실리콘 재질의 휴대성 좋은 미니언즈 블루투스 스피커 !계속 쓰담쓰담 하고 싶네요.귀여운 미니언즈 목소리와 사운드를 영상에 담아봤습니다.작은 크기에도 음질은 좋아요.충전 케이블도 귀여운 노랑! USB C타입 케이블을 연결하면 빨간색 LED가 켜지며, 완충 시 자동으로 꺼집니다.​충전시간은 약 1시간 30분, 완충 시 약 5시간 사용 가능해요. 스트랩도 달려있기 때문에 가방에 달고 다녀도 좋겠네요.휴대하기 정말 좋고, 귀여운 외모는 덤으로! 일상이나 캠핑, 여행 갈 때 필수품이 되어 버린  아이리버 미니언즈 블루투스 스피커 추천합니다. 
",13,8,1,218,0,1,4829.8,120,revu,2020. 7. 13. 14:55,12968,9467296,,0
9,https://blog.naver.com/chanseong1?Redirect=Log&logNo=221806643053,"집이나 차안 출근길에서도 자주 듣는 FM 라디오 !​회사 점심식사 시간이나 휴식 시간에는 심심해서 음악을 듣고 있는데요.​아무리 신나는 노래도 자주 들으면 지루해집니다.그래서 가볍게 휴대하고 다닐 수 있는 소형라디오가 있었으면 했는데요.​크기도 아주 작으면서 무게도 가벼운 미니라디오를 알게 되었습니다.바로 Coms 효도 라디오 스피커 ! 구성품을 보면 라디오 본체와 배터리,  USB 충전 케이블, 제품 사용설명서가 있어요.Coms 효도라디오 측면에는 이어폰 단자와 USB 단자, 그리고 Mini 5P 전원 단자!공공장소에서는 이어폰으로 스테레오 FM 라디오를 편하게 청취할 수 있고,​USB 슬롯 지원으로 메모리에 저장된 MP3 음악 파일을 재생할 수 있습니다.용량 800mAH의 충전식 배터리가 내장되어,USB Mini 5P 케이블로 충전이 가능한데요. 충전 시 붉은색 등이 켜집니다.​전원 케이블을 PC와 연결하면 디스플레이에 PC가 표시!​컴퓨터 소리를 스피커로 들을 수도 있어요.TF(micro SD)카드 슬롯도 지원을 하기 때문에 메모리에 저장된 음악파일도 재생이 가능합니다.손바닥만 한 크기로 아주 가볍고 슬림한 Coms 효도 라디오!​LED 디스플레이 창에는 시계와 배터리 표시로 시간, 잔량 확인이 가능합니다.FM 라디오 주파수를 자동으로 검색해주기 때문에 간편히 실시간 청취 가능!​키패드로 직접 원하는 주파수 입력도 가능해요.사이즈는 135 x 70 x 55mm 무게는 197g으로 휴대하고 다니기에 제격!손목 스트랩 사용으로 떨어뜨릴 위험도 없습니다.가볍고 콤팩트한 사이즈에 고출력 3W 스피커로 풍부한 사운드까지!​등산이나 산책, 낚시 등 야외 활동을 자주 하시는 분,​부모님께 효도 선물로 Coms 효도라디오 스피커 추천합니다. 
 
 
",17,7,1,184,0,1,4829.8,114,text_ad,2020. 2. 13. 0:10,12968,9467296,,0
10,https://blog.naver.com/chanseong1?Redirect=Log&logNo=221790536211,"야외에서나 실내에서 동영상, 노래를 들을 때, 풍부한 사운드를 위해 사용하는 블루투스 스피커!어디서나 들고 다니기 편한 휴대용 블루투스 스피커를 찾게 되었는데요.​크기도 적당한 사이즈에 생활방수, LED 라이트로 인테리어 효과까지 있는​ 미니 블루투스 스피커를 알게 되었습니다. 바로 무선 블루투스 듀얼 스피커 오호 S10!박스를 개봉해보니 검은 파우치에 담겨 있는 블루투스 듀얼스피커!제품 구성품으로는 블랙파우치와 듀얼스피커, USB 충전케이블 2개와 사용자 설명서가 들어있어요.68 x 62 x 86mm 크기의 귀여운 미니 스피커!​양쪽 좌우 스피커 모두 정격 3W 45mm 풀레인지 드라이버 탑재로 2배의 풍부한 고품질 사운드를 즐길 수 있습니다. 투명하고 세련된 디자인의 무선 듀얼 스피커라서 360도 서라운드 사운드와​ 최신 블루투스 5.0 탑재로 더 멀리 ! 더 정확한 사운드 전달이 가능해요.마그네틱 플레이트 ! 바닥면에 강력한 자석이 내장되어 있기 때문에 결합, 분리할 수 있습니다.주방 후드에 부착 !자성이 있는 재질이라면 쉽게 붙여서 사용 가능해요.​주방에서 풍부한 사운드로 노래를 듣고 있습니다.전면 버튼 사용법 ! 첫 번째 버튼 3가지 LED 모드 조절두 번째 버튼 (짧게)이전곡 / (길게)볼륨 낮춤 세 번째 버튼 (짧게)다음곡 / (길게)볼륨 높임네 번째 버튼 (짧게)음악 재생 / 일시정지 / 전화수신 (길게)전원 On,Off / 전화수신거부핸즈프리 통화 가능!페어링 방법도 간단해요.두 개의 스피커 전원을 모두 켠 후,​ 한 개의 스피커 전면버튼에서 첫 번째 버튼을 빠르게 두 번 누르면 됩니다.스마트폰 블루투스 목록에서 S10 찾아 연결하면 완료! 처음에만 페어링 연결을 하고그 후엔 스피커 전원을 켜면 바로 자동 연결이 돼요.만약 한 쪽 스피커에서만 소리가 난다면 블루투스 설정에 가서 듀얼 오디오 On !스피커 후면을 보면 AUX 오디오 케이블 연결로 무선 연결을 지원하지 않은 기기와도 사용이 가능하며,​마이크로 5핀 USB 케이블로 충전이 가능합니다.충전 중에는 빨간 LED등 켜지고, 완료 시에는 자동으로 꺼져요.충전시간은 약 2~3시간, ​재생시간은 중간볼륨으로 약 4시간 사용 가능합니다.LED 라이트 데코로 인테리어 소품 활용도 가능!​ 여러 LED 색상 전환이 정말 마음에 듭니다. 음질, 음량도 만족스럽네요.콤팩트한 사이즈에 생활 방수까지!​ 아웃도어에 딱 맞는 오호 S10 블루투스 듀얼스피커 추천합니다. 
 
",15,10,1,275,0,1,4829.8,120,text_ad,2020. 1. 31. 7:30,12968,9467296,,0
11,https://blog.naver.com/chanseong1?Redirect=Log&logNo=222357254986,"환기를 자주 시켜도 어디선가 쾌쾌한 냄새가 가끔씩 나는 듯하네요. ​그래서 화장실이나 방마다 디퓨저를 두곤 하는데요. ​어떤 디퓨저는 향을 오래 맡으면 약간 머리가 아플 때가 있어서 꼼꼼히 알아보고 선택을 합니다.많은 실내디퓨저 제품들이 공장에서 대량 생산되거나 일반 공방에서 제작된다는데요. 서적을 쓴 전문가와 조향사들이 직접 만들어 믿고 사용 가능한 천연 실내 디퓨저를 알게 되어 바로 사용해보기로 했어요.품질 관리를 위하여  하루 30개 이상 만들지 않는 오투원 디퓨저입니다. 포장이 아주 깔끔한데요. 이름, 이니셜 또는 문구 작성이 가능한 라벨링 서비스도 제공하여 선물용으로 인기가 많아요. 먼저 고급스러운 통 안에는 디퓨저 유리 용기와 사용 방법이 적힌 종이가 함께 들어있습니다.   용기는 갈색이나 투명한 병 두 가지로 선택할 수 있어요. 그리고 종이 봉투 안에는 200ml 용량의 디퓨저 용액이 들어있습니다. ​많은 향 종류들이 있지만 신선하고 상쾌한 향이 매력적인 어벤투스로 선택!오투원은 발향도 조절 가능해요. 배송 메시지난에 강하게, 약하게 발향 강도를 기입하면 됩니다. ​적지 않으면 은은하고 일관성 있는 스탠다드로 출고!유리용기에 섬유스틱만 들어있으면 뭔가 밋밋하죠. ​인테리어도 생각한다면 추가옵션으로 생동감 있는 플랜트 식물 선택 가능!  약 35~40cm 사이즈의 예쁜 양귀비 조화를 선택했어요.사용 방법은 간단하죠. 디퓨저 용액을 유리 용기에 옮겨만 주면 됩니다. ​믿을 수 있는 천연 곡물 발효 주정 베이스를 사용하였고, 유해 물질이 전혀 검출되지 않아 안정성을 인증받은 오투원 ! 용액을 다 넣었다면 섬유스틱을 2~3개 정도 꽂아주면 되는데요. ​디퓨저의 발향력을 위해 주기적으로 뒤집어 꽂거나 약 2~3개월 뒤 교체해 주면 발향이 더 잘된다고 합니다. ​은은한 향을 원하기 때문에 2개만 꽂기로 했어요. 마지막으로 양귀비 조화를 용기에 넣어주면 끝 ! ​화려한 꽃과 함께 있으니 확실히 인테리어 효과가 한층 더 업그레이드 됐네요. 조화지만 마치 실제처럼 정교하게 만들어져 어느 장소에 둬도 예뻐요. 디퓨저 하나만 배치해도 분위기가 달라집니다. 보통 향은 캔들, 디퓨저 용 프래그런스 등급 오일이 많이 사용되고 있는데요. ​오투원 디퓨저는 몸에 바르는 오일, 화장품 용 코스메틱 등급 오일을 사용하여 향료 자체가 독하지 않아요. ​화장실 방향제로도 좋지만편안한 향이 특징이라서  침실 침대 옆에 두어도 어지럽지 않아 만족스럽네요. 최상의 원료를 사용하여 안전하고 향기도 매력적인 오투원 실내디퓨저 집들이 선물로 추천합니다.​디퓨저 파는곳 ! 미 글은 몬 업체메서
제품을 제공받마 작성한 실제 후기입니다.
6“
미마
 
",13,7,1,303,0,1,4829.8,100,text_ad,2021. 5. 19. 15:13,12968,9467296,,0
12,https://blog.naver.com/chanseong1?Redirect=Log&logNo=222081783212,"평소 좋은 향뿐만 아니라 인테리어 효과로도 뛰어난 디퓨저에 관심이 많은데요. ​이번에 한눈에 반해버린 예쁜 디퓨져가 있어서 사용하기로 했습니다. 바로 뒤나미스 디퓨저 !구성품을 하나씩 살펴보면 포장도 선물용으로 좋게 아주 고급스러운데요. ​예쁜 리본이 달린 유리용기와 디퓨저 용액, 나무스틱, 마지막 아름다운 벚꽃나무인 드라이 플라워까지 !용기 색상은 화이트와 블랙, 드라이플라워와 디퓨저 향도 다양하게 있기 때문에 취향대로 선택 가능합니다.그리고 종이가방과 포장끈! 구성품들을 종이가방에 깔끔하게 넣어 선물 가능해요. 리본 매듭으로 마무리! 고급스러워 집들이선물로 하면 받는 분도 기분이 좋겠어요.이제 방 안에 배치할 예쁜 벚꽃나무 디퓨저를 사용해봐야겠죠. 투명한 디퓨저용기 뚜껑도 정말 고급스러운데요. ​디퓨저 용액을 담기 위해 뚜껑을 오픈했습니다. 용액은 100ml 용량의 부드러운 베이비파우더 향! 프랑스에서 제조된 향인 뒤나미스 디퓨저는 식음 가능한 발효주정 성분을 첨가하였다고 하는데요.  용액을 유리용기에 넣자마자 은은하게 퍼지는 향기에 기분이 아주 좋아졌습니다. 유해물질을 단 한 방울도 넣지 않은 안전한 향기 !​원활한 발향을 위해서 리드스틱을 넣어야 하는데요. 넓은 공간이 아닌 방 안이라 나무스틱은 2개만 사용했어요.마무리는 투톤 분홍 벚꽃! 봄 분위기가 물씬 납니다.향의 확산력은 뛰어나지만 발향 강도가 일정한 EWG 1등급 안전한 성분의 식물성 디퓨저 베이스 !고품질 프레그런스 오일을 사용한 고급 디퓨저예요.  자연스럽게 은은한 향으로 방 안 공간을 채워주는 인테리어 실내용 방향제 !디퓨저 배치 하나로  방 안이 화사해졌어요. ​뛰어난 인테리어 효과와 집들이선물로 제격인  뒤나미스 벚꽃나무 디퓨저 추천합니다.  

미      불을 통해 본 업체로부터
제품 또는 서비스를제공받마 작성된 리뷰입니다
「,】

 
 
",14,6,1,193,0,1,4829.8,166,text_ad,2020. 9. 6. 15:40,12968,9467296,,0
13,https://blog.naver.com/chanseong1?Redirect=Log&logNo=222076749673,"환기를 자주 시켰지만   원인 모를 퀴퀴한 냄새가 자주 나서 골치가 아픕니다.​그래서 기분 전환도 할 겸 향 좋은 실내 방향제를 찾아보고 있었는데요.  깔끔하고 디자인도 예쁜  대용량 디퓨저를 알게 되어 사용해보기로 했습니다. 바로 인테리어 디퓨저라는 멜로우 디퓨저 !디퓨져 기본 구성품으로는 150ml의 디퓨저 용액, ​금빛 나뭇잎 펜던트가 달린 하얗고 불투명한 디퓨저 용기, 그리고 디퓨저 스틱이 있어요. 다른 향을 체험할 수 있도록 에이프릴과 가든파티 향 시향지도 2개가 들어있네요. 인테리어 디퓨져를 완성시키기 위해서는 추가적으로 디퓨저 토퍼와 조화도 있어야 완벽하겠죠.​ 토퍼는 여러 문구가 있어 원하는 것으로 선택할 수 있고,  색상도 금색과 블랙이 있어요.조화는 몬스테라 잎 !먼저 150ml의 대용량 디퓨저 용액을 꺼냈습니다. 향은 빨래를 한 듯 은은하게 퍼지는 깨끗하고 상쾌한 클린코튼 향을 선택 !용액을 디퓨저 용기에 조심히 넣어봤어요. ​쌀과 보리, 수수, 고구마 등 천연 곡물을 발효시켜 만든 순수한 성분인 식물성 에탄올을 사용하였다고 합니다.  디퓨저 스틱은 6개인데요. 거실과 같은 넓은 공간이 아닌 방 안에서 사용할 것이라 스틱은 2개만 넣었습니다.다음은 조화 몬스테라잎까지!이렇게만 꾸며도 예쁘네요.그러나 인테리어 디퓨저로는 아직 하나가 부족하죠. ​마지막 하이라이트 ! 토퍼를 부착해봤습니다. 토퍼 부착 방법은 간단해요. 제공된 테이프 한 쪽을 벗기고,​테이프 끝에 스틱 끝을 붙인 뒤 돌돌 말아주기만 하면 양면테이프라 쉽게 붙습니다. 토퍼 뒷면 스틱을 붙이면 끝! 스틱을 살짝 짧은 길이로 잘라주면 더 깔끔하고 예뻐요.예쁘게 반짝이는 토퍼에 시원한 몬스테라잎 ! 고급 디퓨저가 완성됐습니다.​인테리어 효과로 아주 좋고, 깊고 풍부한 향기까지 느낄 수 있어 일석이조예요.역시 인테리어 디퓨저로  인기 있는 이유가 있었네요.​ 인테리어 효과가 뛰어나 어디에다 배치해봐도 다 잘 어울리니 고민입니다.컴퓨터 책상 앞에다 둬도 깔끔하고 좋네요. 집안 곳곳 돌아다녀 봤습니다.결정한 곳은 안방 침대 옆! 인증된 최상의 향료만을 사용한 실내 방향제라고 하는데요.​고급스러운 향에 기분 좋게  잠들 수 있을 것 같네요. 고급스러운 구성과 안전 자가 검사도 완료한  대용량 천연 디퓨저 !​멜로우 디퓨저 인테리어 소품으로 집들이 선물로도 추천합니다. 미 글른 본 업체메서
제풀들 제공발아 작성한 실제 후기입니다.
 
 
 
",15,8,1,275,0,1,4830.0,167,text_ad,2020. 9. 1. 1:39,12968,9467297,,0
14,https://blog.naver.com/chanseong1?Redirect=Log&logNo=221946918874,"며칠 뒤면 어버이날이네요. 부모님께 카네이션을 달아드려야 할 텐데요.요즘은 실용성 있는 선물이 대세라고 하지요.​어버이날과 딱 어울리는 디퓨져 세트를 알게 되었습니다.바로 ​허브타임 카네이션 디퓨저 & 캔들 세트!'Thank You!' 라는 문구로  부모님께 감사의 마음을 전달할 수도 있겠네요.꼼꼼한 에어캡 포장으로 깔끔하게 택배가 도착했어요.제품 박스를 개봉해보면 깔끔하고 고급스러운 패키지로 되어 있습니다.구성품으로 소이캔들과 디퓨져, 카네이션 꽃 스틱 하나와 화이트 리드스틱 5개가 있어요.먼저, 100ml의 달콤한 열대과일 향의 디퓨저 !​레드프룻 향은 남녀노소 가장 인기 있는 제품이라고 해요.디퓨저 뚜껑인 은색캡을 열면 안쪽 마개가 보이는데요.은색 캡을 이용하면  간편하게 제거할 수 있습니다.​마개 홈에 고정시킨 후 돌려가며 마개를 오픈하면 끝!은색캡은 버리지 마시고 다시 다시 닫아주세요.은색캡을 닫은 뒤에는 카네이션 플라워 스틱과 리드스틱을 꽂아주면 됩니다.​리드스틱으로 발향력을 조절할 수 있으니 취향에 맞게 꽂아주세요.카네이션과 빨간 오일 ! 레드프룻의 달콤한 향이 기분을 좋아지게 만듭니다.다음은 무광 불투명 용기에 담긴허브타임 소이캔들 !​심플하면서도 깔끔해서 인테리어용으로 아주 좋아요.제품 보호를 위해 덮여있는 종이를 제거한 후 불을 붙여주면 됩니다.분위기를 잡는 데에는 캔들만 한 것이 없죠.​소이캔들의 불꽃과 블랙체리의 새콤달콤 향이 공간을 화사하게 만들어줍니다. 캔들의 초를 끌 때에는 입으로 불어 끄지 마시고, 뚜껑을 닫아 끄거나 윅디퍼를 사용하시면 좋아요.​첫 연소 시 터널현상 방지를 위해 왁스가 가장 자리까지 녹도록 2시간 정도 태워주시면 됩니다.허브타임의 베스트셀러 레드프룻, 블랙체리향은 덤으로!​예쁜 카네이션 디퓨저와 소이캔들로 고급스러운 분위기를 연출해보세요.디퓨저와 캔들의 만남 !  다가오는 어버이날, 스승의날 실용적인 선물을 찾는다면 ​허브타임 카네이션 디퓨저 & 캔들세트추천합니다. 

얼체로부터 상품(서비스)만 제공받아 작성한 실제 후기임니다.
 
 
",17,9,1,203,0,1,4830.2,217,text_ad,2020. 5. 6. 5:20,12968,9467298,,0
15,https://blog.naver.com/chanseong1?Redirect=Log&logNo=221792667233,"겨울에는 날씨가 추워서 창문을 잘 안 열게 되네요.​환기를 안 시키다 보니 요리를 하거나 음식을 먹으면 방 안까지 냄새가 납니다.그래서 실내방향제를 하나 둘까 생각했는데요. 용량도 대용량, 향도 좋고 예쁜 이레카야자 장식에 인테리어 효과까지 있는 실내디퓨저를 알게 됐습니다.바로 센트홀릭 디퓨저 !생각보다 큰 택배 박스에 꼼꼼히 포장되어 도착했어요.개봉을 해봤는데요.커다란 기본 구성 박스부터 장식까지 아주 고급스러워서 선물하기 제격입니다.특히 인테리어에 한몫하는 시원스러운 이레카야자 장식이 정말 마음에 들었어요. 구성품을 모두 꺼내보면 200ml 리필용액과 유리용기,이레카야자 조화, 뾰족캡,  유리관과 우드코스터, 섬유 리드스틱으로 구성 !여러 종류의 향 종류 중에 아카시아 향을 선택 !​먼저, 200ml의 리필용액을 유리용기에 담아봤는데요.뾰족캡을 플라스틱 리필병에 결합시켜줍니다.눌러서 유리용기에 넣으면 한 방울도 안 흘리고 간편하게 넣을 수 있어요.섬유 리드스틱은 10개가 들어있는데요.​개수를 많이 넣을수록 향기가 더욱 강해집니다.디퓨저 용액의 변색을 방지하기 위해 조화에 유리관을 끼워 넣으면 좋아요.리드스틱 개수는 2개가 딱 적당한 것 같습니다.​향이 약해졌다고 생각되면 반대로 뒤집어서 넣어주고,2주 주기로 교체하면 돼요.조화뿐만 아니라 인테리어 효과를 더해주는 우드코스터 디퓨저 받침!마무리로 우드코스터에 올려만 주면 완성!총 길이는 약 45cm입니다.아기자기한 소품으로 어디에나 두어도 잘 어울리는 인테리어 실내디퓨져!디퓨저 70%를 차지하는 베이스는 곡물에서 추출한 천연 발효주정이기 때문에 더욱 안전한 제품이라고 해요.​가성비 좋은 대용량이며, 달콤하고 상큼한 향!​ 은은한 아카시아꽃의 풍성한 향기를 느낄 수 있는 센트홀릭 이레카야자 실내디퓨저 추천합니다.                별
",15,10,1,182,0,1,4830.2,111,revu,2020. 2. 1. 18:19,12968,9467298,,0
16,https://blog.naver.com/chanseong1?Redirect=Log&logNo=221701523746,"아기자기하니 인테리어 효과에실내방향제 역할도 하는 디퓨저!요즘 디퓨저에 꽂혔습니다.물론 향도 중요하지만 예쁘게 꾸며진 스틱이나 꽃들에게도 눈길이 가네요.​이번에는 향도 좋고,꽃들도 풍성하여 인테리어 소품으로 완벽한디퓨저 하나를 알게 되었습니다.바로 센트홀릭 디퓨저인데요.고급스럽고 커다란 박스에 구성품들이 들어있습니다.택배 상자 크기를 보고 디퓨저가 아닌 줄 알았습니다.에어캡에 안전하게 도착 !고급스럽게 보이는 디퓨저 상자를 개봉해봤어요.꽃도 풍성하니 아름답고 특히 디퓨저 받침인 우드코스터가 포함되어 있어 마음에 듭니다.​고급스러운 패키지라 선물용으로도 제격이네요.센트홀릭 디퓨저 구성품 ! 우드코스터와 프리저브드 생화, 섬유리드스틱, 뾰족캡, 유리용기,200ml 리필용액이 있습니다.디퓨저 제품들을 많이 봤지만뾰족캡이 들어있는 제품은 처음 사용해보네요.​디퓨저액이 들어있는 플라스틱 병 뚜껑을 열어 뾰족캡으로 갈아끼워주고,유리 용기에 간편하게 부어주면 됩니다.향은 다우니 향으로 선택 !뾰족캡 덕분에 단 한 방울도 흘리지 않고 깔끔하게 넣었습니다.리드스틱은 핑크와 화이트 두 가지 색상이네요.​  추천하는 스틱 개수는 2개 정도가 적당한데요. 강한 발향을 원한다면 하나씩 더 추가하면 됩니다.가장 마음에 들었던 풍성한 프리저브드 플라워 !​프리저브드란 생화를 특수처리하여 시들지 않게 특수 보존처리한 플라워입니다.​3년 이상 생기 있게 유지되어 보존화 또는 천일화 라고 불린다고 하네요.미스티 유칼립투스와 라그라스로 구성되어 있는데요.라그라스는 세 가지 색상 핑크, 화이트, 민트 선택 가능 !리드스틱 두 개 꽂아주고, 우드코스터로 받쳐주면 끝!인테리어 효과가 물씬 ~ 디자인이 모두 마음에 들어요.일일이 수작업하여 선별한 풍성한 프리저브드 꽃 !꽃에서도 은은한 향이 나서 아주 좋습니다.프리저브드 플라워에 끼워져 있는 유리관은 디퓨저액의 변색 방지를 위한 것이니 그대로 꽂아주세요.꽃이 예쁘고 풍성해서인지 어디에 배치해도 인테리어 효과가 뛰어납니다.​방 안에 약간 달달하면서도 산뜻한 다우니 향이은은하게 퍼져서 좋네요.센트홀릭 디퓨저 베이스는 식물성 에탄올이라서 뛰어난 발산력과 풍부한 향, 인체에도 무해하다고 해요.​뛰어난 인테리어 효과에 고급 패키지로 구성된 센트홀릭 디퓨저 !집들이 선물로도 추천합니다. 
",13,13,1,225,0,2,4830.4,134,revu,2019. 11. 8. 9:17,12968,9467299,,0
17,https://blog.naver.com/chanseong1?Redirect=Log&logNo=221686840197,"코가 예민해진 건지 후각이 점점 발달하는지요즘 냄새를 참 잘 맡습니다.​하지만 안타깝게도 유독 나쁜 냄새만 잘 맡네요.날씨도 점점 추워져서 환기도 잘 못 시킬 텐데요.​그래서 인테리어 효과도 있고 향기도 좋은 디퓨저,실내방향제에 관심이 갑니다.여러 디퓨저 제품들이 있지만 눈길이 가는 제품이 있었어요.바로 보버 플라워 디퓨저 !디퓨저를 구매하면 기본으로 블랙 리본이 달린 고급 선물포장이 제공 !​고급스러운 패키지라 선물용으로 제격입니다.대용량이라 기다랗고 커다란 박스에 도착 !디퓨저 향은 딥 포레스트로, 잎은 몬스테라잎 !시향카드 3장도 제공돼요.원하는 시향 카드로 제공이 되는데요.​화이트 시트러스향과복숭아 향의 러비더비 피치향,그리고 플로럴 부케향 !​각각의 매력 있는 향기에 기분이 절로 좋아지네요.고급 화이트 케이스를 개봉해봤습니다.고급 박스 안에는디퓨저 리필용기 200ml와투명한 유리 용기,​블랙 섬유스틱, 우드볼,유칼립투스 프리저브드, 그리고 미니깔때기가 있어요.프리저브드 플라워는조화도 드라이플라워도 아닌 물이 필요 없는 생화인데요.​특수 보전 용액을 사용하여 장기간 보존 가능하게 만든 꽃이라고 합니다.유칼립투스 프리저브드 플라워는 물빠짐 현상으로디퓨저 용액의 색이 변할 수 있다고 하네요.​ 물 빠짐 현상을 원치 않는 분들을 위해 줄기 부분에 유리관이 씌워졌습니다.간단한 보버 플라워 디퓨저 사용방법 입니다.먼저, 리필액을 붓기 위해 미니깔때기를 사용 !천천히 유리 용기에 채워줍니다.넣는 동안 딥 포레스트 향이 은은하게 넓게 퍼졌어요.​마치 꽃집에 온 것처럼 여러 꽃 향이 가득~집안이 상쾌해졌습니다.구성품과 몬스테라잎까지 모두 사용한 모습이에요.하지만 간단하게 두 가지로 꾸밀 수 있어요.유칼립투스 프리저브드 플라워만 넣거나,아니면 몬스테라잎으로만 넣어서 꾸밀 수도 있습니다.참고로, 디퓨저 스틱은 넓은 거실이 아니라면 1~2개가 적당해요.화장대 거울 앞에다가 배치를 해보고,이곳저곳에 배치해보며비교를 해봤지만 둘 다 마음에 듭니다.안방 침대 옆에도  안 어울리는 곳이 없네요.조화 잎으로 바꿔서 화장실에도 배치해보며여기저기 둬봐야겠습니다.​포름알데히드, 벤젠, 메탄올, 글리옥살 등 인체에 유해한 물질이 첨가되지 않은 안전한 제품!완벽한 인테리어 효과에 인기 향들만 모은 보버 플라워 디퓨저 !추천합니다.",15,16,1,232,0,1,4830.4,167,text_ad,2019. 10. 24. 20:10,12968,9467299,,0
18,https://blog.naver.com/chanseong1?Redirect=Log&logNo=221678085926,"이사를 오게 되면 은근 신경 쓰이는 새집증후군! 걱정이 되어 검색하다가피톤치드를 알게 되었습니다.피톤치드 제품으로 스프레이를 사용해봤는데요.예쁜 디퓨저 제품도 있길래 한번 사용해보기로 했어요.바로 나노클린 에어케어 피톤치드 디퓨저 !다른 디퓨져와 같이 겉모습이 화려하진 않지만,투명한 디퓨저 용기에 맑은 편백수가 있어 깨끗하고 깔끔합니다.파손주의 스티커와 함께 안전하게 도착 !택배 상자를 열어보면 디퓨저 사용 설명서와 각 구성품들이 들어있어요.꺼내보면 작은 상자에는 디퓨저 용기가 들어있고, 리필액과 발향스틱 !둘 다 용량은 250ml, 발향스틱은 3개입니다.피톤치드 천연디퓨저 사용 방법은 간단해요.먼저, 디퓨저 용기에 리필액을 넣어줍니다.​천연 곡물에서 추출한 순수 식물성 발효주정을 사용한 리필액이에요.한 방울도 흘리지 않기 위해조심히 넣어봤어요.그리고 발향 스틱만  용기에 넣어주면 끝 !방 안에 두기로 결정해서스틱 두 개만 쏙 ~적당한 스틱 개수는 몇 개? 둘 공간에 따라 다른데요.​넓은 거실과 같은 곳은 3개,방 안은 1~2개가 적당합니다.둘 곳을 여기저기 찾아보고 배치해봤어요.​여긴 안방 TV 옆인데 확실히 있는 게 예쁘네요.각 방 안에도 배치해보고,화장대 위에다가도 배치를 해봤는데요.​어디에다 둬봐도 잘 어울리는 디자인이라 결정하기 어려웠습니다.결국 화장대 위로 결정!​인공향이 첨가되지 않은은은하면서 상쾌한 순수 천연 피톤치드 향이 아주 마음에 듭니다.뛰어난 항균력과 방충, 그리고 탈취력까지 !​나노클린 에어케어 피톤치드 디퓨저로 실내 공기를 정화해보세요.이글은 에코블로그를 통해 본 업체에서 이용권을
제공받아 작성된 리뷰입니다.

600084.06
 
",11,10,2,160,0,1,4830.4,167,text_ad,2019. 10. 15. 8:38,12968,9467299,,0
19,https://blog.naver.com/chanseong1?Redirect=Log&logNo=221647541187,"차안 좋지 않은 냄새...퀘퀘한 냄새를 잡기 위해탈취제를 알아봤는데요.​차량 액세서리 겸인테리어 효과까지 있는 차량용 방향제를 발견 !바로 멜로우 차량용 퓨어 디퓨저 !향 종류는 자몽, 일랑일랑,블랙체리, 유자, 클린코튼, 그린티버가못, 에이프릴,닌페오, 추 9가지가 있는데요.​은은한 섬유유연제 향을느낄 수 있는 클린코튼을 선택했습니다.기본적 패키지가깔끔하게 들어있고요.다른 향도 맡아 볼 기회가 있는 시향지까지 !모두 꺼내보면 시향지와논슬립패드, 디퓨저 용기,리필용액, 우드볼 스틱으로 구성!디퓨저가 떨어지지 않도록해주는 논슬립패드 !​끈적거리는 스티커가 아닌 탈부착이 가능한 실리콘 재질이라 정말 좋습니다.​붙였다 떼도 끈적임과 흔적이 전혀 남지 않네요.사용방법은 간단합니다.우선, 디퓨저 용기에 있는고무마개를 빼고,40ml 리필 용액을 용기에 넣어줍니다.고무마개를 다시 낀 뒤 스틱을 넣어줍니다.논슬립패드 위에 놓고 꾹 눌러주면 완성 !​차 안에도 고급스러운 디퓨저를 놓고 싶었는데요.차량용 미니 디퓨저가 출시되니 정말 기쁩니다.멜로우 디퓨저는 천연곡물을 발효시켜 만든 순수 발효주정만을 사용 !​최고급 향료를 최대 40%까지 듬뿍 넣어더 진하고 깊은 향기를느낄 수 있습니다.최고의 발향을 위해서 안전 베이스를 자체 개발,디퓨저 안전 자가검사까지합격한 제품이라고 해요.가장 궁금한 점은과연 운전 중에 떨어지지 않을까 하는 걱정일 텐데요.한번 테스트를 해봤습니다.과속방지턱을 지나가도 잘 붙어있네요. ㅎㅎ그래도 조심은 해야겠지요.고급스러운 디퓨저 축소판 차량용 미니 디퓨저 !​훌륭한 인테리어 효과에좋은 성분만을 담은멜로우 차량용 퓨어 디퓨저새차 선물로 추천합니다.이
 
 
",12,10,1,161,0,1,4830.4,169,revu,2019. 9. 14. 0:45,12968,9467299,,0
20,https://blog.naver.com/chanseong1?Redirect=Log&logNo=221546663906,"요즘 미세먼지가 문제지요.자주 환기를 시킬수도 없으니집안에 칙칙한 냄새가 가끔 나기도 합니다.그래서 아내를 위해 실내방향제를 찾던 중에알게 된 로얄워터 실내디퓨저 !​대부분 스틱만 있는 디퓨저가대부분인데요.로얄워터 디퓨저는 조화식물까지옵션으로 선택할 수 있어인테리어까지 완성할 수 있습니다.드디어 택배가 도착 !소품과 대용량 디퓨저가 들어있어박스 크기가 꽤 컸습니다.꼼꼼하게 포장되어 도착했는데요.추가옵션으로는 카라잎을 선택 !유칼립투스가 인기 있지만잎이 풍성한 카라잎을 선택했습니다.고급스러운 종이가방에 들어있는 실내디퓨저 구성품포장된 상태 그대로 아내에게 선물을 했습니다 ㅎㅎ지인들에게 선물하기에정말 딱인 듯 합니다.구성품으로는 선택한 조화식물, 리드스틱, 유리용기, 리필액 300ml​로얄워터 디퓨저는 스틱도 고압축 섬유로 되어있어흡수력이 더 뛰어나다고 합니다.디퓨저 향은 7종의 향기와주문제작도 별도로 가능한데요.​로얄워터 디퓨저는 검증된 향료, 성분들을 사용하여조금의 유해성분도 허용하지 않는다고 합니다 !너무 진하지도 않고 부드러운 섬유유연제 향 소프트 코튼을 선택했습니다.​스틱을 몇 개 넣냐에 따라향 강도가 달라집니다.이젠 본격적으로 사용을 해봐야겠지요 ㅎㅎ일단 유리용기의 마개를 엽니다.리필액을 유리용기에 넣고요.조화식물과 원하는 개수의리드스틱을 넣어주면 됩니다.디퓨저 디자인이 예뻐서어디에다 두어도 잘 어울립니다.안방 화장대, 화장실에 두어도고급진 분위기 연출이 가능하네요.그 외에도 책상 앞, 아들방, TV 앞 등 이곳저곳배치도 해봤습니다. ㅎㅎ​어디에다 두어도 고급지고인테리어 효과까지 탁월한로얄워터 실내디퓨저 !선물용으로도 안성맞춤입니다.​이 글은 위블을 통해 본 업체에서
제품 또는 서비스를 제공받아 작성된 글 입니다.

세
 
 
",12,8,0,148,0,1,4830.4,233,text_ad,2019. 5. 26. 2:37,12968,9467299,,0
21,https://blog.naver.com/chanseong1?Redirect=Log&logNo=222352615509,"세탁기는 자주 돌리지만 세제 계량이 어려워서 무게당 적당량을 사용했는지 아직도 잘 모릅니다. ​대용량 세탁세제는 무거워서 가끔 질질 흘리기도 하는데요. 이번에는 계량할 필요도 없이 손쉽게 세탁할 수 있는 정말 간편한 캡슐형 세제를 사용해보기로 했어요. 바로 맥시멀라이프 클린데이 캡슐세제 ! 파우치형으로 안에는 노랗고 예쁜 28개의 캡슐세제가 들어있습니다. 개봉하자마자 퍼지는 상쾌한 Soap Floral 향기 ~ 개인차가 있겠지만 향이 정말 마음에 들었어요.알러지, 유해성분이 없어 피부자극이 걱정되는 분들도 안심하고 사용할 수 있는 착한 제품이라고 합니다. 클린데이 캡슐세제는 올인원 세제이기 때문에 섬유유연제가 필요 없이 이거 하나면 끝 ! ​물론 섬유유연제를 넣었을 때 정도의 향만큼은 나지 않지만 정말 간편하고 좋아요.  드럼 일반 겸용 캡슐세제 사용방법은 초간단 ! ​제품을 물에 접촉이 잘 되도록 빨랫감보다 먼저 세탁조에  넣어주기만 하면 됩니다. 적정량은 빨랫감 무게 6kg당 캡슐 1개예요. ​세탁기에 캡슐 하나 넣고 빨랫감만 넣으면 너무나 쉽게 세탁 완료! 고농축 캡슐세제이며 7중 효소로 세척력이 더욱 강화된 제품입니다. ​세정력과 향긋한 향 ~ 모두 만족스러웠어요. 한번 사용해본다면 번거롭게 계량해야 하는 세제는 이제 사용 못 할 수도 있어요. 서투른 새내기 자취생들도 간편하게 사용할 수 있는 맥시멀라이프 클린데이 캡슐세제 추천합니다.  

미      불을 통해 본 업체로부터
제품 또는 서비스를제공받마 작성된 리뷰입니다
「,】

 
[3
",9,4,1,167,0,1,4830.4,92,text_ad,2021. 5. 16. 1:24,12968,9467299,,0
22,https://blog.naver.com/chanseong1?Redirect=Log&logNo=222183269745,"평소 손이 차가운 편인데 추운 겨울이 오니 점점 더 심해지네요. ​그래서 손을 따뜻하게 해줄 수 있는 전기찜질팩에 관심을 갖기 시작했는데요.  ​정말 간편하고 손뿐만 아니라 전신 사용도 가능한 충전식 찜질기를 알게 되어 사용해보기로 했습니다. 바로 ​허밍 극세사 온수찜질기 !박스를 개봉하자마자 깜찍하고 귀여운 디자인의 온수찜질기가 보입니다. ​아래에는 온수찜질기를 따뜻하게 데워 줄 충전기도 있는데요. 모두 꺼내보면 찜질기와 충전기, 그리고 사용설명서가 박스에 들어있습니다. 한눈에도 따뜻하게 보이는 전면 손 주머니 ! 파우치 주머니형으로 손을 안에 넣어 따뜻하게 찜질할 수 있어요. 찜질기 뒷면을 보면 충전하는 곳도 보입니다. ​크기는 285 x 195 x 45mm 무게도 무겁지 않아서 어디서든 사용할 수 있어요. 새롭게 개선된 실리콘 와이어 발열 방식의 열선으로 고른 열 전달이 가능하고 전자파로부터 안전하다고 해요. KC 인증도 받은 제품이라 더욱 믿음이 갑니다. 무거운 무게를 잘 견디고 찢기거나 누수 걱정도 없는 PVC 압착 마감 방식 ! 최고급 극세사 원단을 사용하였기 때문에 기분 좋은 부드러운 감촉과 보온력도 뛰어나요. 몇 분 충전만 해놓으면 집, 사무실, 자동차, 캠핑장 등 언제 어디서나 간편하게 사용 가능한 충전식 찜질기 ! 충전 방법은 간단합니다. 본체를 평평하게 눕힌 후 전원부 커버를 열고 충전기를 연결하면 돼요. 허밍 극세사 온수찜질기는 3중 안전장치 설계로 스스로 온도를 측정하며, 위험온도 도달 시 전원이 꺼집니다.전원 스위치를 누르면 빨간 전원 표시등이 켜지며 가열이 시작돼요. ​쾌속 충전과 쾌속 과열 ! 약 10~15분 충전만으로 최고 온도 60도에 도달하여 전원 표시등이 꺼집니다. 짧은 시간 충전으로 약 2시간 정도 보온 효과를 누릴 수 있어요.  침대에 누워 배와 목을 따뜻하게 해주니 잠이 들 뻔했습니다. 손도 넣을 수 있는 주머니가 있기 때문에 배와 손을 동시에 ! ​뭉친 근육을 풀고 싶을 때도 아주 좋은 것 같아요. ​신체 부위 어디든 간편하게 찜질할 수 있는 허밍 충전식 온수찜질기 추천합니다. 이글은 에코블로그를 통해 본 업체에서 이용권을
제공받아 작성된 리뷰입니다.

600084.06
 
 
",15,6,1,260,0,1,4830.4,95,text_ad,2020. 12. 23. 23:47,12968,9467299,,0
23,https://blog.naver.com/chanseong1?Redirect=Log&logNo=222098885823,"외출을 하게 되면 장시간 착용해야만 하는 답답한 마스크 ! ​잠깐 벗고 싶을 때가 있는데 마땅히 보관할 곳이 없어  주머니와 가방에 넣거나 테이블 위에 놓을 때가 있죠.하지만 위생 관리가 필수인 마스크를 대충 벗어놓고 방치하게 되면 남아 있는 습기로 빠르게 세균이 증식한다고 해요. 그래서 간편하게 관리 가능한 마스크 보관법 두 가지 ! ​항균 마스크 케이스와 마스크 스트랩을 사용하기로 했습니다.바로 힐링쉴드 항균 마스크 케이스, 그리고 마스크 스트랩 !   IT + CAR + LIFE 30000가지 이상의 제품을 운영하고 있는 힐링쉴드는 ​국내에서 가장 크고 유명한 보호필름 & 액세서리 전문 회사라고 하는데요. ​수입금 일부는 초록우산 어린이재단에 기부하고 있는 정말 착한 기업이에요.  재구매 시 동일 제품은 50%,타제품은 30%의 할인과 평생 A/S 힐링 서비스 제공! 힐링쉴드 항균 플러스 마스크 파우치 개봉해봤어요. 케이스가 반투명하면서도 약간 주홍빛을 띠고 있는데요.​이유는 항균력을 위해 구리를 첨가하였기 때문!세계적인 인증기관 SGS에서 대장균, 곰팡이균, 페렴균, 황색포도상구균에 대해 99.9% 항균력 인증을 받은 믿을 수 있는 제품이에요.  반영구적으로 사용 가능한 항균 마스크 케이스 !​사이즈가 꽤 넉넉하고, 분리형 수납 공간으로 더블 포켓 타입이기 때문에 마스크 2개까지 보관 가능해요.마스크 관리는 철저하게! 위생적으로 보관하기 위해 안전한 항균마스크케이스에 마스크를 넣으면 안심이 돼요. 더블 포켓이라 활용도 Up ! 마스크뿐만 아니라 안경닦이도 위생적으로 보관하면 좋습니다. 크기는 240mm x 120mm, 외출 시 안전하고 깔끔하게 파우치로 사용 중이에요.다음은 힐링쉴드 헤링본 마스크 스트랩 !​마스크 보관도 쉽고 목에 걸고 다닐 수 있어 분실 위험이 없습니다. 본사에서 직접 제작한 핸드메이드 제품 ! ​마스크 스트랩 무게는 3.2g으로 마스크만큼 가벼워 불편함이 없어요. ​길이는 60cm이기 때문에 아이와 성인 모두 사용 가능!인체에 무해한 고급 원료 무독성 썬그립 버튼 사용으로 알레르기 위험이 없습니다. ​ 착용 방법은 아주 간단합니다. 마스크스트랩을 끈 사이에 걸어 똑딱이 타입 단추만 누르면 끝!색상과 디자인도 깔끔하고, 어떠한 마스크와도 잘 어울려요.매일 쓰는 마스크 관리는 이제부터 위생적으로!힐링쉴드 마스크 케이스 & 스트랩 추천합니다.  

미      불을 통해 본 업체로부터
제품 또는 서비스를제공받마 작성된 리뷰입니다
「,】

 
",12,7,1,275,0,1,4830.8,104,text_ad,2020. 9. 24. 23:17,12968,9467301,,0
24,https://blog.naver.com/chanseong1?Redirect=Log&logNo=222080743245,"옛날에는 시력이 좋았는데 갈수록 눈이 나빠져서 현재는 안경을 쓰고 있습니다.​그런데 렌즈관리를 하는 것이 은근히 까다롭네요. 안경에 조금만 뭐가 묻어도 시야가 거슬려서 닦아야 하고,비싸게 구매한 렌즈인데  나도 모르게 기스도 나네요.​안경닦이와 안경케이스를 항상 휴대하고 다니면 좋지만 부피가 너무 커서 안경닦이만 주머니에 넣고 다닙니다. 소프트하면서도 부피가 작은 안경집이 있으면 좋을 텐데 생각하고 있었는데요. ​ 렌즈 클리닝도 할 수 있는 안경 파우치를 알게 돼서 사용해보기로 했습니다. 2차 와디즈 펀딩 진행 중인 바로 아이망 쿠션파우치 & 이너파우치!보관도 할 수 있고, 안경도 닦을 수 있는 다기능 안경 파우치인데요.​사이즈는 안경 크기에 따라 S, M으로 고를 수 있고, 디자인도 8종류나 있습니다. 이너파우치와 쿠션파우치 두 가지가 있는데 먼저 쿠션파우치부터!​디자인은 두 가지 모두 감자튀김으로 선택했어요.파우치 앞뒤 모두 하얗고 노란 감자튀김!​입구는 엇갈림 봉제기술로 넣어 놓은 선글라스나 안경이 쉽게 빠지지 않아요. 렌즈가 큰 동그란 안경은 사이즈 M이 좋습니다. 2mm의 스펀지가 내장되어 완충효과가 있어요. 이너파우치보다 튼튼해요. 케이스로 안경 렌즈를 간편하게 닦을 수 있습니다. 안경닦이를 잘 잃어버리는데 케이스로 닦으니 정말 좋네요. ​손가락을 파우치 안에 넣어 지문이 묻을 걱정도 없고, 안쪽과 바깥쪽 모두 양면으로 렌즈 클리닝이 가능합니다.일반 안경케이스보다 부피가 작아 가방에 넣어도 공간이 여유로워요.  주머니에도 간편하게!  휴대성이 뛰어납니다. 다음은 이너파우치 !크기는 쿠션파우치보다 약간 더 작아요. 입구는 고무줄로 되어 있고, 안경보다 짧은 길이라서 쉽게 빠지지 않습니다.마찬가지로 안경닦이로 사용할 수도 있어요. ​손가락을 파우치에 넣어 손밀림 없이 닦을 수 있어요.양면 모두 클리닝 가능!고가의 안경이나 선글라스는 이너파우치에 넣어 2중으로 보호하면 좋겠죠. ​안경 전체를 커버할 수 있어 렌즈 스크래치 방지 ! 깔끔하게 수납도 됩니다. 극세사 원단만을 사용! 안경을 쓰신다면 필수템인 다기능 소프트 케이스​아이망 안경닦이 일체형 안경파우치 추천합니다.",14,8,1,240,0,1,4830.8,133,revu,2020. 9. 5. 9:10,12968,9467301,,0
25,https://blog.naver.com/chanseong1?Redirect=Log&logNo=222047871791,"스마트폰, 지갑만 넣어도  양쪽 바지주머니가 가득~ 불편해서 손가방 하나 샀어요. 가격은 비싸지도 않고, 디자인은 나름 깔끔한 남자 클러치백 구입 !택배 상자를 바로 개봉하고,  포장지도 얼른 풀어봤습니다.크기는 13 x 4.5 x 22cm, 색상은 블랙과 브라운 두 가지가 있었는데요.​갈색은 품절이라고 하니 선택 권한이 없이  검은색을 구매했습니다.소재는 PU 가죽이에요.후면 디자인도 깔끔! 밴드형 손걸이도 있습니다.측면도 깔끔한데요. 투지퍼로 되어 있기 때문에 가방 수납공간이 넉넉해요.지퍼도 부드럽게 열리고 나름 세련된 디자인에  만족스러웠습니다.휴대폰, 지갑, 소지품 모두 충분히 넣고 다닐 수 있는 남자 파우치 지갑이에요. 지퍼 앞쪽은 다양한 소지품을 수납할 수 있는 공간입니다.​ 가운데 지퍼로 된 수납공간은  동전을 넣으면 좋겠네요.지퍼 뒤쪽은 각종 카드와 신분증, 지폐를 넣기 좋은 지갑 활용 공간이에요.무게는 0.7kg이고  사이즈도 너무 크지 않아 들고 다니기 좋네요. ​생활방수되는 소재에  수납 공간까지 여유로우니 구매 후기는 대만족입니다.이제 불편하게 넣고 다녔던 빵빵한 바지 주머니는 No!  지갑도 따로 필요 없이 클러치백 하나만 편하게 들고 다녀야겠네요.세
 
 
 
",10,6,1,141,0,1,4831.0,83,,2020. 8. 1. 3:44,12968,9467302,,0
26,https://blog.naver.com/chanseong1?Redirect=Log&logNo=221664078080,"어젯밤은 먹을거리가 없어서집 근처 홈플러스를 다녀왔어요.여기저기 붙어있는몰빵데이 할인 행사기간 !​딱히 구매할 것이 없어서식품코너로 가려는 순간 ~아디다스 매장에서할인을 한다고 방송을 하네요.운동화 구경이나 할까?집에 있는 운동화는모두 색상이 흰색 계열이라블랙 하나 사고 싶었는데 ㅎㅎ블랙 색상의 아디다스 신발이여러 개가 있었지만검정은 너무 칙칙했는데요.​블랙 & 화이트로 잘 어우러진운동화가 눈에 띄었습니다.몰빵데이 행사인지원래 세일인지는 몰라도가격도 정가에 3만 원이나 할인 !시간이 늦어져서결국 운동화만 하나 구매하고집으로 돌아왔습니다.저렴하게 잘 샀는지는모르겠지만 나름 만족 !집에서 다시 확인해봐도개인적으로 디자인이 만족스럽습니다.발 볼이 넓은 편이라좁게 나온 신발이면 아픈데 볼도 넓게 나온 편이라신어도 부드럽고 편하네요.세일이라는 말에충동구매는 했지만잘 신고 다녀야겠습니다.1
 
 
",6,7,0,82,0,1,4831.0,151,text_ad,2019. 9. 30. 19:48,12968,9467302,,0
27,https://blog.naver.com/chanseong1?Redirect=Log&logNo=221701178669,"기분 좋은 아침을 맞이하려면 가장 중요한 것이 베개 !​불편한 자세로 잔다면 하루 종일 목이 뻐근하고 고통스러울 겁니다.평소 뒷목과 어깨가 자주 아파서 괴로운데요.그럴수록 더욱 좋은 베개를 택해서 자야 될 것 같아요.​오늘도 꿀잠을 자기 위해 여러 가지 기능성 베개들을 찾아보고 있던 중​너무 딱딱하지도 않고 아주 가벼운 경추베개를 하나 알게 되었습니다.바로 ​밸런스닥터 온슬립 플렉스 경추베개 !선물용으로 딱 좋은 손잡이 달린 박스에 들어있는 경추베개!​ 거북목 또는 일자목이신 분께 선물로 드려도 좋겠네요.세 가지 색상이 있는데요. 바비브라운, 딥레드도 있지만 이 베개는 그랑블루 !박스 안에서 꺼내보니 비닐백에 들어있는데요.​더 커다란 비닐백도 하나 더 들어있습니다.인체공학전문가가 설계한온슬립 플렉스 베개는​ 목이 살짝 뒤로 젖혀지도록 C자형 만곡을 유지시켜주는 편안한 베개인데요.크기는 40 x 16 x 8 cm !​후두부, 어깨, 목 비율을 고려하여 경추 부담을 덜어주는 높이로 설계되었다고 합니다.기존의 온슬립 베개보다 더욱 부드럽고 말랑말랑~무게도 250g 내외,사이즈도 손쉽게 가지고 다닐 수 있는 크기라서 여행 갈 때 필수품이 되겠네요. 누워보니 목이 편안하고딱딱하지 않아서 좋아요.잠이 절로 옵니다.양옆은 귀 눌림 방지 이어홀 적용 !옆으로 자세를 바꿔도아주 편하네요.옆은 지퍼가 있어서 커버를 벗겨낼 수 있어요.커버만 따로 세탁 가능합니다.커버를 벗겨봤습니다. 속도 말랑말랑~ 속은 세탁기에 돌리면 No !경추베개의 소재는 속은 폴리우레탄, 커버는 폴리에스터 !​국내에서 모든 제작 공정을 100% 핸드메이드 작업한 밸런스닥터 온슬립 플렉스 경추베개 입니다. KC 안전 시험 통과 !국제 공인시험기관 KCL에서 밀도,경도 측정값도 검증 완료 !안전한 제품이네요. 바른 자세를 유도해주는 편안한 베개이고, 특허도 보유하고 있다고 해요.​아침에 일어나니 목이 편안하고 개운합니다.꿀잠을 자게 도와주는100% 국내생산 밸런스닥터 온슬립 플렉스 베개 추천합니다.이글은 에코블로그를 통해 본 업체에서 이용권을
제공받아 작성된 리뷰입니다.

600084.06
 
",14,11,1,217,0,1,4831.0,140,text_ad,2019. 11. 8. 0:21,12968,9467302,,0
28,https://blog.naver.com/chanseong1?Redirect=Log&logNo=221825710602,"요즘 대부분의 전자제품들이 무선으로 나오고 있습니다.청소기도 당연히 무선 청소기가 대세 !​하지만 가격이 만만치 않은데요. 가성비 좋은 무선진공청소기를 알게 되었습니다.바로 코끼리 제로스톰 무선 진공 청소기 !무선 청소기답게 크기가 그다지 크지 않은 택배 상자가 도착했어요.청소기 색상은 블루와 레드 두 가지 종류가 있는데요. 도착한 제품은 레드 !제품박스를 개봉해봤습니다. 사용설명서와 충전기, 그리고 각 부품들이 들어있어요.먼저 고급스러운 레드 색상의 확장 알루미늄 연장 파이프에 청소기 기본 헤드와 먼지통을 앞뒤로 연결했습니다.딸깍 소리가 나면 연결이 완료 !​무선청소기 길이가 조금 짧아 보이는데요.그러나 걱정은 No !버튼을 누르면 쭉 늘어납니다.12단계로 길이 조절이 가능해서 아주 편리해요.소파나 침대 밑도 깔끔하게 청소 가능합니다.연장 파이프 없이 연결하면 핸드형 청소기로 변신!​높은 선반 청소나 차량용으로 사용할 수 있습니다.연결 파이프를 끼우고, 틈새 브러쉬를 연결하면 창틀도 청소가 가능해요.유연하게 회전하는 청소기 헤드로 바닥 구석구석 청소하기도 편리합니다.흡입력을 테스트해봤어요. 22000Pa의 강력한 BLDC 모터로 흡입력이 아주 뛰어납니다.청소를 다 하고 난 뒤에는 먼지통 분리 버튼을 눌러 간단하게 먼지통을 꺼내고,먼지통 하단 분리버튼을 누르면 자동으로 뚜껑이 내려가 쉽게 먼지를 제거할 수 있습니다.분리형 리튬 이온 배터리는 일반 모드 시 최대 40분 연속으로 사용이 가능 ! H13 등급의 헤마필터가 장착되어 있기 때문에 굵은 먼지부터 미세먼지까지 제거할 수 있어요.​스펀지 필터와 헤마필터는 브러시로 청소하거나, 물로 헹궈서 건조시키면 됩니다.전원 스위치를 한 번 누르면 소음이 적은 일반모드, 스위치를 두 번 누르면흡입력이 강한 터보모드!​소음이 생각보다 작고,그립감이 아주 좋아요.400~1300mm까지 맞춤형 높이 조절에 무게는 가볍고 뛰어난 흡입력!​ 가성비 좋은 무선청소기 코끼리 제로 스톰 무선 진공 청소기​​ 추천합니다. 
",23,9,3,212,0,1,4831.2,115,revu,2020. 2. 26. 14:42,12968,9467303,,0
29,https://blog.naver.com/chanseong1?Redirect=Log&logNo=222083871720,"피부 노화의 주원인 자외선!무더운 여름철 날씨에는 자외선 차단제를 발랐지만 이젠 사용하지 않고 있는데요.​ 자외선은 사계절 내내 있어 방심하면 안 된다고 합니다. 철저히 발라만 준다면 피부 건강에 도움 된다는  자외선 차단제 ! ​이제부터라도 꾸준하게 바르기 위해 여러 제품을 알아보고 있었는데요. ​옛날부터 자주 애용해왔던 남양알로에 유니베라에도  자외선차단제 제품이 있어서 사용해보기로 했습니다.  바로 유니베라 알로엔 클리어 쉴드 선스틱 ! 용량은 18g으로 휴대하기 좋은 크기의 스틱 형태로 된 제품인데요. SPF 50+ PA++++로 자외선 차단 효과는  아주 뛰어나다고 합니다. 투명한 피부 보호막을 형성해 자외선으로부터 피부를 보호해 준다는 알로엔 선스틱!​선스틱 색은 투명한 노란색에 상큼하고 은은한 레몬향이 나서 레몬맛 캔디가 생각나네요.   사용 방법은 간단합니다. 아래쪽 다이얼을 돌려주면 조금씩 내용물이 올라와요.손에 묻히지 않고도  가볍게 바를 수 있어 좋습니다.​얼굴에 바를 때에는 안쪽에서 바깥쪽으로 가볍게!필요한 부위에 여러 번 덧발라도 백탁현상이 없이 잘 발려서 만족스러워요. 알로에, 동백꽃, 아카시아, 히비스커스 등이 함유되어 ​자외선 차단 효과뿐만 아니라 피부 진정, 보습, 모공커버까지 알로엔 선스틱 하나면 끝! 발림성과 흡수율도 좋은 멀티 자외선 차단제 ! 알로엔 클리어 쉴드 선스틱 추천합니다.  
 
",9,4,1,162,0,1,4831.2,150,revu,2020. 9. 8. 18:02,12968,9467303,,0
30,https://blog.naver.com/chanseong1?Redirect=Log&logNo=222046522508,"열심히 운동을 하고 나면 몸은 아주 개운하지만 젖은 옷과 수건에 빨랫감은 계속 쌓여만 갑니다.빨래를 거의 매일 하기 때문에 세제 성분도 꼼꼼히 살펴보는데요.  이번에는 쑥 추출물과 식물유래 성분이 함유된 천연 유래 생활용품 브랜드 제품을 사용해보기로 했습니다.쑥의 효능을 담은 제품 바로 쑥소쿰 세탁세제 & 섬유유연제예요.여린 쑥잎만을 채취하고, 한소끔 끓여 배합하면 완성되는 쑥소쿰 제품 !  그런데 쑥을 활용한 이유는 뭘까? 여린 쑥잎의 시네올 성분이 피부 보호와 냄새 제거, 제균, 세정에 도움을 준다고 해요.유해물질이 첨가되지 않아 안심하고 사용할 수 있는 쑥소쿰은 가성비도 좋기 때문에 온라인에서 인기가 좋아요. ​세탁세제와 섬유유연제 1.8L + 1.6L 리필용 3개씩,그리고 400ml 추가 증정까지!요즘은 친환경 제품들을 시중에 많이 볼 수 있습니다. 그런데 정말 친환경 제품인지 의심이 갈 때가 많은데요. ​쑥소쿰 세탁세제 중앙에는  동그란 녹색 마크가 있습니다.환경부 친환경 마크 획득!​공인기관에서 친환경 마크 인증을 받은 제품이니 믿고 사용할 수 있어요.일반 세탁기, 드럼 세탁기 겸용! 제품 뒤에는 표준 사용량도 자세하게 나와있습니다. 뚜껑을 열면 상쾌하고 은은한 쑥향이 기분 좋게 만들어요.​ 주입구는 깔때기 모양이라 넣을 때 흘리지 않고 깔끔하게 사용 가능합니다.세탁기를 돌리기 위해  뚜껑에 따라봤어요. 걸쭉한 타입이 아닙니다.그린 컬러의 세탁세제 ! 헹굼성이 뛰어난 중성 세탁세제예요.반투명 흰색의 섬유유연제 !  천연 유연 성분이 함유되어 섬유를 부드럽게 해주며, 헹굼 시 은은한 쑥향이 솔솔~가끔은 빨랫감이 너무 적어 급하게 손빨래를 하는 경우가 생기기도 합니다. 손세탁 하는법은 미지근한 물에 세제를 넣어 부드럽게 손으로 비벼 세탁하고 2~3회 헹궈주면 끝 !​헹굼성이 좋기 때문에 깔끔하게 세탁할 수 있어요.온 가족 안심하고 쓸 수 있는은은한 쑥향의 쑥소쿰 친환경 세탁세제 & 섬유유연제 추천합니다. 
 
",15,7,2,230,0,1,4831.2,93,text_ad,2020. 7. 30. 19:41,12968,9467303,,0
31,https://blog.naver.com/chanseong1?Redirect=Log&logNo=222036159729,"땀이 많이 나는 여름철  빨래도 더 자주 하게 되네요.​빨랫감이 많기 때문에 세탁세제와 섬유유연제도 그만큼 많이 사용하다 보니슬슬 바닥이 보이기 시작합니다.섬유유연제가 더 급해서 대용량 제품을 알아봤는데요. 섬유유연제는 뭐니 뭐니 해도 향이 좋은 게 최고죠!​너무 강하지 않고 은은하게 나는 향기 좋은 섬유유연제를 찾다가 가성비도 좋은 천연섬유유연제를 알게 되었습니다.바로 살림백서 액체 섬유유연제 !2000ml의 대용량이라 가성비 좋은 제품이에요.오래 두고 사용할 수 있겠어요. 뚜껑을 열면 귤 비슷한 과일향이 풍겨 나옵니다.​인공적이지도 않고, 너무 자극적이지도 않은 은은하게 풍기는 향이에요.주입구도 뾰족하게 되어 섬유유연제를 넣을 때 흘리거나 넘칠 일도 없습니다.뚜껑 안쪽을 들여다보면 큰 숫자가 보여요.계량컵으로 사용할 수 있습니다.일반세탁기와 드럼세탁기 표준 사용량도 나와 있어요.과하지 않은 최소화를 원칙으로 하는 살림백서!​천연 성분을 사용하였고,  화학성분은 줄였다고 하니 건강과 자연을 모두 지키는 멋진 브랜드인 것 같습니다. 전 성분을 공개한 제품  살림백서 섬유유연제 ! 안심하고 사용할 수 있어요.계량컵으로 활용할 수 있는 뚜껑을 사용하니 무겁지 않고 간편합니다.사용량에 맞게 따라서 섬유유연제 칸에 넣으면 끝!  구연산을 주성분으로 만들어섬유 유연 효과가 있고, 정전기 방지 효과도 있어요.불필요한 화학물질은 최소화,착한 성분을 사용하여 만든 가성비 좋은 대용량 섬유유연제!​살림백서 섬유유연제 추천합니다. 
",10,6,1,162,0,1,4831.2,115,revu,2020. 7. 20. 17:30,12968,9467303,,0
32,https://blog.naver.com/chanseong1?Redirect=Log&logNo=221869396702,"식구는 많지 않아도 매일 어디선가 나오는 빨랫감!빨래를 자주 하다 보니 세제도 금세 다 써버렸습니다.그래서 세탁세제를 다시 구매하려고 하는데요.​늘 내 피부에 닿는 옷들인데 안전하고 좋은 성분이 함유된 제품으로 사용해야겠죠.​그런데 마침 피부자극 없이 안심하고 사용할 수 있는 세탁세제와 섬유유연제가 있어 사용해보기로 했습니다.바로 ​슈가버블 섬유유연제 & 세탁세제 !용량은 각 1560ml로 아주 튼튼한 에어캡에 꼼꼼하게 포장되어 도착했어요.뚜껑은 계량컵으로 되어있어사용량을 확인하기 쉽네요.​배송 중 내용물이 새지 않도록 안전씰 스티커도 부착 !권장 사용량도 나오는데요.3배 농축한 제품으로 소량만 사용해도 됩니다.고농축 섬유유연제 슈가버블 스위트드림이에요.미세 플라스틱 미검출! 8가지 방부제 불검출 !피부에 자극을 줄 수 있는 성분은 최대한 배제하였으며, ​야자수에서 유래한 100% 식물유래 성분으로 안심하고 사용할 수 있어요.고농축 세탁세제 슈가버블 더스트킥이에요.섬유 속 미세먼지를 약 91.7% 제거할 수 있고, 복합 7종의 효소 함유로 찌든 때까지 아주 깨끗하게 세척도 가능합니다.​옥수수, 코코넛, 밀 등 100% 식물유래 성분으로 세제 역시 안심하고 사용 가능해요.기존의 자사 제품보다 소량만 넣어도 되니 경제적으로도 좋은 제품입니다.세제의 강력한 세척력과 섬유유연제의 풍부한 퍼퓸향이 건조 후에도 오랫동안 지속돼요.피부자극 테스트 완료! 엄선된 원료만을 넣어 만든 믿을 수 있는 안전한 제품​고농축 슈가버블 스위트드림 & 더스트킥 추천합니다. 

-
트 086비610
04066

본 포스팅은 실제 상품이나 서비스를 제공받아
건강한 리뷰문화를 만들기위해 작성한 진솔한 후기입니다.

 

 
 
 
",13,8,1,161,0,1,4831.2,73,text_ad,2020. 3. 23. 23:34,12968,9467303,,0
33,https://blog.naver.com/chanseong1?Redirect=Log&logNo=221857368278,"섬유를 부드럽게 해주며, 정전기 방지와 좋은 향을 위해 주로 넣는 섬유유연제 !​하루하루 빨랫감이 많이 생겨 금세 다 써버리는데요.이번에는 적은 양으로도 충분한 유연 효과를 볼 수 있는  고농축 프리미엄 섬유유연제를 사용해보기로 했습니다.바로 ​홈앤브릭 섬유유연제!꼼꼼한 에어캡에 포장되어 택배로 안전하게 배송받았어요.배송 중 누수될 수 있는 위험을 방지하고자 안전실링 포장까지!​향은 꽃향기가 은은하게 풍기는 폴라리스 베이비 파우더예요.표준 사용량도 나오는데요.용량은 1000ml이며,  ​고농축 섬유유연제이기 때문에 세탁물 3~5kg 기준으로 약 40회 사용이 가능합니다. 발효콩, 편백, 버드나무 등 7가지 식물성 항균원료를 사용한 특허 등록된 혼합 추출물!뛰어난 항균성과 피부진정, 피부보습 효과도 있어요.세탁기 섬유유연제 칸에 조심히 부어 사용해봤습니다.​항염, 항알러지 효과도 갖춘 프리미엄 섬유유연제예요.재스민, 은방울꽃 향기와 오렌지 향도 더해져 싱그럽고 깨끗한 느낌의 향을 은은하게 느낄 수 있어요.고급스러운 향과 인체에 무해한 7가지 천연 원료로 구성된 믿을 수 있는 안심 섬유유연제!​ 홈앤브릭 고농축 섬유유연제 폴라리스 베이비파우더향 추천합니다. 

미      불을 통해 본 업체로부터
제품 또는 서비스를제공받마 작성된 리뷰입니다
「,】

 
 
",10,7,1,125,0,1,4831.2,79,text_ad,2020. 3. 17. 7:03,12968,9467303,,0
34,https://blog.naver.com/chanseong1?Redirect=Log&logNo=221657862600,"빨래를 해도 늘 쌓여있는징글징글한 빨래 더미들.운동을 매일 하기 때문에특히 수건이 많이 나옵니다.세탁세제도 금방 쓰게 되네요.그리고 빨래할 때 마지막 헹굼 단계에서 넣는세탁보조제인 섬유유연제 !​옷감을 부드럽게 해주고,정전기 방지 기능과옷에서 쾨쾨한 냄새 대신기분 좋은 향기를 내기 위해 주로 사용하는데요.​싸지도 않은 가격에만약 세탁을 끝낸 후향도 별로 나지 않으면살짝 짜증이 나죠.그런데 크기도 대용량에저렴하여 가성비 좋고,향까지 마음에 드는 섬유유연제를 발견했어요.바로 컨센서스 섬유유연제 !​향 종류에는 ​화이트머스크,베이비파우더, 스위트플로럴시크릿플로럴향들이 있는데요.​이건 익숙한 향인 부드럽고 편안한 베이비로션향 !한 손으로 들기에는은근히 무겁습니다. ​처음 드는 생각은5.5L 무거운 대용량이라 섬유유연제 양 조절하기엔사용하기 불편할 것 같았는데요.​펌프가 부착되어 있어서의외로 더 편리합니다.뚜껑은 용량을 알 수 있게눈금선이 나와 있는 계량컵으로 되어 있네요.사용 방법은 간단합니다.먼저, 용량에 맞게 계량컵에 따르는 방법이 있고요.다음 방법은 사진처럼펌프가 아래로 향하도록세탁기 위에 눕혀둡니다.섬유유연제 투입구에맞춰 위치를 잡아주고요.펌프를 꾹 눌러서섬유유연제 투입구에넣어주면 됩니다.시원하게 잘 흘러나와요.액체가 잘 나오지 않으면캡을 살짝 돌려주세요.​캡을 조금씩 열어주고펌프를 누르게 되면나오는 양 조절도 가능합니다.수도꼭지 틀 듯이간편하게 사용이 가능해요.오히려 더 수월하네요.섬유유연제 MAX 선까지 깔끔하게 잘 맞춰서넣어주면 끝입니다.순수 국산제품인컨센서스 섬유유연제는식물유래 계면활성제를사용하였기 때문에친환경 저자극 제품이에요.파라벤, 형광증백제, 표백제, 인산염, 색소, 효소 등을 넣지 않은 유해성분 0% !​화학물질 최소한의 사용으로안전한 제품이라고 해요.알로에베라, 카모마일, 라벤더화장품 원료에서 사용하는식물추출물이 다량 함유돼​뛰어난 자연 보습 효과와 섬유보호 효과까지 !고급성분 EQ의 함유량을 높였기 때문에 부드러움을 강화시켰고,​퍼퓸계의 향기로 세탁을 끝마치고 나면향이 오래가서 좋습니다.냄새에 민감한 편인데요.편안하고 달콤하면서도 은은한 베이비로션향은 아주 만족스러워요.양은 넉넉한 대용량에 안심성분 사용으로온 가족이 사용 가능한친환경적 저자극 제품!​보습력까지도 좋은 컨센서스 섬유유연제베이비로션향 !​민감한 피부이신 분이나너무 자극적인 향기를 부담스러워하시는 분은한번 사용해보세요. 
",13,10,2,213,0,1,4831.2,167,,2019. 9. 24. 13:45,12968,9467303,,0
35,https://blog.naver.com/chanseong1?Redirect=Log&logNo=221577636921,"여름철 대체로 습기가 많지만건조한 방이 하나 있어요.아들 방인데요.​습도 유지를 위해서소형가습기 하나 있었으면 좋겠다고 생각했습니다.그런데 무드등 기능까지되는 미니 가습기가 있네요.코드26 미니가습기입니다.조그만 미니 박스에 귀엽게 담겨왔어요. ㅎㅎKC 안전인증 마크도획득한 제품으로 안전성 보장 !크기도 미니사이즈에무게도 0.25kg로 가벼워서콘센트만 있는 곳이라면휴대용 가습기로 좋아요.​저전력 설계로 만들어져전기세도 저렴합니다 ㅎㅎ구성품은 가습기 본체와 어댑터, 설명서가 들어있어요.가습기 바닥면에는 미끄럼 방지패드가 있어안정적으로 사용 가능합니다.어댑터 연결하는구멍도 있고요 ㅎㅎ가습기 앞면에는 전원 버튼과  LED 조명 버튼분무량 조절바가 있어요.​전원(POWER)버튼으로타이머 기능도 가능한데요.​한번 누르면 가습기 작동 두번 누르면 1시간 타이머세번 누르면 3시간 타이머네번 누르면 6시간 타이머 !다섯번 누르면 전원이 꺼집니다.조명(LIGHT)버튼으로는한번 누르면 웜 라이트 점멸두번 누르면 LED 색상 변환세번 누르면 색상 고정네번 누르면 조명이 꺼집니다.6가지 색상 무드등을켤 수 있어서 분위기도 있고정말 마음에 듭니다.조명을 영상 촬영하니색상 변환할 때 흔들리는데실제는 자연스럽게 바껴요 !이 구멍이 가습 분출구예요.덮개를 열어서 물을 채웁니다.물탱크 용량은 400ml수위 표시선에서 2cm 낮은 지점까지 물을 채우면 됩니다.미세한 물입자가 분무되는데요.뚜껑이 360도 회전 가능해서분사구를 전환할 수도 있어요.저소음이며, 응결 되지 않고 미세분사해서 바닥에물고임도 없어요.가벼운 미니사이즈에 디자인도 인테리어로 예뻐서이곳저곳 배치해가며사용하고 있습니다.간단하게 집들이 선물이나 사무실, 친구 병문안 선물로괜찮을 것 같아요.​실내 습도를 유지하면감기와 호흡기 질환 예방에 도움도 된다고 하니하나 있으면 좋습니다.이 글은 위블을 통해 본 업체에서
제품 또는 서비스를 제공받아 작성된 글 입니다.

세
 
 
",14,12,1,167,0,2,4831.2,163,text_ad,2019. 7. 5. 13:10,12968,9467303,,0
36,https://blog.naver.com/chanseong1?Redirect=Log&logNo=221633707938,"마우스패드가 오래됐는지밑면이 미끄럽고크기도 작아서 불편합니다.그래서 이번엔 좀 더 커다란 마우스패드를 찾아보다가알게 된 제품이 있습니다.마우스패드와 무선충전이한번에 가능한플라이토 무선충전 마우스패드!일반적인 마우스패드보다크기가 2배 이상 더 커서자유롭게 마우스를 움직일 수 있는데요.​최대 10W까지 지원하는고속 무선 충전까지 !책상 위의 공간 활용성을높여줘서 정말 좋습니다.컬러는 그레이와 네이비두 종류가 있는데요.네이비를 선택 !​C타입의 USB 케이블도함께 제공됩니다.사이즈는 가로 80cm,세로 30cm의 크기라서자유롭게 마우스를 움직일 수 있습니다.바닥은 미끄럼 방지 !컴퓨터나 아답터 등 USB 전원을 연결해야무선 충전을 할 수 있어요.가볍고 얇은 두께라서돌돌 말아서 간편하게휴대하기 편하고요.​과전압, 과전류, 과열보호 등보호회로 시스템으로휴대폰을 안전하게 충전할 수 있습니다.충전 패드는 가죽,상단은 메탈라운딩으로디자인이 정말 고급스러워요.마우스패드는 친환경 PU소재 직물을 사용하였다고 해요.​부드럽고 푹신푹신한 쿠션에오래 사용해도 손목이 아주 편안합니다.패드 라인에 맞춰무선 충전을 해야 돼요.​충전 대기나 완료 시에는파란불이 켜져 있으며,충전 중일 때에는녹색불이 들어옵니다.크기가 큰 대형 마우스패드와고품질 소재 사용 !고속 무선충전까지 가능한플라이토 마우스패드 !​프로게이머나 사무실에서장시간 마우스 작업을 하시는 분께 적극 추천합니다.                별
 
",9,9,1,125,0,1,4831.2,152,text_ad,2019. 8. 30. 18:53,12968,9467303,,0
