,Post URL,Post,Image num,sticker num,gif num,Paragraph num,Comment num,Video num,weekly viewer mean,Sympathy num,AD,Posting Date,Buddy num,Total visit,Blog category,Comment detail
0,https://blog.naver.com/charming_journey?Redirect=Log&logNo=222063260449,"요즘 잔고장이 많아 슬픈 아반떼 HD 16년올해 여름엔 에어컨이 고장나서 수리비만 20만원타이어 교체도 해줘야 하지 엔진오일 바꿔줘야 되고 비가 많이 와서 발수코팅제도 해줘야하지 등등 요즘 손가는 일이 많아졌는데요.​아반떼 HD를 타면서 자주 든 고민은 블루투스였어요. 차주이자 제 인생의 동반자인 분의 직업이 차를 타고 이동하는 시간이 많거든요. 심심하지 않게 노래도 들어야하고 오는 전화 바로 받아줘야하고 길도 잘 찾아서 제시간에 도착해야하고. 차 안에서 해야할 일이 참 많은데요.  그만큼 차 안도 복잡했어요. 안드로이드 핸드폰 충전기, 블루투스 이어폰과 그 충전기, 아이폰 충전기, aux 선 까지 꽂을 수 있는 구멍은 다 꽂았어요. 꽂는 건 까지 좋은데  선정리가 안되서 엉망진창인거에요. 떨어지고 밟히고 고장나고 또 사고 무한반복!!!!Aux선이 한달을 못 가더라구요. 내구력 떨어지는 제품도 문제가 있겠지만 가장 큰 원인은 관리 소홀인데 어쩌겠어요. 그래서 일렉트로마트 다이소 하이마트 등 aux을 판다면 가서 둘러보고 하나식 구매해 본 거 같아요. 거기에 날린 돈이 얼만지 ..​그래서 정 안되겠다고 생각이 들어 네이버에 검색해서 제 맘대로 구매해버렸죠 뭐.  안그럼 평생 aux선만 찾으러 다닐테니...​​2020년 4월 2일에 샀으니 벌써 5개월째 사용하고 있었네요. 협찬아니고 리얼 #내돈내산 리뷰입니다.​3JR 차량용 블루투스 V5.0 무선 리시버/자동차 핸즈프리 aux 오디오 수신기 동글이​네이버에 차량용 블루투스 aux 라고 검색했던거 같아요. 처음 남자친구한테 선물했을 때는 뜨뜻미지근한 태도를 보이더니 지금은 아주 좋아라 합니다.​구매할 때 기준은또 고장날거라 생각했기에 적당한 가격빠른 블루투스 연결정리정돈정도 였던거 같아요.​실제로 사용하고 있는 차량용 블루투스 리시버라 포장 뜯는 거 없이 바로 보여드릴게요.​디자인은 아주 심플해요. ​베터리를 충전하는 Usb블루투스 기능이 없는 아반떼 hd에 연결할 aux간편조작이 가능한 리모컨잘 사용하지 않는 리모컨 부분입니다. 블루투스 기능이 없는 자동차이다보니 전화를 받을 버튼 대신 사용하는 리모컨입니다. 제 동반자는 따로 블루투스 이어폰을 사용하고 있기 때문에 굳이 버튼 누를 일이 없어 그냥 바닥에 두고 사용하고 있습니다.​3m스티커가 붙어있는 자석입니다. 스티커를 제거하고 원하는 부분에 붙면 리모컨이 붙어있다고 하는데 저는 스티커가 차에 붙는게 싫고 선이 늘어지는건 더 싫어서 그냥 바닥에 두고 사용하고 있습니다.실사용후기들을 보니 운전중에는 떨어지지 않는다고하니 쓸만한가 봅니다.​지저분한 선이 싫어서 블루투스 리시버 스피커 개봉 후에도 끈을 풀지 않고 있어요. 끈 풀면 여기저기 흩날릴게 뻔하기에 절대절대 끈을 풀지 않습니다.​3JR 차량용 블루투스 V5.0 무선 리시버/자동차 핸즈프리 오디오 수신기 동글이 Aux 와 usb 입니다. 5개월째 사용하고 있어도 새것같지 않나요.​이제품을 구입한 이유는 블루투스 5.0이기 때문이었어요. 선도 줄여야 하는 것도 맞지만 연결이 안되는거 만큼 짜증나는 일도 없어야 하니까요.확실히 블루투스 5.0 빠릅니다운전 중에 전화하면 위험하지만 일은 해야해서 블루투스 이어폰을 사용하고 있는 동반자입니다.블루투스 이어폰과 블루투스 리시버가 자동으로 왔다갔다 해줘야 덜 위험할거라 생각이 드는데 전화와서 블루투스이어폰을 누르면 바로 이어폰으로 넘어가고 전화가 끝나면 바로 자동차에 연결된 블루투스 리시버에 연결되어 음악이 나옵니다.​다행이 이 차량용 블루투스 리시버는 핸드폰 블루투스만 켜 놓는다면 알아서 자동으로 연결해 줍니다.원산지가 중국이라 그런지 처음에 “연결하겠다,디자이스찾겠다 연결했다” 라고말하는 여자분 음성이 어색했습니다.​차량용 블루투스 사용법은 엄청 쉬웠어요.전원 꽂고 aux 꽂으면 전원과 블루투스 연결기기 찾기가 됩니다.핸드폰에서 블루투스 기기만 찾으면 연결 성공!그 다음엔 자동으로 블루투스를 잡기 때문에 번거로울 일이 없더라구요.​장점19700원이라는 가격, 블루투스 연결 빠름5개월째 사용중인데 고장없음 (1년 as가능),가벼움음악 듣기 용으로는 좋다.​단점 처음에 여자 목소리가 어색함사용자에 따라 주렁주렁 가능성 있음통화음질은 상대방이 안좋아요.시끄럽고 울리고 다시 내 목소리를 들을 수 있어요. 
 
 
",7,2,0,452,2,1,164.6,0,,2020. 8. 17. 22:08,382,226410,,"['좋은 글과 사진들이 참 많네요. 자주 소통해요!', '코시 페블 차량용 블루투스 기기네요^^The bluetooth device is ready to pair.(블루투스 연결 대기 중입니다.)The bluetooth device is connected successfully.(블루투스가 연결 되었습니다.)']"
1,https://blog.naver.com/charming_journey?Redirect=Log&logNo=222442979459,"여름의 어느날 인사동에 방문했어요. 인사동은 사람이 많아 매번 지나만 가다가 유독 한적한 날이라 인사동 구경이 하고 싶어지더라구요. ​​짙푸른 나무가 길게 늘어선 인사동에는 기념품을 사기에 좋은 예쁜 공예가 가득한 소품샵이 많더라구요. 곱게 핀 능소화가 인사동 쌈지길로 인도라더라구요. 대학생때 해외여행에서 만난 외국인 친구들에게 줄 기념품을 사기 위해 방문했던 인사동 쌈지길은 우산이 가득했는데 이번에는 리사이클 된 페트병이 많이 걸려있더라구요. ​인사동 쌈지길은 입구에 들어서 오른쪽 계단을 타고 올라가면 완만한 경사로 쌈지길을 고루 둘러볼 수 있는 재밌는 공간이었어요. 오랜만에 방문해서 인지 새로운 기념품샵이 많이 생겨 구경하는 재미가 쏠쏠하더라구요. ​인사동 쌈지길은 개인 공방들이 많더라구요. 귀여운 캐릭터에서 나만의 시그니처 가죽공방까지 시간가는 줄 모르고 구경하게 되더라구요. 야외건물이라 마스크 착용하고 더 편하게 다녔던거 같아요. ​인사동 쌈지길을 걷다가 마스크 사이로 흘러 들어오는 향이 좋아 방문한 리프레~! 재택근무가 늘어나면서 집이 쉬는 곳이 아닌게 되더라구요. 때마침 인사동 리프레에서 할인 세일 행사를 하고 있어 매장을 둘러보았어요. 전문 조향사가 만든 인기있는 디퓨저 제품은 품절인 경우도 있더라구요. ​집들이 선물로 좋은 리프레 디퓨저는 오픈하면 실내 환경에 따라 달라지겠지만 4~6개월 지속된다고 해요. 다퓨져 스틱도 우드가 아닌 섬유형태로 향이 풍부하게 발향될 수 있도록 도움을 준다고 하더라구요. ​인사동 쌈지길 3층에 위치한 리프레는 전문적인 조향사 개발한 유니크한 향이 매력적인 곳이었어요. 디퓨져뿐만 아니라 룸스프레이 아로마볼 등 실생활에서 기분을 업 시켜줄 아이템들이 많더라구요. ​ 특히 습한 여름 빨래에서 나는 꿉꿉한 냄새를 완화시켜 줄 수 있는 탈취제가 눈에 들어오더라구요. ​리프레에서 가장 충격적이었던 건 향들에 스토리를 입혀 기억에 더 잘 남고 조향사가 어떤 마음으로 디퓨저를 만들었는지 공감할 수 있었어요. ​리프레 Nap deeply는 주말 오후 두시를 연상하게 만드는 그림처럼 나른한 오후 2시 커튼 사이로 햇빛이 들어오고 쇼파에 누워 밍기적 거리고 싶은 향이었어요. 기본 노트는 우드향으로 가장 처음 느껴지는 탑노트는 자몽 라임 만다린으로 창문으로 들어오는 싱그러운 향을 표현하였다고 해요. 미들의 경유 늘어지게 낮잠자다가 일어날까 말까 꼼지락대는 느낌을 주는 은방울꽃과 일랑일랑. 마지막 바텀은 결국에는 쇼파에 누워 착붙이 된 상태를 표현하는 시나몬 파츌리 에 머스크까지. 그림과 함께 향을 맡으니 정말 집에서 편안하게 늘어지게 있는 냅디플리! ​사실 재고만 있었다면 구입하고 싶었던 리프레 투 마이 트립메이트!재택만 하다보니 갑갑했는데 뻥뚫린 자연에서 바다를 보며 자전거를 타는 느낌을 잘 표현 한 디퓨저더라구요. 리프레 투마이트립메이트는 기본적으로 프레쉬를 강조한 디퓨저로 자전거를 타며 바람에 휘날리는 머리카락에서 느껴지는 자유로움을 레몬 로즈마리 멜론으로 표현하였어요. 여름하면 빠질 수 없는 해안가 산책길에 마주한 작은 꽃들을 네롤리 로즈 오렌지플라워. 마지막으로 시나몬 머스크 샌달우드. 여행을 잘 표현한 리프레 to my trip ​부슬부슬 비오는 날 담요 덮고 창문 밖을 바라보는 느낌을 표현한 리프레 코지 온 어 레이니데이. 리프레 cozy on a rainyday 는 포근하니 정말 좋은데 집에서 일하기 싫어지는 단점이 있더라구요. ​스토리가 있는 디퓨저라 눈으로 코로 느낄 수 있어 시간가는 줄 몰랐어요. 향을 많이 피우면 건강에 안좋다는 걸 들었는데 리프레는 kcl 한국건설생활환경시험연구원에서 안정성 검증을 받은 제품이라고 해요. ​고민 끝에 리프레 nap deeply를 구입했어요. 우아하고 간결한 패키지가 마음에 들었어요. 집에서 늘어지게 잠자고 싶었나봐요. ​To my trip 이 아닌게 아쉽지만 nap deeply도 마음을 편안하게 해주어 좋더라구요. 또한 저의 반려식물들과도 잘 어울릴 거 같았어요. ​리프레 섬유스틱은 23cm로 4~6주 정도 사용가능 하다고 하더라구요. 2개월 이후에 발향이 잘 되지 않는 경우 섬유스틱을 반대로 꽂아 주거나 교체해 주면 된다고 하더라구요. ​​인사동 나들이 기념품으로 구입한 리프레 냅디플리는  사용환경이나 우드스틱의 갯수와 길이에 따라 다르지만. 리프레에서 구입한 섬유스틱 기준으로 3개정도로 추천해 주시더라구요. ​코르크 마개로 되어 있어서 뚜껑을 닫아두면 향이 덜 날아가 재사용이 가능하다고 하더라구요. 여러가지 디퓨져를 구입해서 그날의 기분에 따라 오픈해도 좋을 거 같더라구요. ​혹시 궁금하신 분들을 위해 링크 남겨 놓을게요!​#인사동기념품, #리프레디퓨저매장",25,0,0,521,1,0,164.6,5,revu,2021. 7. 23. 22:41,382,226410,,[]
2,https://blog.naver.com/charming_journey?Redirect=Log&logNo=222401107078,참치회 든든히 먹고 고양 스타필드를 돌아보다마스크를 뚫고 들어오는 꽃집향에 이끌려들어간 rest in nature 고양 스타필드에는 디퓨저 파는 곳이 많았는데 막상 구입해 본 적은 없었어요. 이번엔 마스크를 뚫고 들어오는 은은한 꽃집향에 이끌려 레스트인네이처에방문하였어요. ​고양 스타필드 디퓨저의 정체는 Rest in nature 의 Florist꽃집향 답게 이름도 플로리스트향을 잘 나게 하려고 디퓨저 뒤에 선풍기를 배치했더라구요. ​레스트인네이처에는 총 4가지 향이 있었어요. 자연 속에 있는 것 처럼 rest in nature의 향들은 우드/허브/그라스/플로리스트 나무향 허브향 풀향 꽃향이렇게 있더라구요. ​플로리스트 향에 빠져 방문하였는데 차량용 방향제로 사용하기에는 플로리스트 향이 저희 차 안에 두기에는 안 어울리는 거 같고 그리고 아깝더라구요. ​플로리스트는 해가 잘 드는 넓은 거실과 잘 어울릴 향이란 생각이 들더라구요. ​준비된 차량용방향제로는 레스트인네이처 플로리스트 뿐이라 저희 차와는 어울리지 않지만 향이 좋기 때문에 구입했어요. ​120ml로 넉넉한 양과차량용디퓨저로 사용할 수 있는 공병그리고 끈끈이​차량용 디퓨저로 rest in nature wood 구입하고 싶었지만차량용 디퓨저 세트가 없어서 아쉬웠어요. 플로리스트 다 사용하면공병을 우드로 채우려구요. ​사용방법도 상세히 적혀 있어요. 디퓨저 공병을 가득 채우지 말라고 하네요. ​120ml 로 넉넉한 양이랴차량용 디퓨저에 30ml 정도 넣고나머지는 집에서 사용하고 있어요. ​세트에 들어 있는 접착패드가 실리콘같은 재질이라디퓨저가 넘어지지 않을까 걱정했는데 구입하고 1주일째 끄떡 없더라구요. 먼지많은 차안에서 싱그러운 꽃집향이라니 언발란스하지만차에 타서 마스크 벗을 때마다정말정말 행복하더라구요. 깊게 숨을 들이마시게 된달까요. 팀장님도 꽃집향을 맡으셨는지방향제 어디서 샀냐고 물어보시더라구요. ​마스크 안에 갖혀서 쿰쿰한 냄새만 맡다가꽃집향은 신세계~꽃집향을 좋아해서 꽃집에서 일하고 싶다라는 생각도 했었는데. ㅋㅋㅋ그 생각은 접어야겠어요. ​고양 스타필드에 방문하신다면3층에 있는 레스트인네이처 꼭 한 번 방문해 보셔요. 저처럼 인식하고 있지 않아도 한번 향을 맡으면 자연스럽게 구입하고 있는 자신을 보게 되실거에요. ㅋㅋ​​​​,9,0,0,232,0,0,164.6,4,,2021. 6. 17. 13:22,382,226410,,0
3,https://blog.naver.com/charming_journey?Redirect=Log&logNo=222277153894,"아부지 구두 닦아 드리면서 구두끈이 많이 삭았더라구요. 구두 구입매장에서 구두끈을 사왔어도 좋았겠지만 급한대로 집 근처에 있는 다이소에 방문했어요. ​다이소 운동화끈으로 가장 기본적인 대각선 스타일의 흰색 운동화끈이 가장 눈에 띄는 곳에 위치해 있었어요. 흰색 운동화끈은 길이가 120cm에 폭이 약 8mm정도에요. ​랜드로바 캐쥬얼 운동화끈 스타일의 밤색끈을 찾고 있어요. 다이소 운동화끈은 정말 형형색색 다양하더라구요. 계란형 오발스타일의 운동화끝은 색이 정말 다양했어요. ​다이소 운동화끈 형광 주황색부터 회색 흰색 빨간색 투톤끈도 있더라구요. 각자의 개성에 따라 신발끈을 선택할 수 있다는 장점이 있었어요. 너무 다양한 신발끈이라 정작 원하는 색을 찾기란 힘들 수 있겠지만요. ​다이소 운동화끈을 찾으면서 끈의 모양은 생각해 본적이 없었는데 계란형 오발스타일 운동화끈은 통통하면서 동글동글한 형태더라구요. 스니커즈에 잘 어울릴 만한 스트리치 평스타일 운동화끈은 계란형 운동화끈에 비해 색상이 다양하지 않더라구요. 어디에나 어울릴 만한 무난한 흰색과 검정색이 주를 이루었어요. ​다이소에는 운동화끈 뿐만 아니라 등산화끈 경등산화끈 그리고 남성구두끈도 판매하고 있더라구요. 운동화끈만큼이나 다양한 색상은 아닌 어디에나 어울릴만한 무난한 색이었어요. 이름에서처럼 내구성이 뛰어난 등산화끈인데 가격이 저렴하니 주기적으로 바꿔주어도 좋을 것 같다는 생각을 했어요. 날이 좀 더 풀어지면 등산화신고 등산가야겠어요. 다이소 구두끈이 가장 기억에 남더라구요. 요즘엔 정장구두끈도 신고 벗기 편하게 매듭이 없는 끈이 많이 나오는데요. 저는 주로 매장에서 신발을 구입하고 매장직원 분께 요청드려서 그 자리에서 매듭이 필요없는 구두끈으로 바꿔 오는데요. 다이소에도 비슷한 구두끈이 있어 구입하려했는데......뒤 모양을보니 하나씩 끼는 방식이더라구요. 구두매장에 가면 끈 하나로 다 연결해주는데 다이소 구두끈은 구멍구멍마다 끈을 넣어서 거는 형식이더라구요. 신발을 험하게 신는 사람이라 한줄씩 사라질 거 같아 다시 내려놓았어요. ​다행이 제가 원하던 색의 다이소 신발끈을 찾아서 구입해왔어요. 밤색은 재고가 한개뿐이라 운이 좋았어요. ​로
 
",13,0,0,233,0,0,164.6,7,,2021. 3. 16. 11:56,382,226410,,0
