,Post URL,Post,Image num,sticker num,gif num,Paragraph num,Comment num,Video num,weekly viewer mean,Sympathy num,AD,Posting Date,Buddy num,Total visit,Blog category,Comment detail
0,https://blog.naver.com/cherish_yy?Redirect=Log&logNo=222256764430,"​​​​얼마전, 아주 운 좋게 구매하고요즘 아주 자주 들고 다니는 토일레트리26공홈 도전하다 매장에서 구매하게 된생생한 구매후기는 따로 자세히 남겨 두었답니다.​​​토일레트리 하면 꼭 따라다니는 말이비옷, 이너백, 카우커버 등 이에요​​정말 가죽 하나로만 만들어진 듯한 초심플 파우치(겸 클러치) 이지만여러 아이템을 이용해 활용도를 높일 수 있어요.​​​이너백, 카우커버, 비옷 중제일 먼저 구매 한 것은 이너백 !!​수납 공간이 하나인 토일레트리에게이너백은 선택이 아닌 필수템인 것 같아요.이너백은 정말 다양한 곳에서 판매되고 있는데,사몰가가 유명한건 다들 아실거에요.탄탄하게 잡아준다는 리뷰가 많은 것이 맘에 들어서전 블링앤쥬 라는 곳에서 구매 했어요.​​​​지퍼 형 1개, 주머니 2개 가 있는 구조로 구매했어요.​​토일레트리에 이너백 장착한 모습들뜸없이 딱 맞아요~!이너백을 해야 토일레트리의 각이 잡혀서 더 예쁘게 들고 다닐 수 있답니다.완전 만족 하고 있어요~~​​​​아직 비옷과 카우커버는 못샀는데하나하나 구매하며 후기를 추가하도록 할게요*^^*​​​​​​​​ ​​오래도록 클러치로 들고다니다이번에 체인을 구매하여 체인을 달아보았어요!!이너백에 체인을 달고 난 뒤의 모습!!정말 또 다른 가방이 된 것 같네요?!활용도 갑!! 토일레트리26구매는 로맨티코페르테에서 라이트골드 100cm로 했답니다.실제 100cm 체인 달면어깨에 매면 이정도 길이에요!!증말 너무 예쁩니다♥️​​​​​​​​#토일레트리 #토일렛26 #토일레트리26 #루이비통클러치 #루이비통파우치 #루이비통 #토일레트리이너백 #토일레트리비옷 #토일레트리26착샷 #토일레트리26크기#토일레트리체인 #토일렛체인 #루이비통체인",14,0,0,153,10,0,55.6,80,,2021. 2. 26. 0:06,272,89981,상품리뷰,"['오 예뻐요 쩌아님🥺', '이너백 넘 예뻐요👍🏻👍🏻', '멋져요 소통해요', 'ㅋㅋㅋㅋㅋㅋ 오늘 고고 하나여??', '함갈까용?.?', '갑시다~~ 몇시 가나여!? ㅋㅋㅋㅋㅋㅋ', '10시쯤 되지 않을까 싶습니당 케켘', 'ㅋㅋㅋㅋㅋㅋ맞춰갈게요!!!!', '둘고 댕기기에 딱 좋은 사이즈이에요!!넘모 이뽀🙆\u200d♀️']"
1,https://blog.naver.com/cherish_yy?Redirect=Log&logNo=222242654595,"​​​​​드디어 내 품에 왔어요..♥️루이비통 파우치 토일레트리26( 이 아이를 클러치로 많이들 알고 있지만정식명은 파우치에요,하지만 저도 클러치로 쓸 생각으로 구매!)​​​줄여서 토일렛26이라고도 자주 불리는 이 아이.구하기 힘들기로 유명한 이 아이.덕분에 일주일 내내 공홈을 수차례들어가게 했던이 아이.​​​결국 저는 3,6,9시 공홈구매는 포기(?)실패하고,잠실에 갔다가 우연히 혹시나 하고 들린루이비통 롯데백화점에비뉴엘월드타워점에서구매에 성공했습니다. 어예 소리질러~~​​​지긋지긋한 공홈은 빠이~~​​​​구매 스토리를 간략하게 얘기하자면,잠실 간 겸에 혹시 모르니까 재고 있나 물어라도볼까? 하고 잠실 롯백 루이비통을 갔어요.1층 매장에서 토일레트리26 재고 확인을 하는데확인 해주시는 분이""이건 오픈 시간에 오셔도 있을가 말까여서ㅠ아마 없으실 거..."" 라며 말끝을 흐리시더니""지금 이시간 기준 4층 남성매장에 재고 있어요!""(얼마나 바로바로 나가면 지금 이 시간 기준이란말을 하실까 ㅋㅋㅋㅋㅋㅋ)​두둥~~ 두근두근 하는 맘으로 4층 웨이팅.입장. 딱 하나 남은거 막차 탑승💛매장 직원분들도엄청나게 운이 좋았다고 하네요 *-*​​​<< TIP >>공홈 만 보지 말고, 매장에 직접가서재고 물어보는게 더 빠를 수도 있습니다..!!!​​​​보기만 해도 기분이 좋아지는 사진​​​토일레트리는 15 / 19 / 26 3가지 사이즈가있는데 셋다 인기상품이에요.제가 구매한 건 가장 큰 사이즈인 26​아이패드를 가지고 다닐 목적으로클러치를 알아본건데...웃프게도 아이패드는 들어가지 않아요.너무 예뻐서 그냥 샀어요 ㅎㅎㅎ​(아마 제일 큰 26도 그리크지 않아서 정식명칭이클러치가 아닌 파우치이지 안나 싶어요.)​​​언박싱은 언제나 설렙니다.스페인이랑 프랑스 제조국이 있다는데제꺼는 프랑스산이네요🇫🇷​​​​​​요즘 모노그램 로고가 왜이렇게 예뻐보일까요구찌 디오니서스백이 너어~무 구찌스러워서이제 패턴위주의 디자인은 피하려했는데토일레트리는 또 너어~무 루이비통스럽네요내 취향인걸로 ^^​​​​언능 이너백이랑 비옷 사야겠어요.이너백 등 구매 후기랑 코디 착샷은위의 글을 참고해주세요​​​​​​#루이비통 #루이비통파우치 #루이비통클러치#토일레트리26 #토일렛26 #토일레트리​“
 
 
",8,2,0,196,5,0,55.6,68,,2021. 2. 14. 2:24,272,89981,상품리뷰,"['드뎌겟하신거 추카추카함돠*_*!!!', '네네 얀도리님 어찌나 기쁜짘ㅋㅋㅋㅋ이제 더이상 내꺼인지 내꺼가 될건지 내꺼가 된건지 헷갈리지 않을 수 있어요', '축하드립니당 @', '오우 ㅋㅋ처음보는모델인데 이쁘네요 이거??']"
2,https://blog.naver.com/cherish_yy?Redirect=Log&logNo=222378654040,"​​​​​전주 여행에서 제가 이용한 숙소인 MH호텔은2021년 3월에 오픈한 완전 따끈한 신축 호텔인데요신축호텔인 만큼 정말 완전 깨끗하고 잘꾸며져있어서전주 여행 숙소 찾는 분들께 소개하러 가져왔어요.​​처음 숙소 검색할 땐 전주의 갬성 한옥 숙소를 찾았는데,그런 곳은 이미 인기가 너무 많아서 최소 3개월 전에는예약을 해야하더라구요 ... 그래서 어차피 감성숙소 못가는거 깨끗한 호텔로 가쟈! 란 맘으로 ""신축"" 호텔을 찾다가 발견~~블로그 리뷰를 보니 내부가 너무 예뻐서 여기다! 했죠실제로 지금 조금씩 입소문이 나서 유명해지려고한다고 해요. 전주 객리단길 숙소로!​​​​​​​​위치는 완전 전주 핫플 객리단길에 있어요.객리단길 유명 맛집 및 카페가 어디든 걸어서 5분-8분 컷이면 도착할 수 있다는게 큰 장점!​​​​​​네이버에서 캡쳐 해 온 가격이에요~!가격도 진짜 전혀 비싸지 않고 합리적이에요현재는 따로 사이트가 만들어져 있지 않아서,전화로 예약을 해야해요! 내부 사진 및 정보는 인스타를 통해 확인 할 수 있구요.​저희는 부랴부랴 예약하느라 선택권이 많지 않았어요신관-리버뷰(토) 129,000 예약 ! (뷰만 따지자면 파노라마리버뷰가 짱일거에요)​​​​​​리버뷰 룸의 내부를 보실가요? 진짜 정말 완전 깔끔 그 자체이지 않나요친구랑 저는 들어가자마자 완전 만족했어요!!진짜 깨--끗 했거든요특히 전 ㅠㅠ 정말 바닥이 카페트로 된 호텔을선호하지 않거든요! 제대로 청소가 안될 것 같아서그것마저 완전 찰떡으로 취향저격이었어요.​​​​​​다른각도에서 찍어본 모습입니다.다른 후기들 보면 요기서들 사진을 많이 남기더라구요.화이트 테이블에 파스텔톤 의자로 분위기가 한층더 밝아지는 그런 느낌이었어요!!티비도 정말 증말 완전 컸어요!!여행일정 마치고 침대에 누워 영화한편 보기진짜 좋은 분위기랄가요​​​​​​숙소 선택할 때 가장 중요한 것 중 하나인화장실 컨디션말해 뭐해 신축답게 정말 최상이었습니다.(어매니티는 조금 아쉬웠어요)​​​​​​제일 좋은 점!!객실에 공기청정기랑 스타일러가 준비 돼 있어요요즘 같은 코시국에 공기청정기는 너무 반가웠고여행하구 돌아와서 묻혀온 먼지와 바이러스를스타일러로 다 털어버렸어요 *_*​실제로 현재 엠에이치 호텔은세스코 air 공기청정기 가동바이러스 첨단시스템 가동 으로코시국 바이러스에 대한 철저한 대비를 하고 있어서굉장히 믿음이 가는 곳이었어요.​​​​​​깨알 화장대 조명 너무 예쁘자나요💕​​​​작은 곳 부터 큰 곳 까지 다 세세하게 신경쓴 느낌이팍팍 드는 엠에이치 호텔가성비도 좋고 주요 관광지 접근성도 좋아서전주에서의 기분좋은 하룻 밤을 위한 숙소로완전 추천 합니다 :D ​​​​#전주호텔 #전주신축호텔 #객리단길호텔 #객리단길MH호텔 #엠에이치호텔 #엠에이치호텔객리단길점 #객리단길신축호텔​​",9,0,1,272,15,0,55.6,107,,2021. 6. 1. 11:52,272,89981,상품리뷰,"['군더더기 없이 깔끔하네요정신없는 인테리어보다 안정감을 줘서 쉬기엔 오히려 나은 것 같아요', '와 숙소안에 스타일러 있는곳이 있다니〰️ 😮👏🏻', '차분한 베이지톤 완죠니 제스타일!!!저 이사갈집에 그냥 복사해서 붙여넣기로 인테리어 저걸로 하고싶네용 ㅋㅋㅋㅋ', '깔끔하고 모던한 느낌의 호텔이네요!!! 조명도 따뜻한 느낌이라 쉬어가기 편한 공간이네요 ^^', '스타일러  있는거 너무 좋은것 같아요!! ◟̑◞̑ 롱', '거울 탐나네요ㅋㅋㅋㅋ저희집에도 갖다놓고 싶어요😆되게 비쌀 것 같은데 생각보다 저렴해서 너무 좋네여 ㅎㅎ다음 전주여행땐 저기서 자야겠어요!!', '잘 보고 갑니다']"
