,Post URL,Post,Image num,sticker num,gif num,Paragraph num,Comment num,Video num,weekly viewer mean,Sympathy num,AD,Posting Date,Buddy num,Total visit,Blog category,Comment detail
0,https://blog.naver.com/cocopeople?Redirect=Log&logNo=222003341235,"보석십자수 하고 싶어요!​​어느 날 아이가 유튜브에서 봤다면서 십자수를 하고 싶다고 하네요. 저는 십자수라고 하길래 옛날에 한 땀 한 땀 수놓았던 그 십자수를 생각하고는 아직 어려울텐데? 라고 생각했었는데요, 알고보니 그냥 십자수가 아니라 ""보석십자수""더라고요. ​반짝이는 작은 보석큐빅들을 펜을 이용해서 도안 위에 색깔별로 만들어서 완성하고 스티커로 때서 붙이는 놀잇감이네요. 집중력도 높이고 좋을것 같아서 과감하게 오키오키!! 해줬지요​요즘 밖에 나가기도 힘들고 키즈카페도 거의 못 가는 상황이니까 집에서 놀 수 있는 다양한 놀잇감을 찾고 있는터라 아주 잘됐죠. 맨날 책보고 공부하고 재능학습지 푸는 것도 지겨워하는데 말이에요. 보석십자수를 검색해보니 종류가 어마어마하게 많던데 아이가 좋아하는 캐릭터가 있는 쉬운 버전으로 골랐죠아이가 좋아하는 트롤캐릭터​​트롤은 극장판 애니메이션 영화로 아이들이 모두 즐겨봤던 적이 있어요. 집에 있는 IPTV에도 소장용으로 보관되어 있는 영화이기도 하네요. 귀엽고 다양한 캐릭터들이 옹기종기 모여서 말썽부리고 문제를 해결하는 모습이 참 잼있었어요. 이 트롤의 월드투어 시리즈 캐릭터를 보석십자수로 만들었네요​보석십자수는 종류가 굉장히 많아서 난이도도 쉬운것부터 어려운 것까지 다양한데요. 주로 난이도를 결정짓는 요소는 도안의 크기와 색깔의 종류정도겠네요. 트롤 월드투어 보석십자수는 도안이 작고 색의 종류가 5종류 내외라서 처음 시작하기에 딱 적당한 난이도네요. 초등학교 1학년이 아이도 쉽게 쉽게 하는걸 보니 잘 골랐다고 생각이 들어요집중해서 꼼꼼하게 만들자!​​공부할 때는 집중력이 마구 떨어지고, 게임하거나 TV 볼때에는 집중력이 한 없이 올라가는 아이들.... 그래서 뭔가 만들고 쪼물딱거릴만한 것들을 많이 주려고 하는데 그러기에는 보석십자수가 굉장히 좋네요. 도안에 따라서 붙이면 되니까 전혀 어렵지도 않으면서 은근히 집중해야 하는 놀잇감이에요​하나의 세트에는 도안 + 펜 + 보석이 들어있는데요 아이들은 센스가 있어서 설명서를 보지 않고도 바로 시작하네요.. (유튜브에서 이미 토이채널을 통해 다 알아버린 아이들ㅋ) 도안에는 번호가 적혀있는데 어떤 번호가 어떤 색인지를 보면 눈으로 그냥 알 수 있어서 쉽게 따라하고 시작하네요. ​꼼꼼 + 열심 + 집중보석십자수는 이렇게 만들어요​​두 아이가 같은 자리에 앉아서 각자 하나씩 잡고 만들기 시작하길래 동영상으로 찍어봤어요. 큰 아이는 역시 포피캐릭터를 골랐고 작은 아이는 조금 하다가 누나 하는걸 구경하네요. 아무래도 둘째는 집중력이 누나만큼 따라가기는 멀었나봅니다. 그래도 초등학교 1학년도 하기에 어렵지 않은 난이도에요​보석십자수는 별도의 도구가 없이 한 박스 안에 있는 도구로 다 끝낼 수 있고, 보석이 약간 여유있게 들어있어서 실수없이 만들면 보석이 남을 정도에요. 보석을 조금 잃어버려도 걱정하지 않아도 된답니다. 펜으로 보석을 잡아서 꾹 꾹 눌러주면 붙어지고 그대로 다 말려서 스티커처럼 쓸 수 있어요완성된 트롤 보석십자수 캐릭터​​어느새 후다닥 세 개나 완성해서 만들어버렸네요. 이대로 조금 두면 잘 붙어져서 고정이 되고 이 도안은 스티커처럼 떼어서 다른 곳에 붙일 수 있어요. 아이들은 핸드폰 뒷면에 붙이거나 필통에 붙이는 걸 좋아하네요. 포피 캐릭터를 아빠에게 줄테니 핸드폰에 붙이라고 하는데 이걸 어떻게 해야하나 잠시 고민중이에요ㅋㅋ​포피 보석십자수를 붙인 핸드폰을 들고다니면서 쓰기에는 아빠는 조금 나이가 들었단다라고 말하면 서운할테니 다른 핑계거리를 찾아봐야 겠어요. 좋아하는 지갑이나 책 뒷면에 붙이기도 좋고요. 나머지 두 개는 아들냄에게 주고 스티커로 붙일만한 곳을 찾아보려고 해요. ​​​​​",15,0,0,403,16,1,2831.4,177,revu,2020. 6. 17. 7:57,7017,1313457,교육·학문,"['아이들과 정말 재밌었겠어요! 재미와교육 둘다잡은 놀이같네요 ㅎㅎ제블로그도 총총 놀러와주세용 오랜만에 글 올렸어요!!ㅎㅎ', '귀엽농 ㅎㅎ', '게시글~~아주 잘보고 갑니다.수고 많으셨습니다.오늘도 건강한 하루되시고화이팅 입니다.🔵🔵🔵', '이웃되어 반갑습니다앞으로 자주 뵙고 소통 드릴께요맛나는 점심 되시고 오후에도 힘차게 보내세요감사드립니다', '십자수 저도 어릴때 취미로 했었는데 너무 좋았어요 ㅎㅎ집중도 잘되구요 ㅎㅎ', '손재주가 넘 좋아, 부러워요..........외국엔 손 기술을 가진 장인들을 최고 우대해준다 하더군요.........GOOD', '아이 헤어스타일이 너무 깜찍 하네요 ^^', '기여웡 ~♥', '아이가 넘나 귀여워요 ㅎㅎㅎㅎ 😊💓', '아이가 너무 귀여워용~~~^^&', '즐거운 수요일 유익하고즐겁게 보내세요 ~^^오늘하루 화이팅', '잘보구가요~', '', '칭찬은 해줄수록 더 잘하게 되고정은 나눌수록 더 가까워지며사랑은 베풀수록 더 애틋해지고몸은 낮출수록 더 겸손해지며마음은 비울수록 더 편안해지고행복은 더 커지는 것이니평범한 일상 생활에서도언제나 감사한 마음으로 즐겁고행복하시길 바래요~~^^']"
1,https://blog.naver.com/cocopeople?Redirect=Log&logNo=221491857921," 오늘 아침에 6시반부터 줄섰어요ㅋㅋ그런데 제 앞에 서 있는분도 있었...우산이 제 앞에서 딱 1개 남아있었는데그걸 다행히 앞에 분이 안사고 머그컵을 사신ㅋ덕분에 우산 득템!!!이쁘네여ㅜㅜ눈물이 앞을 가려요어서 봄비가 와야하는데ㅋㅋ알음다훈 자태 칭찬해~♡​이런 축제 자주해주시면 안될까요?스벅 줄서는거는 제가 좀 잘하거든요ㅋㅋ​홈피에 소개되어있는 사진보다실물이 더욱 예쁜건 안비밀~~♡느므 이뻐요~^^​#스타벅스 #스벅 #스타벅스우산 #스벅우산 #스타벅스MD #커피머신 #홈카페 #바리스타 #커피창업 #홈바리스타 #머그컵새매티06
00

(2
 
 
",7,2,0,52,13,0,2831.4,33,,2019. 3. 19. 10:46,7017,1313457,교육·학문,"['역시 스벅 마케팅 잘 하네요!!', '헐 이쁘다...마케팅에 당하고 싶네요', '흐억~~ 저도 당하고 싶네요 ㅠ 이쁘다..ㅠ', '이래서 스벅스벅 하는군요 갖고싶다', '흐엌... 우산너무이쁘다어떻게구하나요..', 'ㅎ헐 왜 저는 우산을 못봣죠??? 엄청예쁘네 ㅠㅠ', '샤워기에 물을 뿌려 동영상을 올려주셨으면 더 좋았을것 같네요..ㅎㅎㅎ', '이뻐요! 이런건 줄서야 살수있는거죠?ㅜㅜ가격은 얼마예요?', '못샀음요ㅠ우울~', '어제 계속 실검에 있던 스벅벚꽃이 이거였군요!', '우산 이뻐요♥ 구하고 싶네요^^', '와~!! 이뻐요!!!!!', '이쁘거...득템 하셨네요']"
2,https://blog.naver.com/cocopeople?Redirect=Log&logNo=221873577861,"* 제목 : 마이크로비트로 메이커 되기* 저자 : 한선관, 김병남, 김병철, 김영준, 문원태* 출판 : 생능출판* 키워드 : #마이크로비트 #창의력 #초등컴퓨팅피지컬컴퓨팅이라는 용어를 아시나요. 또는 오픈소스하드웨어인 아두이노와 라즈베리파이를 들어보신 적이 있으신가요. 십여년전부터 인기가 높아지고 활용도가 증가한 이러한 하드웨어들은 최근에 청소년과 초중등 학생들의 컴퓨팅 사고력 향상을 위한 도구로 사용되고 있습니다. 하지만 기존의 아두이노보드는 초등학생들이 활용하기에 어려움이 있었습니다. 그래서 지금은 영국 BBC에서 제작한 마이크로비트 하드웨어를 이용한 피지컬컴퓨팅이 대세로 떠오르고 있습니다. 피지컬컴퓨팅이란, 블록코딩이나 스크립트코딩으로 구현한 프로그램이 실물인 하드웨어로 즉시 동작하여 물리적인 효과를 직접 볼 수 있는 컴퓨팅 장치 및 기술을 의미합니다. 마이크로비트는 버튼(A,B), LED조명, 가속도센서, 자기센서 등이 탑재된 4cm x 5cm의 작은 하드웨어입니다. 이 자체만으로 컴퓨팅이 가능한 작은 시스템이며 홈페이지에서 블록코딩으로 구현하여 바로 실현이 가능한 피지컬컴퓨팅 장비입니다.마이크로비트는 홈페이지를 통해서 웹으로 코딩하거나 오프라인 프로그램으로 코딩을 할 수 있습니다. 엔트리와 같은 블록코딩을 기반으로 하며 원하는 경우 자바스크립트 코딩도 가능합니다. 마이크로비트는 피지컬컴퓨팅으로 분류되는 만큼 블록코딩이 바로 물리적인 하드웨어로 구현된다는 점이 가장 큰 장점입니다. 엔트리와 같은 블록코딩은 컴퓨터 안에서 소프트웨어로 구현되는 것이 대부분이고 별도의 하드웨어로 구현하기 위해서는 복잡한 절차가 필요합니다. 하지만 피지컬컴퓨팅 하드웨어인 마이크로비트는 처음부터 바로 눈으로 보는 실질적 프로그래밍을 지원하므로 청소년들에게는 직접 만져볼 수 있는 코딩을 경험하게 해줍니다.​다양한 센서와 LED, 버튼 등을 탑재한 마이크로비트 하드웨어는 눈으로 보는 코딩을 구현하게 해줍니다. 따라서 아주 쉬운 프로젝트는 LED조명에 아이콘을 보여주게 할 수 있는데 블록코딩 몇 줄로 해결이 됩니다. 또는 가속도센서, 자기센서 등을 이용하여 스마트폰의 일부 기능처럼 복잡한 기능을 구현할 수 도 있습니다. 또한 확장연결핀과 USB, 블루투스 연결이 가능하므로 음악, 그래픽, 온도 등 수 많은 장비로 확장이 가능하게 설계되어 있습니다. 이 책은 한국인공지능교육학회의 추천을 받았을 뿐만 아니라 인천 지역의 교사들이 직접 경험하고 느낀 컴퓨팅 교육을 담았습니다. 한 단계씩 따라하며 마이크로비트는 경험할 수 있게 쉬운 내용을 담았으며 초등학교 고학년부터 중학생까지 적절하게 사용해볼 수 있을 것 같습니다. 시중에 마이크로비트 관련된 서적이 많이 보이기 않는 상황에서 친절하고 쉬운 이 책을 이용하여 초등학생과 중학생의 피지컬컴퓨팅 능력을 키워줄 수 있습니다. ​​​​​",6,0,0,295,59,0,2831.4,160,text_ad,2020. 3. 26. 7:51,7017,1313457,교육·학문,"['좋은 글 잘보고 갑니다.즐거운 하루되세요.', '오늘두화~~~이팅', '잘봤습니다. 벌써 목요일이네요. 흐린날이지만  화이팅 하세요^^.', '들렸다갑니다 오늘하루도 행복한날되시라고 행복한 기운 놓고갑니다 으랏챠챠 >_<', '초등학생이 이런걸 배워요?', '이런게 있었군요.꽃망울이 하나씩 터트리는 좋은 계절이 왔어요~', '게시글~~아주 잘보고 갑니다.오늘도 힘차게 하루를시작하십시요.🔵🔵🔵', '문과라...ㅎㅎ이해가 안 되지만ㅎ왔다 갑니다^^', '오늘도 좋은 책소개 잘보고가용', '어린 학생들이 이런 분야로는 이해력이 훨씬 높은 것 같아요~', '어려운 책인데 알기 쉽게 설명해 주셨네요', '요즘 학생들은 수준이 어마어마하겠네요 +_+', '이젠 초딩떄부터 준비해야하 ㅋㅋㅋㅋ', '잘보고 갑니다 즐거운 점심시간 이네요 ㅋ', '와..저게 초중등책이에요?? 엄청난데요..요즘 아이들 엄청나네..', '오늘은 비가 온다고 하네요 우산 챙기셨나요?눈치없는 목요일이지만 조금만 더 힘내봅시다ㅠㅠ목요팅하세요♥♥', '와우~~ 뭔가 어려워보이는데~~ 초등학생용이라니 ㄷㄷㄷ 잘 보고 갑니다~', '초등학생의 코딩 교육이 의무화되면서 이제 신사업이 되는구만', '완전 똑똑이^^이거 배워두면 정말 유용할 것 같은데요', '제가 초등생이었으먄 해달라고 졸랐을거 같습니다 ㅠㅠ', '포스팅 잘 보고가용ㅎㅎ 이런 컨텐츠 찾기가 쉽지 않은데 참신하고 너무 좋아용ㅎㅎ', '잇님 오늘 하루도 즐겁게 보내고 계세요??날씨가 많이 흐리지만 마지막까지 화이팅 해요 ღ’ᴗ’ღ포스팅 잘 보고 가요~', '읭? 초등생?! 요즘 애들은 이런거 배우나요..진짜 대단하네요 ㅋㅋㅋㅋ', '오늘도 좋은 포스팅 잘보고 갑니다~!! 즐거운 하루 보내세요💕', '새로운 용어 공부를 했네요   좋은 하루 되세요', '요새 애들이 너무 똑똑해진 건가요..? 아님 제가 멍청한 건가요.. 애들이 이런 것도 배울 수 있다니 책이 정말 쉽게 설명해놓았나봐요', '유용한 책 잘보고 갑니다~~^', '아...... 요즘 초딩들 대단하네요우리집 초딩 2명은 이책을 이해할수 있을련지.........ㅜㅜ심히 궁금합니다...', '', '포스팅 잘 보고갑니다 즐 저녁드세요~', '꼼꼼하고 좋은 정보 보고 갑니다', '좋은정보감사합니다', '좋은 포스팅 잘 보고 갑니다. 굿밤되세요', '비가 온다더니 의외로 화창하고잠깐 내리다 말았네요^^`짧은 봄비에 미세먼지나씻겨 나갔으면 좋겠네요~내일이 벌써 금요일이네요!굿밤되시구 즐거운 하루 되세요', '코딩을 넘어서 하드웨어 까지 ...', '요즘은 이거 필수인거 같아요. 저도 다시공부하고싶네요', '흠 어렵네요 ㅠㅠㅠ 잘읽고갑니다! 좋은 밤 보내세요^_^', '잘 보고 갑니다~^^', '잘보고 갑니다 갑자기 비가 오고 기온도 떨어졌네요 내일 오전까지 온다던데...갑자기 추워졌으니 감기 조심하세요 벌써 목요일도 다 가고 금욜이 왔네요 요즘엔 불금 불토가 다 의미가 없네요 매일 집콕에 지쳐만 갑니다..지나가는 사람이 코로나에 걸리진 않았을까 그런 걱정만 되네요ㅜㅜ에휴 코로나 걸리지 않게 조심하세요!', '와..초등생수준이....대단하네요ㅎㅎ', '와 이거 정말 성인들이 읽어도 좋을 책이네요!쉽게 잘 설명되어있는 것 같아요!', '저도 코딩을 진짜 쬐끔 하기는 했지만아예 처음들어보는 단어들밖에 없네욬ㅋㅋㅋㅋ역시 컴공아니면... 나는 쩌리에 불과 ㅠ', '좋은책이네요.아이가 책을 읽지않아서 아쉽네요.즐거운 하루 보내세요.', '요새 아이들 더 똑똑해지네요 다가오는 4차산업 코드수업이 이제 본격화 되어가고요!', '블로그 잘 보고 갑니다.하트 꾹 ~~ 즐거운 하루되세요.소통 자주해요', '잘 보고가요~공감 꾹!!', '좋은 글 잘봤습니다 ㅎㅎ', '포스팅 잘보고 갑니다~^^', '개념 정리를 너무 잘해주셔서 마이크로비트가 궁금한 분들께 많은 도움이 될 것 같습니다. 소중한 서평 감사합니다^^', '좋은포스팅 잘보구갑니다 오늘도 좋은하루되세요!~', '우와 설명이 정말 잘되어있어서 이해하기 쉽겠어용ପ(´‘▽‘｀)ଓ♡⃛', '포스팅 잘 봤습니다~']"
3,https://blog.naver.com/cocopeople?Redirect=Log&logNo=222132718310,"스파이더 수원 영통점""트레이닝복과 운동화 신상 구경하고 왔어요""2020년 봄여름은 아웃도어랑 멀어졌다가가을이 되고 거리두기 1단계로 변경되서다시 캠핑과 아웃도어를 시작했어요물론, 봄여름이 놀기에 더 좋긴 하지만지금 바로 나갈 수 있을 때 떠나야 해요!​제가 평소에 좋아하는 아웃도어 취미는"" 가족 캠핑 or 친구 캠핑 """" 사이클 라이딩 "", "" 아침 조깅 ""인데 요즘 조금 쌀쌀한 날씨가 되었길래집업후드나 러닝집업을 살 때가 됐어요그래서 수원영통 스파이더를 다녀왔네요​수원, 용인, 기흥, 동탄쪽에 거주하시는 분은아마도 한 두번 이상 가보셨을만한 곳이죠수원프리미엄아울렛 이에요황골공원과 영통아이파크 사이에 있는데동탄과 기흥에서도 아주 가까운 곳이에요이 곳에는 다양한 제품 브랜드들이 있는데특히 아웃도어쪽이 특화되어 있죠그 중에서도 제가 개인적으로 참 좋아하는아웃도어 & 트레이닝 & 운동화 브랜드​""스파이더""트레이닝복과 집업후드 보러 다녀왔어요​수원 프리미엄아울렛에 위치하고 있는스파이더 수원영통점의 경우에는백화점 / 주유 / 온누리상품권, 복지카드를사용할 수 있는 매장이기 때문에 편하기도 하고요국민/신한/비씨/NH/현대카드는각각 무이자 할부도 가능하기 때문에미리 확인해보시고 방문하시면 좋겠네요~!( 전 삼성카드로 무이자 고고!! )​제가 좋아하는 스파이더 브랜드는트레이닝복 세트와 운동화가 유명하지만( 저도 한 세트씩 가지고 있다죠! )근데 은근히 모자도 인기가 많아죠저 스파이더 로고가 잘 어울리는 색은역시 BLACK + RED 색깔이에요​위 사진에 있는 스파이더 백팩들 중에서연두색 스포츠 백팩 잘 보이시나요?2주 전에 스파이더 수원영통점에서제가 샀던 바로 그 백팩이에요튼튼하고 수납도 아주 잘 되어있는데다가외부가 적절한 방수에 재질도 참 좋아요캠핑 / 등산 / 라이딩할 때 쓰는 용도죠​이번에 스파이더 매장에 방문했던 이유는쌀쌀해진 날씨에 입을만한 옷이 필요해서집업후드, 집업점퍼, 집업자켓 종류로다양한 제품을 보고 오려고 간 것이었죠​스파이더 제품들 중에서 제일 좋아하는게집업 시리즈인 이유가 참 편한것도 그렇고디자인이 힙하고 기능성이 너무 좋아요트레니닝복 세트로 딱 맞춰 입고나서아침에 러닝 한 바퀴 돌면 참 좋죠~​특히 네번째 사진의화이트 러닝집업점퍼 너무 이쁘죠더 날씨 추워지기 전에 좀 뛰어야겠어요​스파이더 수원영통점에 방문한 김에아직 손님이 많지 않은 이른 시간이라서매장에 어떤 상품이 있는지 담았어요동영상으로 매장 전체를 쭈~욱 보면서주요 제품들을 다 영상에 담았으니까스파이더 트레이닝복 세트나스파이더 운동화 관심있는 분들이라면영상 한 번 씩 보고 가세요!!​​스파이더도 이제 슬슬 겨울을 준비하느라롱다운자켓 등의 윈터시즌이 나오네요2020년은 봄여름겨울 삼계절 같은데빨리 겨울이 오지 않았으면 좋겠어요아직은 조금 더 가을을 즐기고 싶은데​추워지는 날씨를 가을로 더 버티려면따뜻한 아웃도어 트레이닝복 세트를한 세트 딱 맞춰서 마련할 때가 됐죠​어제 스파이더 수원영통점에 갔던 것은원래 트레이닝복 세트나 집업을 사려했는데왜 스파이더에서 집으로 돌아올 때제 손에는 운동화가 들려있었을까요?​왜냐면 저 스파이더 운동화가너무너무 맘에 들어서 내려놓지 못했으니까요결국 하나 들고나와 버렸어요 ^^​​​​​​",27,0,0,319,11,1,2831.4,177,revu,2020. 11. 1. 19:47,7017,1313457,교육·학문,"['좋은 내용 잘보고갑니다^^비가 추적추적 내리는 가을이네요.내일부터는 많이 추워진다니 옷 따뜻하게 입고 다니셔요^^주일에 편안한 저녁시간 되세요^^', '11월의 시작일에올려주신 내용 잘보고 갑니다.행복한 휴일되십시요.🔵🔵🔵', '오 여기 매장되게 좋네요, 저도 다음번엔 여기로 방문해야겠어요', '잘보고갑니다 즐거운 월요일 아침 시작하세요 ~', '정성스럽게 작성하신 포스팅에 공감 꾸~욱~👍11월 첫주도 행복하세요~제 블로그도 놀러와주시면 감사하겠습니다❤💛💙', '체험후기는 항상 멋져 보입니다', '잘보고가요^^', '정성담긴 포스팅 잘보고갑니다 오늘 하루도 시작할때 활기차고 기분좋게 잘보내세여 제 블로그도 놀러오세여❤ 감사합니닷']"
4,https://blog.naver.com/cocopeople?Redirect=Log&logNo=221511014492,"요즘 결혼하는 후배들을 보면 필수 아이템이 예전과 많이 달라진것을 알 수 있어요. 예전 같으면 아마도... 텔레비젼 냉장고가 베스트 아이템이겠죠?그런데 요즘은 네스프레소 캡슐머신과 에어드레서, 전기건조기 그리고 에어프라이어가 꼽힌다고 하네요. 저희집에도 에어프라이어가 있는데 필수템  정말 인정해요~^^하지만 에어프라이어로 만들 수 있는 음식을 지인들 블로그나 인스타 통해서 하나씩 늘려가고 있는게 불편하기도 했었어요. 그 때 책방에서 우연히 아니 필연으로 다가온 책이 이것이네요ㅎㅅㅎ 그냥 책 제목부터가 저에게 필요한 책이라고 써 있어서 바로 집어들었답니다. 교보문고 매장에서 발견한 책인데 알고보니 엎에 새로나온 화제의 책 코너에 소개되어 있었네요. 사람들은 다들 화제성에 대한 인식이  비슷한 경향이 있고 서로 닮아가고 있는것 같아요. 제게 필요한 것은 남들에게도 필요한 경우가 아주 종종 발생하듯이 말이에요.교보문고 북큐레이터의 책소개도 딱 맞네요~​지은이 : 스타일리쉬쿠킹 메뉴개발팀어디인지는 잘 모르겠지만 도서브랜드에서 쿠킹쪽 담당하는 전문 프로젝트같네요. 백운숙요리연구가와 함께 진행했다고 하니 전문성이 더 올라갔겠습니다.책의 처음은 아주 바람직하게도 에어프라이어 소개에 대한 것이 들어있어요. 저도 에어프라이어를 쓰고 있지만 한 눈에 정리된 자료가 있으면 다시 한 번 정리되기 때문에 참 좋은것 같아요~최근 필립스제품 뿐만 아니라 다양한 회사에서 에어프라이어가 출시되고 있기 때문에 내 입장에서 가장 최적의 에어프라이어 제품을 선택하는 것도 고민이 되죠. 이러한 고민을 덜어줄 수 있도록 저자는 친절한 코너를 만들어두었네요. 굿잡!!장단점은 보나스~~책 내용을 많이 담지는 못하지만 위처럼 구성되어 있답니다. 사진과 레시피, 에어프라이어 세팅법이 적혀있어서 1페이지 1요리 깔끔한 구성이에요오늘은 책에 나온 베떡베떡 만들어 볼거에요ㅋ베떡베떡이 뭐냐구요?베이컨 떡 베이컨 떡인데 소떡소떡의 상위호환 간식이랍니다ㅋㅋㅋ 
 
 
 
 
",7,1,0,207,5,0,2831.4,25,,2019. 4. 11. 13:00,7017,1313457,교육·학문,"['오오 좋은정보!', '에어프라이기 관련 요리책도 있는 줄은 몰랐네요! 하나 들이고싶긴한데 책도 함께 보면 좋을것같아요ㅎㅎ좋은정보감사합니다!', '인사드리고 갑니다~^^오늘은 오랜만에날씨가 화창하네요..제 블로그 들려주셔서유튜브 영상 클릭 한번 부탁드려요꾸벅 ~~^^*쾌청한 기분좋은하루 되세요~^^*', 'ㅋㅋㅋㅋ 에어프라이어 진짜 필순데 ㅋㅋㅋ 요즘 에어프라이어 활용한 간편한 요리들이 sns에서도 많이 뜨더라구요 ㅋㅋ 책까지 있는줄 몰랏는데 ㅋㅋ', '에어프라이어 레시피라니...정말 참신합니다!!']"
5,https://blog.naver.com/cocopeople?Redirect=Log&logNo=221495060788,"이웃님들은 요즘 집에서 쓰는 필수 전자제품이 뭐라고 생각하시나요?저는 공기청정기와 가습기인것 같아요이제 겨울이 지나고 봄이 오고 건조함과 퍽퍽함이 동반되고 황사가 올테죠..ㅠㅠ기존에 집에 안방에만 가습기를 두었는데요 큰 아이 방에도 가습기 더 두어야 겠더라고요특히 건조해서 밤에 잠을 못이루는 아이를 보면 수건이라도 걸어두었었는데 가습기가 더 좋죠쿠쿠에서 맘(MOM) 편한 가습기가 있는거 이웃님들은 알고 계셨나요?저희집에는 쿠쿠 밥솥과 쿠쿠 정수기가 있는데 이번에 가습기까지 들어왔네요 (3종세트??)스테인리스 수조에 4리터의 대용량이라 좋고 위생적이고 안심할 수 있다는 지인의 추천제가 그 지인님의 집에서 직접 쓰는것을 봤는데 깔끔하고 좋은 것 같았어요외부 패키지 디자인도 심플한 화이트 좋아요쿠쿠가습기를 위에서 찍은 모습이에요. 전면부와 동일하게 화이트톤으로 유지되죠상단에 터치패널이 있어서 간단하게 조작이 가능해요 아주 사용법이 간단했어요설명서가 있지만 안봐도 될정도의 심플함쿠쿠 로고 아래의 작고 얇은 틈새로 가습기의 연기(?)가 나오는 부분이에요이따 아래의 동영상을 보시면 쉽게 보실 수 있으니 아래로 내려가서 보세요~^^전원은 2~3초를 누르고 있으면 켜지고요 가습량은 3단계로 조절이 가능해요​그리고 우측 상단에 수위/물부족 표시가 있어서 수통의 물 상태를 미리 파악이 가능해요단순한 기능이지만 있을건 다 있는 것 같죠?뚜껑의 하단을 아래에서 보면 이와 같이 보여요아래의 연결부에는 다른 부품을 꼽아야되요아래 사진에 있답니다.수통에 잠겨서 가습효과를 생성하는 부품이에요 이 부품이 수통으로 들어가야 되요뚜껑을 열고 닫을 때 조심해야 된답니다.그렇죠?이 부분에 유의해야하므로 별도의 설명서가 같이 동봉되어있고 눈에 띄게 표시되어 있어요꽤 많은 사람들이 설명서 안 읽고 닫다가 그대로 망가지는 경우가 있는듯 해요^^박스에 구성품이 제대로 잘 들어가있는지 확인하시고 켜봐야겠죠?쿠쿠는 설명서에 유의사항이 아주 상세하게 적혀있는 편이라서 안심이 됩니다필요하신 분들은 설명서를 버리지 마시고 잘 보관해 두었다가 꺼내어 보세요가습량을 1,2,3단계로 조절하면 가습시간이 자동으로 변경되는거 보이시나요?옆의 수위정보를 참고하면 가습기 뚜껑을 수시로 여닫하지 않아도 쉽게 파악이 가능해요사소하지만 세심한 기능 칭찬해~♡​쿠쿠 맘편한 가습기를 딸냄 방안에 설치했더니 아이가 좋아해서 직접 만져보고 더 좋아해요자기 방에도 자신만의 것이 있다는 데 더 기분이 좋은가 봅니다.잘 때 건조함도 적으니 오늘은 더욱 꿀잠자고 내일은 더 건강하게 일어나자~^^#가습기 #쿠쿠 #CH-AS402FW #맘편한가습기 #좋은가습기이 글은 위블을 통해 본 업체에서
제품 또는 서비스를 제공받아 작성된 글 입니다.

세
 
(~
",15,5,0,269,19,1,2831.4,38,text_ad,2019. 3. 22. 23:36,7017,1313457,교육·학문,"['오.. 쿠쿠에서 가습기도 나오는군요?', '안녕하세요 코코파파의 홈님 ^^ \n블로그 운영하면서 이웃님들 블로그 구경하고 \n소통하는걸 좋아해서 \n이렇게 안부인사 드리고 갑니다  \n자주 방문드릴께요 ㅋ', '저거 좋아요 ㅎㅎ', '포스팅 잘 보고갑니다ㅎㅎㅎ', '', '겨울이 다지나 가습기 정리해서 다넣었네요 ㅋㅋ', '안녕하세요~~즐거운 토요일입니다~~오늘도 블로그지수향상과  블로그발전을 위해 방문했습니다~공감도 꾸욱 누르고 갑니다.블로그 번창하길 바랍니다♡♡♡', '쿠쿠 너무 좋은것 같아요', '오~~~ 요건 안전하게 잘 쓸 수 있겠네요 ㅎㅎ 주변에 가습기 산다고 하면 추천해야지 ㅎㅎ', '쿠쿠가습기도 너무좋네요ㅎㅎ디자인도 이쁘네요..', '유익한 정보 잘 보고갑니다^^♡', '완전 멋진데요 너무 유용할듯요 ㅎㅎ', '좋은정보 감사합니다~ㅎ', '좋은 정보 잘보고갑니다~~', '쿠쿠에서도 가습기가 나오는지 처음 알았어요~ 잘 보고갑니다!', '가습기도 없어선 안될 필수템인거 같아요~ 이제은요~', '쿠쿠에서 가습기 나오는건 처음 알았네요~ 제품정보 감사합니다~^^']"
