,Post URL,Post,Image num,sticker num,gif num,Paragraph num,Comment num,Video num,weekly viewer mean,Sympathy num,AD,Posting Date,Buddy num,Total visit,Blog category,Comment detail
0,https://blog.naver.com/cocochanel38?Redirect=Log&logNo=222265249620,"​​노트북으로 작업을 하다 보니편하게 들고 다니는 백이 필요했어요.​노트북뿐만 아니라 핸드크림, 다이어리 등다양한 제품도 같이 갖고 다니는데수납력이 좋고 가벼워 쉽게 들고 다닐 수 있는 제품을 찾던 중 수납력이 좋은 가방으로 유명한BEBE백을 겟하게 되었어요.​​BEBE백입니다. ​BEBE백은 수납력이 좋고 가벼워기저귀가방으로 유명하더라고요. ​​더스트백에 포장되어 배송됩니다.​​이 백의 겉 부분은 오염에 강하고 굉장히 가벼워요.​​​BEBE백은 아이보리와 브라운이 있는데저는 아이보리백을 골랐어요. ​깨끗한 색으로 캔버스 소재의 뻔한 기저귀 가방이 아닌정장이나 캐주얼에도 어울리는 심플하고 예쁜 디자인으로 어느 코디나 잘 어울려 편한 백으로도 들고 다니기에 좋을거 같아 보여서 골랐어요.​​​스트랩이 있어숄더백과 토트백이 모두 가능해용도에 따라 변경이 가능해요~​정장일 땐 토트, 그리고 캐주얼로 입을 때는숄더가 더 잘 어울리지만저는 짐이 많으면 무조건 숄더백으로사용한답니다.​​내부 수납공간이 7군데나 있어서 많은 양의 수납이 가능해요.제가 들고 다니는 제품을 BEBE백에 다 넣어볼게요.​​제가 요즘 들고 다니는 제품들인데요.이 많은 제품들이 이 가방에 쏙 다 들어간답니다. ​​이것 저것 많이 들고다니는데 깨끗하게 수납이 되게 잘되었죠?​에코백에 넣고 다니니까 제품들 다 기스나고 페이던트 샤넬 지갑 겉면에 영수증 붙어서 인쇄가 묻어 엄청 속상한 적이 있었거든요.​​​​저처럼 이것저것 많이 들고 다니시는 분들은제품을 위해서도 수납력이 좋고 가벼운 가방인이 제품 들고 다니시면 만족하실 거예요.​나중에 아기 낳으면 기저귀가방으로도 제격일 것 같고요.왜 사람들이 기저귀가방으로 추천하는지 이유도 알 것 같아요.​​​아이보리색이어서 어떤 옷이랑도 매치가 잘 되고요.​에코백은 이곳 저곳에 들고 다니기에 좋답니다. ​​제가 키가 170cm여서 이 가방이 그렇게 안커보이네요.​수납력도 좋고 여기저기 들고 다니기에도 잘 어울리고 편하게 갖고 다닐 수 있는 BEBE백이었습니다.​​#기저귀가방 #기저귀백 #BEBE백 #기저귀백추천 #아기기저귀가방 ​​본게시물은어바못라이프들통하여
벌렬 시비스(지중 또는원고로등제공받아 작성되었습니다
 
27 <

62 ~
 
",18,3,0,208,15,1,396.6,16,text_ad,2021. 3. 5. 13:47,1353,453537,패션·미용,"['완전 편해보여요!~!!ㅎㅎ', '완전 편해요~', '헐!!완전 제 스타일이에요!!!실용성 좋고 디자인 너무 이쁘네요~~!!들고다니면 오염은 잘 없나요?!!구매욕구 뿜뿜이네요ㅠㅠㅎㅎㅎ', '가격도 저렴하고 그래서 막 들고 다니는데 아이보리임에도 불구하고 소재가 그래서 그런지  떄가 잘 안 타네요~', '가방 심플하니 노트북도 들어가고 탐나는데요?편하게 가지고 다니기도 좋겠어요 :)', '막 이것저것 다 들고 다니는 성격인데 가성비 좋아서 잘 사용하고 있어요~', '가방 깔끔하니 편해보여요.주말 즐겁게 보내세요,.', '편하게 잘사용하게 되더라고요~', '가방도 크고 안에도 많이 넣을수잇어서 좋고 색도 너무 이쁘네요오 ❤', '감사해요~~ 안에 많이 넣을 수 있더라고요', '수납이 진짜 잘 되네요 ㅋㅋ 저같은 사람한테 완전 딱일 듯 싶어요 ㅋ', '앵두님도 많이 들고 다니시군요~~ 이거 완전 저렴해서 막 들고 다니기에 편하더라고요~~']"
1,https://blog.naver.com/cocochanel38?Redirect=Log&logNo=222359310531,"남편이 씌웠던 크라운이 빠지고치아 치료로 고생한 적이 있었어요.​그래서 남편에게 필요한 제품이자좋아할 제품 음파전동칫솔을 선물로 줬는데요.​보기에는 슬림해서 힘이 있을까 기대안했는데사용해보고 시원하며 치실을 사용하지 않을 정도로세척이 잘되어 굉장히 만족해하며 사용하고 있어요.​바비온 음파전동칫솔 리뷰해보도록 할게요.​​​바비온 음파전동칫솔이에요.​모든 제품이 다 들어있는데도가벼운 재료로 만들어졌는지굉장히 가벼웠어요.​​​​​​​심플하고도 깔끔하게 패키징되어있어애플 구성품을 연상하게 하네요.​​​​​​​​​​​바비온 음파전동칫솔은 블랙, 화이트 두 가지로 구성되어있고요.​깔끔한 화이트가 예뻐서화이트로 골랐어요. 굉장히 심플한 디자인이라남녀노소 마음에 드실 것 같아요.​105g으로 가볍고요두께가 얇아서 그립감이 굉장히 좋습니다. ​​​​​​기본모드이자 강력한 세정력인 클린모드치아의 광택과 화이트닝 화이트모드예민한 잇몸과 치아케어 센시티브모드치아와 잇몸에 부드러운 자극 마사지모드섬세한 잇몸 세정 및 케어 검 케어 모드​5가지 모드가 있어요.​남편은 기본이자 강력한 모드가좋다고 저 모드로만 사용해서 양치하고 있네요.​​​​본체는 5모션의 클리닝 모드3단계의 진동강도 4종 맞춤 칫솔모를 통해60가지 맞춤 퍼펙트 케어를 선사합니다. ​​​퍼펙트케어 4종 브러시가 있어듀폰 타이넥스 원사를 사용한 브러시로 고밀도의 품질을 가지고 있어서 더 부드럽고 섬세한 양치가 가능합니다.​왼쪽부터 차례대로이지소프트 - 민감한 잇몸을 위한 칫솔모차콜화이트닝-치아세정과 화이츠닝을 돕는 대나무 숯 함유파워클린- 강한 세정력을 가진 클리닝에 특화된 칫솔모울트라소프트- 누구나 부담없이 사용할 수 있는 초극세모 ​​​​깔끔하고 심플한 디자인이라화장실에 두어도 예쁘더라고요.​​케이스에 넣고 다닐 수 있어회사원들이 사용하기에도 좋을 거 같아요.​양치하다보면 어느 부분은 오래닦고 다른부분은 소홀하기 쉬운데 2분 클리닝 가이드가 있어 양치위치를 변경하고 양치시간을 확인 하는 타이머로 양치를 균일하게 잘 할 수 있어요.​​충전 시에는 빨간 램프가 켜지고요.​집에 물치실도 있고 칫솔에굉장히 민감한 사람인데 이 제품너무 좋다며 주변에 추천해 주고 있다네요.​저도 덩달아 하나 더 구매해서커플로 쓸까 고민 중에 있답니다.​무엇을 사도 만족한다는 말을 거의 안 하는 사람이 여러 번 칭찬할 정도로굉장히 개운하고 따로 치실이 필요없다네요.세정력, 양치 후 만족감이 좋대요.​보통 음파전동칫솔 몇십만원 생각하던데 이 제품은 가격도 저렴해 가성비가 정말 좋거든요.​나이가 들수록 치아건강이 중요하잖아요.주변 분들에게 선물로 주면 좋아할 거 같아요.​​​​ 
 
27 <

62 ~
능의 리뷰

보4티    이
꼼꼼하고 상세한 리뷰갑니디
",33,3,2,245,8,1,396.6,12,,2021. 5. 20. 23:59,1353,453537,패션·미용,"['주중휴일이 끝나자 마자 주말이 코앞으로 다가왔네요.한주 마무리 잘 하시고 즐거운 하루 보내세요!', '가성비가 좋다니 더 좋네요!🤗', '좋은제품 잘보고 갑니다', '글 잘보고 갑니다 ^-^', '안녕하세요 예쁜 순간을 기록하다님^^\n세상엔 낯선 사람이란 없으며, \n아직 만나지 않은 친구가 있을 뿐이라고 합니다 \n제가 아직 부족한 블로거지만\n소통하며 지내고 싶어요 ㅎ', '디자인 심플하니 예쁘네요']"
2,https://blog.naver.com/cocochanel38?Redirect=Log&logNo=222307437213,"​현대인의 필수 아이템 공기청정기미세먼지가 많은 지역에 살다 보니공기청정기는 필수였어요.​주기적으로 필터 교체를 해주었는데가격이 상당하더라고요.그래서 어느 순간부터 대체상품으로 사용하니가성비가 좋다는 점을 느꼈고  그 이후로부터는 필터는 대체용품으로 사용하고 있습니다.​먼지방어사령부에서 나온 발뮤다 공기청정기 에어엔진 필터리뷰해보도록 할게요.​​발뮤다  EJT-1100SD-WG 제품을 사용하고 있어이 제품에 호환되는 제품으로 골라 주문했어요.​​필터와 필터 위에 2개월 마다 교체해서 사용할 수 있는 필터 세이퍼 (추가구매), 물티슈와 메뉴얼이 들어있었습니다.​​교환 시 사용할 수 있는 물티슈와교체 날짜를 적을 수 있는 스티커를 챙겨주신 것을 보아 세심하고 꼼꼼한 회사라는 것이 느껴졌어요.​​​발뮤다에 딱 맞는 원통형 필터에요.​이 제품이 다른 시중에 나온 제품과는 다른 장점이 5가지 정도 있는데요.​네이버 최저가로 검색되는 H10, H11급 등등 H13급 이하 필터들이라고 해요.​이 필터는  위에 말한 중국산 필터들과는 다른 국산 H13등급 필터로 가정용 최상급 성능이라고 합니다.그래서 그런지 깔끔하고 안전한 국산 필터라 믿고 쓸 수 있겠더라고요.​유해요소/OIT 성분 불검출된 안전한 필터 원단 사용국제 공인 시험 인증이 가능한 국내 전문 시험 기관 FITI 시험 연구원 테스트 완료​국산/ 원단 부터 가공까지 국내산 생산​비싼 정품 필터보다 저렴하지만 퀄리티가 만족스럽다는 가성비 좋은 국산 필터​발뮤다 에어엔진 토탈케어 필터​토탈헤어 필터로 실내 초미세먼지 제거 및 공기중 5대 유해요소 제거 및 생활악취 제거​​추가구매 옵션 제품으로 발뮤다 에어엔진 필터세이퍼 6매가 있어요.​이 제품은 2개월 마다 교체하는 부착형 제품으로 메인 필터 성능을 향상시켜주는 서포트형 제품이에요.​메인 필터의 수명 연장 및 유지에 도움을 주어 더욱 더 경제적인 필터관리가 가능해요.​6장이 들어있어 2개월 주기로 교체해 1년간 사용이 가능합니다.​​​스티커를 뜯어 원통에 붙이는 것인 줄 알고 아무리 해도 안되길래 아래 방법으로 하니 되었답니다.​​서로 부착하는 거에요. ​​필터 교체해야 한다고 빨간 불이 들어와서교체해야지 하고 미뤄두었다가 어제 교체했는데 잔뜩 쌓인 먼지에 놀랐습니다.​​내부에 먼지가 많아서같이 제공해 준 물티슈로 꼼꼼하게 닦은 후에 필터를 넣어주었어요.​​필터를 설치 후 잠금 레버를 'LOCK'으로이동시켜 고정하세요.​깨끗한 필터를 넣으니호흡기에 좋을 것 같다는 생각이 드네요.​교체후에도 필터교체 알림불(빨간 불)은 그대로 있으실 텐데요.전원이 꺼진 상태에서 '제트 클린 모드'버튼을 2초 정도 눌러주시면빨간불이 해제됩니다. ​​주기적으로 계속 교환해 줘야 하는 공기청정기 필터​퀄리티도 괜찮고 가성비도 좋은국산 국내산 필터 먼지방어사령부 발뮤다 공기청정기 필터로교체해보세요.참고로 아래 링크를 이용하면 필터 찾는 것이 편하니 사용해보세요.​#발뮤다공기청정기필터 #공기청정기필터 #필터 #발뮤다가성비필터 #가성비필터 #발뮤다공기청정기 #공기청정기 #발뮤다공기청정기에어엔진필터 #발뮤다에어엔진 #먼지방어사령부​​ 

미      불을 통해 본 업체로부터
제품 또는 서비스를제공받마 작성된 리뷰입니다
「,】

 
 
27 <

62 ~
27 <

62 ~
",30,2,2,307,4,1,396.6,11,text_ad,2021. 4. 12. 17:40,1353,453537,패션·미용,"['우와~ 솔직히 필터가 제일 중요한데 주기적으로 바꿀 필요가 있는 것 같아요! ㅎㅎㅎㅎ👊👊', '그죠🥰필터 교환은 필수인거 같아용']"
3,https://blog.naver.com/cocochanel38?Redirect=Log&logNo=222223386336,"​​히터를 튼 남편차를 탈 때마다공기가 탁하다고 느껴공기청정기가 필요하다고 느꼈어요.​차의 필터 청소를 꾸준히 하는 것도 쉽지 않고새차가 아닌 이상 차에 먼지는 많을 수밖에 없는데요.​이번에 새로 겟한 작지만 성능은 괜찮은 레스떼 공기청정기를소개해드리려고 해요.​​​추후에 저금통으로도 사용 가능한 원통형 패키지에 들어있습니다.​​​​본체, 추가 필터, 제품 설명서, USB 케이블이 들어있습니다.​제품설명서는 상세한 설명 및 사진으로이해하기 쉽게 작성되어 있습니다.​​한 뼘 정도의 높이와 274g으로 한 손으로도 들기 쉬운 가벼운 미니 공기청정기예요.​​​​상단부분에는 전원 버튼이 있어 끄고 키는 것이 가능해요.​아랫부분에는 미끄럼 방지가 있어 원하는 곳에 안정적으로 세워두기가 가능하더라고요.​본체 하단에 있는 커버를 돌려 분리하면필터와 내장형 배터리를 확인할 수 있습니다. ​내장현 배터리를 갖고 있어USB 케이블로 충전 시 자유롭고 편리하게 외부에서 사용이 가능해요.​​국내산 H13등급 고효율 필터를 사용해부유먼지는 100% 제거하고,미세먼지는 99.95%이상 필터링해준다고 해요.​필터 교체주기는 4개월을 권장하더라고요. 이 제품은 추가 필터를 제공해8개월간 추가 구매가 필요 없어 좋더라고요.​레스떼 공기청정기의 필터는 제품 사용 시 풍량 세기가 약해졌거나 냄새가 발생할 경우 교체해야 합니다.​​상단 뒷부분에 충전 단자가 있고그 밑에 부분에 고리를 걸 수 있는 부분이 있어휴대하기 편하게 되어있어요.​​​상단 뒷부분에 있는 충전단자에 제공된 케이블을 이용해충전 후 사용하면 되는데요.​​핸드폰 Micro USB 표준형 충전기를 이용해서충전하거나​​제공된 케이블을 노트북 허브에 꽂아 충전해서사용하고 있어요.​처음 사용하기 전에 30분 후 사용해야 합니다.​정상적으로 삽입될 시에는 Red led가 점등되고충전이 완료되면 Green led가 표시되더라고요.​​​​​​상단의 전원 버튼을 3초간 누르면 파란불이 나오고 약한 바람이 나오면서백색 소음이 나요.​켜진 상태에서 버튼을 짧게 누르면 파란 불이 2개가 켜지며강풍이 켜져요.​파란 불이 2개인 상태에서 전원 버튼을 3초간 누르면 전원이 꺼집니다.​오토 슬립 기능이 있어 2시간 연속으로 사용할 경우 꺼지고 이후에 다시 작동을 해야 해요.​​​​​매운 가벼운 공기 청정기로 차량 어느 부분에 놓아도 괜찮아요.​하단에 있는 미끄럼 방지가 있어어디에 두어도 잘 서있더라고요.​남편은 항상 괜찮다고 제 쪽에 놓으라고 해서조수석 앞자리에 두고 사용하고 있답니다.​커피나 음료를 낄 수 있는 부분에 놓고 사용해도 됩니다.​​​​​심플한 디자인에 1번 누르면 공기청정기 기능뿐만 아니라백색 소음이 발생되어 작업 효율이 높아지는 것 같아작업 시에도 사용하고 있어요.​학생들의 독서실 책상에 두고 사용하면 좋을 것 같다는 생각이 들었어요.​독서실 다양하게 많이 다녀봤지만 아무리 프리미엄 독서실이라 할 지라도 청결면에서 아쉬운 적이 많았거든요.​이 제품 하나 있으면 좋을 것 같더라고요.​​​​​​항상 남편차를 탈 때마다먼지가 많아 문을 조금 열어놓고 탔었는데요.​추운 겨울이 되니 너무 추워 환기가 어려워탈 때마다 많은 양의 먼지를 마시는 것 같아찝찝했었어요.​요즘에는 이 미니 공기청정기를 틀고 있으니탁한 공기가 조금 더 상쾌한 느낌이 들더라고요.​또한 세균의 증번식을 억제하는 서울반도체기술 UV LED 채택하여세균 및 바이러스를 99.9% 살균한다고 하더라고요.​코로나도 있고 이제 미세먼지가 많아지는 봄이 다가와더 요긴하게 사용이 가능할 것 같아요.​10분 만에 깨끗한 차 공기가 가능하다고 하니차량용 공기청정기 레스떼 공기청정기한 번 관심 가져 보셔요.​​​#차량용공기청정기 #유모차공기청정기 #레스떼공기청정기 #리뷰어스 #무선공기청정기 #미니공기청정기 #휴대용공기청정기 #차량용공기청정기후기 #차량용공기청정기추천 #레스떼공기청정기추천 #레스떼공기청정기후기​​27 <

62 ~
 
",20,5,0,379,25,2,396.6,25,text_ad,2021. 1. 28. 20:04,1353,453537,패션·미용,"['우옹!!! 좋아보여요!! 작고 가벼워서 휴대하기도 좋겠고 차에 둬도 딱이고~~디자인도 예쁘네요^^', '가볍고 디자인도 괜찮아서 차에 놓기 괜찮더라고요~~', '와.. 이런것도 있었네요 제 차량에 넣어두고 싶어요 제 차량이 너무 청소가 안되서먼지도 많은데.. 이거 휴대하기도 좋고 작아서 이쁘네요 제 차안에 두면 공기가 정화가되어가겠지요 관심이 가네요 귀엽고 너무 이쁘게 생겼어요', '차량에 두면 귀엽고 작지만 성능이 괜찮아서 좋더라고요~~ ^^', '다녀가요강추위 감기조심  하세요~~', '감사해용~', '작아서 휴대하기 좋네요^^', '그죠~ 작아서 휴대하기도 좋아요~', '작아서 어디든 휴대해서 다니기넘좋겠어요~~👍', '작아서 휴대하기 좋아 만족하며 사용하고 있어요', '아토에용☺맞아요!! 차에서 히터 틀면 공기가 텁텁한 느낌이 자주드는데 이렇게 공기청정기 있으면 넘 짱짱><♡♡', '그죠? 내부 청소를 자주하시는 분이라면 모르겠지만 대개 차에 먼지는 너무 많으니 필수인듯 싶어용 ㅠ', '와 미니한데 공기청정이 된다니..!!곧 있을 미세먼지를 위해 장만하기 좋네요', '그죠~~ 작은것이 성능이 좋아 잘 사용하고 있어요~ 이 제품 추천드립니다.', '차안에 유용할껏 같네요.디자인도 깔끔하니 예뻐요.👣💝💝👍', '차안에서 사용하기 좋아요🥰🥰', '차에두 둘수있다구 해서!! 저두 이거 궁금하더라구요💛💛', '저도 차량용공청 알아보구있어요애가 있다보니ㅎ 이거두 좋아보이네요', '우와 나중에 아빠한테 사드려야겠어요!! ㅎㅎ👍👍', '차량용 공기청정기  차 갖고 계신 분에게 꿀팁이네여!', '와우~99.9%!!!ㅎㅎㅎ대단한데요!!!ㅋㅋㅋ진짜 아기가 있어서 그런지 더더욱 이런거 사고싶어져용~~ㅋㅋㅋ']"
4,https://blog.naver.com/cocochanel38?Redirect=Log&logNo=222176105946,"​추운 겨울이 되니 항상 보일러를 키게 되더라고요.​아침에 일어날 때마다 느끼는 건조함목도 칼칼한 거 같고 피부도 쩍쩍갈라지는 것 같아가습기를 하나 장만했어요.​​ ​​아이리버 듀얼무선 가습기는가습기, 사용설명서, 그리고 충전 케이블 이렇게 3개가 들어있어요.​하얀색에 핑크로 포인트된  귀엽고 예쁜 디자인입니다.심플하면서도 레트로 감성이 들어있는 것이 포인트깔끔해서 여자들이 좋아할 만한 디자인 같아요.​​​아이리버 듀얼무선가습기는 충전할 때 초록불이 들어와요.충전이 완료되면 램프는 꺼지더라고요.​​​​​부드러운 스펀지로 중성세제 이용하여세척하면 됩니다.씻기 쉽고 무척이나 간단해요​물은 맥스라인까지 받는 표시가 되어있어요.​​​무선이고 무소음이니 거실 테이블에 놓고 티비 보기에 좋더라고요.​저는 악건성이고 비염 있어서 항상 가습기는 켜야 하는데대용량1L 에 들고 다니기 편하니 완전 저를 위한 가습기에요.​이렇게 가정에서 사용할 수도 있지만캠핑이나 낚시 차박등 아웃도어에 사용하기좋을 것 같아요.​​​​​​전원/모드 버튼을 빠르게 두 번 클릭하면황색 등이 점등되어요.이 때 두 번 빠르게 클릭하면숙면 모드가 되어 충전 램프를 비롯 어떠한 불빛도 보이지 않아 수면에 방해를 주지 않아침실에 두고 쓰기에 적합하답니다.​원래 안방에 있었던 무인양품 아로마 가습기는 정말 예쁘지만 자다가 소리가 거슬려서못틀겠더라고요.이건 잘 때도 잘 틀고 잘 수 있어요.​다만, 이 제품에는 아로마 오일 떨어뜨려 사용하면 필터 및 초음파 모듈이 고장이 원인이 되어절대 사용하면 안된다고 해요.​저기 침대 사이드 서랍 위에 있는 3제품이 제가 자기 전에 쓰는 필수품이 되었습니다.​나이드니 피부관리를 위해Led 마스크 핸드크림 그리고 가습기​​​​옆에 작은 동그란 모형을 좌우로 돌리면가습구 각도를 조절할 수 있어요.​그래서 이 점 때문에 책상에서 작업할 때 옆에 두고 사용할 수 있어요.​블로그 작업할 때도 가습기 켜놓고사용하기 좋더라고요. ​​분사량 보세요. 작아도 파워는 대단한아이리버 듀얼무선가습기​가습기를 사용해 공기중 습도를 적절하게 유지해주면 감염병 예방에 도움이 된다고 해요.​정말 코로나가 심각해져 건강이 더 중요시되는 요즘​아이리버 듀얼무선가습기와 함께우리 건강유의해요!Stay safe​​#아이리버듀얼무선가습기 #가습기아이리버 #아이리버가습기 #무선가습기#듀얼무선가습기 #건조한피부 #아이리버 #소형가습기 #가습구각도조절 #아이리버듀얼스팀맨스윙무건초음파가습기 #아이리버듀얼 #소형초음파가습기 #무소음가습기 #소형예쁜가습기 #회사가습기 #무소음초음파가습기 ​​​ 

얼체로부터 상품(서비스)만 제공받아 작성한 실제 후기임니다.
 
 
 
",21,2,2,242,53,1,396.6,43,text_ad,2020. 12. 16. 23:17,1353,453537,패션·미용,"['너모 귀여워요😆', '귀엽죠,,,?🥰', '정말 간편하네용 !!!', '맞아요!! 간편해요~', '대용량인데 무선이라서 활용도가 엄청 높을거같아요!! 디자인도 넘 귀여워 보이네요ㅎㅎ', '무선이라 활용도가 높아요🥰🥰', '세척하기 쉽겠어요~', '맞아요!! 세척이 되게 쉬워요🙂', '참 요즘엔..신기한제품들이 많군요무선에..편리할듯탐나는디용 ㅎㅎ', '맞아요~~~ 무선이여서 편리해요😘', '오~ 뭔가 가습기가 로보트 같아요 ㅎㅎ귀여워요~', '맞아요!!! 로보트 같기도 하네여🤣🤣🤣', ""가습기가 귀엽네요;'~겨울철 가습기는 필수죠 ㅎㅎ"", '가습기 필수죠🥰🥰', '오 귀엽고 세척도 편해보이네용ㅋㅋ 오오', '귀엽죠,,,?ㅋㅋ', '오오 엄청 괜찮아보이네요! 저도 요즘 집이 너무 건조해서 가습기 살려고 알아보고 있답니다 😭', '귀엽죠,,,?ㅋㅋ 이거 막 사용하기에 넘 좋아용', '겨울되니까 다들 가습기 장만하시네여 >< 저희집듀 아직 없어서 저도 찾아보고있어용!', '맞아요!!! 좋은 가습기 겟하시길🥰🥰', '가습기 없으면 건조해서 목까지 아픈데좋은리뷰 잘 보고 갑니다^^', '맞아요!! 건조해서 목 너무 아프죠ㅠㅠㅠ', '이방저방 옮겨다닐수있어서 넘 좋아보이네요😄😄', '맞아요!! 들고 다닐 수 있어 좋아요❤️', '아이리버는 디자인이 완전 갑이에요 ㅋㅋㅋ 너무 이쁨!!!ㅋㅋㅋ', '요즘 블로그가 낙이라 놀러왔다가 글 많이 보고 가요 :) 시간가는 줄 몰랐어요 ^^', '우앙 감사합니다....', '아요즘 가습기필수죠 ㅎㅎ디자인도예쁘고 맴에드네요^^', '맞아영!! 요즘 너무 건조해요ㅜㅜ', '무선에 무소음이라니 집이나 사무실에 두기에도 편하고 좋겠네요😌', '맞아요😄 집이나 사무실에 좋아용', '무선이라서 더 좋은거같아요~~^^', '맞아요~~~무선이라 편해요', '흰곰입니다 ㅎㅎ 아이리버 께 이런것도 있군요 새로운걸루 알려주셔서 감사합니다 심지어 무선에 무소음이라니 디자인과 성능을 다잡았네요  꿀템이네요 ㅎㅎㅎ', '흰곰님이랑 아토님 너무 헷갈리는거 있죠?아토님이 여자친구분이고 흰돔님이 남친이신가요,,? 항상 댓글 감사해요😍😍', '가습기 요즘 너무 필요하죠 ㅠㅠ', '맞아여!!! 필수템이죠😍', '서이추 감사합니다~^^ 좋은 이웃되어요~ㅎㅎㅎ', '우와 가습구 각도조절하는거 좋네요👍', '맞아요!! 조절 할 수 있다는 점이 좋았어요🥰', '요새 집이 넘건조해서 건조기는 필수인듯해용 ㅎㅎ', '맞아여ㅜㅜ 저는 악건성이라 힘드네요ㅜㅜ']"
