,Post URL,Post,Image num,sticker num,gif num,Paragraph num,Comment num,Video num,weekly viewer mean,Sympathy num,AD,Posting Date,Buddy num,Total visit,Blog category,Comment detail
0,https://blog.naver.com/cot2000?Redirect=Log&logNo=222392416510,"""감성 무드등 간지"" 예전보다 나의 감성은 확실히 더해진 것 같다.​감성의 레벨이 올라갔다고 할까나?! 사람들 저마다 감성은 다있다.​다만 정도의 차이가 있을뿐! 오늘 소개할 녀석은 신혼집이나 가정집에 하나 놔두고 사용하면 감성을 더해줄 수 있는 아이템이다. '리메티 고래무드등 감성조명'​ 리메티 고래무드등 감성조명 ​​평소에 무드등이 있으면 좋겠다 싶은 찰나에 꽤나 괜찮은 녀석을 마주하게 되었다.​문구를 본인이 직접 입력해서 주문할 수 있는 방식이라서 리미티드 에디션 커스터마이징이 가능하다고 보면 되겠다.​포장된 뽁뽁이에서 꺼낼때 지문이 남지 않도록 밑부분이나 가장자리를 잡고 꺼내기를 권장하더라.​아크릴은 휴지로 닦으면 기스가 발생하니까 안경닦이나 극세사천으로 살살 닦자.​​​​리메티 고래무드등 감성조명 구성품은 본품과 지지대가 있다.​주문제작으로 이루어지기 때문에 본인이 원하는 디자인과 문구를 작성해서 전달하면 된다.​생각보다 빠르게 배송되어서 좋았다.​​​​리메티 고래무드등 감성조명은 아이디어스에 판매를 하는 중이고, 선물용으로 감성적인 문구를 넣어서 전달하면 받는 사람이 왠지 모르게 감동 받을 것 같다.​여기 지지대 부분에 본품을 착용하고 전원을 연결해서 스위치만 켜주면 된다.​​​리메티 고래무드등 감성조명 그대로 전원을 연결해서 스위치를 켜보았다.​아주 예쁘게 잘 만들어져서 두고두고 볼때마다 좋다.​하나님의 사랑이 우리의 삶 가운데 가득하기를 축복해요 ♥​내가 정말 좋아하는 문구다.​​​​​밤하늘 고래 디자인에 담긴 뜻이 있더라. 뭔가 잘되기를 바라는 마음에서 하는 것 같다.​일단 디자인이 상당히 깔끔하고 예쁘다. 일반 무드등이라고 하기에는 감성 넘친다.​​​​​리메티 고래무드등 감성조명을 만드는 곳에서 7월부터는 공방을 오픈해서 직접 체험이 가능하단다.​본인이 직접 무드등을 만들 수 있는 기회가 주어진다면 더 기분이 좋을 것 같다.​집들이 선물이나 센스있는 선물로 딱이겠다. 보면 볼수록 매력적임이 느껴진다 ♥​​​<INFORMATION>​리메티 고래무드등 감성조명 만나러 가는 길 ​https://smartstore.naver.com/remati​​​​ 

-
트 086비610
04066

본 포스팅은 실제 상품이나 서비스를 제공받아
건강한 리뷰문화를 만들기위해 작성한 진솔한 후기입니다.

 

 
 
",17,0,0,208,4,1,88.2,24,text_ad,2021. 6. 14. 0:50,2377,3007076,취미,"['분위기있고 정말 이쁘네요!!', '문구도 있고 넘넘 예쁘네요!', '감성 조명 인정이요😊😊👍', '오! 저녁에 켜놓으면 분위기있고 좋겠는데요ㅋㅋㅋㅋㅋ']"
1,https://blog.naver.com/cot2000?Redirect=Log&logNo=222446124477,"""실용성에 디자인까지 겸비"" 결혼을 하고난 뒤 요리에 관심이 생기니까 조리 관련 용품들에게도 눈길이 간다.​마치 캠린이가 캠핑 용품에 시선을 쏟듯이 나도 이런 저런 다양한 도구들에 시선을 향하는 중이다.​요리와 조리에 있어서 계량은 너무나도 중요한 부분임을 알고있다.​오랫동안 요리를 해본 사람이라면 본인만의 계량 감각이 있을 것 같은데 그래도 정확하게 하려면 계량이 필요하다.​조금의 차이가 맛에서 큰 차이를 낼 수 있기 때문이다.​뭐가 덜 들어가야 하고 더 들어가야 하는지 선택함에 있어서도 전자저울은 중요하다.​내가 직접 사용해본 깔끔하면서도 멋스러운 디자인의 전자저울을 오늘 소개하려고 한다. '비엘와이 가정용 전자저울'​ 요즘에 나오는 전자저울(디지털저울) 디자인은 상당히 컴팩트하고 멋스럽더라.​물건을 구매함에 있어서 디자인은 빼놓을 수 없는 요소이다.​디자인에 대해서 전문적인 견해가 없더라도 그냥 딱 보면 멋지다 예쁘다라는 감탄이 나오는 제품들이 있더라. ​​사이즈도 적당하고 컬러가 마음에 들어서 냉큼 주문을 하게 되었다.​여러가지 종합적인 판단을 내린 끝에 선택한 모델이자 디자인이라서 기대했다.​일단 빠른 배송이 마음에 들었고 안전하게 포장이 되어서 도착했다.​​​​케이스에서 처음 열었을때 블루 컬러가 보이길래 어랏! 내가 주문을 잘못했나 싶었는데 그게 아니고 제품의 기스를 방지하기 위한 보호지가 덮여있었다.​녀석이 든든하게 버텨준 덕분에 실제 본품 자체의 문제는 없었다.​한꺼풀 벗겨내고 나니 더 깨끗하다.​​​실제로 보니 디자인이 상당히 멋스럽고 좋았다. 녀석을 사용함에 있어서 뒤쪽에 AAA 건전지 3개를 주입해야지 사용할 수 있다.​보통 새걸로 투입해서 사용하면 한동안 오래도록 사용할 수 있다.​심플한 사이즈와 간편한 무게가 또 다른 매력으로 다가왔다.​​​​AAA 건전지를 투입하고난 뒤 곧바로 왼쪽에 위치한 전원버튼을 켯다.​버튼에 대한 별도의 설명이 없어도 이게 전원 버튼이구나를 알 수 있었다.​​​​비엘와이 가정용 전자저울은 다양한 타입의 표시가 있었다.​온즈, 그람, ml 등등 각자에게 필요한 타입으로 설정해서 사용하면 되겠다.​꼭 집이 아니더라도 사용하는 공간의 제약은 없을 것 같다.​​​비엘와이 가정용 전자저울을 테스트하기 위해서 제품을 올려보았다.​실제 제품의 무게는 55g 정중앙에 올려두었더니 정확하게 수치가 나왔다.​전자저울을 이용할때 정중앙을 기준으로 올려두기를 바란다.​중앙 포인트에서 벗어날수록 무게는 덜어지기 때문이다.​​와이프에게 깜짝 선물로 주었는데 상당히 좋아하는 모습이었다.​평소에 제빵에도 관심이 많고 요리에도 관심이 많아서 안그래도 하나 구매하려고 했다는 와이프 말에 괜시리 뿌듯했다.​물어보지 않았는데 어찌 알고 데려온 남편의 마음에 갬동 한스푼 ♥​나도 이번 기회에 요리 및 제빵에 관심을 가져볼까 싶다.​​비엘와이 가정용 전자저울 가격도 착하고 가성비가 좋아서 센스있는 선물로 딱인 것 같다.​오늘 하루도 기분좋게 화이팅 :)​​​<INFORMATION>​비엘와이 가정용 전자저울 만나러 가는 길 ​https://smartstore.naver.com/bly/products/5730896912​​ 
",21,0,0,314,2,2,88.2,18,,2021. 7. 29. 0:30,2377,3007076,취미,"['좋은 여행정보네요 저도 배우고 제가 아는것도 공유하고 싶어요~', '계량 저울로 와이프님 맛난거 많이 해드리세요~저는 눈떼중. 손떼중으로 요리 합니다ㅋㅋㅋㅋ']"
2,https://blog.naver.com/cot2000?Redirect=Log&logNo=222446041015,"""공간의 향기를 산뜻하게"" 좋은 향기가 있는 곳에서 왠지 모르게 즐거움이 있다.​아마 어떤 사람이든 좋은 향기를 마다할 이는 없지 않을까 싶다.​캐캐묵은 냄새와 꾸름한 냄새가 나는 곳은 아무래도 손사래친다.​얼른 그 자리를 피하고 싶은 반면 좋은 향기가 있는 곳은 오래도록 머무르고 싶다.​나는 냄새에 좀 민감한 편이다. 아무리 인테리어가 좋고 멋져도 이상한 냄새가 나면 왠지 그 곳을 벗어나고 싶더라.​내가 머무는 공간 어디든지 좋은 향기가 났으면 좋겠다 싶어서 거실에다가 디퓨저를 두게 되었다. '허브타임 플렌느 프리저브드 레터링 디퓨저' ​거실을 비롯해서 각 방마다 그 방의 느낌을 최대한 끌어올리기 위해서는 좋은 향기가 필요하다고 본다.​거실에는 아무래도 실내 공간 중에서 가장 큰 공간이라서 조금 더 강하면서도 우아한 향기가 어울릴 것 같았다. ​​허브타임 플렌느 프리저브드 레터링 디퓨저 브랜드의 모델을 사용해보게 되었다.​사실 요즘에는 디퓨저를 주변에서 흔하게 볼 수 있다.​그만큼 요즘 사람들이 디퓨저에 관심을 갖고 있음을 보여주는게 아닐까 싶다.​나도 그들 중 한명이다.​​​​사용하는 방법은 케이스에 적혀있다. 뚜껑을 열고 실링지를 제거하고 난 뒤 동봉된 금색 캡을 씌워주며 된다.​아마도 액체가 새어나오는 것을 방지하기 위한 목적이 아닌가 싶다.​케이스 디자인이 독특한데 열어보면 이렇게 스틱도 넉넉하다.​​​내가 마음에 들었던 부분은 안에 시그니처 스티거가 있다.​당신을 닮은 꽃이 오네요, 행복은 마음속에 있어요, 오늘 하루도 수고했어요.​이 문구를 보고 싶은 공간에다가 붙여두고 사용하면 되겠다.​​여느 디퓨저와는 다르게 안에 프리저브드된 꽃잎이 있다.​보면 볼수록 매력이 참 많더라. 꽃을 좋아하는 사람이라면 왠지 좋아할 것 같다.​​필요하다 싶은 곳에 두고 사용하면 되겠다. 강한 발향을 원하는 경우라면 스틱의 수를 늘리도록 하자.​한개, 두개, 세개 넣고 각각 발향의 차이를 느껴보고 본인에게 잘 맞는 갯수를 선택하자.​나는 개인적으로 3개가 딱 적당하다고 본다.​​​허브타임 플렌느 프리저브드 레터링 디퓨저 좋은 향기를 내가 이용하는 공간에 두고 항상 향기 가득한 상태에서 기분 좋은 하루를 보내는건 어떨까 싶다.​집들이나 센스있는 선물로 딱이겠다 ♥​​​<INFORMATION>​허브타임 플렌느 프리저브드 레터링 디퓨저 만나러 가는 길 ​https://bit.ly/3zylgTp​​ 

-
트 086비610
04066

본 포스팅은 실제 상품이나 서비스를 제공받아
건강한 리뷰문화를 만들기위해 작성한 진솔한 후기입니다.

 

 
 
",16,0,0,259,1,1,88.2,17,text_ad,2021. 7. 27. 0:10,2377,3007076,취미,['꽃잎이 들어있어서 인테리어효과도 좋겠어요😊😊']
