,Post URL,Post,Image num,sticker num,gif num,Paragraph num,Comment num,Video num,weekly viewer mean,Sympathy num,AD,Posting Date,Buddy num,Total visit,Blog category,Comment detail
0,https://blog.naver.com/daisyssu?Redirect=Log&logNo=222362531645,"#LED등 #식빵수면등 #감성무드등 #캐릭터조명 #모찌타운 #무드등 #무드등추천 #수면등 #수면등추천 #식빵무드등 #특이한무드등 #수유등 #신생아수유등 #led독서등 #협찬​​​​안녕하세요 지수이니다.자취하면서 조명이 분위기를 확 바꿔줘서조명을 참 많이 샀는데요.그래도 다들 밝기가 있다보니수면등이 하나 필요하단 생각이 들었어요.​너무 부담스럽지 않은 크기에 너무너무 귀여운 #식빵무드등 소개합니다.모찌타운 식빵무드등 식빵무드등 은 패키지도 이렇게 예쁘게 생겼어요.그냥 받자마자 너무 귀여워서 소리지르게 되는 스트 옆에도 귀엽네 너무 귀여워서 #집들이선물 로도 너무 좋은 무드등이에요밝기가 딱 수면등으로 좋은 밝기인데 수면등 찾고있는분이라면 진짜 강추하고싶은 귀여움이에요​​이렇게 열면 충전하는 선과 귀여운 식빵이가 들어있어요완성도가 높고 저렴해보이지 않고 귀여워서 너무 좋아요.가장 맘에 들었던건 다리 부분이 실리콘이라서 딱딱하지 않아 ㅈㅏ리를 잘 잡아서 좋더라구요.​밤에 켰을때 모습 😚☺️☺️☺️표정도 너무 귀엽고 앙증맞아요 ㅎㅎ앞면만 킬수도있도 뒷면만 킬수도있고둘다 킬수도있고 조절가능해서 밝기조절하기 편하고살짝 건드려도 껏다켯다 할 수 있어서 편하고 좋아용​귀여운 수면등 찾고 있다면 이거 강추!더 알아보고 싶다면 아래 링크 클릭!​https://smartstore.naver.com/mesehttps://smartstore.naver.com/mese/products/5548597339​이글은 에코블로그를 통해 본 업체에서 이용권을
제공받아 작성된 리뷰입니다.

600084.06
",12,0,0,122,2,1,315.0,10,text_ad,2021. 5. 23. 14:15,3269,570810,일상·생각,"['ㅋㅋㅋ 귀여워요 ><', '무드등 너무 귀엽네요ㅋㅋㅋㅋㅋㅋㅋ 식빵 너무 취저~~><']"
1,https://blog.naver.com/daisyssu?Redirect=Log&logNo=222011930240,"안녕하세요 지수입니다 출퇴근길 요새 좀 덥길래특히 마스크 쓰니까 진짜 땀차고 여드름나고극혐이라 출퇴근용으로 쓰려고 광고보고 영업당해 산 #블루필 #블루필미니헤드팬프로 #블루필선풍기 #손선풍기 #블루필선풍기#블루필솔직리뷰 #휴대용선풍기 ​블루필 미니헤드팬프로 소개합니다!인스타보고 사이트 리뷰보고 산건데 좋은 후기만 있길래고민하다가 나름 비싼돈 주고 산 블루필선풍기 ㅠ​전 흰색덕후라서 물건은 무조건 흰색으로 사는데핑크색,검정색,하늘색,흰색 이렇게있고 더 싼가격으로 그냥 블루필선풍기가 있고이건 더 비싼 블루필팬프로 프로라 붙어있어 더 비싼것같아요.​처음나온 선풍기 프로가 아닌건 소음이 너무 심하다고 안좋은 리뷰가 많길래; 걱정디 됐는데팬프로는 소음이 강하다는 리뷰가 없어서 샀는데요..​3~4일 만에 도착했어요!짜잔 ▼충전하는 선도 들어있고 꽂는 꽂이도 있고해서 사무실에서도 사용가능하겠는데 솔직히정말 작아서 사무실에서 사용하기에는 진짜 바람 느껴지지도 않을것같아요.디자인 너무 예쁘고 작은데 바람이 세다고 해서기대하고샀는데전에 제가 이미 사둔 휴대용선풍기큰거 보다 작아서그런지 바람 더 세다고 느껴지진 않아요크기는 핸드폰 정도 크기라 휴대하기는 진짜 편해요.​바람 최고 강하게 해야 바람이 느껴질정도고소리는 센편? 거슬릴정도는 아닌데 전에 제가 좋은걸 쓴건가 전에쓴거보다 시끄러워요.​괜찮으면 재구매해서 가족들 하나씩 들고다니게 하려고했는데재구매 안할것같구요, 소리크고 바람 센편아니고그냥 작아서 정말 더울때 가방에서 꺼내기 좋은정도​장점은 정말 작고 귀엽고이쁘고 출퇴근용 지하철에서 소소하게 바람쐬기 좋고그정도? 작은 핸드백에도 들어갈것같고진짜 가벼워요 !​​​쪼꼬미를 원한다면 블루필팬프로 괜찮으실것같아요.#내돈내산 #솔직리뷰 였습니다. 뿅​​개서 털
",6,1,0,160,1,1,315.2,17,,2020. 6. 25. 15:19,3269,570811,일상·생각,['휴대하기편하고 이쁜건마음에드네요 ㅎ']
2,https://blog.naver.com/daisyssu?Redirect=Log&logNo=222165853657,"​​안녕하세요 지수입니다.프로자취러 어느덧 3-4개월차집에 뭔가 저희집만의 냄새가 낫으면 좋겠단 생각에이번에 올립영 세일할때 눈여겨보고있던 디퓨저#올리브영디퓨저 #라운드어라운드디퓨저 #라운드어라운드 안개꽃 데려왔어요!!​원래 디퓨저 저렴한거 사려고 했는데전에 친구집에서 봤다가 향기좋았던 기억이 있는요녀석이 계속 생각이 나더라구요그래서 같은걸로다가 데려왔습니다.이번에 올리브영 세일기간에 사서 뭐 그렇게 싸게 산건 아니지만 3천원정도 할인받아서 샀어요1.2~1.3정도로 산듯 원래는 1.5이정도인것 같아요. ​향은 다양하게 있는데 이게 몇개 안남기도하고저도 이게 향이 제일 무난하니 좋더라구요. 우리집 냄새가 되어주라!#라운드어라운드드라이플라워디퓨저안개꽃 #라운드어라운드드라이플라워디퓨저포장도 이쁘고 리드스틱도 충분히 들어있습니다.양도 많아서 5개월 이상은 쓸 수 있지 않을까 기대하면서 개봉했어요​이렇게 구성되어있구요! 안애 아련한 안개꽃이 포인트꽃이 나풀나풀 들어있는것보다 저는 안개꽃 아련한게 더 이뻐보이더라구요 ​아니근데 뚜껑 왜 안열리냐고아침부터 힘뺴는중 손에 상처나도록 계속 뚜껑실랑이하다가가위 중간으로 머리써써 열어줬어요머리를써라 인간 ​사용모습 향기도 뭔가 은은한 비누향제가 선택한 이 향은 플로럴향이라고 써있는데안개꽃의 순수하고 상쾌한 프레쉬 플로럴향 이라고 써있네요 :)전 디퓨저 개인적으로 만든 경험도 많아서향을 이것저것 맡아봤는데 이 향은 좀 시장에서도 많이 안맡아본 향인것 같고질리지 않아서 선택했어요.​아주 아주 영롱하니 예쁨! 원래 화장실이나 주방쪽에 두려고했는데 너무 예뻐서 여기 두고싶자나 인테리어소품으로도 너무 예쁨 영롱 영롱쓰 ​디퓨저 찾고 있다면 올리브영디퓨저라운드어라운드 이거 아주 강추해요선물용으로도 너무 괜찮을것같음다른 향도 다 사재기하고싶다​#내돈내산 #디퓨저추천 #디퓨저추천 #디퓨저선물 #디퓨저향추천 #집디퓨저 #집꾸미기 #자취일기 』
04400 800
806 07 0ㅁ00067

~

<
04400 800
806 07 0ㅁ00067

~

<
04400 800
806 07 0ㅁ00067

~

<
",9,1,4,170,1,0,315.2,17,,2020. 12. 7. 17:33,3269,570811,일상·생각,['영롱한 디퓨저네요~^^']
3,https://blog.naver.com/daisyssu?Redirect=Log&logNo=221747939247,"#입체카드 ,  #캐릭터만들기 , #디퓨저#디퓨져 , #컬러링북 , #핸드메이드 , #미술교구 , #만들기 ,  #diy만들기 , #사무실인테리어 , #인테리어​​안녕하세요 데이지쑤입니다 :)풀가위 없이도 손으로 뜯어 쉽게 만들수있는DIY  만들기 향기가 있는 카드 디퓨저boodi 향기가있는 카드디퓨저 소개합니다.​크리스마스 카드로도 쓰기 좋고향기가 있으니 디퓨저로 활용하기도 좋고 스트레스도 풀리니 너무 좋더라구요.​​​​아이들과 함께 쉽게 만들기 좋으니더할나위없이 좋은 diy 인데요.가위랑 풀등등 따로 필요없어서 어디서나쉽게 만들기 좋아요 ! ​​향도 다양하게 들어있고만들기도 다양하고  좋더라구요.너무 퀄리티가 우수한 페이퍼 디퓨저 키트 ​이렇게 향이 가득 들어있는데고급스럽고 은은해서디퓨저로 사용하기도 좋구요.무엇보다 다지인이랑 꾸미는게 제 맘대로 할수있으니 아이들도 너무 재밌게 만들수 있겠더라구요.색감너무 예쁨 :)갠적으로 깨끗한머스크향 너무 좋아요.화분디자인도 너무 예쁨 !하나 만드는데 약 3분?걸리고끼는데도 편리해서 옛날 동심으로 돌아가는 기분!너무 예쁘지 않나요?구석구석에 두기에도 너무 예쁜  디퓨저 키트자 이제 신나게 만들어볼까요?만들다보니 너무 재밌어서 다 만들어버리기!!! 퀄리티 너무 좋아요 !컬러링으로 할 수 있는 면도 있어서아이들과 함께 색칠공부하고 아주 훌륭!!!! 완 성!!!!부디 컬러테라피 컬러브랜드향기가있는 카드디퓨저 더 알아보고 싶다면 ↓​",31,0,0,143,2,0,315.2,10,revu,2019. 12. 24. 15:39,3269,570811,일상·생각,"['넘기여워요:)아이들이 무척이나좋아할것같아요!!', '디퓨저도 만들수있다니...귀찮아서 엄두도 못내는데 저는 ㅠㅠㅠ']"
4,https://blog.naver.com/daisyssu?Redirect=Log&logNo=221632867347,"#방산시장캔들 , #방산시장캔들재료 , #방산시장디퓨저 , #방산시장디퓨저재료 , #방산시장향수 , #방산시장향수재료 , #라탄​​안녕하세요 데이지쑤입니다 :)디퓨저를 너무너무너무 좋아하는 1인그래서 앞으로 쓸 디퓨저 겸 선물겸 만들어보려고방산시장에 들려서 디퓨저재료 구입하고왔어요!​방산시장 ' 타마캔들 ' 에서 특히나재료도 너무 많고 가격도 착해서 열심히구입하고 왔답니다 !​   방산시장 타마캔들  ​타마캔들은 입구는 이렇게 생겼구요!​타마캔들 위치 :: 서울특별시 중구 동호로37길 20번지방산종합상가 A동 1-248호에 위치해 있어요!​​타마캔들은 캔들만드는 재료부터 디퓨저 향수까지 다양하게 준비되어 있는데요. 종류가 많고 예쁜 재료들이 많아서사람들이 많이들 사가시더라구요.​​다양한 향을 맡아보고 원하는 향으로 만들 수 있어서사업자 분들도 재료가 워낙 많다보니 여기 되게 선호하시는것 같더라구요.​​인테리어소품으로 너무 좋을만한 조화부터 해서 너무 다양해서휘둥그레 ㅎㅎㅎㅎㅎ오늘은 선물용으로 사가기로해서나중에  인테리어소품으로 활용하기 좋은 템들담아두려고 열심히 찍어봤어요!코사지스틱 가격도 저렴하고 너무 예쁨 ㅠㅠ!!!!!​병도 다양하게 있어서디퓨저 만들려고 온 저는 병 다 담아가고 싶었어요!​특히 라탄제품은 제가 따로 많이 삿엇는데 역시 타마캔들은 엄청 싸더라구요 반값이다...핳....!​이제 디퓨저 재료 사러 무조건 여기오기로 약속 선인장 디퓨저병 너무 귀여워서 살까말까 고민했는데가방이 무거운관계로 다음에차끌고오면 사기로해요!너무귀여워 ㅠㅠㅠㅠㅠㅠ!!!!!디퓨저 재료뿐만아니라석고방향제 만드는 틀 부터차에 두는 방향제까지​종류가 정말 다양했어요! :)저는 약간 스페인풍의 병과 향 2개 정도 아쿠아키스랑 러브미 란 향을 고르고베이스와 코사지스틱 몇개 사서​디퓨저3개만들어서 회사사람들 친한사람들 선물주려고 만들려고 하고있어요.​아쿠아키스는 향이 뭔가 남자들이 좋아하는 상쾌한 비누향 같은 느낌이라서 (개인적인느낌)골랐고 러브미는 추천해주셔서 향 맡아봤는데 약간 꽃냄새 풋풋한 꽃냄새가 나더라구요!그래서 두개를 선택했어요 총 4만원 정도 (비싼재료만 고른편)들었지만 정말 만족스럽게 쇼핑하고 디퓨저 따로 통도 많이 가지고 있어서더 많이 만들 수 있겠더라구요 ㅎㅎㅎㅎㅎ​무엇보다 축제때 쓴다고 사러 온 남자분들이 계셧는데판타지 향이 진짜 인기 많았다고 ㅎㅎㅎㅎ다음에 판타지 향 한번 사봐야지 ​정말 다 사고싶은 타마캔들!방산시장들려서 타마캔들 꼭 구경해보세요!​카메라에 다 못담을까봐 영상도 찍어봤어요 ↓​​​​​​​​​​",27,0,0,237,0,1,315.2,3,revu,2019. 8. 30. 0:41,3269,570811,일상·생각,0
5,https://blog.naver.com/daisyssu?Redirect=Log&logNo=222129880076,​​​안녕하세요 지수입니다 !아이웨어 패션파우치로 아이망에 귀여운 파우치 데려왔어용안경닦이와 케이스를 하나로 할 수 있는가방이나 목에 걸어서 편하게 들구 다닐수 있어요.​전 가죽 블루컬러로 선택!어디 놀러갈때 선글라스 넣고 간편하게 여행가기 좋은 스트 맨질맨질한 가죽에 고급스러워서눈에도 보이고 좋아요.그립감좋고 내피는 극세사라서 안경닦이용으로 활용 할 수 있어서가볍게 일석이조!​짜잔 ! 기존의 케이스보다 훨~씬 가볍기 때문에들고 다니기 너무 편하고핸드메이드 제품이라 그런지 꼼꼼하면서공장냄새같은 냄새가 안나서 좋았어요.​​보관도 하면서 내피로 이렇게 쓱삭 쓱싹 닦을 수 있어요 아주 굳굳가벼운 안경파우치 찾고 있다면아이망 안경파우치 강추! :)호피내피인것도 있고 예쁜 디자인이 많더라구요.이렇게 편하게 선글라스 목에다 걸고다닐 수 있어 좋아요.​더 알아보고싶다면 ​#아이망 #아이망안경집 #안경집 #안경파우치 #안경파우치추천 #선글라스케이스 #선글라스파우치#아이망안경파우치 ​,11,0,2,93,3,0,315.2,10,revu,2020. 10. 29. 11:51,3269,570811,일상·생각,"['안경집 넘 갬성있네요ㅎ', '안경 넣고다니기딱이네여 ㅎ', '간편하게 들고다니기 좋네용  ㅎㅎ']"
6,https://blog.naver.com/daisyssu?Redirect=Log&logNo=221838599924,"​​안녕하세요 요새 코로나때문에 강제집순인데요.그래서 그만큼 엄청 이것저것 주문해서밀린 포스팅이 산더미랍니다.​오늘 도착한 정말 오래 기다렸던! 30일상점 파우치와30일상점 유리컵 소개할게요!​​#30일상점 #30DAYSSTORE 은 좀 특별한데요유기견보호에 100% 기부하는 착한상점이라는것!저도 강아지 키우는 입장에서 기부도 하고예쁜 상품도 받을 수 있어 너무 착한소비가 될것같아 돈쓰면서 기분이 좋더라구요.​배송은 좀 오래걸리지만 그래도 화나지않았어요 아이패드파우치와 유리컵주문!​아이패드파우치는 크기더크게 노트북파우치로도 주문가능해요!저는 아이패드 최근에 구입해서 아이패드 파우치로 주문!이 스티커는 랜덤으로 오는것같더라구요. 스티커 너무 귀여움 기지개 피는 내모습같다 ㅋㅋㅋ​유리컵은 딱 손안에 들어오는 알맞은 사이즈라서제가 업무할때 물먹기 너무 좋겠더라구요.회사에 두고 두고 먹기 너무 좋은 컵같음​​아이패드 파우치 넘나 푹신푹신 귀여운것!특히 중간에 뽀송뽀송한게 너무 예뻐요 ㅠ아이패드 넣었는데 공간도 충분하고보들보들해서 들고다니기 너무 편해요.​안에 엄청 보들보들 >< 펜도 부담없이 넣을수 있어요!!​​하 너무귀엽다.... 요그래 산것중에 만족도 최상다른것도 지르러 갑니다 총총아이패드 쏘옥!​​30일상점이 더  유명해지길 바라며30일상점 구경하러가기 ↓​​*제 돈주고 포스팅 한 솔직 후기 입니다.""8 ㆍ
",10,1,0,123,2,0,315.2,20,,2020. 3. 5. 12:53,3269,570811,일상·생각,['어머머 파우치 컵 너무 귀여워요! ㅎ']
7,https://blog.naver.com/daisyssu?Redirect=Log&logNo=222338519230,​​​​안녕하세요 지수입니다.오늘은 긴 연휴에 밀어뒀던 집안일을 하나 씩 하고 있는데요그 중 하나가 바로 운동화빨래 ! ​운동화빨래 빨래비누로 엄청 빡세게 한번에 하는 편인데뭔가 닦이는데도 오래 걸리고 냄새도 특유의 빨래비누향이 나서그런지 뭔가 향긋하게 빠르게 운동화빨래 하고싶더라구요.​그래서 만나게 된 운빨 운동화세제! ​운빨 운동화세제 뿐만아니라뿌릿 발포클리너도 데려왔는데요.냄비에 탄그을림 등등 해결해주는 만능가루 더라구요.포장도 꼼꼼하게 오고 저 스마일스티커도 너무 앙증 맞았어요.이제 운빨 운동화세제로 운동화빨래 초간단하게 해볼까요?되게 운동화빨래에 최적화된 양면솔로 같이 와서 같이 빨래 하기 좋더라구요.운동화에 쏘옥 쏘옥 들어가는 사이즈에 솔 같이 왔어요이제 운동화빨래 템들을 갖췄으니 시작해봐야겠죠?우선 운빨 운동화세제는저와같이 운동화빨래를 열심히 했는데도 겉에만 빨리는 느낌이다.운동화세탁을 맡겼는데 금방 더러워지고 망가지는 느낌이다.이렇게 운동화빨래에 불만이 있는 분들에게 좋은 세정력좋은 세제인것 같아요.세정력이 너무너무 좋다는 후기가 많아서.믿고 충분한 양의 세제를 뿌려주고 15분정도 담가주고 솔로 빨래를 해주었는데요.​진짜 이렇게 금방 때가 지워지나 싶을정도로허무하게 엄청 깔끔하게 빨래가 되더라구요.확 나오지 않게 이렇게 입구가 막혀있어서솔솔 뿌려주며 양조절해서 빨래했어요.오늘의 주인공들우선 검정반스컴피쿠시 비올때 너무 신고다녀서꼬질꼬질해서 빨래해줄거구요역시나 제 컨버스척테일러도 해줄거에요 ㅎㅎㅎ뭔가 슈가파우더같은 모양.적당량을 뿌려 15분 담궈 주었어요.시간이 지나고 솔로 쓱싹쓱싹 빨래해주고 물로 시원하게 샤워 시켜줬더니그냥 끝 !옆에 우선 하얀부분 보이시죠?검정신발이라 잘 안보이지만 더러운 부분 다 씻겨나가고겉에도 하얗게 저렇게 새거처럼 되더라구요.막 신는거지만 아끼는 신발이라 계속 신고다녀서빨래를 매번하기 귀찮았는데이렇게 초간단하니 앞으로 열심히 빨래하면서  신고다닐 수 있겠더라구요완전만족!​​​더 알아보고 싶다면 아래 링크 클릭하기! *업체로부터 제품만을 제공받아 작성 한 솔직후기 입니다.,15,0,0,197,3,0,315.2,18,text_ad,2021. 5. 5. 10:14,3269,570811,일상·생각,"['패키지 너무 긔엽네요 🐅❤', '오늘도 변함없는  포스팅 잘보고 갑니다.  힘찬 하루보내세요 ^^', '요새 신발이 많이 더러워져서 어떻게 세탁하지 고민 중 이였는데 고민이 해결되었어요ㅎㅎ 꿀팁 감사합니다!!']"
8,https://blog.naver.com/daisyssu?Redirect=Log&logNo=222444770077,"​​안녕하세요 지쑤입니다.주로 장은 마켓컬리에서 보는 1인마켓컬리샛별배송으로 아침에 받아서냉장보관하고 주말 저녁에 가족들과 맛있게 먹었어요.​옛날통닭스타일을 좋아하는 편인데에어프라이어로 통닭을 쉽게 만들어 먹을 수 잇고기름없이 튀겨 진짜 말 그대로 겉바속촉 !!!​하림 에어라인 한마리닭 소개합니다.#에어라인, #한마리닭, #하림, #치킨,  #에어프라이어치킨, #하림치킨,  #오븐구이치킨​저희집은 오븐이 없고에어프라이어가 있어서200도로 예열된 에어프라이어에 가슴살 부분을 아래로 향하게 하고 30분간 조리 해주었어요.​노릇노릇해지면 꺼내 먹는건데15분 조리 후 닭고기를 한 번 뒤집고 동봉된 닭근위를 넣어주세요! ​닭근위까지 들어있는게 너무 매력적인 가성비 좋은 한마리닭!​​ #에어프라이어 #치킨 #옛날통닭 #오븐구이치킨 #한마리닭 #하림닭 #하림치킨​에어프라이어를 이용해 빠르고 간편하게 조리가능하고양념에 재우거나 별도의 조리과정 없이 냉장제품이라 바로 조리가 가능해서급하게 할때 찾게될것 같은 완성도 높은 통닭 ㅎㅎㅎㅎ​튀김옷이 없어 건강한 느낌이 나고한마리닭이 6,900원이어서 배달치킨보다 훨 저렴하고양도 많고 통통해서 가족모두 맛있게 먹었어요.패키지 내 닭근위가 포함되어 있어 나중에 안주로 맥주랑 크하하ㅏ핳!!! 먹을거에요.​가슴을 바닥으로 향하게 하고 넣어줍니다.닭근위 같이 들어있는거 너무 신기 :)닭똥집 좋아하는 사람 손 !!!나나나나나나​노릇노릇 구워졌을때  한번 뒤집어 주었어요.​​뭔가 맛있는 냄새 솔솔솔 ​​이렇게 15분 돌려준후 닭근위 넣고 또 돌리기엄청나게 노릇노릇 해졌죠?​​기름없이 과연 맛있을까 싶었는데아니나다를까겉에 완전 바삭바삭하고​안엔 촉촉~~해서가족모두 너무 좋아하더라구요.​​이런 통닭 좋아하는 집이라 우리가족 모두 취향저격 당해버렸답니다.​맛 미쳤으~​더 알아보고 싶다면 아래링크클릭하기​​​",19,0,0,166,0,0,315.2,5,revu,2021. 7. 25. 10:06,3269,570811,일상·생각,0
9,https://blog.naver.com/daisyssu?Redirect=Log&logNo=221719222522,"#먼지순삭 #오늘공작소 , #미세먼지 , #공기청정기 , #미니공기청정기 , #휴대용공기청정기 , #차량용공기청정기​​​​안녕하세요 데지쓔입니다 :)어디나 가지고 다닐 수 있는 ' 뿌리는 ' 공기청정기먼지순삭 소개합니다.​​​미세먼지제로 먼지순삭!99.6%  항균력 및 살균효과 테스트 완료한 먼지순삭은 벤젠, 글리옥살, 폼알데히드 등 11가지 유해성분 불검출되서안심이 되더라구요 안전 인증완료!!  ​​그래서그런지 낮은 곳에 아이들 강아지등등 있는 집도 무난하게 편하게 사용할 수 있어요저는 무향으로 선택! 아무 냄새도 안나서 더 좋더라구요.​자연유래성분으로제작되어 편백나무잎과 프로폴리스 유칼립투스 등등있고 안에 알갱이같은게 들어있어요.에어미스트 먼지제로 먼지순삭은​차안이나 먼지많은곳 위주로 뿌려줬는데 생각보다 활용할곳이 너무많더라구요.​​디자인도 깔끔하니 예뻐서 선물용으로도 굳굳​사용하는영상 보여드릴게요 ↓이렇게 뿌려주면 먼지가 밑으로 떨어져 어서 순삭쓱삭쓱삭 닦아주면 끝! :)먼지많은 창가위주 자리에 닦아줬는데왜 먼지가 금방 쌓이는지 알겠더라구요.​요새 예민한데 먼지까지 쓱싹 치워주니 기분개운!!!!​뿌리는 공기청정기 먼지순삭 강추해요!  ​​더 궁금하다면 ↓​​#먼지순삭 #오늘공작소 #미세먼지 #공기청정기 #공기청정기순위 #공기청정기추천 #공기청정기렌탈 #차량용공기청정기 #미니공기청정기 #휴대용공기청정기​",8,0,2,119,3,1,315.2,7,revu,2019. 11. 26. 19:59,3269,570811,일상·생각,"['오우 먼지 슥슥 다닦고싶네여 ㅎㅎㅎ', '차타면 먼지 날라다니는거 다보이는데 거기다가 한번 뿌려보고싶네요ㅋㅋ']"
10,https://blog.naver.com/daisyssu?Redirect=Log&logNo=222372632346,"#논나노, #무기자차, #저자극, #선크림추천, #자외선차단제​​​저자극인 자외선차단제 찾아다녔는데논나노 무기자차 저자극 자외선 차단제댄싱웨일 논나노 무기자차 선밀크  소개합니다!기름기가 올라오고 끈적거리거나백탁현상이 너무 심한 선크림은 질색인데가볍고 촉촉하면서백탁현상 전혀 없어서 너무 좋더라구요.​향은 은은하고 강하지 않아서 좋았구요,제형도 꾸덕한게 아니라서 펴바르기 좋더라구요.SPF50+/PA++++​​논나노 무기자차로 피부에 자극없이 사용이 가능하고자연스런 톤업이 가능해서 너무 좋더라구요.5월 가정의달 기념으로 한달간 5555원이라선밀크 구매시 샘플2ml 5개 증정한다고 해요.이럴때 어서 쟁여둬야함 디자인도 귀여워서 너무 좋더라구요.선밀크답게 부드럽게 펴바르기 좋아요.논나노로 안전하고 피부에 흡수될 걱정이 없어서 좋더라구요.100나노 미터 이상의 크기로 피부에 흡수되지 않은 무기 자외선 차단제로 더욱 안전하게 사용할 수 있어요.​겉보속촉 매끈 피팅으로 수증증발을 막고 수분감을 선사하여뽀송 뽀송한 피부를 만들어주어 좋더라구요.​뭉침이나 들뜸없이 흡수된 모습!​저자극으로 은은하게 톤업되면서 흡수되는 모습 !​저자극 논나노 무기자차  선 밀크로 순딩하게 피부 보호하고 싶다면 강추해요! ​",13,0,2,111,0,1,315.2,11,text_ad,2021. 5. 28. 23:32,3269,570811,일상·생각,0
11,https://blog.naver.com/daisyssu?Redirect=Log&logNo=221494989067,#오쎄 #소이베베 #아기세제​안녕하세요 데이지쑤입니다 :)저희집은 피부가 민감한 사람들이 많이 살아서아기세제에 관심이 많은데요​순하면서 가성비좋은 아기세제 ' 오쎄 소이베베 세제와 섬유유연제 '  소개합니다.​​​아가부터 어른까지 누구나 써도 좋은 오쎄 소이베베 세제와 섬유유연제로 바꿔봤어요.코코넛에서 유래한 세정성분과 민감한피부에 괜찮은 특허성분으로 되어있어안심하고 쓰기 좋아요! ​​깨끗하고 우수한 세척성분과 옷감손상을 최소화하는 중성세제라옷감에도 부드럽고 좋더라구요.​​​향이 너무 강하지않은 플로티 플로럴향으로 은은하니 좋더라구요.​앞에도 말씀드렸다 시피 저희집은 모두 피부가 예민해서옷에도 피부가 일어나거나 하는 그런 민감한 타입의 사람들이 많이 살고 있어서이러한 아기세제 오쎄 소이베베 딱 좋았어요.​리필형으로 데려왔는데 따라서 쓰기 좋고 가격도 가성비좋게 너무 착하더라구요.손세탁으로도 자주 사용할것같은오쎄 아기세제 소이베베 ~표준사용량은 이렇게 되더라구요.체크 체크!!!!​​▼사용모습​저희 집..스타일....; _; 눈대중으로 이렇게 :)너무 순하고 향도 좋아서 저희 가족 모두 만족한 유아세제 유아섬유유연제 오쎄 소이베베 추천합니다 ↓​​​​,10,0,0,108,0,0,315.2,16,,2019. 3. 22. 21:51,3269,570811,일상·생각,0
12,https://blog.naver.com/daisyssu?Redirect=Log&logNo=222197746909,"​안녕하세요 지수입니다! 요새 너무 갑자기 추워지고집도 너무 건조하고 또 옷장이나신발장 이런곳은 너무 습하고 제습제랑 가습기랑 두개 다 필요하단 생각이 들었는데요.​제습 가습 동시에 해결할 수 있는 리얼 제올라이트 블루 소개합니다!​​우선 제가 이번에 리얼제올라이트를 데려온 이유는가습전용으로 개발된 제품이기도 하고날이 너무 건조한데 가습기 따로 구매하기 부담스럽기도하고전 원룸 오피스텔에 생활하고 있기 때문에 집안 습도를 가볍게 잡아줄 천연 가습제가 필요했어요​​이렇게 총 2kg + 용기2개구성으로 가져왔어요건조한 날씨에 안전하게 집안 습도를 올려주는 천연가습제라서 맘에 들구요최대4년까지 재활용할 수 있고 24시간 가습기를 켜둘 수 없을때함께 사용하기 좋아서 가습기 사용 못할때대체용으로 사용하기 좋은 리얼 제올라이트 제습,탈취 효과도 있지만 가습효과도 탁월해서다양하게 사용하기 좋아서 쟁여두고 원하는 방법으로 사용하기 좋은 강점이 있어요 ​제습으로 사용하고 싶을때1평당 200g으로 주머니같은데 넣고 걸어두거나컵이나 다양한 알맞은 용기에 담아 그냥 두시면자연 제습효과!​가습으로 사용하고 싶을때 300g정도 권장하고물 너무 많이 채우진 말고 자작하게 채워서두면 끝! ​집에 편백오일이 따로 있다면 몇방울 떨어트려주면 좋다고해요포토후기를 남기는 이러한 이벤트도 하고 있더라구요포인트지급 베스트리뷰어 5000포인트지급이라니혜자인것 같아서 당장하러 가려구요 총총 ​제가 리얼 제올라이트 사용하는 모습 보여드릴게요!두개는 가습으로 두개는 제습으로 사이좋게 사용할 예정이구요!한통은 제습으로 한통은 가습으로 사용해줄 겁니다 제 원룸이제 평화로워지겠쥬?안에 이렇게 동글동글한 제올라이트가 있는데요이 제품은 라돈 과 토론가스 대한 안전성이 입증된 제품이라믿고 사용할 수 있겠더라구요.​천연광물질인 제올라이트 표면의 미세한 구멍으로물을 흡수 증발 시키면서 건조한 실내 습도를 업업 시켜준다고 하는데요.​이렇게 용기에 넣으면 딱 맞아요 이번에 새로 가습기능이 있는 리얼 제올라이트 블루로 나온건데 제습뿐만 아니라 가습도 되니까 저와같은 자취러에게는 이렇게나 활용도 높을 수 없어요 아주 굳굳 제습으로 화장실이나 신발장 옷장에다가 넣어주기!하지만 제가 리얼 제올라이트 블루 를 데려온건 실내 습도를 올려주기 위함인데요 물을 너무 가득채우지 말고 자박하게 채워주는데요물을 넣을때 되게 뽀글뽀글거리는 소리가 나서 너무 귀엽더라구요 뭔가 탄산 처음 따를때 느낌 이렇게 침대옆에 뒀는데뽀글뽀글 소리가 한참 나서 너무 귀여워서뽀글뽀글 ASMR 로 들으며 자도 좋겠더라구요생각한것보다 효과는 더 좋았고 건조함이 덜해서 좋았어요 각종 유해물질과 습기제거 및 가습효과에도 탁월한천영광물질 리얼 제올라이트 원룸가습기 천연가습기로 아주 강추해요 :) #자연식가습기 제올라이트 더 알아보러가기 밑에 클릭!#리얼제올라이트 #제올라이트 #천연가습기 #원룸가습기 #가습기추천 #천연가습기추천 #리얼제올라이트블루 #트렌드믹스 ​글은 블로그원평대을 동해 해당 업체에게
자 또느 서비스유언 솜자게작성된글 니다
",18,0,2,294,2,1,315.2,15,text_ad,2021. 1. 5. 23:45,3269,570811,일상·생각,['오오오오오 간편하고 좋아요']
13,https://blog.naver.com/daisyssu?Redirect=Log&logNo=221981422673,"​2020-5월 2,3주차 기록 ▼요새 푹 빠져버린 너튜브의 음악채널 땡스포커밍 그중에서도 알고보니 내가 쓴돈 맞더라? 인가 그 플레이스트가 참 취저다다이어트 하기로 했으면서 운동 한번 하면 식욕폭발해서 두배 세배 먹어버림엽떡 시키고 남은거 1인분씩 나눠서 맨날 데워먹기매일매일 먹으면 너무 맛있다.일주일동안 엽떡으로 행복한 나날을 보내게 된다.피자치즈 추가로 올려서 돌려먹으면 레알 꿀맛​엽떡은 제일 낮은 착한맛 먹어도 매콤해서 난 착한맛으로 즐긴다 :) 맛있옹그옆에 울엄마표 김밥 김밥장사해도되겠어요 어머니점심특선으로 먹은 초밥 이 초밥집 맛있네 이 초밥집에서 뉴스로 이태원발 확진을 보았다.와 제발 확진되는건 그렇다치고 거짓말은 하지말자!인천부천 이렇게 퍼져서 너무 두렵다 ㅠ 조심또 조심해야지​정말 몇개월만에 친구들이랑 퇴근하고 모였다.친구들이 거의 강남역근처에서 근무해서강남역에서 자주 모이는데강남역 어느 술집 그냥 인스타보고 간건데완전 핫플이다 너무좋아 ㅠ #랭맥 #강남역랭맥 랭맥은 특징이 맥주가 이렇게 얼려서 나오는것!맥주에 살얼음 무엇이냐고!! 진짜 술술 들어가고 너무 맛있다.퇴근하고 여기서 한잔하면 진짜 헤븐다들 배고파서 치킨시키고 후식으로 온면 시켰는데덜익고 그런거 없이 안주도 되게 맛있었다.그냥 맛집 인정 바삭 바사삭 무엇 치킨 꼭 시키세요온면도 진짜 맛있어 둘다 강추하는 메늅니다 :)코로나무서워서 두시간정도 먹고 떠들고 집으로 바로 슝슝그래도 오랜만에 모여서 너무 즐거웠다.​각자 코로나 무섭다는 얘기랑 사는얘기 그런얘기 ㅎㅎㅎㅎ맨날 붙어있어서 맨날 같이 놀고 먹고 했던 친구들이라 그런지 그때 붙어있던때가 너무 그립기도하다.​친구들이 화장좀 하고 다니라고 화장품을 선물해줬다.​​대학때부터 화장 잘 못하던 내게친구들은 하나씩 화장품 선물 해줬던것같다.분발할게요 ><그리고 드디어 도착한 지갑사실 지갑 그렇게 비싼거 살거 아니면 그냥 제일 할인율 높고 수납력좋은거 사자해서 그냥 ssf 어플로 들어가서 쿠폰 막써서 40퍼할인에 20퍼할인 추가 쿠폰 막써서삿는데 저렴하게 잘산듯하다. #토리버치지갑 근데 부들한 가죽이라그런가? 뭔가 이월상품같은 후줄근함이 있다 느낌이​화장 열심히할게요  :-) 화장품 진짜 많은데 화장잘 못해서색조화장은 리뷰를 잘 못쓴다 ㅎㅎㅎㅎ그래도 한번 해봐야지 여유로울때 !​#맥아이쉐도우 고마워 요새 줌마감성으로 꽃보면 미쳐가지고 사진찰칵찰칵사람들이 많이 안나와서 그런가 더 색깔도 이쁘고망가지지 않고 아름다운것같다.​아주 아름다워 새로워 !골덴치마 진짜 내 최애템이었는데이제 더워져서 못입겠지 하고 더 열심히 챙겨입고있다.#컨버스척테일러 왜 컨버스 신는지 알겠어예뽀 하지만 불편하긴 하다 맨날 런닝화 신던 나라서 그런지 적응하는 시간이 필요한듯​#30daysstore #30일상점가방 은 아주 잘사용하고있다도시락가방이냔 소리 좀 많이 듣는데 쪼꼬매서 편하다그리고 무엇보다 유기견보호에 내돈이 쓰이는거니까 후원 한다는거자체가 기분이 너무 좋자나 ​​#쿠캣피자 #쿠캣애슐리피자 시켜봤다사실 시카고피자 진짜 너무 좋아해서 시카고피자스타일인거 같아서시켰는데 안에 고기가 되게 많다.고기가 진짜 너무 많아서 그건좀 별로​개취입니다.이가격에 이 퀄리티면 그래도 좋은것 같다.전자렌지 먼저돌린다음 에어프라이어로 돌렸는데 진짜 갓만든 피자같아서 좋았다 ㅎㅎㅎㅎ​이건 따로도 올렸던 명란파스타자기전에 아침에 뭐먹을지 생각하고 자는 나란 꿀꿀이내가 보는 너튜브채널 코끼리 채널에서 보고 너무 해먹어보고싶어서 계속 생각하다가아침6시부터 명란 해동하곸ㅋㅋㅋㅋㅋㅋㅋ만들어먹었다.맛있음 근데 명란 떨어져서 4번정도 해먹고 그다음부터는 안먹었다.닭다리 떙기는 날 닭다리 과자로 대체약간 이런 딱딱한 과자 좋은것 같다.간만에 이런 과자의 숨은그림찾기 해보고어려워서 하다 버렸다 ㅋ​그리고 기프티콘 으로 먹고 너무맛있어서종종 먹는 #스타벅스유기농요거트한스푼뜰때 쾌감 ​너무 재밌어서 두번 돌려본#왓챠플레이 #너는나의눈부신친구약간 내얘기 같으면서도 재밌다.유럽 가고싶단 생각 안해봤는데 이거보니까 이탈리아 너무 가보고싶음#나폴리4부작 이 원작인데 나폴리4부작 보니까다음 시즌 내용 더 충격적이다 니노랑 다시?;;;;; 무튼 한 여자의 인생을 보면서도 그시대를 볼 수 있어서 참 꿀잼이다.​영풍문고에서 나폴리4부작 훔쳐보고 요새 빠진 펭수 물건들 보는데마우스패드 홀린듯 사버림아 너무귀엽자낰ㅋㅋㅋㅋㅋㅋㅋㅋㅋㅋㅋㅋㅋㅋㅋㅋㅋㅋㅋㅋㅋㅋㅋㅋㅋㅋㅋㅋㅋㅋㅋㅋㅋㅋㅋㅋㅋㅋ#펭수마우스패드 회사에 뒀는데 사람들 다 관심없어해서내가 들고 자랑했다 펭하!!!  다들 난감해함 ​​부지런하게 살려고 나름 그림도 그리러 다니고운동도 다니고 하는데 피곤해서 거의 잠을 자는것 같다.약속도 딱히 없고 ㅋ정말 몇개월만에 탄 공항철도 한강뷰는 언제나 좋다.요새 날씨 좋아서 그런가 더 아름다운듯​유화는 처음 그려봐서 낯설었는데 이렇게 오일파스텔로 밑그림을 그려준다오일파스텔 처음써봐 신기함어느정도 그리고 뿌듯하게 집으로 가는데장미랑 하늘 너무 예쁘자나 ㅠ심쿵 장밀 예뽀다 줌마갬성 다시 샘솟멀리서 보이는 건물들 생각에 잠기는 한강뷰 아침마다 카페 출석하는데 아침운동을 생활화 하려고 한다.나름 운동복 맞추고 나오는데 안다르옷 입고싶어서 운동하는 걸수도 있음 안다르는ㅅ ㅏ랑입니다.지갑은 생각보다 너무 맘에 안드는데정붙이려고 노력중이다. 손에 잘 안잡혀 친구가 서브웨이에 요새 중독되서 서브웨이 쿠키 사줫는데마카다미아 쿠키 ? 엄청 맛있다 초코보다 맛있다니 ㅇ ㅈ출근길 지나가다가 본 광합성 하며 쉬는 고양이들귀여워서 몰래 찍었다 들켰지만 너무귀여워 후다닥 엄마가 막 사온 치즈핫도그와 떡볶이와 그외 등등 먹을것들다이어트는 이미 안하고 있는것같다.아침사도 남다른 난잡한 각자 먹고싶은거 먹기밥상 ㅋㅋㅋㅋㅋㅋㅋㅋ맛있으면 0칼로리​자취하고싶다.다이어트성공하려면 자취해야해​요새 냉동식품 시키는거 중독됐는데#쿠캣반비냉 #쿠캣냉면 시켜봤는데반비냉인데 소스 안들어있는거당황스러웠는데 쿠캣에 말하니바로 환불해줬다. 빠른 일처리 쿠캣 ...화가풀렷어요​물냉면으로 그냥 즐김...이제 슬슬 여름이 다가오니 모밀해먹기 여름엔 집에서 냉면이랑 모밀 해먹는게진짜 맛있고 시원한것 같다.특히 난 모밀을 너무 좋아라해서 여름이 이런건 좋다 모밀을 즐길 수 있다는거​의심은 참 사람을 힘들게하고 갉아먹고진짜일지 아닐지 모르는 상상을 만들어서스스로를 힘들게 하는것 같다.그냥 그렇다고,가끔 읽는 #퇴근길에카프카를  각각 한챕터마다 고전문학 한개씩 소개해주는데 그떄마다고전문학 하나씩 살짝 맛뵈기로 읽은 느낌이 난다. 그래서 좋다​​너튜브 오영주채널보고 영업당해서 산 #어딕트 #어딕트고체향수 #어딕트네이키드걸 #nakedgirl #addict 살에 보드라운 냄새라고 하던데내스타일 아니라서 2개나 샀는데 당황스럽다생각보다 진한데 금방 사라지고 무튼 이래저래 별루임내 스타일의 향이 아니라서 그냥 그랬다그냥 가끔 생각나면 쓰고있음​​하나는 동생 주려고했는데 향 구리다고 거절당함...인기템인데...;그냥 향수나 다시 사야겠다향수는 마크제이콥스 데이지러브 아니면 랑방 메리미 둘중 고르고 있다가장 무난하면서 자주 손이갔던것 같다 :)​2,3주차 주절주절 끝 ",45,0,1,683,15,0,315.2,34,,2020. 5. 28. 9:05,3269,570811,일상·생각,"['서브웨이 쿠키 ㅜ너무 좋아요 골덴치마 이쁜데 이젠 입지 못하겠네용 ㅜㅜ저는 저 피자 너무 맛있더라구요 ㅎㅎ고기 많아서 좋았어용 ㅋㅋㅋ', '초밥에 치킨 ㅠㅠㅠㅠ 쿠캣피바 첨보는데 맛나보여유ㅠㅠ', 'DAISYSSU님 유익하고 알찬 내용들이 많네요  \n눈팅하고 있답니다 ㅎㅎ', '덕분에 좋은 정보 하나 얻어갑니다!\n다음에 또 놀러올게요~^^', '오늘도 이렇게 좋은 정보를 주심에 감사합니다♥', '포스팅 잘읽고갑니다 !\nDAISYSSU님 행복하고 좋은하루되세요 :)', 'DAISYSSU님 매번 이렇게 좋은 게시물을 주시면\n감동 또 감동이에요 ♥\n몸조리 잘하세요 ♥', '블로그 구경왔어요♥\n이웃님들 순회돌고있어서\n공감도장 쾅 찍고갑니다 ㅎㅎ♥', '닭다리 땡길때 닭다리과자ㅠㅠㅠ공감하구갑니다 !!', ""글 구경하고 가요 ღ'ᴗ'ღ"", '', 'DAISYSSU 님 다녀가요 ~ \n whenever 글 잘보고 갑니다. 오늘도 좋은 오늘도 되시고 오늘도 잘 보내세요 !!']"
14,https://blog.naver.com/daisyssu?Redirect=Log&logNo=221933150571,"#데스크매트 ,  #책상매트 , #책상깔판 , #책상커버 , #가죽데스크패드 , #가죽데스크매트#마우스패드 , #가죽패드 , #책상가죽패드 , #와이드매트​안녕하세요 지수입니다 :)오늘은 정말 지저분했던 남동생이 안쓰고 버려서제가 사용했던 맨유 데스크매트를 버리고 여자여자하게 깔끔하게 가벼운 소재의 데스크매트를 발견하여 깔아보았어요!​가죽데스크매트 로 너무 깔끔하고 멋진라이프공유 데스크매트 소개합니다.이렇게 돌돌 말아서 들고다닐수도 있고가볍고 꽤 커서 제 책상을 꽉 채울수 있어 좋더라구요.공유와이드데스크매트 는 깔끔한 가죽재질이라꽤 고퀄리티로 느껴지더라구요.정리정돈도 되면서 밀림현상도 없고일체형으로 얇고 고급져서다른 물건들과 사용하기에 어울러진달까요 되게 조화로워 좋았답니다 !프리미엄 PU 가죽소재라찢어지거나 물에 젖지 않아서좋아요. 전 주로 책상에서 뭐 많이마시면서 일하기 때문에 되게 편리하게 잘 사용하고 있답니다 ! 실제 컬러는 이 사진에 가깝겠어요!핑크컬러 뿐만아니라 민트 스카이블루 네이비 브라운 이렇게 다양하게 있는데전 뭔가 화사한 분위기가 좋아서 핑크를 골랐는데진한 핑크가 아니고 연한 핑크 인디핑크라고 하나요?그런느낌이라 더 고급져보이고 좋더라구요.이렇게 깔아주고 물건도 올려주고 여기저기 넓게 마우스로 왔다리 갔다리 할수도있고책상에 닿는 면에 제 팔과 손이 부드럽게 안착할 수 있어 좋더라구요.​ㅎㅎㅎㅎ 아이패드랑 제 낡은 삼성노트북 올려주니 찰떡 ><노트북 새로사면 더 예쁘겠어요​가로800mm에 와이드한 데스크매트라전에 매트보다 더 가로로 길어서 좋았어요제 데스크를 꽉 채우더라구요 >< 까는 모습을 동영상에 담아봤어요컬러는 아래와 비슷합니다!아주 예쁘고 만족스럽다 ! ​책상이 깔끔해져서 너무 좋아요! 더 알아보고 싶다면 ↓​",13,0,0,174,2,1,315.2,14,revu,2020. 4. 28. 2:02,3269,570811,일상·생각,"['컬러감도 예쁘고 아이패드와도 잘어울리네요 ! ㅎ', '오 이거 좋네여 색감도 이뻐요! ㅎ']"
