,Post URL,Post,Image num,sticker num,gif num,Paragraph num,Comment num,Video num,weekly viewer mean,Sympathy num,AD,Posting Date,Buddy num,Total visit,Blog category,Comment detail
0,https://blog.naver.com/danbi4567?Redirect=Log&logNo=222327272117,"​무드등 도안, 키트로아크릴 무드등 제작​​​​​​​티처스에서는 아이와 다양한 만들기 활동을 할 수 있는 키트를 판매하는 곳이에요. 과학 활동, 미술활동 등 다양한 활동을 많이 해봤는데 다른 곳에서 보지 못한 키트가 있었답니다! 제가 선택한 키트는 아크릴 무드등 제작을 직접 해볼 수 있는 아크릴 무드등  키트에요.​​​아크릴 무드등 제작 패키지 구성품 소개​​​아크릴 무드등 키트에는 아크릴 무드등 제작을 위한 아크릴, 연습용 아크릴, 아크릴판을 넣을 원목 프레임과 USB 연결선, 철필이 들어있어요.​​​​​그리고 아크릴 무드등을 제작할 때 필요한 8종의 무드등 도안이 같이 들어있어 내가 하고 싶은 도안을 선택해서 나만의 무드등을 만들어 볼 수 있어요.​이상한 나라의 앨리스, 피터팬, 어린 왕자, 플란다스의 개 총 4종의 아이들이 좋아하는 동화 속 주인공 도안과 어른을 위한 감성 글귀 도안도 함께 있어 아이뿐 아니라 어른도  만들 수 있어요.​​​​​철필은 약간의 뾰족함이 있어 철필 끝에 안전캡이 끼워져 있어요. 철필은 아크릴판에 밑그림을 그릴 용도로 사용하는 거라 무드등 만들기에 꼭! 필요한 재료랍니다.​​​​​무드등을 만들기 전 아크릴 판을 원목 프레임에 끼워봤어요. 프레임에 연결되어 있는 LED 등 스위치는 누르는 방식으로 딸깍 딸각 소리가 나는 형식이에요. ​​​​​LED 등 스위치를 눌러봤어요. 주황색 빛이 은은하게 올라오네요. 아직 아크릴판에 비닐을 떼어내지 않아서 불투명하게 보이지만 비닐을 제거하면 투명한 아크릴판에 은은한 빛이 올라오겠죠?​​아이와 아크릴 무드등 제작해보기​​​무드등 제작 하기 전 거니와 나만의 아크릴 무드등에 그려볼 무드등 도안을 골라봐요. 역시 아이라서 그런지 감성 글귀보다는 그림 도안을 골랐어요. 미니 캔버스 액자 세트를 볼 때도 어린 왕자가 있냐고 찾았는데 없고 큰 캔버스 액자 세트만 있어서 늘 아쉬워했는데 무드등으로 어린 왕자를 만들 수 있네요.​​​​​아크릴판 양면의 보호필름을 벗기고 무드등 도안을 아크릴판 뒤쪽에 놓은 뒤 도안이 움직이지 않게 테이프를 붙여 아크릴판에 고정해 주세요. ​도안을 고정 후 철필을 이용하여 아크릴판에 도안을 따라 그림을 그려주는데 거니가 철필로 아크릴판에 그리는 게 생각보다 어렵다며 힘들다고 했어요.ㅋㅋ 그림과 똑같이 그림이 잘 그려지지 않아서 약간의 상심이 있었지만 선을 한 번에 다 그리려고 하지 말고 조금씩 천천히 그리면 된다고 방법을 알려줬어요.​​​​​시작은 조금 힘들었지만 나만의 아크릴 무드등을 만들겠다고 생각하며 조금씩 천천히 열심히 그려봐요. 철필이 딱딱하다 보니 손이 조금 아프다고 했는데도 그림 그리는 걸 멈추지 않네요ㅋㅋ ​​​​​자! 이제 다 그렸대요. 그렇다면 아크릴판에 테이프로 고정해 놓은 무드등 도안을 떼주면 된답니다. 달과 구름, 별 들을 이쁘게 색칠을 했으면 좋았을걸 철필로 하려니 힘들어서 색칠하는 것까지는 못했어요. 도안을 뗐더니 어린 왕자의 모양이 얼추 나왔네요!! 등을 켜면 어떨지 너무 기대됐어요.​​​​​짠!! 아크릴 무드등 키트로 어디서도 찾을 수 없는 나만의 아크릴 무드등이 완성됐어요!!! 너무 이쁘죠? 거니도 너무 이쁘대서 거실 테이블에 켜놨더니 잔잔한 불빛으로 거실 분위기가 달라졌어요!​손재주 있으신 분들은 감성 돋는 글귀로 정성 담긴 선물용으로 단 하나밖에 없는 무드등을 만들어줘도 참 좋은 선물이 될 것 같아요.​​​​​​​| 겨     이 리뷰는 실제 상품-서비스 외에 경제적 대가 없이
~             올바른 리뷰문화몰 만들기위해 작성된 리뷰입니다
7 +
~+4수64
7 +
~+4수64
7 +
~+4수64
",15,1,1,386,38,1,451.8,40,,2021. 4. 29. 11:07,3099,261790,육아·결혼,"['와! 저는 제가 원하는데로 제작해서 완성품을 만들어 받는건줄 알았는데 ! 직접 제작이라니 더 애착이 갈것같아요 근데 완전 금손이신데용 ㅋㅋㅋ', '직접 긁어서 그림을 만드는거에요. 생각보다 좀 힘들었는데 완성하고 나니 너무 이쁘더라고요!', '재밌겠어요~ 제가 해보고 싶네요ㅎㅎ ㄲ~! 좋은 하루되세요^^', '재밌기도 한데 조금 힘들기도 했대요 ㅋㅋ 어린왕자 하다가 좀 질리면 감성글귀로 하나더 해보려고요', '우와 이런 무드등도 직접 만들 수가 있군요??진짜 너무 감성넘치구 이뻐요><❤', '너무 이쁘죠~~! 무드등 사기만 했는데 제 맘대로 만들 수 있다는게 장점이네요 : )', '우와 무드등도 직접 만들고 대단해요', '별거 없어요 ㅋㅋ 도안 대고 그림만 따라 그리면 되요!', '좋은 포스팅 잘 봤습니다~~ 행복하세요~', '우왕~ 직접제작할 수 있는 무드등이네여~^^ ㅎㅎ아이가 만들고 성취감도 느끼고 좋겠는데여.? 집중해서 잘만들었네영ㅎ', '아이방 책상에 놔줬더니 불을 몇번이나 껐다 켰다 하는줄 모르겠어요...^^', '와~직접 만들수 있는 아크릴 등이라니~ 예쁘네요~집중해서 열심히 그리네요^^', '저도 아크릴등을 어떻게 직접 만들지? 했는데 재료만 있으면 쉽더라고요!', '우와 이거 너무 이뻐요! 저도 이거 애들과 만들어야겠어요! 완전 이쁜데요', '한번 해보세요! 그런데 어린 아이가 하기엔 손이 좀 아플 수도 있어요!', '우앗ㅋㅋㅋ 이런 만들기 키트도 있나보네요 처음 알앗어요 ㅎㅎㅎ', '저도 이번 기회에 처음 알았는데 DIY제품이 점점 늘어나고 있는 것 같아요~', '요런 키트도 있나봐요 +ㅇ+ 직접 만들어서 할수 있으니 아이가 더 좋아할거 같아요 ^^ 도안도 있으니 수훨할거 같아요 ㅎㅎ 엄청 집중해서 하네요 +ㅇ+ 막 힘들거나 그러진 않는거죠? ㅎ 한번 도전해보고 싶네요 ㅎ', '약간 그림 그릴 때 뻑뻑해서 힘이 조금 필요해요!아이가 그린 그림을 도안삼아 무드등을 만들어보는 것도 참 좋을 것 같아요', '한국에 거주하는 일본 유튜버 모모나에요. 글보고 공감 누르고 갑니다 : ) 저희는 외국인 유튜버 커뮤니티 코리너스였습니다~^^', '재미있을거 같아용^^ 아이들 작품활동도 좋고^^ 저희 애들도 크면 해보고 싶네용^^', '아이가 크면 할 수 있는게 늘어나죠~~~ 그런데 전 조금 더 크면 이제 혼자 논다고 하겠죠?ㅋㅋㅋ 그 전까지는 열심히 놀아줘야겠어요', '비앤거니님 다녀갑니다^^ 또 들릴게요~', '공감 누르고 가요~~', '저 이번에 디퓨저 체험단 진행하고 있어요\n많은 참여 부탁드립니다~~^^', '포스팅 너무 잘 보고갑니다!\n들렸던 흔적 남기고 갈게요...\n오늘도 좋은 하루 보내세요:)', '오 너무 좋네요 나만의 무드등^^ 정말 무드있는 밤을 만들어 줄거같아요 ㅎㅎ 하영이가보면 엄청 좋아하겠네요 ㅎㅎ 그림 멋져서 볼때마다 기분좋을거같아요^^👍', '하영이가 하기엔 조금 힘들수도 있어요! 철필로 아크릴판에 그리는게 조금 뻑뻑하거든요 ㅠ ㅠ 엄마와 함께 한다면 괜찮을 수 있을 것 같아요', '우와~이런건 한번 도전해볼만 하네요', '이거 도전해볼만해요!! 저도 아이가 하길래 별 그리기 살짝 해봤는데 힘들긴 하지만 너무 재밌더라고요', '저 이번에 디퓨저 체험단 진행하고 있어요\n많은 참여 부탁드립니다~~^^', '오 이런 키트가 있었네요!! 선물용으로 딱이네요👏🏻👏🏻', '손재주 좋으신 분들은 정말 이쁜 작품이 완성될 것 같아요👏🏻👏🏻', '거니 손재주가 아주 뛰어나네요 ㅋㅋ 따라그리는거라지만 아크릴판에다 하면 쉽지는 않을 것 같은데..... 자기가 만든 무드등 보면 아주 뿌듯해 할 것 같아요', '맞아요 생각보다 쉽지 않더라고요 ㅠ ㅠ 그래도 천천히 열심히 했더니 완성품이 됬어요', '', '어린왕자와 여우로군요. 넘 이쁘네요.♡^^']"
1,https://blog.naver.com/danbi4567?Redirect=Log&logNo=222177922754,"매번 트리를 하다가 작년에 트리를 없애버렸다 자꾸 반짝이들이 떨어지는 현상이 일어나기 있음?아님 나의 잘못된 보관탓인가.. 그냥 막 넣어놨더니만 그래서 없애버렸다그런데 거니가 찾기 시작한다. 크리스마스 꾸미자고.....엄마도 모르겠는데 시전하다가 오르골 구입!! 내가 사고싶어서 샀다. 오르골 보고있으면 이쁘니까​​​오르골 작동시 조명, 멜로디와 반짝이 날림이 함께 연출되는 제품이다AA건전지가 3개 들어가는데 미포함! 디자인은 산타, 눈사람, 구유, 트리 4가지가 있다산타랑 눈사람이랑 엄청난 고민을 했는데 눈사람이 더 꽉차보여서 눈사람으로 겟!​​너무 이쁘지 않아요??????????????눈으로 보는 행복이 있다면 이런거구나 싶다 블루투스 연결하면 내가 원하는 캐롤까지 들을 수 있다거니가  노래를 바꾸고 지맘대로 해서 블루투스 꺼버림​​선이 너무 짧아서 애매한모양이 되서 죄다 엎어버렸음거니와 나의 합작으로 작은 산타마을을 만들어버렸다레고로 뚝딱하더니 썰매를 만들고, 루돌프대신 개가 끄는 썰매로!산타레고는 없어서 레고 피규어들 중 가장 산타스럽게 꾸며보았다클레이를 이용해 눈사람과 루돌프도 만들어준다​​​다 완성된 우리집 미니 산타마을불빛이 반짝반짝하면 더 이쁘지롱혼자 이쁘다며 호들갑을 떨면서 계속 쳐다만 보고 있다​​이쁘다면서 쳐다보고 있었더니 다이소에서 산 조명으로신랑이 거실을 번쩍번쩍하게 만들어 줌 거실 크리스마스 분위기 물씬 나네 엄청나게 만족 중! 혼자 저거 다 켜놓고 쳐다보고 있으면 너~~~~무 좋다나만의 힐링시간 
 
",6,3,0,153,54,1,451.8,119,,2020. 12. 19. 5:30,3099,261790,육아·결혼,"['미니 산타마을 넘 이쁘네요~^^저희도 크리스마스 준비해야 되는데 어떻게 할지 고민이네요~', '아이들이 있으니 크리스마스 준비도 바쁘네요ㅜ', '와! 산타마을 꾸미신거 넘 예뻐요~~~', '이쁘죠? 계속 쳐다보고 있어요^^', '오르골..구매욕구 뿜뿜 하네요', '오르골 생각보다 비싸서 놀랬어요ㅜㅜ', '와 진짜 예뻐요~! 집에서도 크리스마스 분위기 뿜뿜이네요^^ 서이추 감사해요~~! 🐾🐾', '요즘 이쁜거에 자꾸 끌리네요 밖에 못나가서 더 그런것같아요ㅜㅜ', '오르골 너무예뻐요. 만드신 산타마을과 완전 찰떡!!!크리스마스분위기 제대로인거같아요', '저희아이가 한몫해줬네요ㅋ', '오르골이 더해지니 크리스마스분위기 제대로네요~~=', '역시 크리스마스엔 반짝반짝이 필수죠!', '오르골 계속 사고싶은데 아기가 던질까봐 갈등중이에요.넘 예뻐요', '맞아요ㅜ 저건 던지면 바로 깨질거에요ㅜ', '어머나 천장까지 해놓으니 정말너무 예쁘네요산타마을과 오르골.. 너무 예쁨뿜뿜이에요', '이쁘죠? 매일 밤 혼자 보는 재미가 쏠쏠해요', '오르골너무이쁘네요~크리스마스분위기가 제대로에요♡', '이쁘죠! 사고 너무 만족중이에요', '완전 카페같아요!! 구유라는거 첨보는데 넘 멋지네요 분위기 전환되요~~^^', '아이템 하나로 집 분위기가 전환될 수 있어요ㅋ', '아하!! 천정에 걸어놓음 되는군요 ㅎㅎ 저희집도 도전~~', '길어서 이걸 어따쓰나 고민이었는데 정답은 천장이었어요!한번 해보세요ㅋ', '넘넘 이뻐요~~', '감사합니다!', '이뿌네요 분위기업', '역시 분위기업에는 조명이 최고쥬!', '헐 너무 이뻐여!저번에 마트갔따가 비슷한거 사고파서 만지작 거리다 내려놓고왔는데또생각나네요ㅠㅠ 살걸...ㅠㅠ진짜 너무너무 예쁘고 분위기 좋아요♥', '저도 비슷한거 만지작 거리다가 노래가 안나와서 내려놨었거든요그런데 어느새 제손은 온라인 쇼핑을 하고 있었죠........ㅋ', '크리스마스 준비 완전 잘하셨네요 ㅎㅎ', '그쵸? 벌써 몇일 안남았네요', '어머나 ㅋㅋㅋ 정말 너무 이쁜데요 잘꾸미셧다', '크리스마스 지나도 치우기싫은데 남정네들때문에 치워야겠어요..', '와 이뻐요!!!크리스마스 분위기 물씬 풍기네요~', '그런데 분위기 내고 앉아있을 시간을 안주네요ㅋ', '어머♡  오르골도 이쁘지만 꾸며놓은 산타마을이 최고인데요♡', '조금이라도 틀어지면 예민해진다는 단점이 있네요^^;', '와 너무예뻐요 산타마을 너무 탐나는데용😍', '아이가 썰매를 너무 잘 만들어주어서 한몫했어요ㅋ', '분위기가 너무 이쁘네요~~!!ㅎㅎ', '저 분위기를 즐길 시간이 없네요ㅜㅜ', '겨울느낌 나네요 산타마을 오르골 다 너무 예뻐요', '감사해요!', '아기자기한게 산타마을 너무 예쁘네요ㅋ 천장도 센스있게 조명 잘달아놓고 연말분위기가 한가득 뿜겨요 ♡', '그쵸? 역시 조명이 중요해요!', '어디 카페인줄요 너무 이뽀요..산타마을 넘 감성 끝판왕🥰', '카페라니, 그런 과찬의 말씀을', '트리 없어도 너무 예뻐요~~✨', '트리 없애길 잘했나봐요ㅋ', '트리없어도되겠는데요ㅎㅎ잘보고 갑니다-💜', '트리 없애길 잘했나봐요꾸밈에 제약이 없네요^^', '너무 예쁩니다~~^^', '좋은 글 잘보고 갑니다 ^^ 제 블로그도 많이 놀러와주세요 :)']"
2,https://blog.naver.com/danbi4567?Redirect=Log&logNo=222439048309,"​다이소 여행용품여행용 공병, 파우치로휴가 준비 끝!​​요즘 하늘이 너무 맑은 나날들이에요 ꔷ̑◡ꔷ̑ 어딘가로 떠나고 싶은 날씨인데요다들 여름휴가 일정은 정하셨을까요?​저는 다음 주 아이 방학에 맞춰서 휴가를 정했어요거리두기인만큼 사람들이 없는 장소로 택했고요이번 주만 일하면 떠난다는 생각에 하나, 둘 휴가 갈 준비를 하고 있답니다​​​매번 여행 갈 때마다 챙겼던 샘플들도 이제는 다 쓰고집에서 사용하던 제품들을 덜어가야 되는데이거 원... 마땅한 통이 없네요 ㅠ ㅠ ​이럴 땐 어디로 간다? 다이소로 간다!!!!!다이소 여행용품으로 이것저것 골라봤어요여행용 공병과 반짝반짝한 홀로그램 파우치까지!​​​홀로그램 파우치 너무 이쁘지 않나요?​여름에 사용할 수 있게 비치용 가방과 같은 재질이에요젖지 않는 소재로 만들어져 있어 물놀이 갈 때선크림 등 샤워용품을 넣으면 딱일 것 같아요​​​파우치에 넣을 여행용 공병도 다양하게 준비했는데마음이 왜 이렇게 뿌듯한 거죠?​다이소 여행용품만 준비했을 뿐인데저 벌써 마음이 너무 설레잖아요 ๑'ٮ'๑​​​​⭐️ 앰플과 미스트를 넣을 수 있는 분사타입 리필 용기​여행 가서도 소중한 엠플을 가져가지 않을 수 없다!엠플 제품을 넣어도 되지만, 저는 거니 천연 모기약을넣어서 필요량만큼 스포이트를 이용해서 쓸 거예요​스프레이 형식은 거니 모기기피제를 넣을 거고요아이와 다니려면 아이 제품도 필수니까요​ ​⭐️ 액체류를 넣을 수 있는 원터치 캡 리필 용기​이건 액체류를 넣을 때 가장 좋지 않을까요?저는 제가 사용 중인 스킨을 넣을 거예요제가 사용 중인 스킨이 완전 액체 형태라서원터치캡에 꼭! 넣어야 하거든요​​​⭐️ 진정 효과가 있는 알로에젤 전용 튜브형 용기​햇빛에 많이 노출될거라 진정 효과가 있는알로에를 챙기는 건 무조건 필수거든요작년 휴가 때에는 많이 쓸 것 같아서 집에 있는 채로가져갔는데 하나도 사용하지 않고 왔어요괜히 짐만 늘고 너무 별로였거든요 ㅠ ㅠ​딱 필요한 양만 넣고 사용하면 딱 좋을 것 같아요​​​여기에는 딱! 물놀이에 갈 때 필요한 것만 넣을 거예요용기에 클렌징폼, 스킨, 선크림, 알로에 젤을 넣었어요그래도 공간이 아주 많이 남거든요!!​4가지 용기만 넣었는데도 공간이 아주 많이 남잖아요?나머지 공간은 일회용 샴푸와 바디워시 등을 넣을 거예요​​​어? 그래도 왠지 공간이 남을 것 같아요혹시 내가 산 여행용 공병들을 다 넣어도 들어갈까?​어머 뭐예요? 홀로그램 파우치 안에 공간이 알차네요이렇게 많은 공병들이 다 들어가다니! ​​​그리고 또 하나 둥근 형태 홀로그램 파우치는요딱! 이 용도가 있어요. 신랑 전용 파우치로 쓸 거예요​남자들은 뭐 많이 필요하지 않잖아요그래서 딱! 필요한 것들만 넣을 수 있게 작은 걸로!​​​이것도 사각 파우치와 동일하게 지퍼가 거의 끝까지다 열린다는 점이 가장 마음에 드는 제품이에요​이거 보세요!! 이렇게나 개방감이 좋다고요​​​신랑은 딱 필요한 남성용 클렌징폼, 스킨, 로션 끝!​여기에 샴푸, 바디워시 샘플 하나씩만 넣으면 바로 샤워실에서 사용하기 딱이죠!​내가 골랐지만 정말 마음에 든다 ᕦ( ᐛ )ᕡ​​​다이소 제품으로 남자용, 여자용 나눠서 정리하니너무 좋은 거 있죠?!!!!!!​사실 제 파우치에 여태 같이 넣어 다녀서파우치 맨날 뚱뚱해지고 다 섞이고아주 그 안에서 난리였거든요 ㅠ ㅠ진작 이렇게 따로 했으면 좋았을걸요​여행 계획 있으시다? 그럼 어디 가야 된다고요?다이소 가서 이것저것 저렴이로 골라보세요 ๑•‿•๑​​​​​ 본 포스팅은 다이소 체험단으로 선정되어 해당 상품을 무상으로 제공받아 직접 작성한 포스팅입니다.여

좀 너 자세히 볼게요
여

좀 너 자세히 볼게요
여

좀 너 자세히 볼게요
",11,1,6,391,17,1,451.8,19,text_ad,2021. 7. 21. 0:23,3099,261790,육아·결혼,"['다이소 공병 저도 사랑해요~~여행갈때 딱이죠', '여행갈 때 부담없이 사기 좋아요!', '우왓 블링블링 넘나 이쁘네요 ㅋㅋ', '파우치가 여름 느낌 딱나죠!', '정말 요즘 다이소 품질 너무 좋은거 같아요 ㅋㅋ 여행갈때 파우치랑 공병 정말 잘 쓰고 있는데 이번에도 한세트 사러 가야겠어요 ㅋㅋㅋ 너무 예쁘고 좋네요 ㅋㅋ-꾸러기-', '다이소 자주 애용했는데 요즘 점점 제품도 튼튼하게 신경쓰는 것 같아 좋네요!', '여향갈때필수지요^^저는이번휴가는 넘어갈려고요ㅜㅜ', '이번 휴가 넘어가시는분들 많을거같아요ㅜ저는 아이가 돌봄도 잘 다녀주고 너무 고마워 휴가는 꼭! 챙겨야한답니다', '비앤거니님 안녕하세요^^ 장마가 언제 시작해서 언제 끝난지도 모르게 지나가고 역대급 무더위와 끝을 알 수 없는 코로나 상황 속에서 희망 잃지마시고 무더위도 이겨내시고, 코로나도 이겨내서 예전과 같은 일상으로 돌아가길 바래요~ 언제나 건강하시고... 힘내세요^^ 아참!! 시간되시면 답방도 부탁드려보아요~~ 좋은 일들만 가득하길 바라며... 다음에또 놀러올께요~~https://blog.naver.com/jesuslove24c/222438040741', '이제 이런거도 나오네요 아기꺼 소분해가기 좋겟어요 ㅎㅎ', '저도 아이꺼 소분해서 챙겼는데 딱이네요!']"
3,https://blog.naver.com/danbi4567?Redirect=Log&logNo=222289174481,"​아이패드 프로 4세대 11인치 파우치펭수 11인치 태블릿 파우치로!​​​​​​​​ 제 생일 선물로 신랑이 아이패드를 사줘버렸네요 >  <                       사실 아이패드 산지 한 달 정도 됐는데요! 제가 아직도 적응을 못하고 제대로 파악이 안되고 있어 리뷰를 못하고 있는 상황이에요ㅠ ㅠ 안타까운 현실.. ​좋은 걸 사줘도 제대로 활용을 못한다는... 그래도 갖출 건 다 갖춰야죠! 케이스, 무선 키보드, 파우치까지 그 외에 물건들을 더 사고 있습니다 ㅋㅋ​​​​​​아이패드 프로 11인치 파우치 은근 가격대가 있어서 고민만 하면서 보고 있었거든요. 그런데 이런 핫딜!! 이건 무조건 사야 돼!라며 1초의 망설임 없이 주문 결제해버렸어요. 이건 무조건 합리적인 소비인 게 분명하거든요!​ 색상은 3가지 있었는데 핑크와 머스터드와 엄청 고민을 했어요.​​​​​​순간의 고민으로 제 아이패드 프로 4세대 11인치 파우치는 머스터드 색상으로 골랐답니다! ""역시 펭수는 노랑이지!""라고 생각한 건 저 뿐인가요? ​​​​​​펭수가 이렇게 안녕 안녕하면서 나를 사라!!라고 하고 있는데 이거 원 안 살 수가 있어야지! ㅋㅋ​소재는 면 재질로 보들보들해서 저도 모르게 계속 펭수를 쓰다듬고 있네요. 이러다가 이거 금방 때타겠어요?​​​​​​아이패드 프로 11인치 파우치 펭수 디자인 제품은 가로 22*세로 29 크기로 일반 11인치 파우치 크기에요. 웬만한 애플 제품과 삼성 제품의 11인치는 다 들어간다고 보면 돼요.​​​​​​제가 아이패드 프로 11인치 파우치를 고를 때 중요시 한 점은?​첫 번째, 이쁜 디자인​이왕 사는 건데 이쁘거나 깔끔하거나 둘 중 한 가지의 디자인을 원했어요. 너무 조잡한 디자인은 평소에 싫어하거든요. 근데 펭수 싫어하는 사람 없잖아요? 그냥 단색이었다면 심심한 느낌이었을 텐데 펭수 그림 하나도 귀여운 디자인으로 탈바꿈됐어요. ​​​​​​지퍼 부분까지 물고기를 아기자기하게 표현해서 달아놓기 있어요? 너무 귀엽잖아요 > < 지퍼까지 놓치지 않는 디테일함. 마음에 쏙 드는 제품이에요.​​​​​​그렇다고 기능적인 면에서 떨어지느냐? 그것도 아닙니다. 지퍼 부분이 엄~~~청 부드러워요. 처음 구매하면 지퍼 부분이 뻑뻑해서 잘 안 열리는 제품도 있는데 이 제품은  부드럽게 지퍼가 움직여요.​​​​​​ 아이패드 프로 11인치 파우치를 고를 때  중요시 본 두 번째, 뛰어난 수납성 보장!​저는 왜 이리 수납에 집착하는지 모르겠네요, 왠지 무조건 이것저것 많이 가지고 다닐 것 같아서 이왕 구매하는 거 다양한 수납을 할 수 있으면 좋을 것 같았어요.  펭수 파우치는 앞면 포켓까지 있어서 11인치 태블릿 파우치를 열기 전부터 첫 번째 수납을 보장하고요.​​​​​​펭수 디자인 아이패드 프로 11인치 파우치를 개봉하면 짜잔!! 내부에 또 다양한 수납을 완벽하게 보장해 준답니다. 아싸라비야. 딱 내가 원하는 다양한 수납력! 짱!​​​​​​11인치 태블릿 파우치 내부 가운데에 보면 펫을 넣을 수 있는 공간까지 센스 있게! 딱! 이 부분은 일반 볼펜을 넣어도 되고요. 저처럼 아이펜슬을 넣어 수납을 해도 된답니다. ​​​​​​짱짱한 고무줄로 되어 있어서 아이펜슬이 안에서 절대 빠지지 않게 잡아줘요. 파우치 안에 고정이 되지 않고 헐렁거렸다면 아이펜슬 넣을 때 불안했겠지만 딱 잡아주니 제 마음도 흔들림 없이 편안해지네요.​​​​​​내부의 다른 수납 부분에는 3군데에 다양한 수납을 할 수 있는 공간이 있어요. 무선 키보드도 같이 구매를 했던지라 파우치에 무선 키보드도 같이 넣을 수 있는 제품이었으면 좋겠다 싶었거든요. 이 정도의 수납력 이면 키보드 들어갈 공간 충분할 것 같죠?​​​​​​이제 아이패드, 아이펜슬, 무선 키보드 다 넣어볼게요!!! 이거 하나씩 넣는데 제 마음은 왜 이리 설레는 거예요? 아이패드와 펜슬을 먼저 넣었어요.​​​​​​그리고 나머지 무선 키보드도 넣었어요. 넣었는데 어?? 왠지 키보드가 파우치보다 조금 더 튀어나오는 것 같아서 너무 불안하네요. 이러다가 파우치 안 잠기는 거 아니야? 하는 생각으로 닫아봤어요.​​​​​​하하하하하하하하하ㅋㅋㅋㅋㅋ 다 들어가잖아요? 지퍼도 부드럽게 잘 잠기잖아요! 내가 바로 원한 게 이거라고요!! 모두 다 한곳에 넣어서 가지고 다닐 수 있는! 전 현명한 소비를 한 게 분명해지고 있네요.​​​​​​열어놓으면 이렇게 보인답니다. 키보드가 무거워서 살짝 쏠리는 느낌이지만 지퍼를 닫아놓으면 딱 고정이 되어 안에서 움직이지 않아요. ​요즘은 노트북보다는 태블릿pc 많이 구비하고 계신데 아이패드 프로 4세대 11인치 파우치처럼 딱 맞는 파우치 구매해서 깔끔하게 가지고 다니세요 : )​​​​​​​​주 조주 조그
주 조주 조그
",17,2,3,542,27,1,451.8,35,,2021. 3. 27. 11:57,3099,261790,육아·결혼,"['아이패드구매 고민중인데프로4세대. 괜찮나요?', '네 너무 좋아요! 제가 그만큼 아직 활용을 못하는게 최대 단점이네요ㅠㅠ', '펭수 파우치 넘귀여워요😍👍', '너무 귀엽죠!!! 요즘 제 애증템이랍니다!', '펭수 좋아합니다.♡ 🎁', '파우치 귀엽고 가지고다닐때 편할거같아요 ㅎㅎ', '저기에 다 넣어서 이것만 가지고 다니니 너무 좋아요 ㅎㅎ', '안녕하세요:)\n포스팅 잘 보고가요\n좋은 주말 보내세요♥', '포스팅 정독하고 갑니다..\n앞으로도 좋은 내용 많이 공유해요^^', '펭수♡  넘귀여워요♡  뿅♡', '분홍색도 하나 더 살걸 그랬어요 ㅠㅠ', '비앤거니님 행복으로 가득한 하루 만드기실 바랍니다.포스팅도 잘 봤어요! 또 올께요~!', '생일선물로 아이패드를받으시다니넘나부럽습니다ㅎㅎ팽수 너무귀엽네요ㅎㅎ', '손이 커요... 저와 다르게 ㅋㅋㅋ', '펭수 너무 귀엽잖아요 파우치 디자인 너무 좋아요아이패드 4세대 있는데 저도 사고싶어요♡', '아이패드 4세대 너무 좋지않아요? 너무 좋은데 제가 활용을 못하네요', '헐 펭수 넘 귀여워용💛💛', '너무 귀엽죠💛💛 진작 살걸 그랬어요', '어머..너무 귀엽당 ㅠㅠ 부럽습니다', '하나로 만족하지 못하고 또 케이스 보고 있습니다..ㅋㅋ', '우앗ㅋㅋㅋ 펭수라니 넘 귀여워요 ㅋㅋㅋㅋ 저도 남동생 이거 사줄까바욬ㅋㅋ', '남자라면 네이비색 해야될까요...?', '우왕저도 조잡스러운거싫어해서.. 캐릭터는 귀여운데 다른 곳은깔끔하니좋네요 펜수납도 가능하구 잘사셨어요♡', '펭수가 한 몫했어요. 이거 케이스 빨면 또 없잖아요.. 그런 의미로 또 케이스 찾고 있네요 ㅋㅋ', '아이패드 캬 ~ >_< 정말 잘쓰시는 분들은 정말 멋지게 활용하시던데 +ㅇ+ 부럽습니다. 저도 가지고 싶어요 ㅠㅠ 부럽습니다.. 전 졌습니다. ㅠㅠ', '지지 않으셨어요, 왜냐면 활용을 못하거든요 ㅋㅋㅋ 기계치라 맨날 하던거만 해서 돈이 아까울 지경입니다 ㅠ ㅠ', 'ㅎㅎㅎ 아직 시간이 많으니 차근 차근 해보셔요 ^^ 아이패드 다이어리 쓰는거랑 그림 그리는거랑 넘 유용한거 많더라고요 *-* 예쁨 뿜뿜까지 ♡']"
4,https://blog.naver.com/danbi4567?Redirect=Log&logNo=222301615654,"​운동화 쉽게 빠는법으로집에서 운동화 빨기​​​​​​​비 오는 날 운동화를 신고 숲 체험을 갔다 왔더니 신발에 이것저것 묻고 젖고 이게 무슨 난리래요? 도저히 방치할 수가 없어 빨아야겠어요.​​​​​이것 보세요!! 처음 샀을 때 그 새하얀 운동화가 어디로 간 거예요? 그동안 열심히 신은 티가 나는 운동화에요. ​모두 집에서 운동화 빨기 하시나요? 제가 손목이 약해서 운동화 빠는 건 항상 세탁소에 맡겼는데 운동화 쉽게 빠는법이 있대서 오랜만에 집에서 빨아봤어요.​​​​​운동화 쉽게 빠는법 하기 전 준비물은?집에 있는 세탁세제, 과탄산소다(선택사항), 비닐봉지, 솔. 끝! ​​​​​운동화 쉽게 빠는법 1단계. 비닐봉지에 세제 넣기​​​​​비닐봉지는 운동화가 들어갈 수 있는 큰 봉지로 준비해야 된다는 것! 비닐봉지를 피고 그 안에 과탄산소다와 세탁세제를 적당히 부어줘요. 용량은 정해지진 않았고 그냥 눈대중으로 부어주면 돼요.​​​​​운동화 쉽게 빠는법 2단계. 따듯한 물 채우기​세제를 넣었으면 따뜻한 물을 봉지 안에 채워주어야 하는데요. 물을 얼만큼 채우느냐? 운동화가 잠길 수 있을 만큼 채우면 됩니다.​​​​​운동화 빠는법 3단계. 봉지 안에 운동화 넣기​따듯한 물을 꽉 채웠으면 이제 더러운 운동화를 봉지 안에 넣어주면 되는데요. 세제 섞인 물에 운동화에 붙은 때를 불려준다고 생각하면 돼요.​​​​​운동화 빠는법 4단계. 봉지를 묶고 30분 방치!​운동화를 쏙 집어넣고 물이 새지 않고 봉지를 묶어줘요. 봉지만 덩그러니 놓으면 물이 퍼져서 운동화가 다 잠기지 않으니 저처럼 통에 봉지를 넣어서 봉지 모양을 고정시켜주면 운동화가 다 잠길 수 있게 돼요. 그 후 때가 좀 불도록 30분 정도 방치해놓습니다.​​​​​운동화 빠는법 5단계. 30분 후 운동화 꺼내서 솔질하기​시간이 지난 후 봉지를 열어 운동화를 꺼내면 회색 물로 변해있어요. 때가 어느 정도 빠지고 불었지만 더러운 부분이 있을 수 있거든요. 칫솔을 이용해서 큰 힘 들이지 않고 살살 문지르면 더러운 부분이 깨끗하게 닦인답니다!​​​​​운동화 빨기 전과 후의 비교 사진이에요.​때가 껴서 알록달록 하얗던 부분이 새하얘졌죠? 얘가 원래 이렇게 새하얀 운동화였다고요!! 미안하다 자주 빨아줄게..​​​​​짠! 슈퍼스타가 이렇게 깨끗해졌어요. 슈퍼스타의 경우 세탁소에 맡기면 앞 코 부분이 자꾸 노래져서 최대한 신기고 잘 안 맡겼었는데 자주 빨아줘야겠네요.​​​​​제가 팔목이 약해서 운동화 빨기 집에서 안 했는데 이제는 집에서 운동화 빨기 할 수 있겠어요! 저처럼 운동화 빨기 힘든 분들 이 방법 이용해보세요. 정말 힘 안 들이고 쉽게 빨 수 있답니다 : )​​​​///
",12,1,4,302,47,1,451.8,53,,2021. 4. 7. 12:07,3099,261790,육아·결혼,"['칫솔로 살살 문지르기만해도 지워지는거 실환가요!! 운동화 잘 지워지지도 않아서 귀찮아했는데 봉지가 꿀팁이었네요ㅋㅋ 흰운동화에 과탄산소다는 센스인것같아요 ㅋㅋ👍👍', '저도 그래서 매번 세탁소에 맡겼었는데 이렇게 쉬운 방법이 있는데 그동안 세탁소가 맡긴게 너무 아깝네요 ㅠ', '이번에 저두 슈퍼스타 세척해야하는데 이 방법으로 해봐야겠어요!', '슈퍼스타는 이 방법으로!! 아주 새하얘진게 너무 부담스럽네요 ㅋ', '꿀팁이네요^^', '저도 신발빨려고 봉지 큰거 잘모아놨다가 몰아서 빨아요👍', '저도 한번에 몰아서 2~3켤레 빨아야겠어요! 이렇게 쉬운 방법이 있었는데 여태 게으르게 안했었네요 ㅋ', '문지르기도 전에 벌써 하얗게 보이는건 기분탓인가요?ㅋㅋ 비닐봉지 생각도못했는데ㅜ 꿀팁이네요ㅋ', '아니에요! 담궈만 놔도 때가 어느정도 빠져서 빨기전보다 하얘지긴 했더라고요!', '운동화 흰 색을 좋아하는데 진짜 너무너무 빨리 더러워져서속상해요ㅠㅠㅠ 이렇게 꿀팁 알려주셔서 감사해요><❤', '와 대박이네요! 저도 봉지이용해서 해봐야겠네요 정보 감사합니다^^', '봉지와 세제와 뜨거운물 3가지의 조합이 이렇게 편한 방법을 만들어네네요 ^^', '비앤거니 잘 보고 갑니다.\n좋은 하루 보내세요:)', '와~ 엄청 쉽게 세탁가능하네요~저 맨날 세탁소에 맡겼는데이렇게 쉽고 재료도 간단하다니!! 요번에 제가 한번 빨아봐야겠어요,,ㅎ', '저도 맨날 세탁소에 맡겼거든요사실 내가 운동화 빨면서 시간을 낭비해야 하나 이시간에 쉬고 싶다 하는 생각이었는데 이제부턴 제가 빨려고요 ㅋㅋ', '이웃 답방 왔습니다~~ 포스팅 잘읽고갑니다! 즐거운일 가득한 하루 되시길 바랍니다!! ㅎㅎ', '와이프도 신발 세탁소에 맡기는데...이제는 집에서 제가 한번해봐야 겠어요~^^* ㅎ', '어멋!!! 저희 신랑도 직접 해봐야지~~ 라고 했으면 제가 정말 너무 좋아했을텐데... ㅠㅋ', '저도 예전에 이렇게 했었는데.. 남편 아이들 운동화 감당 안되서 그냥 신발 세탁소에 맡겨요 ㅎㅎ', '네 저는 제 운동화랑 아이 운동화만 감당하려고요.............. 신랑은 본인손으로 감당을 해야.....ㅋㅋㅋㅋ', '현명하신 분 ^^', '비앤거니님 안녕하세요!!\n서로이웃하고 싶어서 두드리고 갑니다 ^.^\n블로그 자주 방문하고 친구하고 싶어요 ~\n감기조심하시고 다음에 또 들릴께요', '우와 완전 깨끗하게 세탁되었네요 *-* !!저도 집에가서 운동화좀 빨아줘야겠어요 🥰', '오랜만에 너무 새하얀 운동화의 민낯을 봐버렸네요 ㅋㅋ', '울 현주 신발도 색이... ㅋㅋㅋ 처음 무슨 색이였을까요? ㅋㅋ 세탁좀 해야겠어요 ㅎㅎ', '저도 저렇게 늘 빨아요!봉지에 담아놓고 ㅎㅎㅎ', '많은 분들이 이 방법으로 활용하고 계셨나봐요저도 알면서 실행이 안됬었는데 해보니 너무 좋네요!', '생각보다 깔끔하게 빠르게 세척이 가능하네요 잘 보고 가용ㅎㅎㅎㅎ', '팔목 아프지 않고 슥슥 잘 빨리니 너무 편해요!', '오~ 저도 요롷게해서 신발 집에서 세탁해봐야겠어여~ 매번 세탁소에 맡겼는데 집에서 이리 간단하다면 절약할수있어서 좋네영ㅎ', '저도 매번 세탁소에...........ㅋㅋㅋㅋ그냥 제가 신발을 빤다는 그 자체가 너무 귀찮고 하기 싫었어요이제부터라도 이 방법으로 해야겠어요', '저도 운동화 이렇게 빨아요ㅎㅎ 어디서보고 따라해봤는데 괜찮더라구요^^', '저도 보기는 봤는데 실행이 안됬었거든요 ㅠ ㅠ게으른자.... ㅠㅠ 이제부터라도 열심히 이 방법으로 운동화 빨아볼게요!', '악 완전꿀팁이네요!! 당장해봐야겠어요', '운동화빨기 어렵지 않아요!ㅋㅋㅋ게다가 아이들 운동화 진짜 금방 더러워지잖아요 이제는 자주 빨아줘야겠어요!', '오~ 운동화 빨기 힘든데, 저도 이렇게 해봐야겠어요.^^🎁', '매번 빡빡 문지르느라 팔목이 나가는게 싫어서 맡겼었는데 쉬운 방법으로 열심히 해봐야겠어요 ㅋ', '오우 꼬질이 신발 찾으러 갑니다ㅎㅎ', '저희집 신발장에도 꼬질이들 줄 서있어요...ㅋㅋㅋ 비 그치면 하나씩 꺼내서 저도 해보렵니다 ㅋ', '좋은 글이네요 ~! \n오늘도 기운찬 하루 되세요', '우와 완전 꿀팁인데요!!저희아이도 숲체험하고와서 신발이 완전 흙투성이라서 다용도세제로도 안지워져서 속상했는데요방법으로 해봐야겠어요 ㅎㅎ', '세제 넣은 뜨거운 물에 담궈놓으니 때가 불어서 슬슬 문질러도 아주 깨끗해져요!', '세탁소에 맡기니 6천원나오더라구요😂😂집에서 해야겠어요👍👍', '집에서 해보세요! 저도 매번 세탁소에 맡겼었는데 왠지 그 돈이 아까워지네요 ㅠ', '오 완전 꿀팁이에요 ㅎㅎ좋은정보 잘 보고 갑니다~~!!']"
5,https://blog.naver.com/danbi4567?Redirect=Log&logNo=221421786605,"다른집에서는 활용도가 좋다는 에어프라이어우리집에서는 공간차지만 하고... 잘 안쓰게 된다사실 냉동음식을 잘 안사다놔서 그런 것 같기도^^;;​인스타에서 오븐없이 계란빵 만드는 과정을 발견?!과정도 너무나 간단해서 퇴근길에 핫케잌가루를 샀다저녁 먹고 후식을 항상 먹는 거니....직접 요리해서 먹는 묘미가 더 좋다랄까?그래서 만들어보기로!!!!!!!!!!!!!!!!!!!!​재료도 간단하게 우리는 3명이니까 모든지 세개씩 준비한다1. 우유와 계란과 핫케잌가루를 넣고 한 반죽2. 계란빵이니까 위에 올릴 계란3. 간을 해야하니 소금과 단맛을 위한 설탕 조금4. 계란빵의 반죽을 넣을 위에만 자른 종이컵​​​​반죽을 종이컵에 1/3만 담아준다한치의 오차도 없이하려는지 내 성격상그냥 빨리빨리 부어버리고 싶은데한숟가락씩 넣는 거니..............그래 시간 때우기 좋구나!​​​​두번째 순서로는 계란 깨트려서 퐁당 넣기계란이 잘 안깨지는지이리 쿵~ 저리 쿵~ 계란이 종이컵안으로 들어가야하는데그러다 니 옷에 떨어지것다................;;;;;;​계란을 포크로 한번씩  콕콕! 찔러주고준비한 소금과 설탕을 솔솔~~  뿌려주면 된다아이와 만들기 정말 간단하다​요리활동을 좋아하는 거니라서 간단한 건 같이해보는데에어프라이어로 만드는 간단요리들이 많아서유용한 듯 하다​​​​반죽을 컵의 1/3정도만 넣으라고 했는데내가 반죽을 많이 만들어서 2/3정도를 넣었더니안에가 익지않아서 우리는 조금 더 구웠다​에어프라이어에 넣으면 반죽이 부풀어오르니 다음엔 1/3만 넣어야 될 듯​정말 시중에 파는 계란빵과 다를게 없는 모습사이좋게 거니하나, 나하나, 신랑하나​바~ 으~
건
' 0
",7,4,1,151,2,0,451.8,7,,2018. 12. 18. 20:10,3099,261790,육아·결혼,['꼬마요리사 탄생이네요진지하게 만드는모습 멋진걸요^^♡']
6,https://blog.naver.com/danbi4567?Redirect=Log&logNo=222205012497,"서서울호수공원표 꼼지락키트​#언택트시대 #슬기로운 집콕놀이 #비대면프로그램 #꼼지락공작소#집에서 누려요 #꼼지락꼼지락 #공원자연물 #오감놀이#재료비무료 #착불택배만가능 #1인1세트 제한​​○ 운영내용 : 코로나19 확산 방지를 위해 비대면 프로그램 운영○ 대 상 : 6세이상 어린이 및 일반 시민○ 신청방법 : 서울공공서비스예약홈페이지(http://yeyak.seoul.go.kr 전화 · 방문접수 불가)○ 모집인원 :각 키트마다 20명 (1인 1세트 신청 제한)○ 접수기간 : 21'.1.18(월) 9시~ 1.21(목) 17시○ 수령일 : 21'1.26(화) 오전 9시~오후4시  *점심시간(12시 ~ 13시) 제외○ 수령방법 : 직접수령(다목적실 앞), 착불택배(선불 안됨)       - 예약시 단체명에 수령기간 중 수령가능한 날짜, 시간을 기제해 주세요.   - 착불택배를 원하시면 단체명에 착불택배신청 이라고 작성해주세요.         (정확한 주소와 연락처를 작성해주세요. 잘못 된 주소 입력시 재발송이 불가합니다.)       - 택배는 1월 25일 발송됩니다. (우체국택배 - 배송 4,500원, 2~3일 소요)  * 서서울호수공원에서 진행하는 다른 종류의 꼼지락 키트를 같이 주문하시면 묶음배송해드립니다.​​​​○ 꼼지락 키트 : 자연물(스트로브 잣나무열매) 마그넷 만들기- 제공물품 : 스트로브잣나무 열매 3개, 부직포, 마그넷, 만드는 방법- 개인준비물 : 글루건, 글루건 심, 가위​ ○ 꼼지락 키트 : 솔방울인형 만들기- 제공물품 : 솔방울3개, 다양한 색상의 부직포, 나뭇가지, 끈, 만드는 방법- 개인준비물 : 글루건, 글루건 심, 가위​​○ 꼼지락 키트 : 솔방울 가습기 만들기- 제공물품 : 솔방울 7개(솔방울 2개는 가습기로 완성된 샘플을 보내드려요), 베이킹소다, 만드는 방법- 개인준비물 : 사용하지 않는 냄비, 솔방울가습기를 놓고 사용한 용기​ 
 

지 5바-
",5,0,0,209,11,0,451.8,128,text_ad,2021. 1. 13. 7:00,3099,261790,육아·결혼,"['항상 좋은정보감사해요~^^', '좋은 정보 감사합니다^^', '꼼지락키트ㅎ이름귀엽네요', '자연물로 만드는 마그넷!! 재밌을꺼 같아요~ㅎ', '솔방울 천연가습으로 많이 썼어요^^요런 키트도 잼나겠는데요~', '저도 솔방울 많이 주워왔는데 참고해봐야겠어요 ㅎㅎㅎ가습기 만들어도 너무 좋을 것 같아요!', '아주 꿀팁이네요~저도 신청해야겠어요', '좋은정보 감사해요~~ 아이가 좋아할 키트에용^^', '너무 좋은 정보네요~!!!', '안녕하세요!포스팅 잘 보구 갑니다~날씨가 추우니 감기 조심하시구요!제 블로그도 방문부탁드려요^^', '집에서 만들면 재밌을 것 같은 키트들이네욤 🥰❤️']"
7,https://blog.naver.com/danbi4567?Redirect=Log&logNo=221492735028,"기존에 쓰던 미키마우스 가습기는 세척이 너무 불편했다아무리 잘 말리고 쓴다고 해도통이 개봉되지 않으니 안에가 깨끗한건지 만건지...물때 껴서 분명 미끌미끌거릴텐데닦지못하니 이 찝찝함....... 그래서 과감히 버렸는데 미세먼지가 심하니거니의 코막힘이 시작이 되서 일차적으로 검색한게    ​통세척가습기  ​쿠팡에서 로켓배송으로 샀더니 바로 다음날 도착해서조립이라고 할 것도 없지만 잘 맞춰서 껴봤다​​​​다른 가습기와 다른 점은 특이하게 가습이 나오는 부분​같은 공간에서 두개의 가습기 사용하지않아도된다두 곳으로 분류되어 있어서방향을 달리하면 양쪽으로 퍼질 수 있다는 장점​​​​대용량이라서 물을 꽉 채우면 엄청나게 무겁겠다정말 극 소량만 채웠음에도 불구하고 제법 무겁다그래도 손잡이가 따로 있어서 물을 편하게 채울 수 있고 미끄러지지않게 들고 다닐 수 있는 장점​​​청소솔도 따로 구비되어 있어서 깨끗히 사용할 수 있다거니가 자꾸... 저 청소솔을 미술놀이할 때 쓸거라고탐내고 가져가려고 해서 난감하다.........​​​가장 쎄게 가습량을 조절해서 틀어보니한눈에도 보이는 가습량전에 미키마우스 가습기에 비하면 엄청나게 쎄다​다른 가습기에 비해 저렴한 삼만원대 가격으로 구매했는데품질이며, 성능이며 가격대비 좋다 ​​​​ 
…
^
 
 
",5,2,1,130,0,0,451.8,2,,2019. 3. 21. 0:10,3099,261790,육아·결혼,0
8,https://blog.naver.com/danbi4567?Redirect=Log&logNo=221131891197,"갑자기 추워지는 요즘사무실에서 난방을 트니 너무나 건조하다usb 가습기를 알아보는 중 ​내가 원하는 조건은 별거 없다1.  자리차지 안하는것2.  방향조절이 가능한 것​딱 두가지 뿐!​신랑한테 얘기하니 조용히 선물을언제나 선물은 기분좋게 한다​구성품을 살펴보니 필터2개와 물통,본체, usb선 ​​높이 조절은 구지 원하지않았는데이렇게 된다니 큰 물통을 쓰면 높이조절 하면 되겠다기본 물통이 있는데 그 외에 일반 생수병도 사용 가능!​제일 높여서 보면 라바가 그네타는 듯한 귀엽다​​​이건 내가 가장 바라던 방향 조절이다​usb가습기를 검색해보니 습기가 다 위로만 올라가는게 있어서그 점이 가장 싫었다멀리놔도 내 얼굴쪽으로 왔으면 했으니까?​​​전원이 있는데 불이 3개이다받자마자 거니가 뜯어보고 설명서를 버렸기에..ㅠㅠ검색을 해보니 이런 기능이 있다​연속적으로 가습을 하면 공기가 차서 추울 수도 있을건데내가 애용하는 방법은 10초 작동법!​​​일단 가져오자마자 물을 받고 써본다머리위에서 분사가 되는데 음.. 좋네나름 괜찮네​좀 더 써봐야 알겠지만 일단 지금까지는 만족이다밑에는 발난로 틀어놓고위에는 건조하지않게 가습기 틀어놓으니딱 좋다!!!! ​​오늘도 이렇게 점점 내 책상은 좁아진다...더이상 놓을 자리도 없는데 자꾸 짐이 늘어만 간다​ 
^

~ 행
시 7
^

~ 행
시 7
",5,2,0,133,2,0,451.8,3,,2017. 11. 3. 17:06,3099,261790,육아·결혼,['남편 완전 센스쟁이인데요? 선물로 주다니 *0* 저도 슬슬 가습기 알아보는데... 고민중이네요 ㅎㅎㅎ 저려미로 간단하게 사려구요 ㅎㅎ']
