,Post URL,Post,Image num,sticker num,gif num,Paragraph num,Comment num,Video num,weekly viewer mean,Sympathy num,AD,Posting Date,Buddy num,Total visit,Blog category,Comment detail
0,https://blog.naver.com/ddonu999?Redirect=Log&logNo=222432938284,"예전부터 특히 여름쯤 되면 하나 있었으면 좋겠다고 생각한 물건이 있었는데 바로 장마우스패드다.나는 더위도 별로 타지 않고 땀도 많지 않은 체질인데 그나마 몸에서 땀이 좀 나는 곳이 손목이다.여름에 책상위에서 열심히 마우스질을 하다보면 책상에 쩍쩍 달라붙는 팔목 or 팔뚝 때문에 찝찝하기도 하고 마우스 사용도 불편해서 팔 밑에 종이를 깔고 쓰곤 했었다.그럴때 책상 위에 넓게 깔고 쓰는 마우스패드 하나 있으면 좋겠다 했다.비닐포장으로 돌돌 말려 배송된 아르누보 장패드꺼내서 펼치자 생각보다 큰 사이즈에 놀랐다.집에서 보통 상 위에 노트북을 놓고 쓰는데(티비도 보고, 맥쥬도 마시고 해야됨시롱ㅋ) 상에 꽉 차는 크기다.핑크색을 주문했는데 인디핑크 느낌이라 너무 핑크핑크하지 않고 예쁘다.돌돌 말려서 왔지만 말림현상 전혀 없이 상 위에 바로 펴진다.빳빳한듯 하면서도 만지는 촉감은 부드러운 가죽같다.구석에 아르누보 각인이 멋스럽게 되어있고 끝부분 박음질도 아주 깔끔하고 꼼꼼하게 잘 되어있다.밑면은 촘촘하게 미끄럼방지 논슬립 처리가 되어있어 책상 위에서 밀릴 일은 전혀 없어보인다.13인치 노트북과 다이어리를 양쪽에 놓고도 마우스 사용할 공간이 충분히 나오고 양손으로 키보드 사용도 편하게 할 수 있다.장마우스패드는 PVC 표면처리로 레이저 및 광마우스에 최적화 되어있어 마우스의 움직임도 불편함 없이 잘 된다.그리고 가장 중요한 피부와 닿는 느낌도 산뜻하다.작은 마우스패드 사용하면서 책상에 달라붙는 팔때문에 종이나 노트 깔고쓰는 일은 이제 없을듯 싶다.적을 것도 없는데 괜히 뭐 있는 척 ㅋㅋ아르누보 장패드는 사무실에서도 유용하게 쓸 수 있을것 같은게 키보드와 마우스를 같이 놓고 쓸 수 있고 마우스 사용범위가 좀 더 자유롭고 넓어진다.결정적으로 인테리어 면에서도 깔끔하고 예쁘다.요즘 직장인들은 책상을 예쁘게 꾸미는 데스크테리어에 관심이 많다는데 그럴때도 꼭 필요한 제품이지 싶다.이제 내 책상도 편하면서도 예쁘게 변신하는걸로~이만 끝. ​​​​​​​구게
업체무터제[품을
제용받아작성8습니다
 
구매링크는

6교
",10,6,2,223,44,1,189.6,33,text_ad,2021. 7. 15. 21:14,563,71772,,"['이렇게 깔끔하게 놓고 쓸수 있어서 넘 좋네요~ 손목도 안아프게 해줄것같아 넘넘 좋을것같아요~~ 넘나 깔끔하고 색도 이뻐요~ 쿠욱해요~', '깔끔하죠? 생각보다 사이즈도 커서 넘 좋더라구요~지금쯤 병원이실꺼 같은데 제가 막 두근두근 해요!! 💓 순산 기원하고 있을게요~ 😉', '어우 패드가 깔끔하니 색도 너무 이쁜데요 :)', '맞쥬? 저거 한장 깔았다고 분위기가 아주 깔끔해져요!색도 맘에 들어요~ 😁', '저도 사무실에서는 긴거 써요^^ 피부가 예민해서 책상위 먼지때문에 트러블 올라오고 그러거든요^^  이거 색상도 괜찮네요~', '네네 근데 사진에 색이 좀 제대로 안나왔다는 ㅠㅠ실물이 더더 예뻐요 👍', '장마우스패드 엄청 크네요! 저도 책상이 좀 더 크면 사겠는데 작아서 아쉽습니다ㅠㅠ', '앗 그럼 일단 책상부터 바꾸시는걸로?? 😆😆써보니까 괜찮아서 사무실에도 하나 놓으려구요~', '색도 이뻐요~^^', '네네 실물이 더더 예쁜데 제 스킬 부족으로 사진에 색이 제대로 안담겼어요 ㅠㅠ', '노트북을 올리고도 공간이 저렇게나 많다니 진짜 넓은게 느껴지네요~ 보통 넘작아서 마우스하다가 들어서 가운데로 다시오고하자나욬ㅋㅋ그럴필요가없겠네요~색상도 너무 이뻐요~~~', '맞아요!!! 마우스하다 옮기고 또 옮기고 ㅋㅋ 진짜 그럴필요 없이 넘나 편해요~색상은 실물이 더 예쁘답니다 😉', '진짜 깔끔하고 좋네요! 미끄러지지 않는 것도 짱인 것 같아요👍', '네~ 저거 한장으로 분위기가 진짜 확 바껴요!깔끔깔끔 넘나 맘에 들어요 😊', '장마우스패드가 쓰기도 편하고 좋더라구요ㅎㅎ 자세한 포스팅 잘 보고 가요:)', '네넹 생각보다 편하고 예뻐서 좋아요!요거 하나로 책상 분위기가 확 바꼈어요 😁', '헐 이 고급스러운 장마우스패드는 뭐죠!?ㅋㅋㅋㅋㅋ제가 쓰는건 그냥 피시방에서 잘쓰는 약간 싸보이는 고무스러운 패드인데...ㅋㅋㅋ때가 많이타서 불편하다는 ㅠㅠㅠ 근데 이건 너무 고급스러워서 궁금해요!ㅋㅋ', '요새는 이런 신문물이 있더라구요!! ㅋㅋㅋ쓰기도 너무 편하고 분위기도 깔끔하게 확 바껴서 좋아요~하나 장만하셔도 후회 없으실듯 합니다!! 👍', '장마우스패드가 넘 이뻐서 무슨 식탁보같은 느낌이에요~!! ㅎㅎ', 'ㅎㅎㅎㅎㅎ 맞아요~ 사이즈가 커서 저렇게 상을 다 덮어버리니 식탁보 같네유 😆😆', '어우 저도 이번에 마우스패드 하나 샀었는데..이건 색상과 디자인이 너무 이쁘네요.부럽부럽~', '넹넹 깔끔허니 색도 예쁘고 맘에 들어요 😁', '저도 사무실에서 와이드 마우스패드 사용하는데 편하더라구요!올마이샷꺼는 심플하면서도 컬러도 예쁘게 잘 빠졌네요 ㅎㅎ,잘 보고 갑니다 :)', '보기에도 예쁘고 사용하기도 편리해서 진짜 좋더라구요 😁👍', '마우스패드 갬성굿인데요?! 예전에 텐바이텐인가 저런패드 민트색을 본적이 있는데 예뻐서 구매욕을 막 일으키더라구요~~ 꼭 필요한게 아니라 결국 구매는 안했지만요^^;;', '갬성갬성 하지유~의외로 편리하고 괜찮아서 하나 장만하셔도 좋지 싶어요 ^^', '말림현상없이 쓸 수있어서 더더 좋은 거 같아요 !! 컴퓨터 작업 많이 하시면 유용하게 사용할 수 있을 거 같아요 :)', '네네~ 집보다 컴퓨터 많이 하는 사무실 책상에 하나 두면 좋을꺼 같아요! 😁', '장패드가 꽤 고급져보여요!!제껀...게이밍장패드라서 싼맛이 많이 납니다....ㅎㅎ..', 'ㅎㅎㅎㅎㅎ 이참에 고오오오급져 보이는걸로 하나 바꾸시죠 🤣🤣', '안녕하세요!포스팅 잘 보고 갑니다:D무더운 한 주 고생하셨고, 즐거운 주말 보내세요!코로나도 더욱 조심하시구요!', '주말에도 엄청 덥네유~코로나 조심하시고 주말 잘보내세요!', '오호 울집래밍이에게도 하나 붙여줘야겠어요!!!', 'ㅎㅎㅎㅎㅎ 예쁘게 하나 깔아주시죵 😉', '데스크패드 색이 이렇게 에쁘다니 ㅎㅎ제 검정색 칙칙한 배트맨 패드도 바꿀때가 왔나봐요~', '이쁘고 산뜻한 색으로 하나 바꾸시죠! 😁', '옼 장패드 색도 예쁘고넘 깔끔해 졌네요 넘 좋은거 같아용 !저도 바꿔야겠네용 장패드로 👍😍', '생각보다 편리하고 만족도가 높네요!추천합니당~ 😁👍', '오 저도 노트북 딱 13인치인데 딱이겠어요!!', '13인치에 딱입니다!! ㅎㅎ 예쁘게 하나 깔아 주십쇼 😁', '오 고급스러운 느낌이 마음에 드네요!', '고급지쥬? ㅎㅎ저도 참 맘에 들어요~ 😁', '너무 깔끔하고 예쁘네요!!저도 비슷한 크기의 펭수 마우스패드 선물 받아 쓰고 있는데조만간 바꾸고 싶다는 생각을 했거든요~ 요 제품으로 갈아타야겠어요!!', '오오~ 기염댕이 펭수!! 캐릭터 장마우스패드도 귀여울것 같네용 😁']"
