,Post URL,Post,Image num,sticker num,gif num,Paragraph num,Comment num,Video num,weekly viewer mean,Sympathy num,AD,Posting Date,Buddy num,Total visit,Blog category,Comment detail
0,https://blog.naver.com/dhrgus9003?Redirect=Log&logNo=222086794764,"​​​오늘은 드디어 한우! 먹는날 ㅋㅋㅋㅋㅋㅋ고기라면 다 좋아하지만비싼 한우를 먹는날이라일하는 내내 들뜸 ㅋㅋㅋㅋㅋㅋ​​위치는 서면 롯데백화점 후문 쪽!양곱창 단골집 근처여서많이 봤던 곳!!​​지정 주차장에 주차하면 1시간 무료!​주차는 롯데백화점 가기전 골목으로 들어오면 우측에 세븐일레븐이 보이는데그 골목으로 들어가면 주차장이 있음​주차장이랑 가게는 걸어서 2분? 거리임​​내부는 넓직하니 좋았다​​정량을 준수하는 우산집!오픈되어있어서고기 손질하는 모습이랑정량 담는 모습 확인 가능​​SNS이벤트도 있으니 사진 올리고 음료수 서비스는 꼭 받자구용!​사장님의 전달 말씀 읽는데뭔가 ㅠㅠ 진심이 느껴짐 특히나 5번이.....제발 사람이길 포기하고 갑질하는 사람 없기를...​자자 이제 주문을!!!!​우리는 한우인 만큼 무조건 맛있는거 먹자고해서꽃등심&꽃살 중자 400g주문!​​잔반 줄이기 위해 밑반찬은 소량으로 준비되니필요하신분은 셀프바로!+​​짱아찌류들과 백김치그리고겉절이, 양파+참소스 조합!​​​으허 드디어 나온 한우​​꽃등심이랑 꽃갈비살 마블링보소....워후...역시 한우 1++ 답다!!!!!​​빠르게 올려보는 꽃등심!​​가까이서 봐도 고기가 아름답당 ㅠㅠㅠ마블링이 아주 꽃같다​​​한번만 뒤집어서​​​옆쪽에 있는 새우살 잘라냄 ㅋㅋㅋㅋ요게 또 별미그등요​​우리 고기 굽기 박사님오늘도 역시나​​잘라준 새우살 소금에 콕콕​​역시 새송이 버섯은통으로 잘라줘야 제맛!!​누가 세로로 잘라먹나요 요즘?​​이제 옆에 뒀던 꽃등심 자를시간!​​단면이 아주 합격일세 ㅋㅋㅋㅋㅋ아주아주 칭찬해​와...단면 영롱하다 진짜 ㅠㅠㅠㅠ이 맛에 소고기먹지​​겉절이랑도 먹고 깻잎 짱아찌랑도 먹고 ㅋㅋㅋㅋㅋ뭐랑 먹어도 꿀맛이지한우인데!​​불판 닦아주고다시 리셋해서 올리는 꽃갈비살!​​쎈불에 올려서바로 뒤집기!​​이쁘다 이뻐고기빛이 아주 완벽해​​꽃갈비살 구으면서 바로 비빔국수 주문 ㅋㅋㅋㅋ​​야채랑 양념 찹찹하게 비벼져 나온비빔국수!!​마무리는 역시 탄수화물이지​​맛있게 익은 꽃갈비살을​​비빔국수랑 먹으면 얼마나 궁합이 잘 맞는지 ㅋㅋㅋ오늘은 된장죽 필요없었다 ㅋㅋㅋㅋ​​가성비 좋은 서면 우산집!한우투플을 이가격에 먹을 수 있으니가성비도 좋고!질도 양도 아주 만족한 식사였당 ​​바지           생싸
3
느61,
 
 
",37,4,2,188,33,0,21.6,29,,2020. 9. 13. 10:00,511,46923,맛집,"['와~~비주얼미쳤어요ㅜㅜ사르르 입에서 녹을것같아요♡♡♡', '아 ㅠㅠ 고기는 한우죠..진짜 입에 넣자 마자 살살 녹을거같아요ㅠㅠ', '특히 저 새우살 부위가 맛있더라구요 ㅋㅋㅋ', '요기 가서먹어봤는데 올 설날떄쯤인가..ㅋㅋ가격이착해서 종류별로다가 먹어볼수있는게 좋았던거같아융 ㅎ', '네네 ㅋㅋㅋ 저녁에 참치를 한번 먹으러 가봐야겠어요', '한우 미쳤어요 ㅠㅠ 정말 한입 꼭 먹어보고 싶어요 !!!❤️', '새우살너무 맛있었어요ㅠㅠ 한우는 뭔들 ㅠㅠ', '녹나요 녹나요!? ㅠㅠㅠㅠ아 역시 소고기는 한우 크... 때깔이 다르네요 ㅠㅠ', '그쵸 ㅋㅋ 역시 한우👍👍', '와 소고기 마블링 대박이에요... 하  진짜 한입에 녹는 한우 넘 맛나보여요...❤️', '한우 너무 좋아요ㅠㅠ 사실 저는 가리는거 없이 잘 먹긴 하지만', '와..비빔국수에 고기라니너무 맛있겠어용 💙 군침이 나네용 입안에서 사르르녹을거같아요오 👍👍', '비빔국수 + 고기인데 ㅋㅋ 맛이없을 수 없는 조합이쥬😀', '사장님이 좋은 고기 쓰시네요~ㅎㅎ 마블링 최곱니다..이런 사장님께 갑질하시는 분들 나빴쪄여', '그쵸ㅠㅠ 저 문구 너무 맘 아프더라구요 서비스직업가진 사람들에게 왜 갑질을하는지ㅜㅜㅜ', '비빔국수까지 완벽한 조합이네용 ...!', '그죵 ㅋㅋ 마무리는 언제나 탄수화물❤', '우와아 한우 마블링ㅋㅋㅋㅋ!!!!! 대박이에용! 비빔국수도 넘나 ........... 맛있어 보인다는ㅋㅋㅋㅋ 요런 등급좋은 소고긔 먹구싶네용ㅋㅋ🙂🥰', 'ㅋㅋㅋ 한우 투플은 저도 손 꼽힐 정도 밖에 못 먹긴한데 ㅋㅋ 역시는  역시였어요', '와~~ 마블링이 잘 보이는 퀄리티 좋은 고기네요~ 거기다가 비빔국수까지 함께 먹으면 완젼 맛있지요👍', '그쵸 ㅋㅋㅋㅋ 비빔국수와 고기의 조합은 언제나 찰떡!!', '오 한우랑 비빔국수 꼭 한번 먹어봐야겠어요 넘 맛있어보이네요ㅋ', '꼭꼭 드셔보세요 ㅋㅋ 조합이 아주 최고에요 ㅋㅋㅋ', '가격도 착하고 서면에 한번 다녀와야겠어요!!ㅎㅎ', 'ㅋㅋㅋㅋㅋ네네 한우라 맛없을 수 없죠', '와..고기 비주얼 넘 맛있겠어용 ㅠㅠ 비빔국수랑 고기라니 맛없을수가 없는 조화네용!', '그쵸 ㅋㅋ 환상의 짝궁이에요 ㅋㅋㅋ', '뜬금없지만, 고기가 참 이쁘게 잘렸네요~ 입에 침이 고였어요.', '고기 단면이 너무 이쁘죠 ㅋㅋㅋ']"
1,https://blog.naver.com/dhrgus9003?Redirect=Log&logNo=222087042224,"현대인의 필수품!바로​ 자외선차단제​나는 눈시림이 너무 심해서아이크림은 아예 못 바르고파운데이션, 마스카라도 아무거나 못 쓰는 정도다​그래서 성분 엄청 따져서 고르는 편!무기자차는 필수​자외선 자단제는 크게 무기자차와 유기자차로 나뉘는데​무기자차는 자외선을 물리적으로 반사시켜 자외선을 차단해서 덜 자극적이지만뻑뻑하고 백탁현상이 심하다는 단점이있다.대표적인 성분이 징크옥사이드, 티타늄옥사이드​유기자차는 자외선을 화확적으로 흡수시켜 자외선을 차단하고 백탁이 없는대신, 피부에 자극적이라는 단점을 가지고 있다​​원래는 닥터* 무기자차 썬크림을 썼는데백탁이 진짜 너.무.심.했.다​​이번에 새로 알게 된  닥터바이오(Dr.Bio) 썬쿠션!​​찍고보니... 초점이 우주에 가 있지만정제수 다음으로 징크옥사이드를 찾을 수 있음!​전성분 EWG 그린등급의 안전하고 순한 제품!유해성분이 없어서 6개월 이상 아이부터 성인까지전연령이 안심하고 사용할 수 있당​​패키지도 화이트톤으로 엄청 깔끔하당​닥터바이오(Dr.Bio)의 가장 좋은 점은닥터바이오 전 구매 고객이 피부에 맞지 않는다면구매 후 14일 이내 100% 환불보장제도!!!​아무리 성분좋은 화장품이어도모든 고객에게 100% 맞을 수 없다며....갬동 ....ㅠ_ㅠ​​​제품 꺼내봤더니​​​요건 뒷면! 자외선 차단제는 수시로 덧발라줘야한다고했다근데 사실 나가서  덧바르기는 쉽지 않음​근데 닥터바이오 요 제품은쿠션으로 된 제품이라손에 묻을 일 없이 간편하게덧바를 수 있어서 좋을듯!!​​쿠션도 만져보니 엄청 쫀쫀하다!탱글한 느낌이라해야하나?​화장할때 쓰는 물방울 퍼프보다더 쫀쫀함 ㅋㅋㅋ 퍼프의 텍스쳐가 아주 좋았다 ㅋㅋ​​그리고 이 썬쿠션 밀봉이 아주 완벽하다 ㅋㅋㅋㅋ씰링이 얼마나 쎄게 되어있는지​​힘껏뜯어야 뜯길정도 ㅋㅋㅋㅋ​유통이나 배송중에 오염 될 일은 없을듯 하다 ㅋㅋㅋ믿음직 -​​​손가락으로 눌러봤을 땐 아무거도 안 묻어나서막이 하나 덜 떨어졌나 했는데​퍼프에 묻히니까 요렇게 보임 ㅋㅋ손가락부분 제외하고는 균일하게 잘 묻는듯​​팡팡 두드려봅시다 ㅋㅋㅋㅋㅋㅋ​​팡팡파라바라팡팡팡-​​​어떻게 백탁이 이렇게 거의 없지??대에에에에에박​​지금까지  무기차만 주구장창 썼지만이렇게 백탁 적은건 처음봄!!​그리고 에센스가 듬뿍 들어가 있다고했는데뻑뻑함도 전혀 없고 산뜻하고 촉촉하게 잘 발렸다​​​혹시나 얼굴이 아니라 손이라서 그런가 싶어서 갖고있던같은 조건의 닥터* 무기자차 자외선차단제와 비교​​​​콩알보다 더 작게 짜서 썼는데도백탁....​이 제품도 물론 눈시림이 거의 없어서 아주 만족했지만백탁은 어쩔 수 없었는데..ㅠㅠㅠ​특히 물놀이가서 물 묻은 얼굴에이 썬크림 바르면.... 몽달귀신이 따로 없었음...​​그러니 닥터바이오 백탁은 백탁축에도 안끼워준다 내가 여러제품 사용해봤을때 기준으로ㅋㅋㅋㅋ​닥터바이오 썬쿠션이 초미세그물망으로 한번 걸려지고입자가 엄청 작아지면서 백탁도 줄었다더니ㅜ아주 만만세다​SPF50+ PA++++의 높은 차단지수로UVA/UVB로 부터 꼼꼼한 자외선 차단하고 기능은 UP! 백탁은 DOWN!​​닥터바이오 공홈가면썬쿠션말고도 순한제품들 많으니까꼭 구경해보길!​​​​​ 
 
",16,4,1,273,29,0,21.6,25,,2020. 9. 12. 9:00,511,46923,맛집,"['쿠션으로 나온 제품이라 더 가볍게 발리는 것 같아요 !! 저는 눈시림이 없어서 몰랐는데, 눈시림있는 분들은 마스카라도 아무거나 사용 못하는 지 처음 알았네요!ㅠ 썬쿠션은 여름은 당연하지만 겨울에 더 잘 발라줘야 한다는데, 요 제품도 참고 하고 갑니다^^', '눈시림 없는분 너무 부러워요ㅠㅠㅠ마스카라했다하면 하루종일 눈물 줄줄이에요 충혈도 심하고썬크림 마스카라가 심해요 ㅋㅋ 피부 바르는건 좀 나은거같은데 아이크림은 절대 못바르네요 ㅋㅋㅋ요 제품 간편하게 쓸 수 있어서 추천이요!!', '눈시림이 있는제품이있군용 처음알앗는데 이런건..ㅎㅎㅎ 성분도좋고한 그런 제품이군유', '네 ㅋㅋ 아기들도 사용가능 할 정도로 순하더라구요👍', '저도 기존 선크림 눈 가 주위에 바르면 엄청 고통 스러워서 잘 안바르게 됬는데, 쿠션으로 찍어서 바르면 편하기도 하고, 환불도 14일 이내 된다고 하니 그점도 좋은 것 같습니다.', '무조건 무기차자 찾아서 쓰세요!! 요즘은 올그린등급 제품 많이 나오니까 성분 잘 찾아보고 사용하세요ㅠㅠ', '무기자차는 백탁현상이 있는게 대부분이던데 이제품은 백탁현상이 없다니 대박이네요! 그리고 쿠션형식이라서 들고 다니면서 수시로 바르기도 너무 좋을 거 같아요! 성분도 괜찮아서 안심하고 사용 가능하겠어욯ㅎ', '그죠 ㅋㅋ 사실 아예 없는거같진 않는데 훠어어얼씬 덜한건 인정 ㅋㅋㅋ눈시림없는것만해도 얼마나 행복한지ㅠㅠ', '저도 선크림 바르면눈 시리고 그런데그게 성분이 안맞아서 그런걸까요~??😭', '네네!!! 제가 그래요ㅠㅠ 그런분들이 생각보다많아요마스카라는 안그러신거요? 무기자차썬크림으로 무조건 쓰세요ㅠㅠ 눈시림 많이 덜해요', '마스카라..그냥 잘못발라서 가려운거겠지 했는데...알러지일 수도 있겠네요😂😂', '역시 백탁이 없는 선크림이 좋죠ㅠ! 백탁있는거는 선크림도 아니란말이졍', 'ㅠㅠ 저도 백탁 없는거쓰고싶은데ㅠㅠ 너무 눈 시림이 심해서ㅠㅠ 요거는 백탁이 적고 눈시림이 덜해서 만족중이에요!', '헉 패키지도 깔끔하고효과도 좋아보이네욤ㅎㅎ오늘도 글 잘 보고 가요 제 블로그도 놀러오세요~', '요기꺼 넘맘에들어용 ㅋㅋ 저는 수딩젤 쓰는뎅', '수딩젤은 괜찮나요 ㅋㅋㅋ 저는 눈시림때문에 바로 무기자차 썬크림 선택했는데 ㅋㅋㅋㅋ', '백탁없는 썬쿠션 넘넘 좋네요~!!ㅎㅎㅎ여름에 바르기도 완전 좋겠어욬ㅋㅋ', '네네 눈시림 없어서 너무 좋어요ㅠㅠ 가리는거 없이 쓸 수 있는 분들 너무 부러워요', '오!! 쿠션형이라 사용도 편리하고 백탁현상이없다니 좋은데요^^', '튜브형쓰다가 쿠션형쓰니까 너무 편해요ㅠㅠ', '백탁현상도 없고 무기자차 성분이라 더 좋은 것 같아요:)!!', '무기차자 너무 좋아요ㅠㅠ 백탁만 완벽하게 잡혔으면 좋겠어요', '썬크림 쿠션 찾고있는데딱이네요 ㅎㅎ예전엔 아이오페에서 선크림 쿠션 나왔었는데 ㅜㅜ 지금은 없어서한번 써봐야겠네요 ㅎㅎ', '쿠션하면 아이오페인데 ㅋㅋㅋ 썬쿠션도 나왔었나봐요?요기거 좋아요 성분도 착하고']"
