,Post URL,Post,Image num,sticker num,gif num,Paragraph num,Comment num,Video num,weekly viewer mean,Sympathy num,AD,Posting Date,Buddy num,Total visit,Blog category,Comment detail
0,https://blog.naver.com/dlffldksk?Redirect=Log&logNo=222041842769,"안녕~ 안녕~ 핑크퐁~ ♪♬​​이제 배변 훈련 입문한 막내 똥강아지..그래서 요즘은 기저귀를 크게 고민 없이 산다​너무 고민을 안 했던지기저귀를 잘못 샀다...ㅋㅋㅋㅋㅋ핑크퐁에 시선을 빼앗기고팬티형이 아닌 테이프형을 구매!!갓챠!!​교환하기 귀찮아서 그냥 쓰기로 마음먹었다.평일이었음 교환했을 텐데에이 뭐.. 사이즈 다른 게 아닌 게 어디야~​형님 유튜브에 시선을 뺏긴 즈언하의 궁둥이를 살포시~​핑크퐁이 안녕~!너무 귀엽다색감 너무나 예쁘다ㅋㅋㅋ ​밴드형을 팬티형처럼 미리 붙여서 입히기로 했다.​""김상궁!!! 이야기가 다르지 않느냐!! 내가 원래 입던 건 다 어디 간 게야!! 흠... 그림은 귀엽긴 한데... ""​​""에잉 시원치 않아서... 아이고, 나는 모르겠다. 김상궁 니가 알아서 하거라~~  나는 테레비나 볼란다~""이
 
 
 
",13,1,0,83,4,0,168.2,3,,2020. 7. 26. 2:28,464,114837,취미,"['ㅇ ㅏ 애기 궁둥이 너무 귀여운데요?ㅎㅎ', '저 쪼그만 궁댕이도 궁댕이 노릇을 하느라 더더 깜찍하답니다 ㅋㅋㅋㅋㅋㅋㅋㅋㅋ', '아 너무 귀여워요!! ㅎㅎ', '막둥이를 귀여워해주셔서 제가 더 기분이 좋으네요~~이렇게 이쁨받아서 더 건강히 잘 클 것 같아요!!']"
1,https://blog.naver.com/dlffldksk?Redirect=Log&logNo=222271296704,"​3월이 되니 여기저기 틈틈이 다녀올 데도 많고외출할 일이 많다 보니매일같이 화장하고 있어요​아니 원래 매일 하는데저는 남들과는 조금 다른 시간에 하다 보니점심 전에는 맨얼굴 이후에는 화장한 얼굴ㅋㅋㅋㅋ​그래서 오전에 저를 자주 보시는 분들은제가 원래 화장을 안 하고 다니는 줄 아시더라고요​저 화장하는 거 허천나게 좋아합니다 ㅋㅋㅋㅋㅋ​이제 막둥이도 어린이집에 가겠다화장에 더 공들일 수 있겠어요!! ​​오늘은 안 그래도 사야지 사야지 했던 메이크업 브러쉬를 소개해드리려고해요 ><워낙 들고 다니는 게 많아서되도록이면 파우치는 가볍게 하는 편인데메이크업 브러쉬는 대부분 길거나 양쪽으로 브러쉬가 있거나캡이 있어도 조금 불편한 것들이 많았어요​워낙 잘 잃어버리는 저는 브러쉬 캡 같은 건 이미 저세상 가고 없....😭😭​​저처럼 불편하셨던 분들은 요 메이크업 브러쉬 주목하세욤!!저는 립브러쉬, 새도우브러쉬, 포인트브러쉬​세트도 구성 좋은데가장 자주 쓰는 브러쉬만 3종으로 준비해봤어요 ㅎㅎ​요게 정말 간편한 게 펜슬처럼 쥐기도 편하고캡이 있어서 브러쉬를 위생적으로 보관할 수 있다는 게 가장 큰 장점이에요 :)근데 그냥 캡이면 제가 후기를 안남겼겟죵 ㅋㅋ​앞서 말씀드렸지만전 파괴왕이거든여 ㅋㅋㅋㅋㅋ​​클리카 오토캡 메이크업 브러쉬는 캡이!!!!이름에 걸맞게AUTO입니당 원터치 슬라이드 방식으로 뚜껑이 부드럽게 딸깍! 딸깍!들어갔다 나왔다나왔다 들어갔다​매우 편해요뚜껑 잃어버려서 속상할일도 제로!!!저는 무쌍 꼬막눈이라서화장할 때 눈 화장을 가장 공들이는데그 와중에 또 제가 색조가 강한 메이크업을 선호하다 보니메이크업브러쉬는 필수였거든요​​위 두 사진은 제가 데일리로 가장 많이 하는 왼) 레드와 오) 퍼플 메이크업이에요 :)​두 사진 다 최근에 클리카 오토캡 메이크업 브러쉬로 화장한 사진이에용​오토캡 메이크업브러쉬 구성 보면서가격이 착하길래 큰 기대 안했는데브러쉬 모질이 너무 괜찮은 거예요예전에 로드샵에서 샀던 만얼마 짜리 브러쉬보다 더 좋은 거 같아요 ㄷㄷㄷ고급 인조모로 만든 브러쉬인데탄력도 좋고캡 안으로 넣었다 뺐다 해도삐치는 모가 없어서 걸리거나 화장할 때 삐끗하지 않아서 좋았어요​​새도우브러쉬 ​우선 모가 거칠지 않고 부드러워서눈화장 베이스 깔기 좋아요 ㅎㅎ​아이홀 블렌딩도 자연스럽게 잘 되면서모가 탄력이 있으니 아이라인처럼 날카롭게라인 그리기도 좋아서저는 특히 더 마음에 들었어요​가끔 화장하기 귀찮을 때는 아이라인 없이새도우로 음영만 표현할 때가 있거든요!!그럴 때도 사용하기 좋을 것 같아요새도우 깔끔하게 잘 얹어진 거 보이시나요??사진 찍고 보니 펄이 잘 안 보여서 아쉽 ㅠㅠ​포인트 브러쉬​펄을 잔뜩 묻혀눈 앞머리와 애교살 표현에 좋아요브러쉬 면적이 너무 얇지도 넓지도 않은 적당한 너비이고​마찬가지로 모가 탄력이 있어서 펄이 너무 흩날리지 않게 잘 눌러줘요 립브러쉬​저는 입술 그릴 때 아랫입술을 실제 입술라인보다 조금 더 두껍게 그리는 편이라펜슬이나 브러쉬가 꼭 필요하거든요 ㅎㅎ​근데 클리카 오토캡브러쉬는펜슬이 필요 없을 정도로깔끔하게 라인 정리가 잘 돼요완전 꿀템입니당 ㅋㅋㅋ우선 어떤 화장도구던 화장품이던파우치 속으로 들어가면 여기저기 굴러다니느라 바쁜데클리카 오토캡 브러쉬는캡안으로 쏙 들어가있으니먼지 묻을 일도 없고혹시나 새도우가 깨지거나 펄이 샜을 때도오염될 일이 없으니 정말 위생적이에요아! 또 하나 좋았던 점은메이크업 시간이 조금 단축된다는 것?​​파우치에 있는 동안 묻어난 먼지를 터느라 시간 낭비할 필요가 없어서요 ㅋㅋㅋㅋ​세척도 위에 브러쉬가 잘 빠져서 간편해요제가 작은 백에 넣고 다니는 납작한 파우치에요 손바닥만 한데 요기에도 쏙 들어갑니다!!여기에 립 2종, 클리카메이크업브러쉬3개,아이라이너 1개, 미니 새도우 2구 들어가 있어요(팩트는 따로 들고다녀용)​​요 클리카 오토캡브러쉬는한국디자인진흥원 주관의 2018년도 우수디자인 상품으로 선정되었다는데​인정합니다!!​군더더기 없는 깔끔한 외관에볼펜처럼 간편하게 브러쉬만 꺼내 쓸 수 있어서 좋고제가 들고 다니는 파우치가사이즈가 작은 편에 속하는데도삐져나오지 않고 쏙 들어가요 휴대성도 굿!!​브러쉬 쓰다가 잠시 내려놨을 때도 또르르 구르지 않고캡이 거치대 역할을 해주더라구요​진짜 파우치 필수템이에요 이렇게 파우치 속에 쏙 들어가니 부피도 줄고수정 메이크업할 때도 가볍게 챙길 수 있어서 좋아요​근데 겉모습이 다 똑같아서립브러쉬인지 새도우브러쉬인지 한번씩 열어보게되요 ㅋㅋㅋㅋ​요것만 살짝 표시해두면슬기롭고 위생적인 메이크업 생활 가능할 듯요​내내 마스크 쓰는데도생기를 불어넣어 주는 꿀템이에요 휴대도 간편하고 위생적으로 쓸 수 있는메이크업 브러쉬 필요하신 분은 롸잇 나우​이웃님들.. 세일할 때 두 번 사세요​클리카와전보다 더 위생적이고 깔끔한 메이크업브러쉬 관리 해보세요!!​​​아래 링크 타면 상세페이지 보실 수 있어요><↓↓​​븐 포스팅은 리열리뷰를 동해 이용권을 제공받아
소비자가 직접 이용해보고 작성한 실제 후기입니다
",32,0,3,496,2,1,168.2,8,text_ad,2021. 3. 10. 22:46,464,114837,취미,"['넹! 보여요!! 섀도우 잘 얹어졌어요 히히 똥씰님 볼 때마다 귀여우셔요~~>.<!! 화장 솜씨도 배우고파요! 놀고 갈게요~ 편안한 밤 보내셔요>.<', 'ㅋㅋㅋㅋ 앗 >< 감사합니다!!']"
2,https://blog.naver.com/dlffldksk?Redirect=Log&logNo=222283771979,"​​​​애정하는 이웃님들~ 주말 잘 보내셨나요??😎따뜻하고 포근한 날씨가 계속되다가주말에 잠깐 비 내리고 급 찬바람이 불었어요그래서인지 똥강아지들이 콧물이 주륵 흘러내리더라고요가뜩이나 비염쟁이들인데코감기라뇨ㄷㄷㄷ한동안 잠잠하다 했더니갑작스러운 기온 변화에 또 민감하게 반응하네요 ㅋㅋ​이런 유행에 민감한 녀석들..,​셋 다 콧물 줄줄 흘리는데유독 막둥이가 힘들어해요​이렇게 코 막히고 콧물 흘리는 거 처음인 것 같기도....​다행히 비염으로 평생을 관리하며 살아온 저는 웬만한 콧물 다스리는데 필요한 아이템들은 갖추고 있답니다 😁​코막힘에는 첫째도 둘째도 셋째도 습도 관리가 가장 중요하다고 볼 수 있어요​그래서 필요한 가습기!!!​안방 전체 습도 조절하는 것도 좋지만휴대가 가능한 미니 가습기를 사용하는 게 더 좋더라고요​이게 약간 네뷸라이저처럼 사용할 수 있어서 저렴한 비용으로 고효율? 이랄까요 ㅎㅎㅎ물론 약품으로 콧속 건강 관리가 가능한 네뷸라이저에 비교하면 안 되겠지만비슷하게 흉내는 내볼 수 있어요 ㅎㅎ​특히 아이들 잠들었을 때 코 막히면 깊은 잠 못 자잖아요 저도 지난밤 막둥이의 잠투정에 두 시간 정도 코막힘과 씨름했거든요ㅠㅠ그럴 때 요거 얼굴 앞에다 틀어주면 꿀입니당​​물 용량 자체가 많이 들어가는 게 아니라서30분에서 한 시간 정도면 끝나요 ㅎㅎ그래서 코막힘이 심할 때는 콧물이 흘러내릴 수 있게 조금 높은 베개를 이용해 누키고30cm 정도 떨어진 곳에 미니 가습기를 얼굴을 향해 틀어놓아요​요거 10분이면 진짜 코막힘 직방입니다어느 정도 숨쉬기가 편해진 것 같으면​머리맡에 아로마 오일 향을 퍼트려요​저는 라벤더와 티트리, 페퍼민트를 각각 1,2 방울을 물티슈에 떨어뜨려 뒀어요(유칼립투스, 라벤더, 티트리, 로즈마리, 베르가못 단일로도 사용 가능) 유칼립투스를 다 써버려서 아쉬운 대로저렇게 세 가지를 블렌딩해 사용했어요저것도 나쁘진 않았네요 ​전 티슈에 물을 촉촉이 적시고오일을 떨어뜨려 빨리 마르지 않게 했어요 :)​향이 은은하니 막둥이도 더 보채지 않고깊은 잠에 빠지더라구요 덕분에 저도 꿀잠 잔듯해요 ㅎㅎ​저는 아로마 오일을 방향제처럼 두는 식으로 쓰는데반신욕할 때 따뜻한 물에 한두 방울 넣어주는 것도도움이 된다고 해요 ><​​​병원 갔을 때를 제외하고그 흔한 콧물 흡입기집에서는 한 번도 사용해보지 않았어요​코 점막이 워낙 예민해서평소 코피도 잘 흘리는 녀석들이라상처 날까 봐 쓰지 않은 게 맞을 것 같네요 ㅎㅎㅎ​둘째는 코피가 이렇게 나도 되나 싶을 정도로 자주 많이 흘리는 편인데병원에서도 큰 이상은 없다 해서습도 관리에 힘쓰고 있어요​마찬가지로 미니 가습기와 아로마 오일로많은 도움 받고 있답니다 :)​또 코가 막힐 때 양파를 썰어서 두는 것도 코막힘에 효과가 있다고 해요 ​​이웃님들도 날씨 유의하시고 감기 조심하시길 바라요 ><​​​",12,0,1,308,4,0,168.4,6,,2021. 3. 22. 16:24,464,114838,취미,"['어른들도 힘들고 불편한데 아이들은 오죽할까 싶네요~비염으로 코막히고 코피 터지는 거 다 습도조절 잘해주면 완화되긴 하겠네요~ 저 미니가습기는 저런 방법으로 제가 틀어놓고 자야 할 듯요~^^', '그쵸 ㅠㅠ 어른들은 자기 스스로 챙길수 있다지만저희 막둥이는 아직 의사소통도 잘 안돼서 제가 열심히 쫓아다니며 캐치하는 수 밖에 없네요ㅎㅎ미니가습기는 진짜 꿀템이에여 ㅎㅎㅎ']"
