,Post URL,Post,Image num,sticker num,gif num,Paragraph num,Comment num,Video num,weekly viewer mean,Sympathy num,AD,Posting Date,Buddy num,Total visit,Blog category,Comment detail
0,https://blog.naver.com/dmsql7984?Redirect=Log&logNo=222421587166,"오랫만에 아이러브페인팅 DIY 보석십자수 DIY키트로 시간을 보내보았답니다 ​​​​​​​​​​​​​​​보석십자수를 하면요 집중력에도 좋고 완성하고 나면은 기분도 좋아지는거 같아요 ​​​​​​​​​​​​​​​​저는 파란머리소녀라는 디자인을 골라서 해보았어요 가로세로 30cm사이즈라서 크기도 엄청 크지도 작지도 않아서 부담 없이 하기 좋았습니다 ​​​​​​​​​​​​​​​​안에 구성품들을 둘러 보면은요 비즈, 비즈펜, 고체풀 등의 필요한 도구와 재료들이 모두 들어 있어요 ​​​​​​​​​​​​​​구성세트를 영상으로도 담아봤으니 참고해 주시구요^^~ ​​​​​​​​​​​​​​​​​​보석십자수 세트 구성이 잘 되어 있어서 도안표를 보고 붙이기만 하면은 되요 ​제가 고른 파란머리소녀는 7가지의 색으로 심플하고 쉽게 할 수 있는 디자인이면서 예쁨까지 같이 챙긴듯 해요^^~ ​​​​​​​​​​​​​​​​​오랫만에 아이러브페인팅 DIY 보석십자수 DIY키트는요 디자인 수작업을 거친 제품이라서요 색조화가 예쁘게 되어 있고 퀄리티가 좋은 편입니다 ​​​​​​​​​​​​​​​​​​​​​​제가 보석십자수를 하는걸 좋아하는 편이라 아이러브페인팅DIY보석십자수도 눈여겨 보는 편인데요 ​주기적으로 신제품들도 종종 출시되어서 나오더라구요 그래서인지 선택지가 더 많아서 좋아요 ​인테리어용으로도 효과가 좋고 코로나 시국에 집에서 시간 떼우기에도 정말 좋습니다 ​​​​​​​​​​​​​​​​​​​​​비즈를 잘 붙일 수 있게 끈끈이가 붙어 있고 그 위에 먼지가 달라붙지 않게 비닐이 씌워져 있었어요 ​​​​​​​​​​​​​​​​색깔별로 잘 구분을 해서 도안을 참고해서 비즈를 붙여서 완성시키는 보석십자수인데요 ​아이들도 하기 쉽고 초보자 분들이 해도 쉽고 재미있게 할 수 있답니다 ​​​​​​​​​​​​​​​​​만들면서도 느낀건데 빛 반사율이 높은 비즈를 사용한듯 하더라구요 ​그래서 그런가 완성하고 보니까 반짝반짝하는 느낌이 많이 들어서 멋진 작품이 되어서 좋았답니다 ​​​​​​​​​​​​​​​​이 사이즈가 휴일에 하루 날잡아서 집중해서 하면은 하루 이틀만에도 가능할듯 하구요 ​저는 평일에 할일 하면서 했는데 3일 걸리더라구요 ​​​​​​​​​​​​​​​아이러브페인팅 DIY 보석십자수 DIY키트 취미생활도 즐기고 완성을 다 하고 난 뒤에 뿌듯함과 성취감도 느껴볼 수 있어서 진짜 좋은거 같습니다 ​액자 형태로 되어 있기에 완성 후에 바로 어디에다가든 인테리어 소품으로도 둘 수 있구요^^~ ​​​https://smartstore.naver.com/alphaway/products/5209853628​",14,1,0,230,3,1,1595.6,1,revu,2021. 7. 6. 1:01,1504,2452351,,"['이건 캔버스형인가요 종이판형인가요?', '두꺼운 종이판이에요^^~']"
1,https://blog.naver.com/dmsql7984?Redirect=Log&logNo=221777717613,"안녕하세요 민토피 입니다♥오늘은 실내용으로 상큼한 향으로 기분 좋은하루를 보낼 수 있는 실내용 디퓨저 허브타임 방향제를한 번 가지고 와 보았습니다^^~​​​​​​​​​겉박스도 상큼한 비쥬얼이네요~~잘 익은 붉은색 과일의 달콤한 향이라남녀노소 호불호 없는 인기향으로 보여지는데요​200ml라는 양이 많은 편인 가성비디퓨저인데요한 박스 안에 200ml가 2개가 세트로 판매되고 있는아로마디퓨저 입니다​​​​​​​​​일단은 사용 전에 주의 사항 같은데 붙어 있음한 번 꼭 읽어 보고 사용하는게 좋습니다​마침 겉박스에 여러 주의 사항들이 꽤 길게 나와 있더라구요한 번 읽어 보았습니다​​[허브타임 주의사항]​어린이들 손에는 절대 닿음 안되겠죠디퓨저나 방향제 사용 외에는 다른 사용은 하지 말아주시고 내용물은 먹지도 말고 눈에 닿지 않게조심해야 합니다액체가 흘러 나오지 않게 각도 잘 조절해 주시고, 밀폐된 공간에서 사용시에는 환기를 충~~분히 한 후사용해야 합니다노약자 분들이나 호흡기 질환이 있으신 분들에게는추천하지 않고 금지입니다!​천연, 화학 오일을 사용한 모든 디퓨저 제품들은플라스틱, 목재, 가죽, 의류, 차량내 데쉬보드(카시트),장판, 그 외 물체 등에 흘리거나 닿았을 시에 화학작용이일어나서 녹거나 변형이 있을 수 있어요변색이나 탈색 등의 훼손의 우려가 있으니 물체에 닿는 즉시 액체를 닦아 주어야 합니다​피부가 민감하거나 손상된 사람에게는 피부가 온화하게좋아질 때까기 사용을 금합니다용기를 던지거나 떨어 뜨리지 않게 넓직한 공간에안전하게 두는게 좋겠죠제품의 내용물을 분무기 등에 담아서 분사하는 행위!절대 금물 입니다!​​​​​​​​​[더블레드프롯 허브타임 액체로 인한 응급처치]1. 눈에 들어갔을 시에는 깨끗한 물로 바로 씻어줍니다2. 바로 씻었는데도 뭔가 이상이 있는거 같다 싶으면의사를 찾아가서 상의하십시요3. 피부에 액체가 묻을 시엔 다량의 물과 비누로씻어 냅니다4. 내용물을 먹거나 삼킨 경우 응급조치를 하고즉시 의사와 상의 합니다5. 사용 중에 호흡곤란, 구역질, 구토, 설사, 알레르기,잦은 기침 등 이상 반응이 일어나면은 즉각 사용을 중지하고 전문의와 상담합니다6. 피부자극 반응 또는 붉은 반점이 나타나면의학적 조치를 받아요​​​​​​​​​구성은 허브타임 더블레드프롯 디퓨저 2개(200ml 2개)레드프롯 향 입니다​​​​​​​​​​허브타임 방향제 하나, 디퓨저스틱5개 든거이렇게가 1세트총 2세트가 들어간 실내디퓨저 입니다​​​​​​​​​생산년월도 적혀 있어서 언제 만들어졌는지도알 수 있어서 이 제품이 오래된 제품인지 아닌지도알 수가 있습니다​​​​​​​​​마개를 제거하려면은 캡을 마개 홈에 고정시킨 후돌려가며 마개를 오픈하면은 쉽게 제거가 됩니다가위는 다칠 수 있으니 은색 캡으로만 이용해서열면은 좋아요!​​​​​​​​​​은색캡은 버리는 용도가 아니고 위에 플라스틱 마개를제거 후에 디퓨저에 다시 끼워주면은 됩니다그러면은 더욱 깔끔한 모양으로 사용하실 수도 있어서 보기 좋아요​​​​​​​​​옆에 고무 뚜껑은 버리셔도 됩니다​​​​​​​​​​​[더블레드프롯 사용방법]사진처럼 은색캡이랑 뚜껑캡이 있는데잘 보고 따라하면은 쉬워요​1. 은색캡을 열어 안쪽의 뚜껑 캡을 제거합니다.2. 은색 캡을 디퓨저에 장착합니다.3. 스틱을 끼워 사용합니다.(첫 사용시에는 스틱 2~3개 사용 후발향세기에 따라 조절합니다.)​쉽쥬~?​​​​​​​​​밀도가 높은 압착스틱으로 사용하기에 잘 휘지 않아안정적이고 뛰어난 발향력 유지하는 장점이 있네요!​​​​​​​​​​디퓨저 스틱은 제가 3개를 꽂아서 사용해 보았는데요점점 자몽색깔의 디퓨저 액상을 타고 올라와서염색이 됩니다​​​​​​​​​​허브타임 더블레드프룻 제품은 환기상태라던가,급격한 온도변화, 계정 등에 따라서사용기간이 달라질 수 있다고 해요​스틱의 개수로 발향력을 조절하고발향이 약해질 시에는 스틱을 교체해 주면은 됩니다3~4개 월에 한번씩 바꿔 주면은 된다고 하네요​​허브타임 정품! 인기만점 더블레드프룻 디퓨저 2개입디퓨저선물세트로도 가성비가 좋은실내용디퓨저이면서 실내용방향제인허브타임레드프룻 인테리어 소품으로도너무 괜찮은거 같습니다​​​​http://herbthyme.co.kr/product/detail.html?product_no=1111&cate_no=1&display_group=2공감과 댓글은 민토피의 힘이 됩니다병슬아요여
병슬아요여
병슬아요여
",19,1,0,391,0,0,1595.6,5,suspect,2020. 1. 19. 16:38,1504,2452351,,0
2,https://blog.naver.com/dmsql7984?Redirect=Log&logNo=222050874489,"위에 공개된 사진엔 'L’OCCITANE + STARBUCKS'라고적힌 파우치 안에 바디워시, 샴푸, 로션 등으로보여지는 여행용 키트가 담겨 있어요​​​​​​​​​​​​​프랑스 자연주의 브랜드 록시땅(L’OCCITANE)과 스타벅스의 콜라보 MD 상품이 공개가 되었구요​8월 4일 오늘 출시가 되었다고 해요~!​최초로는 7월 29일 한 온라인 커뮤니티에 스타벅스와 록시땅이 콜라보한 MD 상품이 담긴 사진이 게재된 것부터가 시작이었다 합니다​앞서서 스타벅스 코리아에선 전날인 지난 28일 공식 인스타그램을 통해 록시땅과 콜라보를 진행한다고 밝힌 바가 있었죠​​​​​​​​​​​​​ ‘리프레시 유어 데이 키트’ 증정 이벤트 받는 방법은?​전국 스타벅스 매장(인천공항, 미군부대 내 매장 등 일부 매장 제외)에서 진행되는 이번 콜라보레이션 이벤트는요이벤트 대상 음료 1종을 포함하여 2만원 이상 구매 시 선착순으로 ‘리프레시 유어 데이 키트’를 받을 수 있어요 키트는 한정 수량으로 선착순 증정인데 1인 최대 2개로증정이 제한 된다고 합니다​​​​​​​​​​​​​오~ 여름에 실용적인 상품으로 괜찮은듯 하고제 스타일이기두 하네요 ~~​​​​​​​​​​​​​​​앞서 스타벅스에서는 2020년 여름 기준서머 레디백을 시작으로 21주년 기념 장우산,리유저블 콜드컵 등내놓는 제품마다 품절 대란을 일으키며 크게 화제가되고 있는데요~!​28일 재출시된 컬러체인징 리유저블 콜드컵,여름 장우산도 준비한지 오픈일 하루만에 매진!​여름 이벤트 상품으로 나온 서머 레디백과 서머 체어 역시 매장 오픈 시간에 맞춰서 제품을 받으려는 손님들의 대기줄이 새벽부터 이어지는 현상이 생기며큰 호응을 얻었었죠~!​​ 요즘 스타벅스가 일을 더 잘한다는 느낌이 듭니다^^~​​공감과 댓글은 민토피의 힘이 됩니다 
병슬아요여
병슬아요여
병슬아요여
",4,1,0,176,2,0,1595.6,10,text_ad,2020. 8. 4. 14:09,1504,2452353,,"['관심이 가는 이벤트네요~!', '저두 보고 관심이 많이 가는 이벤트더라구요']"
3,https://blog.naver.com/dmsql7984?Redirect=Log&logNo=221731817034,"안녕하세요 민토피 입니다♥요즘 겨울철이라 찬바람 쌩쌩 불고 건조해서 피부에 가뭄난거 같지 않으신가요~?그래서 겨울철에는 수분보충이 이런저런 방법으로 많이 신경을 써주면은 좋은데요미니가습기 같은거 하나 가지고 다니면은 좋겠죠!​​​​​​​​​오빅 이라는 미니 가습기에요!무게는 210g밖에 안되는 휴대성 좋은 가습기인데요즘 회사에서 업무보다 보면 건조해서 미치겠다는 동료에 말이 떠올라서 저는 피부가 건성이기도 하여 더 신경 써야겠다는 생각이 들어서 한 번 써보았어요​​​​​​​​​사용을 해보기 위해 포장을 뜯어 봅니다​​​​​​​​​​​​현재 오빅 사은품 이벤트를 하는 중이라서지금 구매를 하시면 장착된 필터 1개 이외에필터 2개를 사은품으로 준다고 해요​필터 1개당 1달 분량이고 개당 가격은1000원으로 착한 편입니다​​​​​​​​​필터가 장착되어 있어서 위생상 안전하고 따로 청소가 필요치 않구요물받이통만 잘 닦아주면 되는데 손이 직접적으로들어 갈 수 있는 구조라서 청소하기 쉽게 되어 있습니다​​​​​​​​​가습기의 각부분 명칭과 사용방법이 잘 나와 있기에처음 작동할 때 당황하지 않고 사용하실 수 있는데실제로 정말로 쉬워요​물만 수돗물 대신에 정수기물을 사용하면 된다!이것만 딱 기억하시고 사용하심 됩니다​​​​​​​​​물은 200ml 정도 들어가네요한 번 물을 채우면은 최대 8시간까지 사용이 가능하다고 하구요자동 타이머 기능이 있어서 물이 떨어지면은 알아서 전원이 꺼집니다​필터는 한 달에 한 번씩 바꿔주는게 좋다는데 그렇게 해서 사용을 하면은 좋을듯 하네요이번에 이벤트로 받은 걸로 사용을 하면은 겨울에 충분히 쓸 수 있는 양인듯 합니다​​​​​​​​​​USB 형식이라 회사에서 사용하는 컴퓨터에 꼿거나 핸드폰 충전용 코드에 꼿아서 사용하면은 되요한 번 누르면은 불이 들어오면서 작동이 되구 한 번 더 누르면은 불이 꺼지면은 작동이 멈춥니다​​​​​​​​​​한번 누르면 계속 가속 되고두번 누르면 10초 가습되고, 10초 꺼지고한번 더 누르면은 완전 꺼진답니다​초음파로 가습이 되는 편인데피부 밑까지 쉽게 들어가는 마이크로미터 단위의수분입자를 배출해서 피부에도 왠지 더 좋을듯 합니다​​​​​​​​미니가습기 오빅은 가습기 제품을 쓸 시에정수기의 정수물로만 사용 하는 것을 권장하는데그만한 이유가 있다고 합니다​은근히 많은 가습기 제품의 브랜드의 경우정수물을 쓰지 못하고 수돗물만을 권장하는 가습기도 있는데 수돗물 사용시 석회가 껴서 청소를 자주 해줘야 하는 번거로움이 생깁니다​​​​​​​​오빅 미니가습기는 그런 걱정 할 필요 없이 처음부터정수기의 물로 사용해서 좋은거 같아요​그리고 usb전원 연결로 하고 같이 오는 USB 선이 긴편이라서 회사 책상에서 쓰기에도 괜찮은거 같아요미니사이즈라 사무실 가습기, 차량가습기로 적합하구요​​​​​​​​https://smartstore.naver.com/orangeink/products/3874788946오빅 미니가습기는 색상은 블루, 핑크, 화이트이렇게 3가지가 있습니다^^~​​​​공감과 댓글은 민토피의 힘이 됩니다병슬아요여
 
",18,3,0,293,0,1,1596.0,3,suspect,2019. 12. 9. 16:56,1504,2452353,,0
