,Post URL,Post,Image num,sticker num,gif num,Paragraph num,Comment num,Video num,weekly viewer mean,Sympathy num,AD,Posting Date,Buddy num,Total visit,Blog category,Comment detail
0,https://blog.naver.com/dmsql636?Redirect=Log&logNo=222456023714,"다들 즐거운 여름휴가 보내고 계신가요-?시기가 시기인 만큼 나가는게썩 내키지 않아서 휴가같지 않은 휴가를보내고 있는 이번 여름휴가네요.​6시 이후로는 또 제가사는 지역에는2인만 가능하기 때문에 계속해서배달만 시켜먹게되는 것 같아요..덕분에 살만 불어나고 있는 것 같아요.무튼, 저처럼 집에서 심심한 시간을보내고 계시는 분들을 위해서소소하지만 재미있고 집중력도 향상되는놀거리인 방탄보석십자수 를 추천해드릴까해요.딱히 방탄소년단을 좋아하는 건 아닌데신랑이 매일같이 뮤비를 아침에일어나면루틴마냥 보길래 같이 보다보니저는 개인적으로 진이 참 잘생겼더라구요.그래서 여러 디자인도 있고,다른 멤버들것도 있지만 저는 요걸로 선택했어요.캐리커쳐라그런지 세상 너무 귀엽고 힙하더라구요.(너무 귀엽고 이쁜 BT21/타이니탄상품이  많이 있어서 방탄보석십자수고르는데 큰 어려움을 겪으실 것 같아요.저도 이거 겨우 골랐네요..하고 싶은거 엄청마늠_)그리하여 구성품은 간단하게비즈, 펜, 고체풀 등이 있는데,설명서는 다 알것 같지만 그래도 영어부분때문에 놔두셨다가 한번씩 보시는게 좋아요.​알 것 같지만, 은근 챙겨보게되더라구요.그리고 저처럼 하루만에 다못하실 것 같은 분들은 비닐을 다 벗기지마시고붙이려고하시는 부분만 보호필름을살짝 벗겨서 큐빅을 붙여주셔야해요.​안그러면 외에 부분의 접착력이떨어질 수 있으니 꼭 참고하셔서방탄보석십자수 이쁘게 만드세용!저는 약간 한컬러 다하고 또 한컬러시작하는 걸 좋아해서, 8번 화이트 부분부터시작했어요. 펜을 사용하시는 방법은 고체풀을 깊게눌러서 살짝 밀어 넣어준 후에펜으로 큐빅을 살짝 찍어서 붙이고자 하시는번호 위에 붙이기만하시면 된답니다.그렇게해서 찬찬히 하다보니 헤어밴드 부분 완성!!그래도 어렵다 하시는 분들은아래 영상 참고하셔서 하시면 좋을 것 같아요.제가 어깨가 좀 저린다 싶을 때아들한테 부탁했더니 어디서 알고왔는지#꾸미다꿈이다""어 이거 나도 할줄알아"" 하면서잘 도와줘서 얼굴도 마저 완성했답니다:) 굿!그리고 펜 부속품중에3, 6, 10개를 한번에 붙일 수 있도록도와주는 것과라인을 정리할 수 있는 부속품이 있는데이게 은근 잘 안쓰일 것 같아도배경이나 많이 분포되어있는 부분에정말 유용하게 사용되니 잃어버리지 않도록꼭 잘 챙겨놓으세요-!저는 말씀드린 것 처럼 주로 배경이나라인에 붙일 때 3, 6개를 많이 애용했어요.10개는 개인적으로 한번에붙이기 좀 어렵더라구요.방탄보석십자수 를 만들다보니없었던 인내와 집중력이 생기는 것 같더라구요.완성하고 싶은 마음이 굴뚝같아서 그랬던 것 같아요.그렇게 해서 완성된 JIN 액자!!오랜만에 수작업으로 공들여서 만들었더니세상 뿌듯하기도하고 아이들은 촉감이 좋다고 계속해서 만지더라구요.혹시나 나중에 한두개 빠지면남은 거 챙겨두셨다가 붙이셔도 될 것 같아요.(여유분 엄청 많이남더라구요_)다른 디자인도 궁금하시다면꾸미다꿈이다 에서 한번 구경해보세요.​아래에 링크함께 남겨둘게요. ​7 수애 오사 수

\ 아래민크응 울러주세요}
 
 
",21,6,1,275,6,1,393.6,15,99das,2021. 8. 3. 22:03,1995,455751,육아·결혼,"['이거 왠지 태교에도 좋은것 같은 기분이 드는데요?ㅎㅎ 진짜 집중력 길러질꺼같아요 ㅎ 시간가는줄 모를꺼같다는~^^ BTS 너무 좋아해서 이런거 하나쯤은 해봐야겟는데요?ㅋ', 'ㅋㅋ너모재미있더라구요', '저는 이웃님이 하신 것보다더 큰 보석십자수 뷔꺼 있는데어마어마한 구슬 수 보고 포기했어요 ..ㅋㅋ그냥 그대로 벽에 걸어뒀다는 ㅇㅅㅇ', 'ㅋㅋ앜ㅋㅋ더크면 힘들것같네요']"
1,https://blog.naver.com/dmsql636?Redirect=Log&logNo=221929253603,"잇님들 주말 잘 보내고계신가요?? 어제까지만해도 아직 토요일이다 너무 좋다 했는데 벌써 일요일이네요. 저는 오늘 오후에 형님들이랑 조카와 저희아들 데리고 장난감 가게에가서 한번에서로 어린이날 선물 헤치우기로 했어요. 덕분에 아들은 지금 기분이 하늘까지 붕 떠있어서 언제가냐고 조르기만하고있네요.! 오늘은 여름이다가올 수록 제생각엔 완전 필수템인 것 같은 ​블루투스스피커 를 소개해드릴까해요. 이때까지 2-3개 정도 사용해봤는데 디자인부분이나 음질 부분에서 저는 이게 제일 마음에드는 것 같아요.제가 사용하고 있는 제품은 음향기기만 전문으로 취급하고있는 전문 국산 브랜드이자 백화점 및 면세점 판매브랜드이기도해요. 그래서 믿고 사용할 수 있고 당연히 품질 또한 좋은 제품이랍니다.! 그리고 무엇보다 가볍고 대용량베터리라 넉넉하게 사용할 수 있는 블루투스스피커 라 너무 좋더라구요. 그리고 또하나 마음에 들었던 점은 바로 방수, 방진이 된다는 점인데 제가 여름에 꼭 필요한 필수템이라고 한 건 제가계속에가서 텐트치고 누워서 신랑이 애들이랑 놀동안 노래듣는걸 참 좋아하거든요. 그럴때 들고다니면서 쉽게 노래를 들을 수 있기 때문에 필수템이라고하는데 물가에서 가지고 놀아도 안심하고 사용할 수 있어서 더 마음에드는 블루투스스피커 랍니다.! 기왕이면 이런 기능하나쯤은 있어주면 좋은 것 같아욥.정품스티커도 있으니 꼭 확인하시길 바래요.뭐든지 유사품에 주의할 것!일단 저는 디자인이 좀 투박한 걸 조아하는데그래서 그런지 제 기준에는 디자인이 진짜너무 마음에들더라구요.딱 들고다니면 을매나 느낌 사는지 몰라요.그리고 세상튼튼해보여서 좋더라구요.아무래도 아이들도 같이 사용하는 제품이다보니툭 하고 떨어트리는 경향이많은데,,그래서 그런지 더 튼튼한 제품을 찾게되는 어멍입니다.#에이투보시면 디자인 따라 버튼이나 구성이 되게심플하더라구요. 상부에는 온오프랑 +-재생버튼그리고 하부에는 삼각대에 고정할 수 있는 구멍이있고양쪽에는 커넥터꼽을 수 있는곳과 버튼식고리가걸려있답니다. 요 고리가 또 유용한게가방에 걸 수 있어서 좋더라구요. 다음에등산갈때 한번 사용해보려고합니다.이 제품은 사용방법도 정말 간단한데,같이 넣어주시는 a4용지에 적힌 내용만봐도바로 작동가능 할 정도로 쉽더라구요.간단하게 정리해보자면전원버튼누르기휴대폰에서 블루투스켜기""ATWO AT351"" 뜨면 연결하기끝영상보시면 따라하기 더 쉬우실거에요.에이투 제품이 2개가 있다면 트윈으로도 연결가능하고+-는 음량조절이 아니라 음악을앞으로 뒤로 할 수 있는 기능이더라구요.그리고 재생버튼은 3초정도 누르면 블투가 해제된다고해요.제가 음향도 들어보시라고 영상을 짧게나마 찍어봤는데 음향기기만 전문으로 취급하고 있는 브랜드 답게 진짜 너무 괜찮더라구요. 잡음도 전혀없구더라구요.!아이들 재우고나서 거실 식탁에서 주로 블로그를 하는 편인데~ 소리 줄여서 틀어놔도 충분히 잘 들려서 매일 켜놓고 저만의 시간을 즐기고 있답니다.블루투스스피커 뭐살지 고민하고 계신다면,이거 강추해요. 지금 사이트에서 할인하고 있던데언제까지하는지 잘모르겠으니..고민은 가격과 택배기다리는 시간만 늘릴뿐..​아래에 링크함께 남겨둘게요.​\6,
 
",15,4,0,303,4,2,393.6,17,,2020. 4. 26. 0:10,1995,455751,육아·결혼,"['깔끔하고~ 딱 필요한 기능만 있고 좋아보이네요👍', '그춍 ㅎㅎ넘조아요', '방수 방진 기능은 너무 좋네요!!하나 갖고 싶당..', '히히좋아여 요즘맨날트네요 ㅋㅋ']"
2,https://blog.naver.com/dmsql636?Redirect=Log&logNo=221813753765,"다들 맛 점 하셨나요? 저는 오늘 회사에서 분식류가 나와서 너무 맛있게 먹었어요. 비록 엄청난 맛집은 아니지만 그래도 제가 순대떡볶이 이런걸 참 좋아하거든요. 최근에 엽떡에 중국당면넣어서 너무 먹고싶었는데 참고있었거든요. 평일에는 유일하게 제가 그냥 밥을 먹는건 점심뿐이라 ㅎ_ㅎ 오랜만에 회사밥 먹으면서 즐거운 식사시간이었네요.저희집 공주는 아직 대소변을 가리지못해서 집에서도 물론사용하지만 어린이집에도 매번 챙겨드려야되서 소비가 만만치 않게 되더라구요. 근데 이번에 귀여우면서도 좋은 헬로키티 기저귀가 있어서 한번 사용해봤어요. 지난번에 비데물티슈 사면서 눈독들여놨었거든요! 물론 그제품도 아직도 너무나 잘 쓰구 있지말입니다.일단 외관상으로 너무 귀여운 제품인데 사실 아이들의 민감한 살에 닿다보니 아무거나 사용할 수 없는 제품에 속하기도한답니다. 그런데 이 제품은 보다 가볍고, 보다 부드러운 경험을 선사한다고 되어있더라구요. 일단 한팩에 28개입으로 남녀공용이에요.그리고 헬로키티 기저귀는 다른 제품들과 동일하게 성장 단계에 맞도록 설계된 단계별사이즈가 있기 때문에 아이 몸무게 잘 보시고 선택하시면 된답니다. 저희집 공주는 약 11키로정도되서 L로 주문했어요. 그리고 이제 하도 도망다녀서 팬티아니면 안되겠더라구요. 단 겨울같을때는 옷이 두껍다보니 외출시에는 밴드를 더 선호하게 되긴 하더라구요.그리고 사용해보신 분들은 아시겟지만 저희애기는 지금 타사제품은 특대를 사용중인데 원래 사용하던 특대랑 비교해보면 사이즈가 좀 많이 작은 것 같은 느낌도 들더라구요. 하지만 전혀 그렇지않고 딱 알맞게 맞아 떨어지더라구요. 허리부분도 스판덱스 허리밴가 360도로 감싸주고있어서 활동하기에도 아주 좋아보였어요. 많이먹는 울 공듀 배가 막 쪼이거나 하지도 않았구요.그리고 또하나 헬로키티 기저귀는 처짐방지와 착용감을 더욱 향상시키기위해 이중셔링구조에 엣지가드, 코어업가드로 한번더 흡수를하여 잡아준다고해요. 저희애기는 물을 많이마시는 편이라 가끔 밤에 소변이 세어나오는 경우가 종종있었는데 이거 쓰고는 아직 그런 적은 한번도 없었어요. 간혹 여자아이들과 남자아이들이 사용하는 제품이 나눠져서 나오는 것도 있던데 이 제품은 중앙에는 쾌속흡수라인으로 그리고 전면에고르게 흡수층이 배치되어있어서 남자, 여자 아이 모두 편하게 사용할 수 있는 헬로키티 기저귀랍니다.예전에 유치원, 초등학생때 정말 좋아하는 캐틱터라 학용품인 가방같은걸 많이 삿던 기억이나는데 또 딸랑구가 사용할 걸 생각하니 오찌나 귀여운지몰라요. 아무래도 이런 캐릭터들은 어릴수록 더 이쁜것 같아요. 아기자기하니 딱 공주한테 잘 어울릴 것 같다는~~직접 닿는 부분도제가 손으로 만져보니 너무 부들부들하고 좋더라구요. 짓무름방지를 위해 공기흐름을 강화하고 내부의 보송함을 유지시켜주는 통기시트 에어커버에 리얼 3D 엠보커버로 피부접촉면적을 최소화한 저자극 헬로키티 기저귀!!기본적인 소변줄 알림줄이나 스티커는 당연히있고, 착용샷보니 좀 더 면적이 작아보이기도하고 그렇지만 이중 응가밴드에 엣지가드가 안밖으로 잡아줘서 안심하고 사용하실 수 있답니다.안전하고 자극적이지않은 우리아이를 위한 편안한 제품 찾고계신다면 한번 사용해보셔도 좋을 것 같아요.​아이티씨몰 링크남겨둘게요.​ㅎㅎ
 
+

+
 
",15,4,0,329,2,0,393.6,11,,2020. 2. 18. 13:17,1995,455751,육아·결혼,"['기저귀 오랜만에 보네요~~^^', 'ㅎㅎ언제쯤 안쓸까 싶어요 ㅎㅎ']"
3,https://blog.naver.com/dmsql636?Redirect=Log&logNo=221374293046,"매번 편하게만 키플링 가방들 들고다니다가문득 눈에들어온 메트로시티 버킷백편하게 기저귀가방으로 사용하고싶어서 구매했어요신랑이 무슨 기저귀 가방을 이런걸쓰냐며 한소리했는데,막상 제품오고나니 깔끔하고 이쁘다고하더라구요작은사이즈도있는데 작은건 너무작아서큰사이즈로 구매했어요큰사이즈도 절대큰게아닙니다!!저는 롯데몰에서 구매했어요 대략 24만원대에 구매했는데 아울렛가보니또같은제품 37만원 달라고하더라구요가격차이가 왜이렇게 심하게나는지 원...백화점에가서도 물어봤는데 아울렛전용상품이라고 하더라구요요즘 진짜 매일 들고다니는 최애템 가방이에요막 엄청가벼운건아닌데 들고다닐만 하답니당기저귀랑 물티슈 지갑정도만 딱 넣어서 다니고있어요.저의 오래된 프라다 장지갑은 충분히 들어가는 사이즈에요처음에 장지갑도안들어 갈까봐 걱정했는데~~~그냥 딱 진짜 필요한 것만 들고다닐 수 잇는 사이즈의 가방입니닷​단, 분유먹는 애기들은 안될 것 같아요전 완모라 손수건만 있으면 되거든요 ㅜㅜ​착샷은 뭐 대략..이런느낌?#기저귀가방 #메트로시티가방 #버킷백#메트로시티버킷백 #J73MF420Z #프라다 #프라다장지갑​ 
 
 
",11,2,0,85,2,0,393.6,5,,2018. 10. 9. 22:49,1995,455751,육아·결혼,[]
4,https://blog.naver.com/dmsql636?Redirect=Log&logNo=220756151674,"슈퍼대디 기저귀​​+277우리현이는 기저귀를 세번 정도 갈아치운거 같네용ㅇㅇㅇㅇㅇ...ㅇ3ㅇ​처음엔 병원에서 기본적으로 하기스다 쓰시니깐 써볼까 했지만 발진이....ㅠㅠ피까지나더라구요​그래서 군으로 변경했는데 발진안나더라구욯ㅎㅎㅎ그래서 한 두세달 썻나 ㅠㅠ애기가 뒤집어 자기시작하면서 앞으로 오줌이 조금 흐른다고해야되나..?애기가 누는 소변을 다 케어해주지 못하는 느낌이 들더라구요내복바지앞부분도 축축해지고그래서 슈퍼대디로 또 변경 ㅎㅎㅎㅎㄹㅎ역시나 발진은 없네요기저귀는 심플하고 귀엽게 생겼어요현이는 쭈쭈없이 못자기때문에 ㅜㅜ아직까지 밤중수유를 하고있답니당...그래서 다른아기들보다 아마 밤중 소변이 더많을거에요ㅎㅎ그래도 슈퍼대디는 끄떡없다능...자고일어나니 기저귀가 아주 탱글탱글하죠?돌돌말아보니 어찌나 크던짛ㅎㅎㅎ요즘엔 저스티커도 뜯을줄알아서 ㅠㅠ맨날 뜯어서 펼쳐놔요ㅋㅋㅋㅋㅋㅋ휴..안먹으니다행입니닼ㅋㅋㅋ무탈하다면 슈퍼대디로 낙찰 
 
 
",5,2,0,68,5,0,393.6,3,,2016. 7. 7. 16:30,1995,455751,육아·결혼,"['잘 안새나요?? 저도 슈퍼대디도 한 번 써벌까하는데ㅎㅎ', '네 ㅎㅎ 저는 만족하고 쓰구있어요 하기스 군보다는 괜찮은거같아요', '저도 하기스는 발진나더라구요ㅠㅠ', '그쵸?의외로 하기스 발진 되게 많이 나는 것 같아요저희아들은 피까지나서 바로 바꿧어요 ㅜㅜ', '정말 심했나보네요ㅠㅠㅠㅠ']"
5,https://blog.naver.com/dmsql636?Redirect=Log&logNo=222351001644,"드디어 한주가 거의 다 지나가고 금요일이 되었네요. 사실 평소같으면 금요일 지금 딱 집에 도착할 쯤의 시간을 참 반겼을텐데, 이번주는 휴무를 보내고 있던 찰나라 주말이 그리 달갑지않은 한주인 것 같아요. 다음주부터 출근을 해야하거든요 ㅠ.ㅠ 오늘은 별건 아니지만 있으면 정말 편한 제품을 하나 소개해드릴까해요. 제가 대학생때 기숙사에 호피무니 이불을 사용해서 친구들사이에서 조금 핫했던 기억이있는데, 이번에는 레오파드로 된 휴대용파우치 를 소개해드릴까합니돠하하!!일단 정말 마음에 들었던 부분이 바로 기장감인데요. 길이감이 좀 있어서 왠만한건 다 들어가고 좋더라구요. 여성분들은 그날에 필요한 생리대나 평소에 필요한 화장품을 넣어다녀도 좋을 것 같고, 보조배터리 또는 핫팩 등등 활용성이 많이 보이는 제품이었어요. 다른 분 중에 한분은 필통으로 사용하시기도하더라구요. 이외에도 큰사이즈의 타로카드나 스프레드천 수납용으로도 활용하기 좋은 휴대용파우치 라고 하더라구요_!그리고 독특한 레오파드 호치 패턴은 물론 스웨이드 재질이라 촉감역시 세상 부드럽고 너무 좋더라구요. 내부는 센스있게 검은 천으로 되어있어서 오염이 막 눈에 띄게 보인다거나 하지않아서 마음에들었답니다. *사이즈는 대략 13.5cm X 22.5cm 라고하니 참고하세요*그리고 묶는 형식이 아니라 한쪽면에 끈조임 조리개로 되어있어서 풀어질 일이 없을 것 같은 휴대용파우치 였어요. 예전에 사용하던 제품중에 묶는게 있었는데 가끔 풀려서 쏟아지기도 하고 했었거든요. 그런데 그럴일은 없을 것 같아서 맘편히사용 중 이랍니다:)단, 탈색이나 수축의 가능성이 있는 원단이라 물세탁은 가급적 피해주는게 좋다고해요. 필요시에는 중성세제 한스푼 정도 풀어서 가볍에 단돈 손세탁 후 그늘에 말려주시면 된다고하니 참고하시면 좋을 것 같아요. #서현타로살롱 그냥 평소에는 테이프로 먼지 제거하는 정도로만 관리해도 새것처럼 사용할 수 있답니다.저는 주로 제가 매일 챙겨먹는 영양제들을 일주일 치 파우치 속에 넣어서 들고다니고 있어요. 사무실에서만 먹는게아니라 운동하기 전/후로도 챙겨먹어야하는데 아무래도 그냥 한개씩 들고다니면 매일 아침마다 챙겨야하니 까먹기도하고 가끔 흘리기도하는 불상사가 발생하더라구요. 그래서 안전하게 휴대용파우치 를 이용하고 있어요.디자인도 제법 화려하다보니 가방속에 넣어두니 가방이 심심해보이지 않고 좋더라구요. 제가 요겨 들고다니니 아이들이 만져보고는 촉감이 좋은지 자기도 하고싶다고해서 몇개 더 사야하나 고민중인데, 이런재질로 아이들이 들고다닐 수 있는 디자인도 나왔으면 좋겠다는 생각이드네요.​센스있고 유니크한 디자인의 주머니 찾고 계시다면 서현타로쌀롱 한번 구경해보세요-!아래에 링크함께 남겨둘게요:) ​글은 블로그원평대을 동해 해당 업체에게
자 또느 서비스유언 솜자게작성된글 니다
 
 
 
",12,5,0,282,4,1,393.6,8,text_ad,2021. 5. 14. 18:38,1995,455751,육아·결혼,"['호피무늬 파우치 예쁘네요~호피무늬를 좋아하시는군요대학생때 호피무늬이불을 쓰셨다니 정말 핫했네요 ㅎㅎ', '네일까지 호피이신걸 보니 아주 취향저격이셨겠어요 ㅎㅎ😆', '포스팅 구독했어요\n혀니사랑맘님 힘찬 하루 되세요 ^---^']"
6,https://blog.naver.com/dmsql636?Redirect=Log&logNo=221632183306,"얼마전에 이마트 갔다가 눈에 뿅!들어온 거버 파우치형식이에요보통은 수저로 떠먹여야하는데이건 그냥 쏙쏙 짜주면되니 좋을 것 같더라구요​대신에 가격이좀 착하지못해요하나에 3500-4000원 사이더라구요다른 후기들보니 식사대용으로 먹이시던데저는 식사대용은 아닌 것 같아서간식으로 먹이고있어요​왠지 밥이아닌건 식사대용이 아닌 것 같다능;;거버 파우치는 스마트 플로우로 되어있어서츄미토퍼는 사용하지 못하겟더라구요그래서 애기가 푹 짜면 퐉~나오니조심하길 바래요 ㅋㅋㅋㅋㅋㅋㅋㅋㅋ​일단 3개샀는데 (이마트 3개 구매시 30%할인으로 개당 2500원에구매)잘먹어줄지...했는데 ㅋㅋㅋ너무잘먹어서 다음날도 가서 사왔어용...그래도 울애기 최애는 베리+바나나인 것 같아요그리고 거버파우치는 투명해서안이 보이니까 정말 좋아요 얼마나남았는지 확인 할 수 있거든요!!저3개 1.5일만에 처리하구다시사온 3가지종류엄마마음에 야채좀 이런걸로 좀 더 보충하고싶어서시금치들어간것도 샀는데잘먹더라구요비싸등가말든가울공듀 잘먹으면 상관없다구매일매일 하나씩 먹여볼 생각이에요약간 어른들 건강주스 먹는 느낌으로다가~~?​#거버 #거버이유식 #거부퓨레 #거버파우치#아기간식 #유아간식 #유아퓨레​2)/
2)/
2)/
",10,1,0,93,30,0,393.6,21,,2019. 8. 29. 12:29,1995,455751,육아·결혼,"['늘~ 아이들을 위한,아이들을 위해 정보를 ^^대한민국 어머니들 화이팅!!', 'ㅎㅎ좋은것만 보이면 사주고싶어서 큰일이에요!', '조카들 주면 좋아하겠네요^^', '네 건강한 간식이에요!', '어른이 먹어도 맛있을거 같아요^^', '네 달콤한건 맛잇더라구용 ㅎ_ㅎ', '오~~진짜 커버가 투명해서 얼마나 남았을지 보이니 더 좋네요잘먹으니 보기도좋구요~^^', '커버가 한몫했네요 ㅎ!', '', '', '파우치로 되어있어서 너무 편할것같아요~!', '외출시에 아주좋아용!', '가격은ㅎㅎㅎ진짜안착하네요😂 파우치투명한게참좋군요ㅎ.ㅎ', '네 그게 한몫했어요 ㅠ_ㅠㅎ', '간편하니 외출할때도 넘나 좋을거 같아요 ~!', '외출할떈 버릴수있는게..최고에용!', '거버제품 진짜 괜찮더라구요다만 가격이 ㅠㅠ사악하죠ㅠㅠ', '마자용 ㅠㅠ그래도사먹이게되는...개미지옥', '아이한테 좋나보네요~~ㅎㅎ좋은 제품 소개 감사해요 :)', '', '들고 다니기 넘 편하겠네요..!!아기용이지만 가끔아침대용으로 좋을 것 같아요ㅋㅋㅋ', '그쵸?ㅎㅎ', '정말 잘먹으니까 뿌듯하시겠어요^^건강한 퓨레라서 너무 괜찮네요 :)', '잘먹어주니 또 사먹이게되지요 ㅎ!!', '건강식 너무 좋겟는데요!! 간편하고 좋을것같아요!!!', '간편함이 최고죠!', '이렇게 파우치로 되어있는게 들고다니기 좋고 편하죠!!애기가 맛있게 잘 먹는다니 입맛에 잘 맞나봐요 ㅎㅎㅎ베리와 바나나 조합이라니 왜 어른인 제가 탐나는걸까요 흐흐', '달콤하니 맛나요 ㅎ_ㅎ 또 사러가야할듯하네요']"
7,https://blog.naver.com/dmsql636?Redirect=Log&logNo=221649135905,"추석 연휴 다들 잘 보내셧나요?저는 이번에 들어온 용돈으로 운동하 하나장만해 봤어요개인적으로 푸마 제품 참좋아하는데착화감이 너무 좋아서 계속 구매하게 되는 것 같아요​이번에 구매한제품은아식스 트레일이에요!다른 디자인이랑 이거랑 두개 고민하다가신랑은 신었을때 이게 더 이쁘다고해서이거샀는데 다른 같이 고민하던 디자인도아직 눈에 아른거려서 조만간 사러갈까해욥..​색상은 약간 베이지톤에가깝고형광으로 포인트가 들어가있어서더이쁜 제품이에요!푸마 가기전에 다른 제품들 신어보고 간건데확실히 푹신함이 좀 다른 것 같더라구요저는 다리도 다치기도하고 아이들낳고난뒤로는이쁜거 신고싶어서억지로 딱딱한 신발에 발을 맞춰서 못신겠더라구요이제품은 SOFTFOAM 이라 더  발바닥쪽이폭신폭신해서 편했고가격도 정말 착하더라구요​백화점 가격으로 7.9 정도했는데저는 신세계 VIP라 현금 세일리지사용해서 7만 50원에 구매했답니당신세계 자주간 보람이있어횹...세일리지 때문에 현금애용하게되더라구요무튼 ​편하면서 이쁜 신발 찾고계시다면푸마 아식스 트레일 강추합니닷#푸마 #푸마운동화 #푸마여성운동화#아식스트레일 #소트프폼 #운동화#여성운동화 #편한운동화 #이쁜운동화​ 
 
 
",11,1,0,98,32,0,393.8,22,,2019. 9. 16. 0:27,1995,455752,육아·결혼,"['신발 너무나 예쁜걸요??ㅠㅜ운동화 찾아보고있었는데요거 탐나네용', '요즘 맨날 신구다녀용..흫ㅎㅎㅎ', '푸마가 착화감이 좋군요..', '네 이건 소프트폼이라더 편해요 ㅎ.ㅎ', '와 진짜 이쁘네요~~ 저도 한켤레 구매하고싶어요!', '이뽀용 요즘 저 맨날 신구다니네요 ㅎㅎ', '저는 이런 운동화가 어울리지 않아 사고싶어도 못사는 ㅠㅠㅠ그냥 구두나 신고 다녀야죠!', '전 구두가..안어울려요...', '이쁘면서 편하기 쉽지않은데 이건 정말 예쁘네요 ㅎㅎ', '감쟈해요 ㅎㅎ', '푸마 디자인 괜찮네여 ㅎ', '요즘 애용하는 신발브랜드에욤..ㅎ.ㅎ', '푸마꺼는 안신어봤는대 디자인으로만 봐도 너무 편할거 같아용^^!!', '강추합니닷 ㅎ.ㅎ', '오호 너무 이쁜데요~ 여친알려줘야겠어용', '그춍 !이쁘죠!!', '투박한스타일이 별론데..막상 신으면 이뻐보인대도요 ㅎㅎㅎ흰색종류 잘 안사는데 이쁘네요 ^^', '저는 운동화 무조건 흰색만사욤 ㅠㅠ거의!', '우와 너무 예쁘네요 ㅎㅎ 잘어울리는것같아요', '요즘 매일신구다니네용..ㅎㅎ', '발바닥이 푹신하다니 좋네요 ㅎㅎ 가격도 더 싸게 사셨다니 기분 좋으셨겠어요!운동화사게되면 푸마꺼 알아봐야겠어요 ㅎㅎ', '푸마도 꼭 한번들려보세욤 저는 요즘 못헤어나오는중 ㅎㅎ', '오오 ㅎㅎ 청바지에 넘 잘어울리는 운동화네요 !! 이뻐욛 ~~!', '그쵸!!', '저는 운동화보다 구두파인데요즘에 운동화가 너무 신고파요 ㅜㅜ발이 피로한가봐요 ㅜㅜㅜㅜㅜㅜㅜㅜㅜㅜ 이 신발에 그래서 더 눈이 가네요', '저는 구두안어울려요 ㅠㅠㅋㅋㅋㅋ', '착화감이 좋은 푸마!!!!저도 제작년까진 푸마 위주였는데..가까이에 나이키가있어서 요즘은 갈아탔어요^^근데 신발 너무 귀엽네요~', '요즘 매일 신구이써욤!', '', '']"
8,https://blog.naver.com/dmsql636?Redirect=Log&logNo=221372796721,"오랜만에 운동화 쇼핑~~퓨마에서는 처음으로 운동화를 사봤다네요기존에 신던 슈퍼스타가 수명이다하신 것 같아서...저는 신발한번 사면 그것만 주구장창 신거든요그리고 스포츠화 느낌나는건 안어울려서매번 빽 당했다지요;;;;이번에구매한 RS-0 사운드요즘 화이트화이트한 운동화에 꽂혀서오찌도 샀다가 오찌레더는 너무발아파서 ㅠㅠ안신구있어요중고로사가실분~~~~....작은 240이나 235신는분이면 딱좋을텐데오찌도 이뿌긴 엄청이뻐요 신상이라,너무 흰색이라 다소 부담스러울 수 있지만전혀 그렇지않고 굽이 있어보이지만,불편하지 않았어요.사실 그냥 눈으로볼땐 별로안이쁘더라구요...근데 직원분이 신고계신거보고 이뻐서한번신었는데 세상이렇게 편할 수 가 없어요처음에는 휠라 디스럽터랑 뉴발 어글리슈즈랑 고민했는데저는 휠라는 불편하고 뉴발은 물밟으면 엄청 미끄럽다고하더라구요애기안고다니는 입장에서...안전과 편안함은 기본임으로퓨마로~~~~오찌는 잠시 저옆으로 밀어놓고홀릭중인 퓨마운동화그냥 막신어도 이쁜 운동화에요편하고 이쁜거 찾으신다면 강추가격은 11만원대!!!!​#운동화추천 #퓨마 #퓨마운동화 #RS-0SOUND #240 #오찌운동화 #오지레더​ 
 
 
",11,2,0,87,0,0,393.8,3,,2018. 10. 7. 17:00,1995,455752,육아·결혼,0
9,https://blog.naver.com/dmsql636?Redirect=Log&logNo=222277300906,"에프 사고난뒤로 거기에 맞는음식들을 많이 포스팅하게되는 것 같아요.이번에도 회사에 대리님 소개로알게된 식품을 하나 소개해드릴까 하는데​일단 20분이면 충분히 맛있게먹을 수 있고, 무엇보다도생각보다 기름이 많이 나지않아서치우는데 어려움이 없어서 좋더라구요.그리고 가끔 냉동해서 오는 것들은군내가 나기도하는데 이건 저희신랑이먹어보고도 잡내안나서 좋다고 한와룡막창 이랍니다.저는 매운걸 좋아하다보니음식점에 먹으러가도 땡초다진걸추가로 더 달라고해서 넣는 편이랍니다.저처럼 매운걸 선호하시는 분들은꼭 먹기전에 땡초다져서 함께 드세요.그리고 제가 고기류를 에프에 먹을 때통마늘은 꼭 함께 굽는 편 인데진짜 이건 빼놓지말고 꼭 넣어서 같이구워드세요 ㅜ.ㅠ고기보다 더맛있음용!참 그리고 사이트에 보면양념이랑 뭐 등등 종류가 많더라구요.그래도 저는 초벌로 주문했어요.기본먹어보고 맛있으면 더 주문하려구요.그런데 그냥 한번에 많이 주문할 걸그랬나 싶더라구요. 언제또 주문해서언제또 먹나싶네요ㄷㄷ​어쩐지 추천해주신 분은 무배금액맞춰서 주문하신다고 하셨는데그게 현명한 선택's참 그리고 와룡막창 초벌은컷팅이 안되어있고 통으로 들어가있더라구요.근데 저는 오히려 나눠서 익히다보니통째로 한번 익히고잘라서 익히기에 괜찮은 것 같았어요.처음에 180도에 10분정도익히니 겉면이 바삭하게 익더라구요.마늘 넣는거 까먹고 ㅋㅋ바로끄고 다시 마늘넣고 돌렸어요.진짜 마늘 꼭 넣어서드세요.존맛탱임.. #와룡막창오죽하면 신랑이 마늘만 구워도맛있겠다고 하더라구요.근데 돼지기름+마늘이 진리죠..무튼, 요렇게 맛나게 잘 익어나오면180도에서 10분더 2차로굽굽해주시면 이렇게 맛나게 익더라구요.개인적으로는 괜찮았는데좀더 바삭한걸 원하시면몇분만 더 돌리셔도 괜찮을 것 같아요.(사실 이것도 충분히 바삭합니다_)보기만해도 군침흐르지않나욥..하 또 와룡막창 먹고싶어서 조만간 또주문해서 쟁여둬야겠어요.​저도 무배까지 달려볼예정입니다ㅋㅋ신랑이 에프사고 제가 요리사가됬다고 해주는데 진짜 할 수 있는게제법 많고 많은 힘을 들이지 않고도맛있게 뚝딱만들어내주니성취감도 있어서 계속하게되는 것 같아요.저도 얼마나갈진 모르겠지만당분간은 꾸준히 ㅋㅋ맛있는거 만들어볼예정이랍니다.에어프라이어 막창 제가 구매한사이트 링크 아래에 남겨둘게요.​ 
이 폰스팅은
내돈으코구매하역시용후
솔직하게 작성했슴니다.
 
",14,6,0,194,16,1,393.8,19,,2021. 3. 16. 14:43,1995,455752,육아·결혼,"['에어프라이어 생기면 진짜 신세계라 한동안미친듯이 해먹게 되여 ㅎㅎ지금 저희집은 구석기 유물이 되어버렸지만여 ㅠ-ㅠ막창 전 맨날 시켜먹는데 흐윽..ㅠㅠ맛있겠어엽~', '진짜 넘마싯오요 ㅠㅠ', '막창 넘 맛있겠네요! 저건 딱 막장에 찍어먹어야하는데 ㅠㅠ', '마자용 ㅠㅠ진짜 꿀맛!', '짱이다아아아아 ˃ᴗ˂ 집에서 막창이라니ㅎㅎㅎ 하....에프사고싶다앙 ㅜㅠ 요리도 안하면서 시집가면 사라는 어무이의 말씀ㅋㅋㅋㅋㅋ아놔 🐇💌', '에프진짜 짱 ㅠㅠ', '답방와서 잘 보고 갑니다\n남은 2020년 마무리 잘 하세요^^', '감사합니다-!', '나눠 주세요....', 'ㅋㅋㅋㅋ구매각입니다용!', '와우~ 너무 맛있어 보여요^^', '그쵸 넘맛나유!!', '크 에어프라이에 돌린 비주얼 대박사건~ㅜㅜ', '그춍 ㅠㅠ환장~~!']"
10,https://blog.naver.com/dmsql636?Redirect=Log&logNo=222270452204,"요즘 제가 많이 소홀하죠 ㅠ_ㅠ근래에 이것저것 많이 도전해보다보니시간이 넉넉하지 않아서 1일 1포의목표를 잠시잊은 것 같아요..​아무쪼록 꼭 답방은 가고 있으니꾸준히 소통해요 우리~오늘은 저희집에서 어른아이 할 것 없이인기가 있는 간식거리가 있는데생각보다 너무 괜찮아서 소개해드릴까해요.​지난 포스팅에서 제가집에 가전을 하나 들였다고 말씀드렸는데거기에 맞는 알맞은 에어프라이어 붕어빵 이랍니다.맞는지 모르겠는데곰곰 gomgom이라는게쿠팡에서 하는 것 같더라구요.(사실잘모름_)​무튼 제가 요즘 카카오메이커스다음으로로켓프레시에 빠져있는데 생각보다신선도나 맛들이 나쁘지않아서마트에가지않고 그냥 여기서 구매하게되는 것 같아요.요것도 역시나 잇츠쿠팡!에서1만원 정도에 구매했는데#곰곰슈크림붕어빵​생각보다 양이 제법많아서 뜯기전부터 마음에들더라구요 ㅋㅋ진짜 돼지될 것 같아서 안사려고한건데한번 사고나니 넣어서 돌릴 수 있는간식, 음식은 전부 구매해서 먹고있는 것같아요..​내 다이어트 어디로갔늬-?​요건 또 돌리는게 생각보다 오래걸리지않아서(뭐든 다 오래안돌려도 되긴 하더라구요_)하원후에 애들 이것저것 정리하기전에넣어놓으면 금방 먹게해줄 수 있어서 좋았어요.에어프라이어 붕어빵 은200도에서 12분-15분정도 돌리면된다고되어있으니 참고하시고 저는 10분이 알맞은 것같아서 그냥 10분만 돌려서 먹고있어요.왜냐하면 겉반죽이 생각보다 엄청 얇아서조금돌린다고해서 안익진 않겠더라구요.​오히려 너무 돌리면 꼬리가 빠삭해지는-?바삭한거 좋아하심 12분정도가 적당할듯해보여요​디디오랩은 메뉴를 만두에 맞추니까딱 알맞게 에어프라이어 붕어빵 이만들어지더라구요:0가끔 여름에 아이들이 먹고싶다고이야기하면 하는 곳이 아예 없을 뿐아니라지금도 하는 곳을 찾아다녀야해서사실 사기가 되게 번거로웠는데​요거 구매해서 돌려먹다보니나가서 사주지않고도 집에서 해결되서서로한테 너무 좋더라구요.​그리고 무엇보다도 제입에도너무 맛있다보니 아이들입에는 더 맛있게먹을 수 있는 에어프라이어 붕어빵 이 아닌가 싶어요.그리고 은근 작아보여도신랑이 하나먹더니 안에 슈크림이 빵빵해서그런지 하나만먹어도 제법 배가부르다고하더라구요.근데진짜 속이 실해요..사진보니 또 먹고싶어서 집가서또 해먹어야할까봐요.저희아들은 앉은자리에서 2-3개는기본으로 먹어치우더라구요 ㅋㅋ단, 안에 크림이 막 길거리에 파는 것처럼엄청달거나 어중간한 맛은 아니고 약간짭쪼롬한 편에 속해서 저는 더 좋더라구요.집에서 아이들간식때문에매일 걱정이시라면 매일먹어도 안질리는(저는 좀 안질리게잘먹는편이라내기준에섴ㅋㅋ)​곰곰슈크림붕어빵 강추드려욥​ 
 
",7,5,0,209,10,1,393.8,17,,2021. 3. 10. 8:46,1995,455752,육아·결혼,"['혀니사랑맘님 ~~! 글 잘 봤습니다 !! \n앞으로 쭉 좋은 인연으로 오랬동안 공감과 댓글 나누며 소통하고 싶네요 ㅎㅎ', '네 감사합니다><', '와 생각보다 안에 슈크림이 가득 들어있어서 넘 맛있을 것같아요~><', '이거마싯오요 ;)!', '혀니사랑맘 님 다녀가요 ~ \n육아용품 글 잘보고 가요~ 오늘도 보람된 오늘하루 되시고 오늘하루 잘 보내세요 !!', '감사합니다앙~', '귀여운 붕어빵이네요...맛있겠어요^', '그춍넘맛나욥!']"
11,https://blog.naver.com/dmsql636?Redirect=Log&logNo=222268029401,"주말 이틀동안만 게으름을 부려야지 하던게 3일이나 되었더라구요.나름 잘 가꾸어 온다고 생각했던블로그인데 요즘 블태기아닌 태기가 와소..(집에만가면 몸이 천근만근이라_)처음 시작할 때 그마음을 다시금다져보려고합니다 ㅠㅠ​무튼, 이번주에 저희집에 새로운가전제품이 하나들어왔는데이제서야 구매했냐고 하시는 분들도계실 것 같아요.​바로바로 디디오랩 에어프라이어 랍니다.보이시죠 이 귀차니즘이..박스만 찍기 ㅋㅋ 사실 이거 있으면왠지 저의 다이어트에도 방해가 될 것 같고 오히려 더 돼지가 될 것 같아서참아오다가 인스타 지인이 사용하는 걸 보고저도 그냥 질러버렸어요-!구매는 본사사이트에서 하시는 걸추천드리고싶은데(카톡친추해뒀다가 행사 때 구매하면더 저렴하고 뭐 그렇다고하더라구요)​사실 저는 빨리받아보고싶은 마음이커서(시중에는 안팔더라구요 ㅍ,ㅠ)​쿠팡에서 디디오랩 에어프라이어 를 구매했습니드아-!구매하면서 로켓프레쉬로 고구마랑,등갈비, 쿠키만들기 등등도 함께 구매했는데이제 로켓프레쉬 정말 애용할 것 같아요.​고기상태도 너무 좋고 고구마는 꿀맛이고그렇더라구요.그리고 무엇보다 아침에 7시전에집앞에 가져다준다는게 너무 좋았답니다.진심 대존맛이더라구요.​오히려 고기보다 마늘이 더 맛있었어요.저는 얇은 삼겹구을때는200도에 15-20분 정도 구워주는 편 이에요.대신 아래위로 다 켜고 하시는게 좋고​양면이 다 바삭한게 좋으시면15분돌리고 뒤집어서 10분정도 더 돌리면 좋아요-!고구마는 메뉴설정에보면 군고구마라고따로 있어서 그냥 그거 선택하고 돌리면자동으로 알아서 맛나게 구워주더라구요.디디오랩 에어프라이어 는 올스텐이라 사용 후에 닦는게 귀찮을 것같다고하시는 분들이 계신데​생각보다 그런 것도 전혀없어서너무 애용하면서 사용하고 있답니다.​저는 아직 단점은 못찾은 것 같아요.​진짜 한번 아니 두번사세요.그리고 주말에 가족탕 다녀오면서아침을 간단하게 먹고갔더니 목욕 후에 배가너무 고프더라구요.​그래서 찾다찾다 그냥 저기나 한번 가보자했다가 찾은 어마어마한 창원 북면 맛집을 소개해드릴까해요-!진짜 또 먹는다고 바빠서 이것밖에 못찍었는데,저희가 주문한건 물냉면이랑 갈비탕그리고 석쇠불고기 이렇게 시켜서 먹었답니다.근데 진짜 하나도 맛이없는게 없었고다 깔끔하니 너무 괜찮더라구요.​저희 신랑 은근 별로면 대놓고말하는데여기는 진짜마음에들었는지 긍정의 찬사를엄청 내뱉으셨답니다 ㅋㅋ​(특히 물냉이진짜.. 어마무시하게 맛있어요)사실 저는 갈비탕을 아이들과 나눠먹으려고주문해서 먹었는데, 아이들있는 테이블에는사골국을 따로 챙겨주시더라구요.​그래서 아이들 국 때문에 갈비탕 시키시는거면안그러셔도 될 것 같아요.(갈비탕도 진짜 맛나긴해요)​무튼 근처에 가족탕이나 목욕탕방문하시고창원 북면 맛집 찾고 계시다면여기는 진짜 한번 가보셔도 좋을 것 같아요.​",11,5,0,241,16,1,393.8,24,,2021. 3. 8. 8:47,1995,455752,육아·결혼,"['어머 저두 쿠키사놨는뎅!! ㅋㅋㅋ 주말에 만들어야겠네융', 'ㅋㅋㅋ제가 재미있어서 더 열심히한 것 같아요 ㅋㅋ', '쿠키 직접 만들어먹는 거 너무 재미있을 것 같아요 ㅋㅋ 조물조물 만드는 재미가 있구 !!', 'ㅋㅋ그니까요 애들이 넘 좋아해요', '쿠키 너무 귀여워요!!! 아이들이 진짜 좋아할거같아요 ㅋㅋㅋ 그리고 이 에어프라이어는 오븐같네요? 엄청 공간이 넓어서 좋은거같아요!', '오븐&에프 라고 하더라구요 ㅋㅋ대박만족해욤!!', '블로그 소통하러 왔어요~ 잘보고가요^^', '네 감사합니다-!', '공감 누르고 가요~~', '감사해유!']"
12,https://blog.naver.com/dmsql636?Redirect=Log&logNo=221261399081,"환기도 못시키는 요즘,남들은 다가지고있는 공기청정기나도하나사보자고 하이마트 구경갔다가인터넷 최저가보다 저렴하게 판매하길래구매한 LG퓨리케어 공청기!!!혼자들고온다고 식겁하긴했지만 너무행복하다요 모터도 10년이나 보증해주니 마음도 넉넉하더라구요생각보다 크니깐 참고하세요작다고생각하시는 분들도 많이 계시더라구요사실뭐...딱히 설명서를 읽어보지않아도사용할 수 있을 것같은 간단함이 느껴집다필터도 비닐 벗겨서 넣어주고,제일중요한 필터교체시기도잘 적혀있어요직원말론 필터값이 약 5.5만원 했던걸로기억하는데 1년에 그정도면 뭐 ...나쁘지않은걸로~~~집에서 작동해보니 우리집은미세먼저 좋음인걸로 나오더라구요그리고 집에 와이파이랑 연결하시면와이파이되는 공간안에서는앱을통해서 조절하실 수 있어요.근데 뭐...집안에서만 되는거라서 굳이필요가 있나싶기도한 어플이에요 ㅋㅋㅋ밖에선 안되더라구요내가못하는건지 ...사실 설명서제대로 안읽은 1인​무튼 사용하고있는뒤론 괜히 깨끗한 공기마시고 자는 기분이에요둘찌오기전엔 무조건 사야지했는데8월쯤 우리둘찌오는날엔 깨끗한 공기만마시게해주는걸로~~~~​#공기청정기 #LG퓨리케어 #공기청정기추천​ 
 
  

00

 
",15,3,0,79,6,0,393.8,7,,2018. 4. 25. 20:09,1995,455752,육아·결혼,"['공기 청정기 디자인이 특이하고 예쁘네요~~', '그쵸 요즘 이쁜게너무 많이나와요 이쁘면서 가성비도좋네요!']"
13,https://blog.naver.com/dmsql636?Redirect=Log&logNo=222220420993,"오늘도 오랜만에 비가내리는 하루네요.덕분에 아침 출근길이 막혀서출근커트라인 2분전에 도착해서 심장이조마조마한 아침이었어요.또 이렇게 내일은 5분만 일찍 나와보자고다짐을 하는 요즘이네요 ㅠㅠ무튼, 아이들키우면 매일같이 쏟아지는빨래와함께 예민한 아이들이 사용할제품이다보니 아무거나 사용할 수 없어서저처럼 유목민생활을 하시는 분들이많으실 것 같아서, 오늘은제가 요즘 정착해서 사용하고 있는네이쳐러브메레 제품을 소개해드릴까해요.일단 아무래도 매일같이 돌려대는 세탁물에큰용량을 사놔도 정말 금방없어지더라구요.그런데 이건 가성비가 너무 좋아서,진짜 부담없이 구매해서 사용할 수 있어서좋았고_!보통은 본사 사이트가 제일 비싸게 느껴지는데여기는 공식스토어가 오히려 더 싸더라구요.처음에는 쿠팡같은데서 구매하다가 지금은네이쳐러브메레  본사에 가입해서구매해서 사용하고 있어요.참고하셔서 여러분도 똑똑한 소비 하시기를 바래요.아무래도 아이들이 사용하는 제품이다보니택배를 받았는데 얼어있거나하면변형되지 않을까? 걱정하시는 분들이 계실텐데세제 뿐만아니라 물티슈 등도화학성분이 아닌 식물성 성분을 사용해만들어졌기 때문에 추운 겨울에 얼어있는상태로 유아섬유유연제 가 배송될 수 있으나안심하고 사용하셔도 된다고하더라구요.그리고 또 하나더 아무래도 순한 성분으로만들어진 제품이다보니세정력에 있어서 의심을 품을 수 있는데,무려 더마테스트에서 excellent를 받은​세척력 및 중금속, 향균, 항염테스트를통과한 제품이기 때문에믿고 사용하셔도 좋을 것 같아요.저같은 경우만해도 손빨래 1도안하는데걱정없이 세탁기에 열심히 돌리고 있답니다.이외에도저희집은 그냥 네이쳐러브메레 로 통일해서세탁을 하는 편인데 성인 세제보다는 세척력은떨어질 수 있으나 옷감의 손상을 주는성분이 적기 때문에 고급 의류를세탁할 때 아주 좋다고하더라구요.속옷이나 피부가 예민하신 분들이사용하시기에도좋을 것 같다는 생각이드네요.그리고 저희집에는 개코가 3분이나 계셔서진짜 향잘못 골랐다 하면 바로이상하다고 컴플레인이 걸려오기 마련인데네이쳐러브메레 쓰고는한번도 잔소리들어본 적이 없답니다.나름 열심히 고르고 골라 사용하는데,그런소리 들으면 은근 김빠지더라구요.​무튼, 여러모로 정말 마음에들어서아마 꾸준히 사용하지 않을까 싶어요.지금 또 사이트에서 3+1으로 무료배송하는데가격이 너무 착해서 이런 것 만보면사고싶어서 마음이 간질간질하더라구요.​설렐곳이 없어서 이런데 다 설레나싶네요.순하며서 가성비까지 좋은유아섬유유연제 찾고 계신다면 꼭한번 사용해보세요.​아래에 링크함께 남겨둘게요.​7]
 
 
",15,7,1,216,26,1,393.8,22,revu,2021. 1. 26. 13:42,1995,455752,육아·결혼,"['저도 글 잘쓰고싶네요 ㅎㅎ', '홧팅:)', '저희집도 섬유유연제 대량으로 사둬도 금방 쓰는데 양도 크고 저렴하다니 여기서 사봐야겠어요 ㅋㅋ', '진짜 가성비갑!!', '유익한 포스팅 잘 보고 갑니다~점심은 맛있게 드셨나요?오늘 하루는 비가 주루주룩 와서 괜시리 기분이 울적하네요ㅎ퇴근길 조심하시고 오늘 하루 화이팅 입니다!', '감사합니다:(', '아이들 있음 더 신경써야하져 >ㅁ<ㅋ', '마자유 ㅠㅠ연약한 피부스', '혀니사랑맘님!!! 아무대로 빨래를 매일해서 가성비 좋은게 넘 좋은데!!이거는 유아 섬유유연제라니 그만큼 안심하고 써도 될 것 같아요-!!진짜 보통 이런 곳은 쿠팡이나 이런데가 잘 싼데 공식홈이 젤 싸다니!!!요거 겟 해야겠는데유? ㅎㅎㅎㅎ', 'ㅎㅎ그렇죠', '공감 누르고 가요~~', '감사합니다:(', '글보고 공감 누르고 갑니다 : )', '감사합니다:)', '공감누르고 갑니다^^', '감사용', '포스팅 정독하고 갑니다..\n앞으로도 좋은 내용 많이 공유해요:D', '감사합니다:)', '공감하고 갑니다 ^.~', '감사합니다', '글이 자연스럽게 잘 읽혀서 여러 개 읽고 갑니다 \n글 참 재미있고 이해 잘 가게 쓰시는거 같아요 ^^', '감사합니다^^', '글 잘보고 갑니다,, 혀니사랑맘님 ^^\n소통하고지내요~~', '감사합니다^^', '글 너무 잘 읽고 갑니다 요즘 밖에 나가질 못해서 블로그 순방중인데 한참 머물다 가요 :)', '네 감사해뇨']"
14,https://blog.naver.com/dmsql636?Redirect=Log&logNo=222082083885,"다들 즐거운 주말 보내셨나요?? 어짜피 나가지도 못하지만 주말 내내 날씨가 우중충해서 저는 영 별로더라구요. 그리고 오늘은 미용실에 염색하러갔는데 사람별로 없을 줄 알고 방문했다가 ㅠ_ㅠ 못받고 그대로 돌아왔답니다. 무튼 이번주말은 이래저래 되는게 없는 주 였던 것 같아요. 거기에다 내일은 출근시간에 맞춰 태풍까지온다니 너무 감사할 따름이네요.. 다들 피해없이 무탈하셨으면 좋겠네요.! ​#섬유유연제무튼 가을인데도 불구하고 이때까지 너무덥고 찝찝해서 빨래를해도 왠지 냄새가 나는 것 같고그렇더라구요. 특히나 신랑이랑 큰아들이개코라서 옷에 냄새가나면 좀 짜증을 내는 편 인데아무래도 사람을 대하면서 일을하다보니신경이 쓰여서 그렇다고하더라구요.그래서 일전에 사용하던 것보다 좀 더 좋은 향을찾아보다가 향도좋지만 아이들과 같이 사용할 수있는 섬유유연제 를 찾게되었어요.향도 홀리퓨리티, 인펀트 앤 토들러, 스톨른스타, 포레스트블레싱, 엔젤허그, 머메이드드림 이렇게 총 6가지나 되는데 그중에서 저는 부케타입의 매혹과 관능의 향이라는 머메이드드림을 선택했어요. 이게 한번 맡으면 약간 익숙한 향인 것 같으면서도 시간이 지나도 거부감없이 맡을 수 있어서 좋더라구요. 유아용은 인펀트 앤 토들러라고 따로 있지만 전체적으로 성분이 나쁘지 않은 것 같아서 아이들 옷에도 소량으로 섬유유연제 사용하고 있어요.이거 사용하고나서 부터 아들이""엄마 옷에서 좋은 냄새가나"" 라고이야기해주더라구요.참, 그리고 함께주는 계량컵은 버리지마시고 꼭같이 사용해보세요. 보통 저는 계량을 안하는데,요건 하는게 좀 더 편한 것 같더라구요.!그런데 사실 향을 좀 중점적으로 두는 제품들은 뭔가 자극적이거나 하나가 빠져도 빠진 것 같은 느낌이 들던데, 라온하제 는 고급향료를 사용해 오랫동안 지속적으로 풍부한 향을 공급해주는 동시에 안전등급 성분을 사용하였으며, 식물성 계면활성제 사용 및 꽃잎 추출 항알러지, 無유해성분, EQ 프리 제품이라고 하더라구요.사실 저도 EQ FREE는 처음 들어봤는데,대부분의 제품들이 야자성분의 EQ를 사용해유색인 경우가 많다고해요. 그런데 유색의 제품을 사용하다보면세제 입구 주변에 하얗게 그대로 남게되어위생적으로도 문제가 될 수 있고,표준사용량 보다 과하게 사용하다보면노즐이 막혀 세탁기 고장 위험까지 발생한다고해요.어쩐지 그래서 라온하제 는 투명색이더라구요.그냥 이뻐서 그런가 했는데, 다 이유가 있었네요.!뿐만아니라 까다로운 과정을 거쳐 친화적인 제품임을 인증 받는 비건 인증 제품이기도 하기 때문에 저는 아이들 세탁기에도 믿고 사용하고 있어요.!인위적인 향을 지치신분장마철 빨래 냄새 때문에 스트레스 받으시는깔끔한 얼룩제거를 원하시는분우리 아이를 위한 세제를 찾으시는주로 실내 건조를 하시는분집안 공기를 향으로 가득 매우고싶은평소 냄새에 민감한 분피부가 예민하고 민감한 등등분들에게 추천드리고싶은 제품이랍니다.그리고 기왕 사용하시는 것 말씀드렸듯 계량컵을 사용해서 표기된 양 만큼 사용하시는 것을 추천드리고 싶어요. 아무래도 고농축 섬유유연제 이기 때문에 다른 제품들 처럼 많이 사용하지 않고도 기분좋은 향을 느끼실 수 있으실거에요.​아래에 링크함께 남겨둘게요.​위 후기

 

 

제품/서비스로 진정성:

 

는 실제상품/서비스 외메 경제적 대가없이 열심히 활동

담마 작성하였습니다.
 
058
  수

0722
",11,4,2,325,7,0,393.8,11,,2020. 9. 6. 22:37,1995,455753,육아·결혼,"['향이 좋다니 관심이 가네요 ㅎㅎ섬유유연제는 향이 중요한 것 같더라구요 ㅎㅎ', '그툐??ㅎㅎ']"
15,https://blog.naver.com/dmsql636?Redirect=Log&logNo=221734818478,"저는 아이들을 어린이집, 유치원에 오래 맡겨두는 편이다보니 아이들 옷에 냄새가나거나 하면 되게 민감하게 느끼는 편인에요. 그리고 저희 첫째가 두드러기가 자주 올라오는 편이라서 옷소재나 세제 같은 건 아무거나 막쓰는건 엄두도안난답니다. 그래서 아직도 아이들껀 무조건 유아세제와 세탁기에 넣어서 빨래하고있어요. 이번에 다쓰고 새로 눈독 들이다가 발견한 순수달제품이에요.이제품은 그냥 통부터 어 나 깔끔해~이런 느낌이 들더라구요. 오히려 막 뭐 아무것도없는게 깨끗해보이는 요즘이네요.​이것 역시 성분을 꼼꼼히 안따져볼 수가 없겠죠?10가지 유해성분이 무첨가되었으며, 피부에 안전한 식물성원료를 사용!! ​향은 영국산 로즈향으로 은은하고 오래가는 제품이라고해요. 뿐만아니라 구김도 최소화 시켜주고 강력한 세정력과 찬물세탁도 OK라니 순수달만한 것도 없겠다 싶고 막 그렇죠?!유통기한도 넉넉하고 사이즈도 2500ml로 넉넉해서 너무 좋았어요. 작은 용량의 제품들은 자주사야해서 싫더라구요. 요런거 아주 칭찬해요~ 표준용량도 통에 작게 작성되어있으니 참고하시면 될 것 같아요. 저는 그냥 눈대중으로 부어넣는 편이에요. 세제도 함께 사용하면 더욱 좋다고하니 다음에 한번 같이 써봐야겠어요.저는 세제는 꼭 따로쓰는데 아기섬유유연제는 같이 써요. 두개사기 귀찮더라구요. 애들꺼 그냥 어른들꺼에 같이쓰구 있어요. 그게 더 좋더라구요. 시중 마트에파는 제품들은 너무 인조적인 향이 많이나는 것 같아서 싫더라구요. 오히려 애들께 더 은은해욤!!하나 빼먹을 뻔 했네요. 진짜 맘에 들었던 부분하나!! 구연산(식품첨가물)이 들어있는데, 섬유의 유연 효과를 높이며 오염물을 분해하고 잔류세제를 제거한다고해요. 저같은 경우에는 헹굼을 최대치로해서 하거든요. 항상 찝찝해서 ㅠ_ㅠ 그런데 순수달은 잔류세제를 제거한다고하니 아주 기특하죠?!저도 보통 계량은 안하는데 이게 워낙 대용량이다보니 그냥 쓱부으면 좀 많이 넣을 수가 있어서 저는 세제 뚜껑을 이용해서 넣고있어요. 안그랬다간 진짜 한통다 들이부을 기세로..;;일단 제일좋았던 대용량 2500ml라는 것 과 심플한 통, 성분이나 기능적인 부분에서는 뭐 말할 것 도없겟죠? 또하나 향이 인조적이지않은것이 아기섬유유연제로서 제일 좋았던 부분인 것 같아요. ​그리고 지금 사이트에서 할인을 정말 많이하고있더라구요. 무려 67%나 그러니 부담없는가격이라 온가족용으로 그냥 팍팍쓰셔도 진짜 좋을 것 같아요. 거기에다 무료배송이더라구요. 가격착해 성분착해~ㅇ3ㅇ   아직도 정착하지 못한 유목민이시라면 추천해드리고싶어요. 진짜 세탁실에 두통만 딱 있어도 세상 든든합니다. ​순수달 사이트링크 걸어둘게요.​6 비시튼조그레시 비서 잘 오보로 동볼울통나보보주
",10,0,2,270,12,0,394.0,10,,2019. 12. 12. 11:42,1995,455753,육아·결혼,"['아가도 쓸정도로 순하다니저도 눈이 가네요!일반 섬유유연제 썼다가 피부 일어나본적이 있어서ㅠㅠ', '아가꺼에용!!', '저도 아직 아이꺼 어른꺼 따로 쓰는데 귀찮은게 이만저만 아니더라구요 ㅠ저도 요고 함 사용해볼까나요?ㅋㅋ', '앜ㅋㅋㅋ유연제는 그냥 섞어쓰...는게편해유 ㅠㅍㅋㅋㅋ', '패키지도 너무 순~~해보입니다!! 피부가 예민한 아이들은 요 제품이 정말 딱이겠어요!!! 저도 사용하는 아이들 섬유유연제를 담엔 바꿔봐야겟네요~', '그쵸 ㅎㅎ', '오홍 순수달! 기억해놧다가 집에있는거 다 써갈때쯤구매해야겠어용ㅋㅋㅋㅋ', '괜찮쥬?']"
