,Post URL,Post,Image num,sticker num,gif num,Paragraph num,Comment num,Video num,weekly viewer mean,Sympathy num,AD,Posting Date,Buddy num,Total visit,Blog category,Comment detail
0,https://blog.naver.com/dnwls10045?Redirect=Log&logNo=222275665757,"​데일리백으로 가볍게 들고다닐만한 가방을 알아보던 중루이비통 데일리 파우치가 눈에 들어왔어요 !​​​색상은세서미 / 느와르 /로즈파우더이렇게 3가지 색상이 있구요저는 세서미와 느와르 중에서 고민을 했어요 :)​제품정보를 간단히 살펴보면​제품 사이즈는29.5cm x 21cm x 1cm(길이 x 높이 x 너비)입니다 ^^​​​제품 특징​V 큰 지퍼 포켓 1개V 내부 플랫 포켓 1개V 모노그램 코팅 캔버스 및 소가죽V 초극세사 섬유 안감V 유광 골드 마감 금속 디테일V 섬유제품 파우치V 소재: 캔버스, 천연가죽(소)​저는 신세계 본점에서 구입했구요주말에 갔더니 대기순번이 ..ㅠㅠ2시간 대기하고 겨우 들어갈 수 있었어요​​고급진 루이비통 쇼핑백을 들고 집으로 고고!빨리 가서 언박싱 해야되거든요 ~​​​쇼핑백에서 상자를 꺼내고 :)리본포장 마저 너무 마음에 들어요!​언박싱을 해볼까요 ??(두근두근)​​언박싱을 하면짜잔 !​​드디어 데일리 파우치 등장 !결국 저는 세서미 색상을 구매했어요 :)루이비통 컬러와 가장 잘 어울리는 색상인 것 같아요 ^^​​​너무 예쁘지 않나요 ??사이즈도 딱 손에 들고다니기 좋은 사이즈 같아요 ^^크지 않아서 가방에 넣어서 다녀도 될 것 같구요 !활용도 만점 ^.^​한 번 디테일하게 살펴볼까요 ?​전체적으로 컨디션도 좋고 크게 문제점도 발견되지 않았어요 :)살펴볼수록 만족스러운 제품이네요 :)안쪽에는 부들부들한 면? 스웨이드? 로 되어 있는데저는 이너백을 넣어서 사용할 예정이에요 !​제가 구입할 때도 인터넷은 품절이었는데신세계 본점 매장을 가보니 재고가 있어서 구입할 수 있었어요 ^^딱 2개 남았다고 해서 구경하고컨디션 좋은 친구로 데려왔네요 :)​​인터넷에 재고 없다고 포기하지 마시고매장 문의 해보시고 발품 팔아서 가보세요 :)저도 기분좋게 득템하고 왔네요 ^.^​​​​​​​​​#루이비통 #데일리파우치 #M64591 #세서미 #느와르 #로즈파우더 #모노그램 #샤넬 #프라다 #구찌 #발렌시아가 #디올 #클러치 #파우치 #손가방 #코디 #명품 #신세계 #롯데 #현대 #갤러리아 #백화점 #상품권 #생일선물 #여자친구 #커플 #기념일 #캐쥬얼 #20대 #30대 #40대 #선물추천 #생일선물 #화장품 #가방 #지갑 #스마트폰 #간단히 #집앞 #마실 #마실용 #산책용 #귀여운 #소가죽 #가죽 #레더 #천연 #이너백 #추천새매티06
00

(2
6
",11,10,0,238,12,1,26.2,34,,2021. 3. 15. 4:01,1855,169708,상품리뷰,"['', '깔끔ㅎㅏ니 이뿌네요^^!', '매우 좋은 제품이군요.', '델리백으로 좋은데요 굿굿  크기도 딱이네요', '포스팅 잘보았습니다너무 맛있어보이네용‼자주 소통해서 좋네요😆😆내일도 좋은하루보내시구요발도장 남기구갑니다❣❣', '파우치 너무 이뻐요 여기저기 휘뚜루마뚜루 잘 들고다닐 수있는 크기네요👏👏🤎🤎', '공감 꾸욱 누르고 갑니당!아침 저녁으로 쌀살 하기에 감기 조심하시구요 ^^월요일 인 오늘 편안한 하루 되세용♥', '오우 루이비똥!! 축하드려용 오늘도 좋은하루 보내셔요!! 저도 똥하나 사고싶네여 ㅠ', '오 >< 너무 예뻐요!!! 손에 착 감기는 크기 아닌가용! ㅎㅎㅎ', '포스팅 보고갑니다^^ 기분좋은 월요일 보내세요^^']"
1,https://blog.naver.com/dnwls10045?Redirect=Log&logNo=222250527673,"​​배달음식을 하도 시켜 먹었더니이제 뭘 먹어도 물리고 질려서음식을 해 먹기 시작했어요 :)​그 중 요즘 치킨을 대신해주고 있는 제품을추천하고 싶어서 포스팅합니다 !​제품은 금화 매콤텐더 이구요 !저는 800g 짜리 2봉씩 사서 냉동실에 넣고 먹고 있어요 ​​저는 800g 짜리 2개를 구매했습니다 !배송은 당연히 무료배송이죠 :)저도 인터넷 보다가 추천하길래 먹어봤는데너무 맛있어서 앞으로 당분간 계속 사 먹을 것 같아요 ​​​저는 주문을 해서 배송으로 받았고아이스팩과 스티로폼 박스로 포장되서꽁꽁 언 상태로 배송이 왔어요 :)​​금화 매콤텐더는국산 닭고기 안심살 53.5%가 함유 된 제품입니다 :)보관은 냉동보관 해주셔야 하구요 !유통기한은 약 8개월정도 되네요 :)​물론 저는 한 달 안에 다 먹을 것 같지만요 ㅎㅎ​​​조리방법은에어프라이어 조리시 냉동상태 그대로 제품을 넣어 180~190도에서예열한 후 약 10분 / 뒤집어서 약 5분간 조리해주면 완성됩니다 !​기름에 튀겨서 조리할 경우 170~180도 온도에서약 5~6분 조리해주면 된다고 합니다 :)​저는 에어프라이어를 이용해서 조리해봤습니다 !​​​에어프라이어를 사용할 때 추천하는 제품인데요 !에어프라이어용 종이호일을 깔고하면기름이 에어프라이어에 묻지 않아조리 후 치울 때 정말 간편하고 편합니다 :)​그냥 종이호일만 버려주면 되거든요 !제가 사용하는 종이호일은아래 제품입니다 :)​​​​에어프레이어 넣고 저는 성격이 급해서.. 200도로 올려서 조리했어요시간은 10분 돌린 후 뒤집어서 6분 더 돌렸습니다 :)​​돌린 후 나온 기름 보이시나요?에어프라이어 사용은 참 편한데쓰고나서 치우는게 힘들더라구요 ㅠㅠ근데 종이호일 쓰고 난 뒤로는 정말 간편하게 치우고 있어요 ㅎㅎ진짜 강추합니다 !! 필수에요 필수 !​​​완성 된 금화 매콤텐더 입니다 :)안심살이니까 좀 퍽퍽하겠지? 하고 먹었는데생각보다 퍽퍽함이 별로 없었어요맛은 짭쪼름하니 너무 맛있어요 진짜 ㅠㅠ​​​조금 짭짭할 느낌이 있어서밥이랑 먹으면 맛있을 것 같은데저는 밥 대신 아보카도랑 샐러드를 곁들여 먹었어요 :)​특히 아보카도랑 같이 먹으면진짜 맛있어요!​​​​짜잔!완성샷입니다 :)샐러드를 아래 깔아주고 아보카도와 딸기 그리고 오징어를곁들여 줬습니다 !​​​​텐더를 먹다가 짭조름하고 조금 느끼할 때 쯤딸기와 샐러드를 같이 먹어주면입 안이 상큼해지면서 다시 리셋이 되서 맛있게 많이 먹을 수 있어요 !​​요즘 제 최애 간식금화 매콤텐더 !​진짜 맛있으니까 꼭 드셔보세요 ^^​​​​​​​​​​​​파트너스 활동을 통해 일정액의 수수료를 제공받을 수 있음​​​​​​#치킨 #치킨텐더 #샐러드 #금화 #KFC #멕시카나 #교촌치킨 #페리카나 #처갓집 #BHC #호식이두마리치킨 #BBQ #자담치킨 #60계치킨 #G마켓 #옥션 #이베이 #티몬 #위메프 #쿠팡 #롯데온 #이마트 #롯데마트 #홈플러스 #코스트코 #냉동추천 #노브랜드 #냉동식품 #간편식 #에어프라이어 #튀김 #요리 #백파더 #간식추천 #방학 #겨울방학 #여름방학 #애들간식 #아동간식 #유치원 #코로나 #방콕 #집콕 #여행 #술안주 #딸기 #아보카도 #맛있는거 #아침뭐먹지 #점심뭐먹지 #저녁뭐먹지 #아무거나 #ㅎㅎㅎ 
새매티06
00

(2
=
@~)2

개
 
",17,8,0,318,37,0,26.2,70,text_ad,2021. 2. 20. 21:24,1855,169708,상품리뷰,"['우와 너무 맛있겠어용🥺❤️❤️', '네 ! 진짜 맛있어요 :) 요즘 푹 빠져있어요 !', '우와 샐러드까지 너무 맛있어보이네용 🤤', '그쵸 ! 꼭 한 번 드셔보세요 :) 너무 맛있어요 !', '샐러드위에 올리니깐 더 맛있어보이네요 ㅋ', '너무 맛있어요 :) 계속 해먹고 있네용', '샐러드로 해먹으면 더 건강하고 좋을 것 같아요 ㅎㅎ', '조합도 잘 어울려서 계속 먹는중이에요👍👍', '아보카도랑 곁들어서 먹으면 맛나다는 사실!알고 갑니다~ 오징어랑 어린잎 그리고 딸기까지맛이 없을 수가 없는 구성이네욧', '저도 읭? 했는데 의외로 잘 어울리더라구요!너무 맛있어요👍👍', '와 파는 음식 같은데요?>,<👍🏻👍🏻주문해봐야겠어용~~😍', '후회 없으실거에용ㅎ.ㅎ 진짜 맛있거든용👍👍', '다이어트를 하는대 치킨을 먹고 싶다면 아보카도랑 샐러드하고 샐러드랑 같이 먹으면 최고죠👍👍', '샐러드 먹으니까 다이어트식!😂😂', '샐러드가 같이 있으니 느끼하지 않고 더 맛있을듯해요', '샐러드가 텐더를 더 맛있게 먹을 수 있게밸런스 잡아주니까 너무 좋아용☺☺', '글 잘보고 갑니다!좋은 일만 가득 하세요  : )❤', '감사합니다 :) 주말 잘 보내세용', '샐러드와 함께 먹으면 정말 맛있을 것 같아요!!😋', '진짜 맛있어요 !👍👍 추천합니당!!', '와우 요새 이렇게 중소기업 식품도 참 잘나오는 것 같아요 정성스러운 차림에 감탄하규 가요 🤤', '그쵸! 대기업 못지않게 잘 나오는 것 같아요 :)', '포스팅 잘 보고 갑니다 잇님😊', '감사합니다 👍👍 주말 잘 보내세용 !', '베베님 이런 건강식 챙겨드시다니 넘 프레시할 것 같아요 맛있는 샐러드와함께 크으...🙊🤎', '맛도 있고 건강해지는 느낌까지 굿굿굿👍밤비님도 드셔보세용 :)', '베베님 인사드려요 (꾸벅)\n블로그 눈팅하다 우연히 ""치킨 대신 먹고있는 금화 치킨텐더 후기 ! 에어프라이어 조리법 정보 공유 :)"" 이 포스팅 보고 \n방문했는데재밌는 포스팅이 글이 많아 \n서로 이웃 신청 드려요 ㅎ', '감사합니다 :) 자주 소통해요!', '아닛 치킨텐더를 아보카도랑 먹을 생각을 하시다니?! 신박해요 완전 천재 ㅎㅎ 저두 이렇게 먹어봐야겠어요!', '의외로 잘 어울리는 조합이에용 ! 뫌크튜님도 드셔보세용👍👍', '저두 너무 간편해서 한번씩 해먹는데 너무 맛있죠😋😋', '포스팅 글 잘보고갑니다', '좋은정보 감사해여~~^^', '포스팅잘보고갑니다', '귀한인연들과함께여서감사한날오늘입니다.', '맛난 영양식이 되었네요~']"
2,https://blog.naver.com/dnwls10045?Redirect=Log&logNo=222283231292,"​​날씨가 많이 풀리고 이제 봄 날씨가 된 것 같아요 !곧 꽃들도 활~짝 필거고화사한 계절 봄을 느낄 수 있을 것 같은데요 !​그런데!!봄이 되면 꼭 같이 오는 ㅠㅠ미세먼지와 초미세먼지 !​​​으.. 정말 하늘이 ㅠㅠ언제부턴가 봄철이 되면 미세먼지도 같이 오면서우리들의 호흡기를 위협하고 있어요 ㅠㅠ​그래서인지요즘 공기청정기는 필수템이라고 해도 과언이 아닐텐데요 !​미세먼지 수치가 높은 날에는사실 창문 열고 환기시키기도 겁나잖아요 ㅠㅠ​그래서 오늘은포스팅 보는 분들이 좋은 공기청정기를 저렴하게 구입하시길바라면서 !​공기청정기 판매랭킹 ! 할인가격 ! 브랜드 ! 등등이모두 있는 정보를 공유할까합니다 !​이미지를 클릭하면 페이지로 연결되니놀라지 마세용 :)​​​​​사진을 클릭하신 뒤궁금한 상품을 클릭하시면상품의 상세정보와 실사용중인 기존 구매자분들의생생한 후기도 볼 수 있으니천천히 살펴보시고 나한테 어울리는 공기청정기 !꼭 득템하시길 바래요 ^^​나 그리고 우리 가족의 호흡기 건강을 위해 !이제 공기청정기는 필수라구요 !​​​​​​​​​​​​파트너스 활동을 통해 일정액의 수수료를 제공받을 수 있음​​​​​​​​​#미세먼지 #초미세먼지 #봄 #날씨 #오늘날씨 #수치 #공기청정기 #환기 #공기 #맑은공기 #샤오미 #미에어 #LG #LG전자 #퓨리케어 #에어레스트 #미로 #홈플래닛 #공기청정기판매순위 #삼성 #삼성전자 #블루스카이 #에어글 #프리미엄 #에어로사이드 #쿠쿠 #타워형 #위닉스 #제로X #미코 #미니 #유니맥스 #디코웰 #제니아 #롯데알미늄 #스마트 #마모스 #에코 #보아르 #휘겔리 #피부 #스킨 #보호 #호흡기질환 #감기 #기침 #가래 #아기 #아동 #가전 #백색가전 #신혼 #부모님 #효도 #선물 #집들이 #코로나 #확진자 #백신 #유치원 #초등 #고등 #중등 #대학생 #직장인 #마스크 #커플 #자취 #원룸 #빌라 #아파트 #오피스텔 #매매 #전세 #월세 #이동식-노에두
6“
며 베오
=노 @놀
새매티06
00

(2
 
 
",6,2,0,190,6,0,26.2,42,text_ad,2021. 3. 22. 2:58,1855,169708,상품리뷰,"['아마 이젠 모두 필수품일 겁니다.', '베베님 행복한 주말 보내셨나요?포스팅 잘보고 가요 이웃님 또 찾아 뵐께요 ^^', '요즘 미세먼지 때문에 어딜가도 공기청정기는 필수인 것 같아요!좋은 포스팅 잘 보고갑니다 오늘도 좋은하루 되세요~']"
3,https://blog.naver.com/dnwls10045?Redirect=Log&logNo=222246117003,"​삼성전자의 큐브 공기청정기를약 50만원대에 득템할 수 있는 기회가 왔습니다 :)​​​모델명은 AX47T9560OSD 제품이구요!​현재 네이버 최저가는?​​약 62만원이네요 :)​그럼 최저가보다 저렴하게 구입하는  방법 살펴볼까요?​​​사진 클릭하시면 상세페이지로 이동합니다 ^^현재 판매가는 약 66만원인데요 !​이 가격에 살거면 포스팅 안 하겠죠?​자 이제 카드할인 혜택에 주목!​​삼성 / KB국민 / 신한카드로 결제시최대 20% 할인이 가능합니다 !​그럼 할인적용가는 얼마일까요??​따로 쿠폰 받을 필요 없이결제창에서 할인혜택 카드사를 선택하면자동으로 약 13만원 할인이 적용됩니다 ^^​최종가는 529,720 원이네요 ^^​당연히 삼성전자 A/S 가능한 국내정품 제품이구요 !​​그럼 삼성의 큐브 공기 청정기AX47T9560OSD제품 살펴볼까요 ?​​한 번 상세페이지에서 구경해보시고곧 다가올 봄 !미세먼지와의 전쟁에서 승리하세요 :)​미세먼지 잘 대비해서 호흡기 질환 예방하자구요 :)​​​​​​​​​파트너스 활동을 통해 일정액의 수수료를 제공받을 수 있음​​​​​​​#삼성 #삼성전자 #큐브 #공기청정기 #미세먼지 #농도 #마스크 #코로나 #예방 #호흡기질환 #독감 #천식 #비염 #축농증 #콧물 #기침 #가래 #폐렴 #노인 #아기 #아동 #학생 #10대 #20대 #30대 #전자제품 #하이마트 #중국 #우한폐렴 #트럼프 #시진핑 #김정은 #북한 #서해 #서해안 #황해도 #연변 #조선족 #공장 #공업지대 #사막화 #그린뉴딜 #정책 #정부 #문재인 #대통령 #4대강 #봄 #봄비 #소나기 #세차 #백신​왜, 삼성 공기청정기를
선택해야 할까요?

걱정없는
필터시스템

사계절 직바람,
무풍청정

분리-결합이 자유로운
큐브 디자인

 

2
걱정 없는

필터 시스템

 

극세 필터                     숲필터

큰먼지 제거

  

사계절 직바람,

무풍청정

공기가 나뿔 때는 강한 풍량으로 공기를 빠르게 흠입해 청정한 공기
세 방향으로 강력하게 내보냄니다.
이후 실내 공기 청정도가 개선되면 무풍 모드로 자동 전환되죠.
잠잘 때는 물론, 사계절 내내 무풍큐브로

기를 유지할 수 있습니다.

 

|

본 11:
보
뚜
애

 

 

 

넓은 공간을 청정할 땐 두 개의 무풍큐브를 하나로!
방같이 작은 공간을 각각 청정하고 싶을 땐, 두 개로 분리하여 효율적으로 사용하세요.
꼭 필요한 버튼만 넣은 심플 컨트롤을 적용해 조작부는 더욱 깔끔해졌습니다.

 

자동 맞춤 스마트 모드

스마트 모드를 켜면 실내 청정도에 따라 알아서 풍량을 조절해 공기를 청정해주죠.
또 실내 밝기를 스스로 감지하는 조도 센서는 디스플레이 밝기를 자동 조절하여

눈부심을 방지해줍니다.

 

* 실내 밝기에 따라 자동으로 디스플레이 밝기 조정, 스마트싱스 앰을 통해 취침 모드 자동 진입

 

무풍큐브를 직접 켜고 끄러 갈 필요 없이 스마트폰 앰 스마트싱스만 켜주세요.
원격 제어부터 실내외 공기 상태 체크, 필터 구매까지 한 손으로 조작할 수 있습니다.
공기가 나쁜 날에 무풍큐브가 꺼져있어도 걱정하지 마세요.
인공지능 청정 기능이 있어 일정 주기마다 실내 공기 청정도를 자동 감지해 '나쁘' 이상이면
스마트폰 팝업 메시지로 공기 청정을 제안합니다.

 

 

 

 

96807            56002            96803           56804

무품큐브가작동하지않아도              공기질이나빠지면                어디서든알림을 확인하면             무풍큐브가실내공기를

공기질은계속감시해요. 무풍큐브가알아서스마트폰으로 스마트폰으로무풍큐브를     깨끗하게청정해줘요.
현재 공기질 상태를 알려줘요.          작동할수 있어요.

컬러-숫자로 표시되는
청정지수 디스플레이

 

가스 청정도를 4가지 색으로 알려주고 농도를 숫자로 표기해주어
공기 상태를 쉽게 파악할 수 있습니다.

매우나름

 

 

제품사양
기본 사양       모델코드                                     4×4719560050
사용 면적                                     47
운전능:                소비전력          35 \
에너지              없음
소비효율등급
사양                   제품크기           367×436×380 000
(가로×높이×
깊이)
제품 중량           12.219
제품 전원          2406
주요기능                                  디스플레이형태 청정지수 디스플레이
디자인                색상               피치 오렌지
버튼조작방식 소프트터치
프리필터            극세필터
공기 청정        집진필터      초미세청정 집진필터
필터                 숲 필터
스마트 기능            \타1 내장          있음
앰 연결                 '500201011005 있음
아고 기                 모바일 앰 지원
무풍                 있음
자동                 있음
취침                 있음
부가기능               센서                 레이저 0141.0 센서,
가스센서, 조도센서
청정도 표시     마41.0/2.5/10, 가스 청정도
잠금기능            있음
필터교체알림 있음
상품고지정보 제품명                                        공기청정기
제조자/수입자                              삼성전자주
제조국가                                     대한민국
(인증 필 유무                              54010349-17005,
8-0-566-41862004
동일모델의 출시년월                       2020년월
^/5 책임자와 전화번호                    삼성전자서비스센터 /
1588-3366
품질보증기준                              함-하자 등에 따른

소비자피해에 대해서는
소비자분쟁해결기준

(소비자기본법 제16조)에
따라 보상 가능

“@ 본 콘텐츠를 불법으로 도용했을 경우, 저작권법에 의한 민ㆍ형사상의 책임을 지게 되니 무단 전재와 복제를 금합니다.
새매티06
00

(2
새매티06
00

(2
새매티06
00

(2
",6,1,0,150,3,0,26.2,25,text_ad,2021. 2. 16. 23:41,1855,169708,상품리뷰,"['봄이오면 미세먼지 계절이 돌아오죠 ㅡㅠㅠ대비를 하긴해야겠어요', '네 슬슬 미세먼지 대비해야겠어요ㅠㅠ 제발 하늘이 맑은 봄이 되기를👍👍', '좋은 제품 정보 잘 읽어보고 갑니다:-)']"
