,Post URL,Post,Image num,sticker num,gif num,Paragraph num,Comment num,Video num,weekly viewer mean,Sympathy num,AD,Posting Date,Buddy num,Total visit,Blog category,Comment detail
0,https://blog.naver.com/doori1028?Redirect=Log&logNo=221772326291,"​​자기꺼 맞다고 철처히 검사 하는 중 이네요(품질부 우리집 둘째)​그림이 고양이에 하나씩 들고 갈수 있게 손잡이가 있어 어린이집 갈때 들고 가기 편할거 같아요​한팩에 30매가 들어있어요! L는!!!성장기에 맞춰서 구매 하시면 됩니다!가볍게 뜯어서 확인 해볼게요움직이기 많은 시기엔 허리 라인쪽 쪼임이 있으면 아이들이 힘들고 쉬가 잘 새거든요 울트라씬 듀얼핏 팬티 기저귀는쫙쫙 늘어나서 참 좋았어요그래서 쉬도 안세고 좋을거 같은거 있죠디팬딩 라인 팬티라 많은 소변에도 좋을거 같아요모양도 고양이 모양이라 아이들 에게귀여움을 줄수 있는거 같아요! ​이 디자인은 아이들에게EQ성장 발달 도움이 된다고 그래요(아기자기)피부에 압박도 안주고 부드라운 옆트임선!최고 같아요눕지 않고도 앉아서도 가볍게 입을수 있어요(우리집 미꾸라지도 피해갈수 없죠)​​물 많이 먹는 우리 딸에게도끝덕 없는 울트라씬 듀얼핏 팬티형 기저귀앞으로 장착 해야겠어요​​#나비잠기저귀 #기저귀추천 #아기기저귀추천 #육아용품추천#울트라씬듀얼핏 #마미다5기#기저귀 추천 # 팬티기저귀 추천 #울트라씬듀얼핏,​​ 
 
 
 
 
",13,3,1,108,0,0,1.4,4,suspect,2020. 1. 15. 9:43,503,120050,일상·생각,0
1,https://blog.naver.com/doori1028?Redirect=Log&logNo=221368945698,"저에게 다린이 동생 다정이가 태어 났다죠? 친환경소재, 북유럽 핀란드 기저귀 라고 그래서 한번 사용 해보려고요!!!앙증맞은 요즘 대세 무미캐릭터가 있는핀란드 무미기저귀랍니다.1단계 2kg~5kg까지!아직 얼마 안된 신생아한테 좋을거 같아요​2018년도 신제품 출시!!!!ㅎ우리딸을 위해 사용해볼게요남녀 구분 없이 사용할수 있어 너무 좋아요포장비닐 역시 친환경 소재의 생분해성 재질이라좋고! 선물 하기 좋게 손잡이로 되어 있어서너무 좋아요너무 귀여운 무미!!! 우리딸에게 착용 해볼까해요엄청 작고 그래서그런지 기저귀가 남고 그러는데 우리딸 한테 맞춘줄 알았어요!!!​앙증맞은 요즘 대세 무미캐릭터가 있는핀란드 무미기저귀가 대세!!!다 쓰고 나중에도 구매 해야겠어요​#무미기저귀 #친환경소재기저귀#북유럽필란드기저귀 
 
 
",9,2,0,73,3,0,1.4,6,,2018. 10. 1. 17:26,503,120050,일상·생각,"['잘봤습니다 ^^', '어머, 출산하셨네요??? 축하해용!!!^^ 오랜만에 들렀더니 둘째가 나왔군요. 다시한번 축하해요^^']"
