,Post URL,Post,Image num,sticker num,gif num,Paragraph num,Comment num,Video num,weekly viewer mean,Sympathy num,AD,Posting Date,Buddy num,Total visit,Blog category,Comment detail
0,https://blog.naver.com/duri1979?Redirect=Log&logNo=221545257485,"저는 diy미니어처하우스만들기에 관심이 없어요. 이런 만들기는 남편이 참 좋아하는 취미생활인데,아이엠미니에서 나온 diy미니어처하우스만들기 냥이하우스를 보고 이거 괜찮겠구나 했어요. ​​​미니어처나 피규어를 가지고역할놀이를 하면서 즐겁게 잘 노는 아이와 함께 만들고, 놀면아빠도 아이도 행복한 시간이 되겠구나하면서 신청!​​​​​사실 이런 만들기를 취미생활로하고 있는 것도 아니고관심이 없어서 잘 몰랐어요. 저 아기자기하고 귀여운 집을 직접 지어야한다는 것을요^^​​​제가 경험하게된 diy미니어처하우스만들기 중냥이하우스는 난이도도 낮고 집도 가벽형태이지만 지붕과 정원까지 있고, 복층형태의 집도 지을 수 있어서더 가지고 놀기 좋을 것 같고만드는 재미도 있을 것 같아요. ​​​아이엠미니에서 diy미니어처하우스만들기를 하면 좋은 점은한글설명서와 영상설명서가 제공돼요. ​한글설명서는 아이엠미니를 카카오친구로 등록하고 요청할 수 있는데, 판매페이지에서 구매를 할 때 한글설명서가 있는 제품인지 체크되어 있어요!​diy, 스스로 만들어야 하는 것이다보니,사진 설명서만으로는 이해가 잘 되지 않는 것은영상설명서의 도움을 받으면 되고요. 저는 의자나 벤치같은 경우그냥 그 모양대로 미니어처가 있는 건 줄 알았는데직접 붙이고 제작해야하더라고요. 그럴 때 영상설명서를 보면서 손쉽게 제작할 수 있겠죠. ​​​제가 제작시간이 6-12시간인 것을 간과했어요^^뚝딱뚝딱 만들면 끝날 줄 알았는데,하나하나 정성들여 만들면서만들기, 집중하기의 재미를 느끼는 취미생활로 좋은 diy미니어처하우스만들기더라고요. 시간과 관계없이 난이도는 낮아서 초보자가 접근하기 좋겠죠. ​LED전등도 있어서 밝히면정말 따뜻한 느낌이 들 것 같아요. ​​​동봉된 설명서는 한글설명서가 아니어서 필요하면 받아야겠지만,사진으로 상세하게 설명이 되어 있어서 만드는데큰 어려움은 없었어요. (남편께서...)​​미니어처 만들기에 관심은 가지만 어떤 도구가 필요한지 모르겠다고 생각하는초보자들을 위해 제품마다 다를 수는 있지만핀셋, 드라이버, 자, 가위 등을 제공해요. 저는 정말 단순하게 남편이 오랜만에 일찍 마치고,아이와 저녁 외식을 하고, 카페에서 시간을 보내면서 같이 만들라고 갔는데,이것은 여섯살의 천지도 모르는 아이와 같이 만들 수 있는 것은 아니었어요. 제작도구가 없는데 어쩌지 당황했는데패키지안에 포함되어 있어서 얼마나 다행이었는지 몰라요. 잔뜩 기대감을 갖고 있는 아이에게지금 만들지 못한다고 했으면 크게 실망했을거에요.​​​이 접착제도 생각보다 강력했어요. 단순히 물풀일까했는데,냥이하우스의 벽을 모두 튼튼하게 붙일 수 있었답니다. 그래서 아이엠미니의 미니어처만들기 패키지를 그대로 들고 이동해도 만들기가 가능해요.​​​미니어처만들기를 하다가누락부품이 생겼다면 카카오톡으로 문의를 하면 우체국 등기로 바로 배송해줘요. 저도 사진 속의 장식 부품이 4개여야 하는데3개만 있어서 문의를 해보았답니다. 편안하게 이야기해주셔서 다행이었어요. 보니까 위의 프린트 종이 하나하나를 포함해서모두 미니어처하우스만들기를 하는데필요한 재료였어요. 냥이하우스의 가격자체는 참 저렴한데,제작도구나 부속품은 다양하더라고요. 그래서 만드는 과정에서 불량부품이나 누락부품을 확인하게 될 수도 있는데 이런 제공서비스는 맘을 편하게 합니다. ​위의 부품 문의뿐만 아니라 제작과정에서 의문이 생기는 것도 바로바로 문의할 수 있어요. ​​카페에 쉬러 왔다가주문해놓은 커피를 마실겨를 없이 열심히 미니어처만들기를 하게된 주니부친ㅎ​​​아들은 아이스크림을 먹으면서아빠를 관리, 감독(?!!!)합니다ㅎㅎ제가 사진을 좀 찍겠다고 만들고 있는 도중에 건드리면, ""엄마, 아빠를 방해하지말아요!""​​​원래 미니어처나 피규어를 가지고 노는 걸 좋아하기도 하고, 최근에는 'Puppy dogs pals'에 빠져있기도 해서이 친구들이 지낼 집이 생긴다는 사실에엄청 기대감을 갖고 기다리고 있어요. ​​​냥이하우스여서 냥이미니어처는 기본포함이고요,지금은 사이트에서 구매를 하면 미니어처 스쿨걸을 무료증정해요. ​​벽지를 자르고, ​​풀칠을 하고, ​​벽지를 바르게 붙여줍니다. ​​벽하나가 완성되었어요!​​미니어처이다보니 핀셋을 이용해야 하는 경우도 생겨요. ​​인테리어에 어떤 디자인이 어울릴지 천도 갖다대어보고,​​설명서도 확인합니다. ​​냥이도 기다리고요 있어요!​​남편이 이 리본을 (길게) 반으로 잘라달라고 했는데,저는 그냥 싹뚝!그 뒤로 저는 제작에 배제...당했어요ㅎ​​바닥과 벽도 세우고, ​​창틀도 찾고요,​​커튼도 만들어요. ​​저의 방해아닌 방해에도 굴하지않고, 레이스가 달린 예쁜 창이 완성되었어요!​​냥이도 친구까지 초대해서맘에 든다고 말하는 것 같아요ㅎ​​​이젠 그네를 만들어볼까요?​​카페에서 후딱 만들고 들어갈 수 있는 모든 것이 피규어나 완성품으로 제공되는 것이 아니라,내가 하나하나 만들어가는 재미를 느낄 수 있는 미니어처하우스만들기였어요. ​​​그래서 아직 완성을 다하지는 못했지만, 냥이와 아이가 집이 어서 완성되기를 기다리고 있고,남편도 하나하나 만드는 재미에 푹 빠져있어서 곧 완성될 것 같아요^-^아이는 이미 처음 사진의 카달로그를 보고2층집을 또 만들고 싶다고하네요...(남편?!!!)​​​WWW.IAMMINI.CO.KR​​#diy미니어처하우스 #아이엠미니 #나심비 #취미생활#미니어처하우스 #선물추천 #미니어처하우스추천 ​​​ 이이

 
",51,0,0,490,6,1,563.8,17,text_ad,2019. 5. 24. 7:16,1128,2360670,,"['진짜 재미있겠어요^^', '안녕하세요~ 요즘은 저녁에도 이제 안쌀쌀한거같아요. 벌써 더위타면 안되는데 ㅎㅎ 큰일입니다. 블로그 포스팅 잘 보고가요~ 괜찮으시다면 이웃추가 부탁드려도 될까요?ㅎㅎ 감사합니다^^', '미야냠냠님 즐거운 금요일 입니다 ! \n오늘은 하루종일 먼지만 많았네용 ^^ \n\n한.건당 모.집 수익 최대 9O프로 주.는 곳 ! \n모.집걱정없이 부수익으로도 부.업성공할수있는 \n유일한 부.업 ! \n하는 방법만 알면 초.보라도 금방\n적응할수 있답니다 ^^\n집에서 육아하면서 편히.일.해 보셔요 ~  \n궁금하신 사항은 아래 링.크를 참고해 주세용 ! \n언제든지 물어봐주세용 ^^ \n기분 나쁘셨다면 죄송해요 ㅠㅠ \n오늘도 즐거운 하루되셔요 : ) \n\nhttps://www.instagram.com/shhlove486/', '완성되면 너무 이쁠꺼 같아요~만드는건 어렵지만 완성 후 만족감이 너무 좋아요', '가족들이랑 다 같이 하니까 의미가 있겠어요^^']"
1,https://blog.naver.com/duri1979?Redirect=Log&logNo=222297277390,"하루하루 일상이 모이는 자리@미야냠냠요즘 칼림바가 눈에 띄었다. 이건 뭔가했더니 악기!그땐 지나쳤는데,​​​티올리칼림바 Tiolli Kalimba가 아이에게 악기에 대한 관심을 불러일으키기 좋을 것 같다는 생각이 들었다.악기를 배우게 하고 싶은데...일곱살부터 꾸준히 푸쉬를 하고 있는데딱히 관심이 없어해서 고민이었거든.칼림바연주를 직접 들어보니소리의 울림이 맑고 깊더라. C키만 연주할 수 있다는 아쉬움은 있지만쉬운 동요부터 연주곡까지 다양하게연주할 수도 있고.​​​​​17음계 티올리카림바 Tiolli Kalimba로음악에 대한, 악기연주에 대한,흥미와 관심이 연결된다면 좋겠다.​​​​1. 티올리칼림바 악기 본체2. 전용파우치3. 음계스티커3. 키 스티커(그린+레드)4. 튜닝용망치5. 극세사 클리너6. 손톱보호용 골무7. 설명서8. 예쁜 컬러박스​​​​극세사 클리너가 오 필요하지 했더니카림바의 타인 Tines을 손으로 튕기면서 연주하다보니 지문이 묻더라. 깨끗깨끗하게 닦아주었다.​​​​https://youtu.be/m5sX6f6EGc0음계스티커가 포함되어 있지만이미 타인 Tines에 음계가 각인되어 있어서칼림바 초보가 첫연주를 하는데도 어려움이 없었다. 물론 처음이라 서투르니까 계속 연습해서한 곡을 완곡 연주해야지!​​​티올리칼림바 Tiolli Kalimba 사운드보드의앞면과 뒷면에 사운드홀이 있어서 영롱한 소리의 울림을 만들어주는가 보다. 연주하면서 뒷면의 사운드홀을오픈 혹은 클로즈 혹은 동글동글 비벼서소리를 변화시킬 수 있다고 한다. 연주연습을 하면서 한번 해봐야지...​​​​티올리칼림바는 카림바 사운드보드 안쪽에피노나치 황금비율에 따라 나누어진 구획으로황금비율 울림을 만들어낸다고 한다.피보나치 황금비율을 응용한 기술특허와 더불어중국에 다수의 악기관련 기술특허를 획득했다고 한다.​​​패키지 박스가 경쾌하고 예쁜데우리나라의 사계절이 표현되어 있다. 티올리칼림바가 한국의 사계절봄, 여름, 가을, 겨울을 콘셉트로 디자인됐다. ​​​​이건~봄인데 봄의 사랑스러움을 표현했나 보다.봄, 겨울 모델은 초/중급자용이고여름, 가을 모델은 고급자용이다.​​​​티올리카림바는 풍부한 울림이 특징인솔리드 마호가니 목재로 제작했다.티올리는 로렐뮤직에서 2020년 새롭게 출시한 프리미엄 브랜드이다. 한국과 중국의 연주자, 엔지니어, 디자이너가 함께 세운 회사이고 본사는 중국 광동성이라고 한다. 올해 한국 첫진출을 하는 Tiolli Kalimba.​​​​​17음계 칼림바에 대한 설명​​​​음계와 악기를 쥐는 방법.​​​​음계가 각인되어 있어서바로 알고 있는 곡을 연주해보았다. 소리가 꽤 울림이 괜찮다. 어떻게 연주하면 좋은지 더 잘 찾아봐야지. 아이에게도 가르쳐주려면.​​​​설명서를 보고도 연주 연습을 해 볼 수 있다. ​​​​#칼림바 #티올리칼림바 #칼림바추천 #칼림바후기 #Tiolli #Tiolli Kalimba#카림바 #칼림바입문​​ 
으
본 포스팅은,

업체로부터 제품만을 제공받아
직접 체험 후, 작성된 후기입니다.
으
본 포스팅은,

업체로부터 제품만을 제공받아
직접 체험 후, 작성된 후기입니다.
으
본 포스팅은,

업체로부터 제품만을 제공받아
직접 체험 후, 작성된 후기입니다.
",34,1,0,246,1,2,563.8,9,text_ad,2021. 4. 3. 17:58,1128,2360670,,[]
2,https://blog.naver.com/duri1979?Redirect=Log&logNo=222275821224,"하루하루 일상이 모이는 자리@미야냠냠유아미술놀이키트반짝반짝작은별오르골만들기DIY는 집콕놀이뿐만 아니라 다른 재료나 도구를 따로 준비하기 힘든아이와여행갔을 때 놀이로도 아주 좋아서 추천!​​예쁜 한지에 포장되어 있었떤헤세드아뜰리에 유아미술놀이키트반짝반짝작은별 오르골만들기DIY!캠핑오면서 챙겨오느라한지도 살짝 찢...박스도 살짝 구겨...실제로는 매우 예쁘게 배송되어 옵니다!!!​​​내가 들인 노력에 비해서 예쁜 눈사람 오르골만들기가 가능해서정말 만족스럽고 아이의 성취감도 꽤나 커진다. 눈사람을 꾸밀 수 있는모루나 반짝반짝 보석스티커가 꽤 넉넉하게 들어있어서아이가 꾸미는 재미도 한껏 느낄 수 있었다.​​​​유아미술놀이키트 박스를 열면요즘 흔한 밀키트보다 더 쉽게멋진 오르골만들기DIY를 할 수 있는재료 패키지가 짜~잔!집콕놀이는 물론이고정말 아이와여행놀이, 캠핑왔을 때 놀이로도 딱이다.​​​​유아미술놀이키트눈사람오르골만들기DIY는만드는 방법도 상세하게 제공된다.근데 중요한건...나랑 아이랑 저거 하나도 안보고 만들었다ㅎㅎ만들려고하는데 설명서를 어디에 뒀는지 모르겠는거다ㅠ근데 재밌고 즐겁게 만들 수 있었다는게 포인트!그래서 더욱 집콕놀이, 아이와여행놀이로 추천!​​​​​오르골 노래도 반짝반짝작은별눈사람도 반짝반짝 금눈사람!​​​​이 파스텔폼클레이는 처음 사용해본다. 클레이놀이는 자주했는데역시 엄마의 경험과 폭은 좁았네.​​​​반짝반짝 금색폼클레이이다. 옵션은 금색과 은색 가운데 선택가능.솔직히 만들때 금색반짝이를 보고이거 어쩌나 싶었다. 당연히 손에 다 묻으니까...뒤처리가 귀찮으면 안하고 싶은 것이 엄마마음ㅎ그래서 만들면서 금색,은색 말고그냥 단색폼클레이를 선택하는게 나은 거 아닐까?생각했다. ​​​​그렇다!금색반짝이니까손에 다 묻는다. 근데 물에도 잘 씻겨나간다.재미있는 말랑말랑 진득진득파스텔폼클레이 붙이기 놀이를 하고 나서 손만 잘 씻으면 된다. 반짝이도 의외로 손에서 잘 떨어지더라.​​​나의 고민은 이 금색반짝이가 계속해서 묻어나오면 어쩌지?하는 거였다. 역시나 경험과 폭이 좁은 나의 생각.이 파스텔클레이는 몸통에 붙여두고1시간 정도 지나면 굳는다고 되어 있었는데굳고 나니까 눈사람몸통, 오르골본체에찰싹 잘 달라붙어있고반짝이도 전혀 묻어나오지 않는다. 그래서 더욱더 만족만족 대만족!​​​​파스텔폼클레이와 오르골본체와 받침대본드, 폼폼이, 보석스티커, 모루눈사람몸통과 얼굴, 모자​​​​​오르골 본체와 받침대는설명서에 있는대로 둘을 겹하하면된다.이거 결합하는 거 동영상 찍으려고 했는데잠깐 고개돌리고 보니 아이가 꽂아놓았다ㅎ그만큼 쉽다는 거겠지?​​​​모루와 꾸미기 재료본드까지 준비되어 있다.​​​​유아놀이미술놀이키트여도 집에 있는 재료가 필요한 것이 있다.글루건과 가위!근데 집에 글루건이 없을 수도 있고아이가 하기에 뜨거운 것이 염려될 수도 있잖아.난 비록 오토캠핑이어서 전기가 되기는 하지만캠핑가서 텐트콕놀이로 할건데글루건 준비는 번거로웠다. 글루건까지 준비해야 한다면 텐트콕이 아닌 집콕놀이로 했을거다. 근데 제품 구매 옵션에 글루건 있음, 없음 선택이 있다. 글루건 없음을 선택하면눈사람의 모자+얼굴+몸통을 붙여서 보내준다. 이러니 아이와여행놀이로 딱이잖아!텐트에서든 호텔에서든 아이와 즐거운 시간을 보낼 수 있다. 완성품도 꽤 멋지기때문에 성취감은 덤!​​​​낮부터 하고 싶어했지만이제 따뜻하기도 하니해가 있는 낮에는 바깥놀이를 하자하고저녁을 먹고 유아미술놀이키트 오르골만들기를 했다. 그랬더니 마음이 급하고 즐겁다ㅎ먼저 얼굴을 꾸며줘야 한단다. ​​​​​파스텔폼클레이를 몸통에 붙이고 난 뒤에는눈사람 꾸며주기!​​​​본드를 딱 보더니 이거 풀이라면서꺼내서 붙이기도 잘한다ㅎ여덟살 나이 거저 먹은 것은 아닌가보다.​​​​여덟살은 일을 하는데 요령도 있다.본드를 접시에 짜놓고꾸미기 재료를 찍어서 붙이다ㅎㅎ​​​​꾸미기 재료가 많아서 한참을 붙이고 놀았다. ​​​​집중의 입모양까지!^^​​​​팔도 꽂고목도리도 둘러줬더니​​​​멋진 눈사람 오르골 완성!​​​​눈사람 오르골 뒤편에는스위치가 있어서ON하면 얼굴에 반짝반짝 불빛도 들어온다. 건전지도 이미 내장되어 있어서두번 손 댈 필요가 없네!​​​오르골이 뱅글뱅글 돌면서예쁜 음악 반짝반짝작은별을 들려주고눈사람얼굴은 반짝반짝 빛난다.​​​​아이가 꾸미기 재료를 붙일 때그냥 막막 붙이는 줄 알았더니앞뒤로 나름대로 의미가 있고오르골 본체에도 동그랗게 둘러주면서 붙였다.앞은 단추라면서 붙였다.​​​​만들고 하루가 지나서 폼클레이까지잘 굳고 나니까 멋진 작품이 하나 완성됐다. 젤 처음 폼클레이 반짝이를 보고반짝이 없는 폼클레이가 낫겠나하던 남편도만들어놓고 보니 반짝반짝하는 것이 더 예쁘단다^^​​​​https://smartstore.naver.com/chesed_ateleir/products/5355725771​​#유아미술놀이키트 #오르골만들기#집콕놀이 #유아미술놀이#유아만들기키트 #아이와집에서놀기#아이와여행놀이 #유아미술#미술키트 #놀이키트#오르골만들기 #오르골DIY#헤세드아뜰리에​​​​| 겨     이 리뷰는 실제 상품-서비스 외에 경제적 대가 없이
~             올바른 리뷰문화몰 만들기위해 작성된 리뷰입니다
",56,0,1,411,7,2,563.8,12,text_ad,2021. 3. 15. 10:24,1128,2360670,,"['여행 너무 가고 싶은데 아직은 힘들어서 랜선여행중이에요.', '안녕하세요 좋은 포스팅 잘보고 갑니다.^^\n재현향수 판매 1위 저희 공식 떼시스향수 도 놀러오시고 블로그 프로필에 있는 홈페이지를 확인해주세요 ^^ 꼭 서로이웃이 되었으면 합니다. 신청하고 갑니다 좋은하루보내세요 ^^', '미야냠냠님 오늘도 잘 읽고 가요~']"
3,https://blog.naver.com/duri1979?Redirect=Log&logNo=221309436245,"​일년도 훨씬 전에 쓴 글이고따라서 일년 넘게 이 우산을 사용했는데여전히 잘 쓰고 있어요. ​그래서 추가하는 글...ㅎ다만, 투명우산이니 비를 맞고 집에 오면펼쳐서 말리고 접는 것이 좋을 것 같아요. 저는 구매하고 석달쯤 되었을 때,아이를 차에서 픽업하고젖은채로 접어서 며칠 보관했었거든요. 그러고 다시 펼치려니 뭔가 비닐끼리 붙은 듯한 느낌으로쩌억~소리가 나면서 펼쳐집니다. 그리고...투명우산이...반투명우산...우윳빛 우산이 되었어요ㅋㅋㅋ그래서 재구매해야하나 고민했는데요.뭐 우윳빛 우산이지만 바깥이 보이기도 하고,조금 뻑뻑해졌지만 아이가 펴고접기 괜찮고해서되는데까지 써보자 했는데...처음의 저 투명함이 아쉬운 엄마맘 빼고는 너무 잘 쓰고 있어요. 계속 사용하다가 내년말쯤이나 초등 들어가면어른용 사이즈로 재구매해서 쭈욱 사용할까 합니다.​​​  주니는 우산이라는 것을 쓰기 시작하면서, 튼튼영어와 잉글리시 에그에서 사은품으로 주는 우산을 썼어요. 두 우산의 공통점은 #투명우산 이기 때문에 시야확보가 가능하다는 것이었지요. 그리고 두 우산 중에 주로 사용했던 것은 튼튼영어 우산이었어요. 왜냐하면 아이가 혼자서 우산을 펼치고 접고가 가능했거든요. 잉글리시에그 우산은 자동우산이었는데, 걸핏하면 진짜 자동으로 펼쳐져서ㅠ.ㅠ...실생활에 이용하기는 힘들었어요.​  그런데 사용하던 투명 우산이 좀 작은 감이 있고, 튼튼영어 우산을 엄마인 제가 잘못해서 우산대가 휘어져 버렸어요ㅠ.ㅠ 우산대가 약해서 다시 손으로 펴지기는 한데 내구성이 떨어지더라고요. 새 우산이 필요했지요. 그래서 좋아하는 캐릭터의 우산을 구매했어요. #유아우산 답게 #시야확보창 이 있다는 것으로요. ​  어린이가 접고 펴기는 쉬운 구조였어요. 아이들 우산에는 어른들 우산처럼 쇠로 된 걸쇠 장치(?)가 있으면 아이 손이 다칠 수 있어서 위의 사진처럼 그냥 잡아 당기면 접어지고 밀면 펴지는 구조여야 해요. 자동 우산은 잉글리시 에그 사은품 우산을 이용해보니 고장이라도 나면 별로이고 접을 때는 그 쇠로 된 걸쇠장치가 있어서 손이 다칠 수도 있겠더라고요. ​  그렇지만 그런 캐릭터 우산의 문제점은 시야확보창이 1-2개 뿐이라는 거에요. 다른 아이들은 어떤지 모르겠지만, 주니만 유별나서 그럴수도 있지만, 주니는 우산에 있는 시야확보창을 앞으로 해서 우산을 쓰지 않더라고요. ​​   우산을 이리저리 왔다갔다하기 일쑤이고요, 그래서 시야를 완벽하게 가리고요. 때때로 우산이 머리도 가리지 못하는 상황이 벌어지기도 해요. 주니가 너무 개구쟁이라서 그런걸까요?ㅠ.ㅠ 그러니 시야확보창도 무의미해지더라고요.​​  그래서 원래 사용하던 튼튼영어나 잉글리시에그 처럼 전체가 투명인 우산을 검색해봤어요. #토츠 우산이 나와서 이거 괜찮구나 했어요. 돔형태 우산이어서 바람이 좀 불어도 아이가 균형을 잡기위해서 애쓰지 않아도 되었고요. 아이가 우산을 왔다갔다 해도 머리만 다시 집어 넣으면 들고 다니기도 편해보였어요. ​ #토츠우산 은 직구를 하는 것이 가장 좋겠지만 어서 새 우산이 필요하기도 해서 검색해서 나오는 어느 블로그에서 구매대행했어요. 어른 우산도 같이 구매했는데, #아이우산 은 27,000원 정도 준 것 같아요.   주니도 새 우산을 보고 너무너무 좋아하고 마음에 들어했어요. 요즘 장마기간이라서 비가 자주 와서 우산 쓰기 좋은 계절 + 장화 신고 참방참방하기 좋은 시절이어서 주니는 행복합니다. 다만, 유치원에서 바깥놀이를 못하는 것은 또 슬픈 일이네요. ​  아이의 머리가 우산에 폭~들어오니까 비 맞을까봐 많이 염려하지 않아도 되고요. 우산을 이리저리 흔들면 ""주니야, 머리 우산에 넣어""하면 됩니다ㅎㅎ 토츠우산은 주니가 접고 펴기도 편하고, 우산대도 튼튼해요! 비닐 우산 가격이 왜이리 비싸! 할수도 있는데요, ​  위의 사은품으로 받았던 투명 비밀 우산들도 실사용기간은 거의 2년가까이 되고 제대로 많이 쓴 것도 1년이 넘는데 찢어지지 않았어요. 그리고 우산 비닐의 질은 토츠 우산이 훨씬 두꺼운 재질이에요. 찢어져도 어쩔 수 없지요, 뭐... 쓰고다니는 동안 전체가 투명이라서 전체적으로 시야가 확보되고 아이가 쓰고 다니기 편하다면요!​  어제는 새벽부터 부산에 비가 많이 내려서 침수지역으로 인한 교통통제도 있었어요. 그래서 바람막이 잠바를 입혔답니다. 주니가 지금 비옷을 새로 구매해야 하는데 적당한 것을 못찾았어요. 그럼에도 급하게 새 비옷을 사려고 하지 않는 것은 토츠 우산이 돔 형태여서 흩날리는 비도 어느정도 막아주기 때문이에요. ​  머리까지 폭 뒤집어 쓰면, 어른 우산이나 일반적인 형태의 우산처럼 바람 방향에 맞추어 뒤집어지지 않게 하려고 애를 쓰는 것이 줄어들어요. ​  단 커다란 캡슐처럼 돔이 크지는 않기 때문에, 뒤로 메고 있는 가방은 비가 맞는 것이 어쩔 수가 없더라고요. 이것도 사실 앞으로 메면 해결은 되는데 아직 어린 주니는 그것이 오히려 불편할까봐 그냥 내버려뒀어요. 그래서 토츠 우산의 사용기간이 4~8세로 되어 있나봐요. 주니는 102cm에 18kg인데 적당하게 잘 쓰고 있어요. 좀 큰 초등학생은 어른껄 쓰기에는 너무 클 것 같고 좀 애매해요. 5~7세는 확실히 잘 쓰고 다닐 수 있을 것 같아요. ​​  비가 내려도 투명해서 안심이에요. 토츠 우산은 디자인도 다양한데요, 국내에서 많이 판매하는 것은 주니 우산처럼 완전히 투명한 것과 도트무늬가 있는 우산이에요. 저는 검색하면서 보니까 도트우산이 알록달록해서 남자 아이가 여자 아이 것 같다고 안쓰겠다고 하는 경우가 좀 있대요ㅠㅠ 그런 글을 안읽었으면 도트무늬로 구매했을 거에요. 뭔가 그냥 #투명비닐우산 보다는 도트무늬라도 있는 것이 돈쓰는 보람도 있는 것 같았거든요ㅋ ​  어쩔수없이 투명우산을 구매했지만 주니가 자기 우산이라면서 좋아하고, 펴고 접기 편하고, 들고 다니기도 편하고, 뾰족한 데 없어서 안전하니 만족합니다. 우산 접고 똑딱이까지 잘 꽂고, 잘 떼요. 유치원 선생님께서 주니가 자기 우산을 너무 좋아하고 챙긴다고 하시네요ㅋㅋ​​#유아우산추천 #유아우산 #유아투명우산#토츠우산 #토스우산 #투명돔우산 #어린이우산추천 #어린이우산 #투명비닐우산 #totes우산 #장마우산​​​ 
",29,0,0,686,1,0,563.8,6,,2018. 6. 29. 18:37,1128,2360670,,['안녕하세요 ㅋㅋ라엘왁싱이예요!우리 서이추해요 ㅎㅎ']
4,https://blog.naver.com/duri1979?Redirect=Log&logNo=221575206796,"작지만 강하다는 말이 그대로 어울리는휴대용선풍기 추천 블루필 미니헤드 팬프로​​​​​여섯살 아이가 손에 쥐어도 과하지 않은 느낌의 휴대용선풍기 추천 블루필 미니헤드 팬프로에요. ​​바람세기도 4단계로 조절할 수 있고작고 가벼운데바람은 시원하기까지 한 제품이어서 만족해요.​​​아이도 신나게 뛰어놀다가 쉬면서 휴대용 선풍기 블루필 미니헤드 팬프로가 자기 것이라면서 바람을 쐬는데 귀여웠어요. ​​작지만 강한 바람이 가능한 이유 중의 하나가 순간적인 터보동작으로 초강풍이 가능해요!동영상으로 한번 찍어보았어요. ​​​​어느 순간부터 길가에서 흔하게 볼 수 있게된핸디형선풍기를 저도 작년에 가족 수대로 구입해서 잘 썼는데요.​​​같은 크기의 제품에 크기만 달리해서 구입했는데목에 거니까 아이가 걸고 다니기에는 무리가 있었어요. ​​​그리고 결정적으로 이런 핸디형선풍기가 전자파 발생이 심하고폭발할 수도 있다고 하는거에요. ​​​핸디형선풍기에서 나오는 전자파까지는 생각도 못했고폭발이라니! 덜컥 겁이나서 여름의 더위가 한풀 꺽인 뒤여서 냉큼 다 버렸어요. 그 제품이 잘못한 것은 아니었지만...​​​그치만 다시 더운 공기가 솔솔 올라오니 핸디형 선풍기처럼 간편한 것이 없는 거죠. ​​​그래서 열심히 검색해보니 이 제품은삼성 엔지니어 출신이 직접 개발한 선풍기라고 해요. 삼성전자 사내벤처 1위제품이라고 하는데 회사는 또 다르네요. 여튼 그러하기에 기술력도 믿을만한데중국OEM이 아닌 개발부터 제조, 생산까지 모두 국내에서이루어지는 Made in Korea!제품이어서 더 신뢰가 갔어요. ​​블루필은 배터리 안전 인증 및 전자파 안전 실험까지 진행하여 안전성에 중점을 둔 제품이었어요. 전자파는 물론 역기전력, 과충전, 과온, 과전압, 과전류, 단락, 과방전 등을 7가지 보호회로를 더해서  안심하고 사용할 수 있도록 했다고 합니다. ​​​작지만 강력한 바람으로 40km/h의 강풍을 느낄 수 있는 제품이에요. 또한 5시간 충전으로 1단 사용의 경우 24시간이 사용한데요, 급할 땐 30분 충전으로 3시간 사용이 가능해요!강풍도 세고 사용시간도 길어서 만족스러워요. ​​​저도 처음에는 지금까지 사용했던 제품에 비해서 너무 작은 편이어서 바람의 세기를 의심했지만, ​​지금은 가방 속에 쏙 넣어서 잘 들고 다니고 있어요. 아이도 좋아하고요. ​​스탠드가 있는 제품인데 이것도 또 의심했네요. 핸디형이지만 스탠드형으로도 사용할 수 있는 제품을 2개 정도 사용해봤는데바람이 세지면서 제품에 진동이 들어가니까 미니선풍기가 밀렸거든요. ​​​블루필 휴대용 선풍기는 거치대에 두고 작동시켜도 밀림이 없었어요. ​​스탠드형으로 사용하려고 할 때 밀림이 있어도 주된 목적이 손에 들고 다닐 때 사용하려고 하는 거니까상관없다 싶기도 하지만 ​​​그래도 캠핑을 왔거나 잠깐 앉은 자리에서 거치대에 놓고도 사용할 수 있으면 좋죠. ​​​가볍기도 하고 크기가 작아서 가방에서 크게 부피를 차지 않으니까 참 좋아요. ​​​분명히 가방안을 보면 별로 든 것이 없는데왜 이렇게 무겁지 할 때가 있는데대용량의 보조배터리가 들어있을 때가 있거든요. ​​​USB마이크로 5핀 케이블로 자유롭게 충전할 수 있어서 또한 편해요. ​​​​​​​​https://smartstore.naver.com/bluefeelcorp/products/4417334925지금3+1행사가 진행중이에요!​​​​#블루필 #블루필선풍기 #휴대용선풍기 #미니헤드팬프로 #삼성전자 #사내벤처 #프리미엄 #미니선풍기 #핸디선풍기 #휴대용선풍기추천 #미니선풍기추천 #핸디선풍기추천#여행용선풍기 #강력한휴대용선풍기 #미니선풍기추천 ​​​",38,0,0,350,1,1,563.8,5,,2019. 7. 1. 19:25,1128,2360670,,[]
5,https://blog.naver.com/duri1979?Redirect=Log&logNo=221580946845,"​하루하루 일상이 모이는 자리 ⓒ미야냠냠​​​​​무선 연결을 지원하지 않는 기기도 AUX커넥터가 있기 때문에 유선연결이 가능해요. ​특히 이 연결고리는 알루미늄에로메탈소재로가볍고 부식되지 않는다고 해요. ​​​블루투스스피커 추천 덤비는한개의 블루투스 모드가 아니라 3개의 모드(BDR/EDR/BLE)로 안정되게 연결되며최신버전의 블루투스 V4.2를 사용해서 작은음 하나도 놓치지 않으려는 기술력을 가지고 있다고 해요. ​​​제품을 전체적으로 살펴보고 선명한 음향을직접 들어보며 촬영해보았어요. 비록 아이와 함께하는 시간이어서 만화주제가인 것이 아쉽기는 하지만요^^​​​대부분의 블루투스스피커가 생활방수는 지원하는데요.이번에 추천하는 덤비는 IPX7의 완벽방수를 지원해서 비오는 날 바깥은 물론,물속 모든곳에서 사용가능해요. IPX7레벨은 1M 수심에서 30분 이상 사용가능하다고 하네요!얼마전에 풀빌라펜션에 갔을 때 생활방수가 지원되는 블루투스스피커를 사용했는데요. 조금은 물이 들어가지 않을까 두근두근했는데,앞으로는 그런 걱정을 안해도 되겠어요!​​​앞면과 뒷면이 그물형 덮개 디자인으로 되어 있어서먼지로부터 안전하고 긁힘 현상도 피할 수 있도록 설계되었다고 합니다. ​​​미끄럼방지패드가 있어서 쉽게 미끄러지거나 떨어지지 않는 편의성도 갖추고 있어요. ​​​하루하루 일상이 모이는 자리 ⓒ미야냠냠연결고리가 있기 때문에 이렇게 스피커를 걸어두고 사용할 수 있어요. ​​알루미늄 연결고리를 사용하지 않고도 잘 매달려 있었어요. ​​​왼쪽의 'M'버튼은 전원버튼인데오른쪽의 동그란 버튼은???!​​​바로 완전방수기능과 더불어서 덤비를 캠핑스피커로 꼭 챙겨야겠다고 다짐하게 된모기퇴치버튼이에요!​​​블루투스 기능을 사용하지 않아도 별도로 실행이 가능한 것이 매력적이었어요. 초록색 램프가 켜지면 모기퇴치기능 작동 중이고파란색 램프는 전원을 켠 상태에요. ​​​전원과 상관없이 작동하는 편리성과아직 모기퇴치기능이 어느정도로 우수한지 테스트해보지는 못했지만숲속, 자연휴양림 캠핑에는 모기퇴치기나 기피제는 많이 챙길수록 좋지 않을까요?​​캠핑을 하면서 즐거운 시간을 보내면서​​​배경으로 흥을 돋구어주는 음악도 듣고(다른 사람에게 피해를 주면 안되겠고요!)​​​그러는 중에 겸사겸사 모기도 퇴치할 수 있다며일거양득일 것 같은데요!​​​그리고 실행은 해보지 못했지만하나의 기기에 덤비 2대를 연결할 수 있다고 해요. ​​이 가격에 2개의 스피커를 확장하여 사용할 수 있는 것은 정말 매력적이고 가성비 넘치는 일이 아닐까 싶어요. ​​​야외의 넓은 공간에서는 블루투스스피커의 음역대가 좀 부족하다고 느껴질 때가 있어요. ​​​지난번 현충일 우중캠핑 때에도 스크린 빔으로 영화를 보는데,​​​빗소리가 거세니까 영화소리가 묻혀서 잘 안들리더라고요. 자막이 있는 외국영화였으면 나았을텐데한국영화여서 다같이 보는 즐거움은 있었지만 불편함이 있었어요.  ​​​그래서 캠핑스피커를 다시 사야겠다고 생각했는데이번에 사용해본 덤비는 캠핑스피커로 꽤 괜찮네요!이미 일상 속에서도 잘 사용하고 있고요. 화장실에서 샤워중에도 물이 튈 걱정없이맘편하게 음악을 들을 수 있어서 좋아요. ​​​감각적이고 깔금한 디자인이어서 어디가서 내놓아도 시선을 끄는 제품이고사용자 편의를 많이 고려한 것이 사용하면서 계속 보여요.​​​하루하루 일상이 모이는 자리 ⓒ미야냠냠​​​​​​https://youtu.be/3g-xz8J1JC0​​http://dumbee.co.kr​​#블루투스스피커추천 #덤비#블루투스스피커 #완전방수#완전방수블루투스스피커 #모기퇴치기​​​​",42,0,0,312,1,1,563.8,7,text_ad,2019. 7. 8. 23:58,1128,2360670,,[]
6,https://blog.naver.com/duri1979?Redirect=Log&logNo=221569891716,"하루하루 일상이 모이는 자리 ⓒ미야냠냠에이투 제품은 무선블루투스 이어폰 등을 사용하면서품질과 가성비까지 좋은 제품으로 좋아해요.이번에는 보조배터리 기능까지 하는 휴대용 무선블루투스스피커 추천 에이투 AT311을 사용해보게 되었어요. ​​​휴대용 무선블루투스스피커가 없는 것은 아니지만보조배터리 기능까지 하는 휴대용 무선블루투스스피커 추천 에이투 AT311은좀 더 풍부한 음향을 기대할 수 있었고, ​​​하루하루 일상이 모이는 자리 ⓒ미야냠냠큰배터리 용량에 보조배터리기능까지 한다고 하니여행이나 캠핑을 갈 때 좋겠다 싶었어요. ​​​​거기에 NFC기능까지!!!노트9와 갤럭시탭을 사용하는 남편이 더 좋아하더라고요. ​​​보조배터리 기능까지 하는 휴대용 무선블루투스스피커 추천 에이투 AT311의 비닐까지 휘리릭 걷어내면,​​​깔끔하고 군더더기 없는 디자인을 만날 수 있어요. 휴대용 무선블루투스스피커치고는 크기가 있는 편인데,저는 풍부한 음향과 보조배터리로써의기능에 주목했어요. ​​​​블루투스스피커는 여러기능들이 있어도 음향이 좋아야죠?!​​​사실 크기도 요즘 워낙 작은 제품들이 많아서 커보이는 거죠. 500g의 가벼운 무게는 큰 장점이에요. ​​​휴대용 무선블루투스스피커이지만블루투스 기능을 지원하지 않는 기기와도 연결할 수 있는유선 AUX기능이 있어서 편리성을 더했어요. ​​​​​MIC 마이크가 있기 때문에 핸즈프리 통화도 가능해요. 마이크가 없는 휴대용 무선블루투스스피커를스마트폰과 연결해서 듣다가갑자기 전화가 오면 허겁지겁 스피커모드를 바꿔야하는 경우가 있죠. ​​​​NFC연결남편이 제품을 보더니 NFC연결이 된다면서 좋아하던데저는 ""그게 뭔데?""했죠ㅎ스마트폰의 NFC기능을 실행하고 휴대용 무선블루투스스피커 AT311과 접촉만 하면 자동을 연결이 된다고 해요!​​​블루투스 기능이 없어도 연결되기에더욱 사용빈도가 높아지겠죠?​​​LINE IN에 연결하여,  음악을 들을 수 있어요^^​​블루투스 4.1버전이 적용되어서 반응속도가 빨라지고 전송거리가 넓어졌는데요,자동페어링이 되는  블루투스 연결은 기본에기기에 상관없이 연결하여 음악을 들을 수 있어요.​​​5,200mAh 대용량배터리로 보조배터리 기능까지 하지만,AT311도 충전이 필요하죠.  ​​​USB 5핀 충전 케이블을 통해 편하게 충전을 할 수 있어요. ​​​충전을 하면서 음악감상도 물론 가능하고요. ​​​직사각형인데 본체의 스피커부분이 곡면을 이루어 보면볼수록 깔끔한 디자인의 제품이어서 만족해요. ​​생활방수 기능물놀이 하는 아이들의 흥을 돋구어주는 동요와 애니메이션주제가를 들려주었어요. ​​​아이들이 물총놀이를 해도 기본적인 생활방수 기능이 있어서 가까이에 스피커를 두었는데도 괜찮았어요. ​​집안 곳곳에서, 공원이나 캠핑장에서 저는 잘 사용하고 있어요. 차량안에서도 아이에게 노래나 만화를 들려주는데차량스피커로 연결하면 고속도로 등에 나갔을 때,소음으로 잘 들리지 않더라고요. 그럴때 뒷자리 앉은 아이 좌석 옆에 블루투스스피커를 두고 들려주면아이가 더 신나게 잘 들으며 드라이빙을 즐겨요. ​​​​​​​​​​​​https://smartstore.naver.com/atwofarm/products/334320812​​#무선블루투스스피커 #휴대용블루투스스피커 #블루투스스피커#가성비좋은블루투스스피커 #에이투AT311 #보조배터리#Canon_EOS_5D_Mark3​​​ ",38,0,0,282,2,1,563.8,3,text_ad,2019. 6. 24. 23:24,1128,2360670,,[]
7,https://blog.naver.com/duri1979?Redirect=Log&logNo=221532344711,"블루투스 스피커 추천 에이투 AT9흔한 뽁뽁이샷.​​에이투 제품은 블루투스이어폰을 사용하면서신뢰하고 좋아하기에아무 고민없이 냉큼 신청!​​​동그란 뭔가 접시같은 느낌의블루투스스피커 추천하는 에이투 AT9​​색상은 블랙 or 레드저는 블랙색상을 받았는데 깔끔해서 좋네요!​​​​비록 애니메이션이지만 블루투스 스피커 에이투 AT9의 음향을 느껴보세요. ​​4만원대의 가성비 좋은 블루투스 스피커로 추천하기 손색없는 스펙이죠. 특히 ​블루투스4.2가 지원되는 것무지향성, 연속사용시간, 생활방수지원 등이 눈에 띄어요. ​​​블루투스 스피커 에이투 AT9를 사용전에 충전하고 사용한지 8일째인데 아직까지 다시 충전을 하지 않고 있어요. ​​​부지런하게 늘 충전한다면 좋겠지만그럴 수 없는 상황도 있는데 20시간 연속 사용은 굉장히 매력적이에요. 대용량의 배터리이지만 무게도 무겁지 않고요. ​​제품을 받기전부터 '무지향성'이 무슨 말이지 궁금했는데패키지를 열고 나서 아! 했어요. ​보관주머니가 함께 있어서 가방에 쏙 넣어다니기에도 좋아요. USB충전케이블과 더불어 유선연결케이블이 함께 들어있어요. ​​​360도 무지향성 전 방향 입체음향 시스템으로어느 방향에서나 똑같은 사운드를 즐길 수 있는 것은 휴대용 무선 스피커가 가질 수 있는 큰 매력이라고 생각해요. ​​​​바닥을 뒤집으면 알뜰하게 기능을 사용할 수 있는 조절버튼이 있어요. ​또한 미끄럼방지 재질이 되어 있어서 어디에 놓고 사용해도 잘 미끄러지지 않아요. ​​전원버튼을 한번 누르면 전원이 켜지고LED램프도 켜져요. 전원버튼을 한번 더 꾹~누르면전원은 그대로 켜져있고LED램프만 끌 수 있어요. ​스피커 내부에 마이크가 탑재되어 있어서전화가 왔을 때에도 편리하게 통화할 수 있고요. ​​제품 하단부의 음량조절 버튼도 확인가능한데,음량조절을 하기위해서 매번 제품을 뒤집어야 한다면 불편할 수 있겠죠. ​​곡면 디자인과 직관적인 그림 표시로 제품을 뒤집지 않아도 하단부의 음량조절버튼 등을 알 수 있고, ​영상처럼 스피커를 뒤집지 않아도스피커 윗면을 눌러서 쉽게 음량조절버튼 등을 사용할 수 있어요. ​​또한 단순히 블루투스 기능 연결 뿐만 아니라 AUX 유선연결은 물론Micro SD/TF카드도 사용할 수 있어서 좋아요. 좋아하는 노래를 저장해서 바로 재생할 수 있네요. ​​블루투스 스피커 추천 에이투 AT9를 뒤집어보니 블루 LED램프가 반짝반짝거려서 음악을 듣는 흥겨움을 더합니다. ​​사용이 쉬운 인터페이스를 갖추어서처음에 등록을 해주면 전원을 켤 때 자동으로 연결이 됩니다. ​​아이에게 패드로 만화를 보여주거나 음악을 들려줄 때가 있는데아직은 이어폰을 끼기에는 조심스럽고, 그렇다고 패드를 아이와 거리를 둔 채 소리를 키우기에는 주위에 민폐가 되는 상황이 되는데,이럴 때 블루투스 스피커 에이투 AT9가 있으면 화면을 아이와 멀리, 스피커는 가까이해서 아이에게 들릴 정도로 해주면 좋아요. ​​​또한 생활방수 기능이 적용되어 있어서 직접적으로 액체를 뿌리거나 담그는 것이 아닌 한 자유롭게 사용할 수 있어서 좋았어요. 사용하다가 스피커 위쪽에 물을 떨어뜨린 적이 두어번 있는데얼른 쓱~닦아내고 잘 사용 중입니다. ​​​https://smartstore.naver.com/atwofarm/products/3502506042​​https://blog.naver.com/atwointer​#블루투스스피커추천 #에이투AT9 #휴대용무선스피커#휴대용블루투스스피커 #가성비좋은블루투스스피커#에이투블루수트스피커 #블루투스스피커​​",26,0,0,332,1,2,563.8,2,text_ad,2019. 5. 8. 13:17,1128,2360670,,[]
8,https://blog.naver.com/duri1979?Redirect=Log&logNo=221730871227,"​​​하루하루 일상이 모이는 자리 ⓒ미야냠냠자동차 방향제로 여러제품을 사용해봤는데멜로우의 150ml 디퓨저를 크기만 40ml로 축소한 차량용 디퓨저라니!사용안해볼 이유가 없잖아.​​​내가 선택한 향은 클린코튼인데,시향이 2개 같이 왔다. ​​​오! 프레쉬가든도 괜찮은데?난 상큼하고 산뜻한 향이 좋은데클린코튼도 좋고프레쉬가든도 좋네. 블랙체리는 그 달큰한 체리향이 나는데방향제로 체리향을 좋아하지 않는개인취향이어서 그렇지, 킁킁 시향을 맡으면서도 음, 진짜 뭔가 이물질이 섞이지 않은체리향이다라고 생각했다. ​​​포장패키지도 흰색으로 깔끔하다. 나뭇잎 모양의 장식이 인상적이고향기를 내뿜는 우드볼 스틱과도 잘 어울린다. 그래서 포장패키지부터 내용물도 그렇고향기까지 좋아서 새차선물로 주기에도 괜찮겠다:)​​​​박스를 열면 제품의 구성품이서로 부딪히지 않도록센스있게 들어있다. ​​​​​구성품의 논슬립패드는 끈적이는 스티커가 아닌실리콘 논슬립패드여서 끈적임없이 탈부착이 가능하다. 그래서 간단하게 차량의 대시보드위에 용기를 올리면 된다. 집에서 용기에 용액을 담아서차에 타면서 대시보드에 차량용디퓨저를 올리니까 아이가 한마디 한다. ​​​​여섯살 아이 눈에도 예쁜 건 말해주지 않아도예쁘다고 느껴지는 거네!​​​지금 사용설명서를 읽어보니 저 동영상찍으면서 꾹 누르지 않았었네ㅎ​​​멜로우의 디퓨저는 식물성에탄올(발효주정)만 사용하고최고급향료를 최대 40%포함한다고 한다. ​​​나 정말 용기에 용액을 담으면서 흘렸다...ㅎ;;;그러니 차에서 용액을 옮겨담지 않는 걸로!고무마개 뺄 때 힘을 주어야한다. 생각해보면 고무마개만 훌렁~잘 빠지면 안되는 거였다!​​​​향이 정말 다양해서 고민이 됐다. ​​​01 자몽 (향 강도 ★★★ ) 갓 수확한 자몽을 바로 짜낸듯한 달콤하고 상큼한 향02 가든파티 (향 강도  ★★★)향긋한 꽃 향과 산뜻한 풀 향이 조화로운 꽃집 향03 블랙체리 (향 강도  ★★★)블랙체리 특유의 달달하고 상큼한 향04 매화 (향 강도  ★★★)한번 맡으면 쉽게 잊을 수 없는 달콤하고 향긋한 꽃 향​​​​05 클린코튼 (향 강도  ★★★)세탁한 빨래를 햇볕에 잘 말린듯한 깨끗하고 포근한 향06 유자 (향 강도  ★★)유자 그 자체의 상큼하고 달콤한 향07 일랑일랑 (향 강도  ★★)꽃 중의 꽃이라는 의미를 가진만큼 따뜻하고 달콤함이 짙은 향08 에이프릴 (향 강도  ★★)봄꽃의 향기 같은 따뜻한 꽃 향과 섬유의 포근한 향09 그린티 버거못 (향 강도  ★)상큼한 베르가못과 시원한 그린티 향기가 잘 어우러진 고급스런 향​​​10 프레쉬 가든 (향 강도  ★)싱그러운 무화과 앞에 상큼한 시트러스 향이 추가 된 사랑스런 향11 그린허브 (향 강도  ★)깨끗한 허브의 산뜻하고 시원한 그린계열의 향12 화이트자스민&민트 (향 강도  ★★)관능적인 자스민 향에 상쾌한 민트향이 더해진 매력적인 향13 러블리쥬시 (향 강도  ★★)우아한 꽃 향에 달콤한 캐러멜, 상큼한 산딸기향이 더해진 여성스러운 향​​​​대시보드 위에 올려두니 용기자체가 예뻐서시각적인 효과도 있어서 기분이 좋았지만가죽으로 된 대시보드에는 사용을 자제하라는 주의사항이 있어서곧 용기는 컵홀더에 올려두었다. 왜냐하면 뜨거운 햇살이나 히터사용 등으로대시보드가 뜨거워져서 실리콘 논슬립패드의 흔적이 남을 수 있기 때문이다. ​​​​​​https://smartstore.naver.com/melloww/products/3540340713​#차량용디퓨저추천 #차량용디퓨저#자동차방향제 #새차선물#멜로우차량용퓨어디퓨져​​",35,0,0,347,4,2,563.8,18,revu,2019. 12. 8. 19:02,1128,2360670,,"['미야냠냠님,게시글 잘 봤어요 ^^']"
9,https://blog.naver.com/duri1979?Redirect=Log&logNo=221425853778,"  꼼꼼하게 포장되어 온 차량용방향제 게스피아 디퓨저​  차량용 방향제 게스피아 디퓨저는 향기의 고장 영국 및 프랑스의 전문 조향사들이 만든 프리미엄향이고, 직수입한 CPL Fregrancs 오일만 사용한다고 해요. ​​​   정제수와 보류제를 희석하지 않고 향료를 최대 30% 포함했다고 합니다.​  천연곡물(쌀, 보리, 고구마 등)에서 추출한 주류, 식음료, 화장품 등에도 첨가되는 순한발효주정(식물성)만을 사용한다고 하니 안정성에도 염려하지 않아도 되겠지요. ​​   디퓨저 원액을 용기에 따른 후, 스틱을 넣어 향을 즐기는 것은 여느 디퓨저와 다르지 않아요. ​  저는 피톤치드향으로 선택했어요. 근데 디퓨저를 운행중인 차량에 놓을 수 있을까요?    이렇게 차량위에 디퓨저를 놓을 수 있는 실리콘받침대가 있어요. ​​  접착제로 접착하는 것이 아니어서 차량용방향제 게스피아디퓨저의 위치를 바꾸고자하거나 사용을 다해서 원액을 보충하려고 할 때 편리하겠죠. ​​  그렇지만 덜컹거리는 차안에서 안전할까?​​  튕겨나가는 것은 아닐까 염려될 수도 있을 것 같아요. ​  쇼핑몰지하주차장에서 지상으로 올라올때까지 촬영해보았는데 전혀 흔들림이 느껴지지 않았어요. 차안에서도 고급스런 향료의 디퓨저 방향제를 즐길 수 있어요. ​​  비가 촉촉히 내리는 날에도 향긋함이 가득한 차안에서 (거짓말 좀 보태서) 숲속에 온 듯한 느낌을 가져볼 수 있어요^^​​  상쾌하고 깔끔한 향기 덕분에 기분도 좋아진다고 하는 남편은, ​  원래 있던 용기에도 게스피아의 피톤치드 원액을 넣어서 향기를 즐기고 있어요. 꽤 맘에 들어하네요!​​https://smartstore.naver.com/dit-korea/products/3798446393​6 비시튼조그레시 비서 잘 오보로 동볼울통나보보주
",16,0,0,191,1,1,563.8,1,,2018. 12. 24. 7:27,1128,2360670,,[]
10,https://blog.naver.com/duri1979?Redirect=Log&logNo=222393276963,"하루하루 일상이 모이는 자리@미야냠냠뉴즐 로고지퍼 아이패드파우치를 사용하고내가 하게 된 생각은난 지금까지 무엇을 써왔던 것인가!​​​아이패드파우치 뉴즐 NEWZZLE은모던하고 유니크한 디자인 브랜드이다. ​​​보통 이런 파우치는 블랙 색상을 선택하는데이번엔 그레이가 깔끔하고 세련되어 보였는데역시 그레이는 옳은 선택이었다!사진상으로 봤던 것보다 더 만족스러웠다.​​​뉴즐 로고지퍼 아이패드파우치를처음 보고 들었던 생각은가격대비 제품 박음질과 퀄리티가 좋다!가성비가 좋은데 정말 만족스러웠다. 보통 가성비가 좋은 제품이라고 하면그 가격 정도이다일텐데뉴즐 로고지퍼 아이패드파우치는가성비가 좋으면서 깔끔하고고급스러운 느낌까지 있어서 좋았다.​​​뉴즐 로고지퍼 아이패드파우치는박음질이 정말 꼼꼼하게 되어 있음을 확인할 수 있다. ​​​내부에서도 놓치지 않고 깔끔하고 튼튼한 박음질을 발견할 수 있다.​​​아래쪽도 역시 깔끔해서 맘에 들었다.​​​지퍼에 뉴즐 로고가 인쇄된 디자인은다른 제품에서 보기 힘든유니크한 기법을 사용했고지퍼라인이 감춰져서더 깔끔하고 고급스러운 느낌을 선사한다.​​그러나 제품은 디자인뿐만이 아니라기본기가 탄탄해야 한다.뉴즐 로고지퍼 아이패드파우치는ipad를 잘 수납해줘야지!물론 11인치까지의 태블릿PC는 모두 수납가능하다.내가 사용했던 태블릿PC가방 중에는겨우겨우 제품을 넣을 수 있는매우 빡빡했던 ipad가방이 있었다.그에 반해 뉴즐 ipad가방은너무 타이트하지 않아서 넣고빼기 편안하다.​​​그리고 내 태블릿PC를 안전하게 보호해주겠다는 다짐이 보이는도톰한 보호재와 더불어서폴리스소재의 부드러운 안감사용으로태블릿PC가 스크래치에서도 안전하다.​​​​그리고 지퍼와 봉제선이보이지 않도록 디자인되어 있어서나의 ipad를 비롯한 태블릿PC를안전하게 보호해줄 파우치로만 생각할 수 있지만,​​​멀티수납공간으로 앞주머니가 있어서핸드폰이나 작은 소재품을 보관할 수 있다.스마트폰을 3개 정도 넣어도 넉넉함이 느껴진다.​​​용량이 2만이고 무겁고 두꺼운보조배터리도 간단하게 수납이 가능하다.​​​가성비도 좋고 실용적이고안정성과 유니크한 디자인까지 더해진뉴즐 로고지퍼 ipad파우치는여기에서 끝이 아니다!​​​제품 뒷면에 사용하기 편한핸드스트랩이 있어서 이동시에 안정성이 더해져서평소에 사용하기에 편하다.​​​디자인만 예쁘면 사용하기에 불편한데뉴즐 로고지퍼 아이패드파우치는실용적인 공간구성으로 매일 사용 중이다.​​​​https://newzzle.com/shop/item.php?it_id=1000000177#아이패드파우치 #아이패드가방#태블릿파우치 #ipad파우치#뉴즐파우치 #태블릿가방​",47,0,0,201,1,1,563.8,3,revu,2021. 6. 10. 23:56,1128,2360670,,[]
11,https://blog.naver.com/duri1979?Redirect=Log&logNo=222360758992,하루하루 일상이 모이는 자리@미야냠냠필통추천 웍스 펜파우치는가볍고 편안하게 들고 다닐 필통이 필요했던 나에게 딱인 제품이어서 선택했다.​​​한국폼텍에서 디자인한가죽필통 웍스 펜파우치는11가지의 다양한 컬러 중 선택할 수 있다.난 차분한 느낌의 카뎃블루를 선택했다.​​​​필통추천 웍스 펜파우치는슬림하고 심플한 디자인이 오히려 돋보이고스크래치에 강해서 내구성이 뛰어나다고 하니 기대가 된다.모름지기 펜파우치는 가방 안에서이리저리 굴러다니는 운명을 피하기 어려우니스크래치에 강한 내구성은 필수요소이다.​​합성피혁200mmx35xmmx30mm​가죽필통추천 웍스 펜파우치의슬림하고 심플한 디자인이 인상적이어서 보니한국폼텍의 문구브랜드 웍스에서는 노트 뿐 아니라 다양한 파우치 상품도 판매중이다.​​​블랙 색상의 지퍼는 시선을 끌고 안정감을 주는 느낌이다.​​​가즉필통추천 웍스 펜파우치는슬림하기에 크기가 작아보여서정말 펜 몇자루만 넣으면 끝이겠구나 생각했다.​​​​그런데 의외로 수납공간이 꽤 괜찮다.여러자루의 펜과 조금 두꺼운 형광펜도 OK!그리고 육각형 연필은 8자루를 넣으니가죽필통의 반정도가 차는 느낌이다.​​​그래서 립밤이나 아이브로우펜슬 등필기구 외의 간단한 개인 소지품 파우치로도사용하기에 참 좋구나 싶다.계속해서 내 가방 한켠을 지킬필통추천 가죽필통 웍스 펜파우치!!!​​​​http://www.works.co.kr/product/product_list.html?cid=020306​#works #웍스#필통추천 #가죽필통 #웍스필통 #펜파우치​​​,27,0,0,119,2,0,563.8,5,revu,2021. 5. 21. 23:48,1128,2360670,,['포스팅 잘보고 갑니다 자주들릴게요ㅎㅎ']
12,https://blog.naver.com/duri1979?Redirect=Log&logNo=221649328106,"​​​​하루하루 일상이 모이는 자리@미야냠냠냉동튀김 제품은 흔하다. 보통 후라이팬이나 기름에 조리하도록 되어 있는 제품을에어프라이어에 조리하면서 기름도 바르고 하지만,만두나 치킨 정도가 아니면그래도 기름에 튀겨먹는 것이 낫다고들 말한다. ​​에어프라이어전용 상품인 오크리스피의 코코넛쉬림프는 워낙 인기있는 꾸준한 수요가 있는 메뉴인데에어프라이어로 간단하게 조리할 수 있다니!​​멘보샤는 아직 먹어보지 못했는데곧 조리해서 사진을 추가할 예정!멘보샤는 이연복 쉐프의 목란의 메뉴로 유명한데냉동 에어프라이어전용상품으로 어떻게 맛나게 조리될 지 궁금하다. ​​​​​​냉동상태의 에어프라이어전용 코코넛쉬림프를 꺼냈는데 스위트칠리소스가 함께 들어있어서더욱 간단하게 요리를 내어놓을 수 있다. ​​​냉동상태인데도 뭔가 바삭바삭함이 느껴진다. 코코넛이어서 그런가?​​​양도 넉넉해서 코코넛쉬림프 1팩에 20개가 들어있다. 멘보샤는 1팩에 12개!​​​에어프라이어 180도에 7분 조리하면 된다고 되어 있었는데,​​​물론 각자의 에어프라이어의 출력에 따라조금씩 시간을 가감해야할 것이다. ​​난 1년전에 구입한 이마트트레이더스 에어프라이어로 조리를 했다. ​​​에어프라이어바스켓의 코팅상태가 별로여서 종이호일을 깔고 조리했다. 그렇지 않고 바스켓에 바로 조리를 했으면제품에 기름기가 많이 없긴했지만그나마도 아래로 빠질텐데 아쉽. ​​​180도에 7분 돌린오크리스피 코코넛쉬림프!​​​코코넛 향이 물씬 나서 기분이 좋았다. 그렇지만 색도 튀김옷도 아직은 시간이 더 필요하다. ​​​180도에 5분을 추가했더니약간 눅눅함이 남아있던 튀김옷이 바삭바삭해졌다. ​​​우리집 에어프라이어로는 180도에 12-15분 정도가 적절한 것 같다. ​​​이제 접시에 담아내볼까?1팩에 20개여서 혼자 먹기에는 양이 꽤 상당하다. ​​​혼술할 때 술안주가 필요하다면적절한 양을 덜어서 조리하는 것으로!​​손님상차릴 때에도 그럴듯한 요리를 내어놓을 수 있다. 간단하게 조리했다는 것은 살짝 비밀로.​​​살짝 매콤, 달콤한 스위트 칠리소스까지 있어서코코넛쉬림프 요리의 화룡정점을 찍는다. ​​​소스에 콕콕 찍어먹으니 금세 사라지는 새우들.새우좋아하는 아이의 간단한간식으로 먹이기에도 좋다. ​​​튀김옷만 두껍고 새우는 가느다란 그런 제품이 아니었기에 만족. ​​​​바삭한 튀김옷과 더불어새우도 씹는 맛이 있으니 좋았다. ​​​​https://oh-crispy.kr/​​#멘보샤 #코코넛 쉬림프 #술안주 #에어프라이어전용 #혼술 #오크리스피 ​​​ 미 글은 디너의며왕을 통해 본 업체메서
제품 또는 서비스를 제공받아 솔직하게 작성하였습니다.

(2
",31,0,0,222,1,0,563.8,12,text_ad,2019. 9. 16. 8:36,1128,2360670,,[]
13,https://blog.naver.com/duri1979?Redirect=Log&logNo=221433075926,"  차랑용공기청정기 윈크라우드 WIN20, 사용전 체크사항을 잘 확인합니다. ​  본체와 부속품이 함께 안전하게 박스에 고정되어 있어요. ​본체, 필터1개(내장), 벨크로타이, 논슬립패드(젤타입), 차량전원선, 사용설명서까지 꺼내 봤어요. ​  논슬립패드(젤타입)는  차랑용공기청정기 윈크라우드 WIN20을 대쉬보드 위에 올렸을 때 사용하면 안정성 있게 고정해주겠죠. 저는 차량 뒷좌석 팔걸이 부분에 벨크로타이로 고정시켜서 사용하려고 해서 논슬립패드는 넣어두었답니다. ​​  요즘은 집안, 각종 기관에서도 공기청정기를 두고 살아야하는 미세먼지로 인해서 바깥활동도 마음대로 할 수 없는 상황이죠. 그런가운데 차량용공기청정기에 대한 관심도 부쩍 높아진 것 같아요. 저도 좀더 작은 휴대용공기청정기도 사용 중인데 하나 더 있으면 좋겠다고 생각이 들었거든요. 아래는  차랑용공기청정기 윈크라우드 WIN20의 특장점이에요. 살펴보시고 내가 원하는 기능을 탑재하고 있는지 안정성이 좋을지 등등을 판단해보면 될 것 같습니다.   유해가스가 가득한 세상에 살다보니 인위적으로라도 공기를 깨끗하게 해주는 나의 호흡기를 유해물질로부터 보호해주는 제품이 필요해졌어요. 그래서 굉장히 다양한 제품군이 생산되고 있고요. ​​   차랑용공기청정기 윈크라우드 WIN20은 음이온 4500만개 이상을 발생해서 포름알데히드, 담배냄새, 유해가스, 진드기, 바이러스, 박테리아 등을 살균분해해서 상쾌한 실내공기를 유지해준다고 해요. ​​  제품을 뒤집으면 벨크로타이 고정부분과 제조일자가 보이네요. 제가 받은  차랑용공기청정기 윈크라우드 WIN20은 라이트 버전인데요. 라이트버전은 2018년 4월에 생산된 WIN20 제품에서 UV살균램프를 제거한 제품이라고 해요. ​​  뒤집으면 보이는 벨크로타이 고정부분에, ​  벨크로 타이를 꽂으면 단단하게 고정이 되는 형식이에요. 타이는 차량의 팔걸이 부분에 둘러서 고정시켜야하고요. ​​  본체의 윗부분을 뚜껑처럼 열면, ​  3단계 고밀도 복합필터(HEPA 13)가 들어있어요. 미리집자필터+헤파필터(H13)+활성탄필터가 피메먼지 및 차안의 여러 유해물질을 필터링 해준다고 해요. 보통 필터는 3개월 후 교체해줘야 합니다. ​​  필터를 들어내면 고성능 4인치 SNOW FAN을 볼 수 있는데요, 고효율 베어링을 적용하여 조용하지만 보다 강력한 원심분리방식으로 소용돌이를 발생시켜 유해성분을 흡입시키고 4인치 크기의 대형 팬이기때문에 필터링 시간을 단축시키며, 일반팬에 비해 사용기간을 연장시켰다고 해요. ​​  벨크로타이 고정 부분을 팔걸이에 장착하고, ​   차랑용공기청정기 윈크라우드 WIN20 본품을 꽂으면 장착은 끝이 납니다. ​​   차랑용공기청정기 윈크라우드 WIN20은 오존살균이 가능해요. 판매페이지의 설명을 참고하면, 오존은 강력한 산화력을 가지고 있는 기체로, 기체 특성상 모든 장소의 구석구석까지 도달하여 살균, 탈취, 해독, 표백이 가능하며 사용후에는 분해되어 산소가 되기 때문에 2차 공해가 없는 것이 특징이라고 해요. 판매페이지에는 각종 시험성적서도 제시되어 있기 때문에 제품의 안정성 부분을 직접 더 확인해보시면 구매 결정에 도움이 되겠지요.    전원 버튼을 누르는 간편한 스마트터치로 운용이 가능해요. ​​   차랑용공기청정기 윈크라우드 WIN20은 지능형 감지센서를 가지고 있어서 실시간으로 공기속 오염물질인 미세먼지, 연기, 배기가스, 포름알데히드 등을 모니터링하여 표시한다고 해요.   처음에 차량에서 실행시켜보니까 빨간색으로 작동하다가 이내 초록색으로 바뀌는 것을 확인할 수 있었어요. 3가지 모드의 수동모드 혹은 AUTO 모드 가운데 선택해서 실행하면 됩니다. ​​http://smartstore.naver.com/wincloud​ ",25,0,0,391,2,1,563.8,4,,2019. 1. 3. 9:33,1128,2360670,,['미야냠냠님 쓰신 글 잘 보고갑니다 ㅎ \n작성하신 쓰신 글 참고할께요 ^^']
