,Post URL,Post,Image num,sticker num,gif num,Paragraph num,Comment num,Video num,weekly viewer mean,Sympathy num,AD,Posting Date,Buddy num,Total visit,Blog category,Comment detail
0,https://blog.naver.com/eastella?Redirect=Log&logNo=222415794728,"안녕하세요 매력녀입니다자꾸 오락가락 비가 내리고 축축 쳐지는 계절 여름이와서 아기 온습도계를이모가 또 준비해보았습니당 ㅎㅎ 아기는 습도조절이 중요하니까요매력녀는 비교적 습한 상해에서 10년간 살다온 사람이라 이런 날씨축축한 날씨에 익숙하고 오히려 건조한 날시보다 편하게 느끼는 편인데요​조카 라봉이를 보면서 아기는 습도조절이 엄청 중요하구나를 알고간편하게 수치 확인이 가능한 아기 온습도계를 겟또했습니당응 일본어 설명 몰라당장 뜯어서 한국어 설명서를 참고합니다최저습도 10%부터 측정이 가능한 제품이라 낮은 습도도 정확하게확인이 가능한 점이 우선 좋았습니다그리고 계절따라 열사병이나 인플루엔자 경고기능이 있다고 하네요최저, 최고 습도를 기억해서 표기되는 점도 좋은데 곧 보여드릴게용우선 크기는 손바닥만한 크기로 심플한 디자인이라 주변 인테리어에잘 어우러질 수 있을 것 같은 느낌입니당제일 마음에 들었던건 건전지 교체형식으로 간편하다는 점?심지어 일반aaa건전지에요​그리고 벽걸이형, 스탠드형 취향따라 사용할 수 있답니다 :)우선 매력녀 본가에서 먼저 작동시켜보았는데 이게 뭐람요?습도가 72%나 된다니... ㅋㅋㅋㅋㅋㅋㅋ​아빠는 계속 덥다고 축축하다고 선풍기를 틀어대고매력녀는 지금이 딱 좋다고 우겼는데 습도가 상당히 높은편이었네요ㅠ아기 온습도계는 뒤의 버튼을 눌러주면 간단하게 측정했던최고/최저 온습도가 표기되어 좋은 것 같아요​사용했던 공간의 최고/최저 온습도라니 참고하면 좋겠죠?중간에 빨래 널고왔더니 급 습도가 더 올라가서 깜놀잽싸게 문닫고 에어컨 제습모드로 돌렸습니당 ㅋㅋㅋㅋ​아기들은 습도 낮거나 높으면 각종 질환에 취약해진다니 얼른아기 라봉이한테 가져가봐야겠어요!일단 이모가 예쁘게 갬성샷 한번 찍어보겠다고 아기 블럭으로열심히 노력했으나 실패한 느낌...​확실히 라봉이 집으로 가니까 습도가 낮아졌어요!온도는...왜 높지??? 실제로 더운 느낌은 없었는데요ㅠㅠ사진찍고 블럭 정리하고 한숨 돌린 사이에 새로운 물건을 발견하고돌진한 아기 라봉이🍊 아기 온습도계라는건 알까요?이게 뭔지 모르고 내 장난감인가 한참을 관찰하는 것 같더니계속 들고 다니면서 좋다고 웃고 흔드니까 일단 만족​아기도 좋아하는 아기 온습도계인건 확실하네요 ㅋㅋㅋㅋ너무 좋아서 만지작거리다가 뒤에 최고/최저 온습도 확인 버튼도발견해서 자꾸 누르는데 신났는지 돼지 흉내도 내고 그래요🤣​그거 너 주려고 가져온건 맞는데 일단 이모 사진부터 찍어야해...그런건 모르겠고 마음에 드니까 한참 가지고 놀다가 자기가 좋아하는최애 동물 피규어 사이에 혼자 세워놨....????​15개월차 아기가 이 제품이 스탠드형인지 어떻게 알고 세웠어요??ㅋㅋㅋㅋㅋ우리 라봉이 천재인가봉가우연인지 알 수 없지만 아기 놀이방에서 이제 온습도계 위치는 정해졌네요상당히 큼직하고 심플한 디자인이라 깔끔해서 마음에 들었는지꼬꼬마도 괜찮다고 하고 예쁘게 사진 좀 찍어보라고 하네요숫자가 큼직해서 멀리서도 잘 보여 좋다고 했어요벽걸이형이 아닌 스탠드형으로 이리저리 필요한 곳에 배치하면서사용할 예정이라 라봉이가 낮잠잘때도 찍어보았는데요라봉이가 자는 방의 온습도가 다 적정수준이라 안심이었어요아기 있는 집은 필수로 구비해야할 아기 온습도계로 추천합니다막짤은 랜선이모들을 위한 서비스쨜 ㅋㅋㅋㅋ아기가 좋아하는 아기 온습도계 드레텍 O-402였습니다#아기온습도계 #온습도계 #습도계 #아기습도조절 #드레텍 #드레텡O-402영099900909099여
영099900909099여
영099900909099여
",21,1,2,325,24,1,4886.6,23,99das,2021. 6. 30. 22:51,3033,3052145,일상·생각,"['7월 첫날 좋은 일 가득하시길 바랍니다포스팅 잘보고 가요', '감사합니다 좋은 주말 되세요~', '라봉이 신났다 ㅋㅋㅋㅋㅋ', 'ㅋㅋㅋ라봉이 짱 신났어요 귀엽', '아주 유용한 정보네여 요즘 시기엔 더더욱..잘 보고 갑니다 7월의 문이열렸네요 힘차게 홧팅하세요', '요즘같은때엔 특히 습도관리가 중요한 것 같아요', '라봉이 너무 귀여워여 ㅋㅋㅋ 숫자 크기도 크고 , 디자인도 무난 해서 집에서 실사용하기에 너무 좋은것같아여 :)', '네네 확실히 숫자가 큼직하니 멀리서도 잘 보이고 좋더라구요!!', '와 저는 이 온습계가 왜 필요한가 했는데애기 낳은 친규 말 들어보니까 애기들이 온습도에 예민하다고 하더라구요!!!!! 디자인도 깔끔하고 숫자도 크게 적혀있어서 평소 쓰기 편할거 같아용 >_', '네네 애기가 온습도에 그렇게 예민한지 라봉이때문에 처음 알았어요 ㅎㅎㅎ', '꺄 마지막 아가 걷는모습에 심쿵당했습니다>_< !!! 너무 예뻐요 천사네여 ㅎㅎ', '꺄 탄미이모 심쿵당했다! ㅋㅋㅋㅋㅋ요즘 귀여운짓을 많이해서 보는 재미가 있어요~', '아버님은 덥고 축축하다하고 매력녀님은 알맞다고 생각하셧다니ㅎㅎ 상해를 겨울에만 가서 몰랏는데 많이 습한가보네용!!🤭🤭', 'ㅎㅎ 네 상해는 여름에 진짜 찜통에 있는듯하게 엄청 덥고 습한 곳인데그런곳에 십년이나 살았어서 저는 적응이 된건가봐요 ㅎㅎ', '헐 라봉이 너무 귀여워요 ㅠㅠ 막짤에서 쓰러집니다...!', '꺄 줄리이모도 심쿵당했다!! 😁 요즘 한라봉 최고 귀여워요 ㅋㅋㅋㅋ', '온도습도계는 여름에 필수 같아요', '요즘같은때엔 온습도계 진짜 필수더라구요!']"
1,https://blog.naver.com/eastella?Redirect=Log&logNo=222431821605,안녕하세요 매력녀입니다점점 아줌마가 되어가는지 요즘 청소에 미친 매력녀 ㅋㅋ이번에는 화장실청소세제로 살림백서 다목적세정제를 들여왔습니다욕실과 주방 등 각종 청소에 다목적으로 사용이 가능하다고 하니집에 구비해두고 여기저기서 사용하면 될 것 같아요 ㅎㅎ500ml 2개로 아주 넉넉한 양이라서 하나는 주방에두고 하나는 욕실에두고진짜 다목적세정제로 사용하기 좋을 것 같아요디자인도 깔끔한 편이라 주방과 욕실 어디든 잘 어울릴듯!이렇게 노즐을 On/Off 조절할 수 있어서 어린아이 손에 닿아도안심할 수 있을 것 같아요 ㅎㅎ off로 해두면 안나올테니까요그래도 어린아이 손에 닿지 않는 곳에 두는게 좋겠죠!합성향료가 아닌 천연 오일을 블렌딩한 제품이라서 몸에 안좋은생활화학성분을 줄이면서 청소할 수 있는 점이 좋은 것 같아요역시 사용기한은 넉넉합니다~~ 기한 되기 전에 욕실청소세제 다 쓸듯지금 다목적새정제 하나는 주방에 세제와 핸드워시와 함께 있는데요디자인이 깔끔해서 잘 어울리고 좋은 것 같아요 ㅎㅎ그때그때 싱크대 청소하기 아주 좋아요 :)깨끗한 것 같지만 물때가 꼈는지 물자국이 자꾸 생기더라구요분사는 거리를 두고 분사하라고 해서 넓게 스트레드 형식으로 퍼지는줄알았는데 그건 아니었고 거품이 나왔어요 ㅎㅎ물때가 잘 불어서 없어질 수 있도록 방치해줬는데거품 사이로 뭐가 조금씩 녹아나오는 것 같기도 하고 아닌 것 같기도 하고잘 모르겠지만 청소가 되고 있구나의 느낌을 받았어요그것도 그런게 뿌려놓고 다른 일 하다 와서 정신없이 닦았더니싱크대 손잡이 옆 물때가 싹 없어진거 있죠?​깔끔하게 쓴다고 쓰는데도 적나라한 비포애프터에 경악을 금치 못하겠어요ㅠ자꾸 쥐어보니 손잡이 그립감이 좋은 것 같기도 하고세제 다 쓰고 나면 왠지 여기에 물 채워서 물총쏘듯 하고 싶어지는것 ㅋㅋㅋ하...오늘도 가스렌지 청소 집착러는 다목적세정제로 가스 청소를 해봅니다찌든때 클리너로 싹 청소해놨는데 전날 저녁에 뭐 볶아먹다 흘린 자국쓰..참을 수 없어서 다목적세정제로 칙칙 뿌리고 극세사 행주로 닦아줬더니겁나 깨끗해졌어요 ㅋㅋ 앞으로 찌든때클리너랑 병행해서 써야징짠 그리고 다목적세정제 사용의 더 큰 목적!욕실청소세제로의 역할에 기대가 매우 큰데요​화장실 세면대 청소 같이 손에 닿는 부분을 좀 더 깨끗하게 관리하고 싶었어요멀리서 보면 깨끗하지만 가까이서 보면 손 지문이 흥건해서살짝 지저분한 우리집 수전 ㅠㅜ 자꾸 손에 닿다보니 어쩔 수 없나봐요그래서 다목적세정제 범벅을 해놨어요!그대로 뿌리고 10분정도 방치하면서 화장실 바닥 청소 했는데바닥엔 물얼룩이나 곰팡이는 아직 없어서 깔끔히 청소완료!그리고 10분뒤 수전은.....네 그냥 새거가 됐습니다앞으로 화장실 세면대 청소는 살림백서로만 할래요 ㅋㅋㅋ짱 쉽네그냥 뿌려두기만 했더니 깔끔해져서 너무 간편하고 좋아요!진짜 말 그대로 어디든 사용가능한 다목적세정제가 맞네요여기저기 사용해보니 만족도가 또 높아져서 앞으로 집안 청소용품전부 다 살림백서로 통일할 기세입니다 ㅋㅋㅋㅋ욕실청소세제로 살림백서 다목정세정제 추천해요~#욕실청소세제 #다목적세정제 #화장실바닥청소 #화장실청소 #살림백서#살림백서다목적세정제 #천연세정제,26,0,1,323,34,1,4886.6,26,revu,2021. 7. 14. 22:37,3033,3052145,일상·생각,"['세제 부자시네용 ㅎㅎㅎ', 'ㅋㅋㅋㅋㅋ집에 온갖 세제가그득그득하다', '청소에 미친 사람 여기 또 있어요! 아줌마라뇨 깔끔으로 해요 ㅋㅋㅋ 다목적세정제 여기저기 슥삭 광나게 닦이니 넘 좋네요 ✨✨', 'ㅋㅋㅋㅋㅋ요즘 청소에 미쳐서 하루에 한번은 스텐 가스레인지 닦아사 직성이 풀려요다음엔...꼭 유리상판 렌지로 할거에요 ㅠㅜㅠㅜ흡..', '수전이 새것이 됐는데요??마침 필요했는데 이걸로 구매해봐야겠어요!!!', '수전 완전 반딱반딱해져서 너무 좋아요!!', '와 수전 진짜 새거다!!!!! 뽀독뽀독 소리날거같아요 ㅋㅋㅋㅋㅋ 살림백서 다목적 세정제도 사야겟다 살 거 왜케 많죠!!!!', '진짜 ㅋㅋ수전 완전 새거 된거보고 무야호~!!!!이거 너무 여기저기 청소하기 좋아요!!', '포스팅 잘 보고갑니다오늘도 행복한 하루 보내세요 😻😻', 'ㅎㅎ 와린님 오늘도 수고하셨습니당!!내일도 힘내세용 :)', '깨끗하네요잘 보고 갑니다덥고 짜증나더라도 좋은 하루 되시길 바래요', 'ㅎㅎ넵 감사해요 오늘 너무 더웠는데 ㅠㅠ내일도 더위 조심하시고 화이팅입니당', '푹푹 찌는 하루네요. 에어컨 틀면 머리 아프고 안틀면 찝찝함에 못 견디겠어요.ㅎㅎ 마스크까지 하니 더 힘드네요. 잇님 오늘도 기분 좋은일만 가득하시길 바라고 코로나 심하니 늘 조심하세요. 댓공 남기고 가요.', '얼른 여름이 지나갔으면 좋겠어요 ㅠ 너무 더운데 마스크까지 하려니 답답하네요', '목요일입니다^^오늘 하루도 즐거운 시간되세요', '네네 감사합니당 좋은 하루 되세요!', '아닛 매력녀님 저 이거 사려고 장바구니에 넣어둔거에여!!!! 물때가 저렇게나 잘 지워진다구요??저희집 싱크대랑 화장실도 물때 장난아닌데 구매해야겠어용', '꺄 져니님 당장 구매하세요!! 진짜 물때 싹 없어져서 너무 속시원해여!', '물때 진짜 보기 싫죠 ㅠㅠ 저도 하나 사야겠어요 😊', '이거 힘들지 않고 깨끗하게 청소되서 너무 좋더라구요!!', '오 저도 이거 이름이 끌리는데 효과는 어떤가 궁금했던건데!! 저도 담아봐야겠어요 우리집 싱크대 쫌만 기다려ㅠㅠㅠ 씻겨줄게ㅠㅠㅋㅋㅋ', '흐흐 포스팅 보시고 뽐뿌오시는 분들 많아서 뿌듯하고여?앞으로 더 빤딱빤딱 광내고 살아야겠어요', '오진짜 깔끔하게 청소 잘되네요,,, 아 저도 하나 들여봐야하나 ㅋㅋ', 'ㅋㅋㅋㅋㅋㅋ다온님 이거 완전 꿀템이에여!! 요즘 청소할때 이거만 씁니당!', '진짜 화장실 물때 너무 싫은데 완전 유용한 아이템❤️\u200d🔥', 'ㅎㅎ 진짜 화장실 물때 부분에 칙칙 뿌려뒀다 청소만 슥 하면되니 너무 편해요!', '저도 물때랑 곰팡이랑 있는데 모른척 몇달째 ㅋㅋㅋㅋ 저도 이제 본척 한번 해야겠어요!', 'ㅋㅋㅋㅋㅋㅋ 다목적 세정제 있으면 봋거하고 쉽게 쓱삭할 수 있어요!요즘 신세계를 맛보고 있습니당', '살림백서 만든 사람 상 줘야해요~진짜 만능템!', '살림백서 꿀템이 너무 많아서 집에 살림백서 제품 도배중이에요 ㅋㅋㅋㅋ']"
2,https://blog.naver.com/eastella?Redirect=Log&logNo=222343894427,"안녕하세요 매력녀입니다요즘들어 매력녀 빼고 가족 모두가 꽂힌 에어프라이어 간식 핫도그..그래서 바로 올반 흔한남매 찰핫도그로 집에 간식 빵빵히 채워줬습니당 ㅎㅎ신세계푸드 올반 찰핫도그는 원래도 종종 먹던 제품인데요겉에 빵도 쫄깃바삭해서 냉동핫도그라고 믿기지 않게 퀄리지 좋아서종종 애용하는 간편간식이에요!!아이스팩도 친환경 아이스팩으로 녹으면 잘라서 물 버려주면 되는 것!올반 찰핫도그는 세 종류가 있는데요찰핫도그, 모짜체다핫도그, 빅치즈콕콕핫도그 3종이에요!아이들 간식으로 너무 좋아보이지만 우리는 어른이 간식으로~~부드럽고 쫄깃한 찹쌀빵으로 만들어서 쫄깃쫄깃한 빅치즈콕콕 찰핫도그는소시지에 치즈가 콕콕 박혀있어서 씹을때 터져나오는 치즈가 와우~국내산 돈육으로 만들어서 육즙 가득한 소시지와 모짜렐라 치즈가반반 들어간 올반 찰핫도그는 치즈도 고기도 즐기기 좋아서 딱이고민여사 최애 모짜체다 핫도그는 소시지는 싫고 치즈는 좋아!! 하는 분께완전 딱인 모짜렐라와 체다치즈가 같이 있는 핫도그에요!쫄깃한 찹쌀반죽으로 만들어서 더더 맛있고 깨끗한 기름으로 튀겨온가족 모두 안전하게 즐길 수 있는 냉동핫도그에요가족이 많다보니 아무래도 취향이 다 제각각인데 딱 각자 좋아하는취향이 세가지로 갈려서 편하게 먹기 좋았던 것 같아요1팩에 각 5봉씩 들어있는데 치즈처돌이 민여사가 하나 쏙 빼가서사진은 4개뿐 ㅋㅋㅋ 하나는 조리중입니다포장지에서 막 꺼내보니 진짜 깨끗한 기름으로 튀긴건지 밝은 노란색이에요매력녀는 에어프라이어에 넣고 조리했습니다!에어프라이어 용량이 작아서 핫도그를 지그재그로 넣어주었는데골고루 노릇노릇 잘 익어서 편하고 좋더라구요다 조리된 핫도그는 각자 취향껏 하나씩 골라잡아!!사실 빅치즈콕콕 찰핫도그 말고는 크기로는 어떤게 모짜체다고어떤게 올반 찰핫도그인지 잘 모르지만 감으로 때려잡아요 먹는다 냠냠귀국 2달차 인도인 아빠는 역시나 냉동핫도그도 처음 보고는냉동핫도그를 무슨맛으로 먹냐고 하더니 한번 맛보고 맨날 먹어요ㅋㅋㅋㅋㅋㅋㅋㅋㅋㅋㅋㅋㅋ​밖에서 사먹는거보다 쫄깃하고 맛있다고 ㅋㅋㅋㅋ다들 한 입씩 베어먹은 핫도그 단면도 찍어봤는데치즈는 역시 처음부터 치즈치즈한데 제가 사진찍는다고 좀 뒀다 먹어서치즈가 쭉쭉 늘어나지 않고 살짝 굳었지만 그래도 존맛탱입니당아빠가 무슨 이런 핫도그가 있냐고 너무 맛있다고 하면서말도 안하고 집중해서 먹었고요핫도그에서 제일 중요한건 소시지라는 은시는 소시지 탄탄하다고만족스러워하면서 먹었어요먹다보면 소시지에서 체다치즈가 줄줄 흘러나오고치즈에서 소시지로 바뀌고 모짜렐라에서 체다로 바뀌는 재미가 있어먹는데에 물리지도 않고 좋아요!신세계푸드 중에 가장 맛있는걸 꼽으라면 매력녀는 단연 올반 찰핫도그를꼽을만큼 어떤 냉동핫도그보다 쫄깃하고 맛있어서 좋아합니다모짜체다 만세 ㅋㅋㅋㅋ맛있는 냉동핫도그 올반 찰핫도그 에어프라이어 간식으로 딱이네요!#냉동핫도그 #에어프라이어간식 #냉동간식 #올반 #올반찰핫도그 #찰핫도그#신세계푸드 #흔한남매 #간편간식 #아이들간식 #어른이간식본 리뷰는 신셰계푸드에서 제품을 무상으로 제공받아 작성된 솔직한 리뷰입니다.
 
",26,0,1,279,9,1,4886.6,14,text_ad,2021. 5. 9. 17:39,3033,3052145,일상·생각,"['우와 세분이서 너무 맛잇게 드시는거 아닌가요,,,,갑자기 핫도그 땡기네용', '그니까용 ㅋㅋㅋㅋ 전 원래 안먹으려 했는데 셋이 너무 맛있게 먹어서 저도 잽싸게 하나 돌려먹었잖아요 ㅋㅋㅋㅋ', '저희도 냉동실 필수템 중 하나!!', '이거 쪼꼬미도 좋아하는군요 :)']"
3,https://blog.naver.com/eastella?Redirect=Log&logNo=222152607130,"안녕하세요 매력녀입니다요즘같이 건조한 날에 없어서는 안될것은 뭐다?가습기쥬 가습기!!!​매력녀는 비염이 너무 심해서 겨울은 가습기 필수인데이번 겨울은 보본 멜로우 복합식 가습기를한번 사용해보려고 합니다! :)2.5리터의 대용량 가습기인데요물통이 넉넉해 최대 10시간까지 사용가능한 가습기에요!딱 언박싱하려고 하는데 라봉이가 급 관심을 보여서한번 박스위에 앉혀봤는데 귀엽다 귀여워😍초음파식의 풍부한 가습량과가열식의 살균효과가 결합된 복합식 가습기어디 한번 열어볼까용?막 꺼냈는데 감싸져 있는 비닐 양 옆에 튀어나온거왤케 귀 같이 귀여운거에요? ㅋㅋㅋㅋ​일단 매력녀가 알던 못생긴 가습기 모양이 아니고네모낳고 귀여운 모양이라서 마음에 들어요!버튼도 하나라 심플 그자체인 보본 멜로우 복합식 가습기​원터치버튼 하나로 가습량 조절 및 수면모드와복합가습모드를 제어할 수 있어서 짱 편해요!군더더기 없이 귀여워서 마음에 드는 가습기!크기가 마냥 크지는 않아서 사무실 가습기로도꽤 괜찮을 것 같고 어디든 이테리어에 어울릴 느낌이네요코드가 분리되는 디자인으로 본체를 세척하거나이동할때 편하게 선을 분리해서 사용할 수 있어용 내무는 요렇게 생겼다그냥 이 가습기 모양 자체가 물탱크에요!가습기 내 물을 제거할때는 왼쪽상단 화살표 방향을 따라 흘려보내면 되고OPEN/CLOSE부분은 분무관이에요손쉽게 분리해서 청소할 수 있어 너무나 좋네요통세척 가습기는 세척이 편안한게 최고인데이렇게 심플할수가!!청소를 위한 브러쉬도 들어있고요또 아로마테라피 면 리필이 들어있습니다​저 아로마테라피 면 위에 아로마 오일을 떨어뜨려간편한 아로마테라피 기능으로 힐링할 수 있는데매력녀가 가진 아로마 오일은 수용성이 아니라서아직 아로마테라피 기능은 사용해보지 못했습니당 ㅠ물은 표시된 선까지 따라주면 되고공기배출구와 공기흡입구에는물이 들어가지 않도록 주의해주세요 :)마지막으로 혹시 모를 주의사항이 있을까설명서 한번더 꼼꼼히 읽어보기~~물을 적정선까지 부어본 보양이에요!넘나 깔끔쓰​사실 매력녀는 가습기가 꼭 필요하지만가습기 세척이 귀찮아 잘 쓰지 않은 것도 한몫하는데이젠 세척도 손쉽게 슥슥 하면되니까 다시 쓸거에요ㅋㅋㅋㅋㅋㅋㅋㅋㅋㅋ그럼 이제 귀여운 복합식 가습기 한번 작동시켜 볼게요!가만보니 제품 하단에 미끄럼방지패드가 붙어있어서안정적으로 사용할 수 있겠어요~전원버튼을 누르면 바로 가습 1단계로 작동해요가습기가 작동하면서 하단에 무드등램프가 들어오는게밤에 사용하기에도 너무 좋겠어요 은은하니~​무드등은 필요에 따라 수면모드를 통해서 OFF도가능하니 편한대로 사용하면 되겠죠 :)사진에는 1단 작동시 분무량이 잘 찍히지 않아짤로도 한번 찍어보았는데 1단도 생각보다넉넉한 분무량이라 방에서는 1단만 틀어도충분할 것 같은 느낌입니다좀더 강한건 2단미세하지만 사진에 좀 더 굵어진 분무량이 보이죠?이것이 3단 ㅋㅋㅋㅋㅋㅋ퐈이야!!!! 폭발하는 분무량이렇게 펑펑 틀면 매력녀 코는 매우 안정적이겠지만마룻바닥이 전부 나무라서 저는 등짝스매싱을 맞겠죠ㅠ전원버튼을 3초간 누르면 빨간불과 함께 PTC 가열기능이 작동되어간편하게 WARM 모드로 전환할 수 있어요!​웜모드라고 해서 너무 뜨겁지는 않을까 했는데PTC가열방식으로 살균된 스팀을 또 적당한 온도로식혀 내보내 준다고 하니 아기 가습기로 사용해도너무나 안전하겠죠!! (뜨거울까봐 혼자 걱정 ㅋㅋ)아기 가습기로도 손색이 없을 것 같은 마음에라봉이 앞에서 한번 가습기를 작동시켜놓고지켜봤는데 귤 가지고 놀다가 가습기 발견하고는찐 함박웃음 ㅋㅋㅋㅋㅋㅋㅋ가습기를 처음봐서 신기한지돌고래 비명소리를 내면서 신나하더라구요​그동안 너네 집에도 가습기는 있었어...숨겨져 있어서 너가 보지 못한것 뿐이야 라봉아 ㅠ아기가 너무 좋아서 가지고 놀던 귤도 버리고가습기 끌어안고 두드리고 난리난리꼬꼬마도 보더니 가습기가 왜이렇게 귀엽냐고 하네용ㅋㅋ​또 매력녀 신나서 원터치로 WARM모드도 되네수면모드도 따로있네 어쩌구저쩌구 자랑하니까괜찮은거 골랐다고 칭찬해주더라구용 ㅎㅎ아기가 너무 두드리고 끌어안아서 혹시모를안전사고 대비용으로 거실 저 멀리로 가습기를 옮겼는데이젠 아기가 기어서 가습기 앞으로 가는거 있죠 ㅋㅋ원래 매력녀가 비염때문에 사용할 가습기였는데아기가 너무 좋아해서 아기 가습기로 줘야할 것 같아요이 표정을 보고 이모가 어찌 가만히 있겠어요 ㅠㅠㅠ(아기가 선택한건 아기꺼)​가열식으로 살균효과가 결합된 복합식 가습기니까일반 초음파 가습기보다 아기 가습기로 더 좋겠죠??매력녀가 고른 보본 가습기는 현재 신제품 출시 기념만원 할인행사 진행중이니 복합식 가습기가필요하신 분은 더 저렴하게 구매하실 수 있을 것 같아요!아기 가습기로 딱인 보본 멜로우 복합식가습기였습니다#복합식가습기 #보본가습기 #가열식가습기 #초음파가습기#보본멜로우복합식가습기 #아로마가습기 #사무실가습기이 글은 서울오빠를 통해 본 업체의 이용권을 제공받아 솔직하게 작성하였습니다.
1""
",33,0,4,449,24,2,4886.6,28,text_ad,2020. 11. 23. 23:08,3033,3052145,일상·생각,"['가습기 고민중이었는데 만원 할인중이라니+_+ 정보 고마워요~', '흐흐 할인정보는 늘 나누는게 옳죠!', '', '불금되세용~', '호오 이거 가슴기 디자인도 예쁘고 사이즈도 딱 적당한데요? 안방에 두기 좋아보이는군요!! +ㅁ+', 'ㅋㅋㅋ엄청 귀엽게 생겨서 좋아요!라봉이 잘때 요즘 맨날 웜모드로 틀어놓고 자요!', '디자인도 너무 예쁘네용ㅎㅎ아가는 언제나 귀여워요😍', 'ㅎㅎ감사해요아기가 가습기를 저렇게나 좋아할 줄 몰랐어요!', '가습기 너무 귀엽게 생겼네요! 통세척되는 것만으로도 너무 좋은데 간단한 세척까지. 완전 좋네요ㅎㅎㅎ', 'ㅎㅎ 진짜 간편하게 세척이 잘되서 좋네요!', '날씨가 건조해서 가습기 필수에요 ㅠㅠ', '진짜 겨울은 건조해서 가습기 필수에요!!', '가습기도 가습기지만 라봉이 진짜 심쿵😭💘헤어밴드한거 정말,, 너무,, 귀여워요,,,가습기는 사이즈가 딱 좋아서 집에 두고 사용하기 편할 것 같아용🙆🏻\u200d♀️💛', 'ㅎㅎ 가습기 사이즈도 앙증맞은데 용량도 꽤 커서 좋은 것 같아용!', '하 정말 쭉 내려보다 아가 웃는모습 보고 제대로 심쿵했어요❤️너무너무 사랑스럽네요저도 환절기때부터 가습기는 필수로사용하고 있는데 요거 분무량이 대박이네요👍🏻', '저렇게 가습기를 좋아하니 라봉이한테 주지 않을 수 없어요 ㅠㅜㅠㅜ저는 너무 조카바보 ㅋㅋㅋㅋㅋ', '요즘같은 날씨에 정말 필수템이요  ㅠ 비염인들은 없이 못살아요ㅠㅠ요즘은 가습기도 너무 이쁘게 나오네요', '진짜 프로비염러는 건조한 겨울만 되면 죽을 것 같아여 ㅠㅜㅠㅜ 엉엉', '안심하고 사용할수 있으면 좋은거 같아요 😉', '편안하게 사용 가능해서 좋은 것 같아용!', '저희집도 너무 건조해서 가습기 놓고 싶은데 남편이 위험하다고 펄쩍 뛰어서 기회만 호시탐탐 노리고 있어요ㅠ  피부가 쩍쩍 갈라지는 느낌 ㅋㅋㅋㅋㅋㅋ', '앗 이 건조한 날에 가습기가 안된다니ㅠㅜㅠㅜ 프로비염러는 듣기만 해도 코가 너무 아픈걸요 ㅜㅜ']"
