,Post URL,Post,Image num,sticker num,gif num,Paragraph num,Comment num,Video num,weekly viewer mean,Sympathy num,AD,Posting Date,Buddy num,Total visit,Blog category,Comment detail
0,https://blog.naver.com/ecoutestu?Redirect=Log&logNo=221567909555,"빈센트 반 고흐의 그림과 색감을 좋아하는데 그 그림을 직접 만들 수 있는 취미!!​원래 그림은 그리는거지만 보석십자수로 반짝반짝하고 예쁜 그림을 얻을 수 있어요​​그래서 전부 빈센트 반 고흐의 그림으로 주문!!​총 3개를 주문했고 사이즈는  40x50으로 너무 작지도 크지도 않아서 👍(하다보니 너무 커서.. 이 말을 후회했어요..)​사은품으로 무지개트리를 받았어요:)​​​​3개중에 뭘 할지 고민하다가 ...​제가 좋아하는 밤의 카페테라스는 아껴두고 선물해줄 별이 빛나는 밤에를 시작했습니다​​​​​개봉!!​뜯으면 캔버스 1개만 들어있는데이렇게 캔버스 뒤에 재료가 가득 들어있어요밀봉된 비닐을 뜯으면 안에 보석과 필수템들이!​그리고 보석십자수를 받으면 안에 보석이 다 들었는지무조건!!! 살펴봐야합니다(혹시 없을 수 도 있기때문에)​보석은 20~30% 정도 많이 들어서 쓰고도 넉넉히 남아요그래서 나중에 떨어지거나 깨지면 언제든지 교체-!​​​보석 십자수를 하는 방법은  정말 간단해요1. 먼저 펜에 고무(?)를 쿡! 찍어서 넣어요​그래야지 나중에 보석을 콕콕찍어서 사용할 수 있어요​​2. 그 다음 판에 보석을 부어서 흔들어주면보석의 동그란 부분이 위로 올라와 쉽게 사용할 수 있어요​​이렇게 분홍색 고무가 펜에 들어간답니다!​​​​​3. 그림 위에는 비닐이 붙어있어서 처음할때바로 떼면 머리카락, 먼지, 이물질 등이 가득 붙어요​​⭐️⭐️조금씩 뗐다 붙였다 하시면서 해야해요⭐️⭐️​​​​​​​​접착력이 생각보다 강하기때문에 이물질이 안뭍게 항상조심!!​​4. 마지막으로 그림에 맞게 보석 숫자를 찾아서보석을 콕콕 붙여주면 끝!​​​​​​아직 1일차 이지만이정도 붙였어요!!이번주안에 완성을 목표로 하고 도전중!!!!​​​너무 예뻐서 빨리 완성된 작품이 보고싶어요어느 각도든지 전부 반짝거려서..그림이 더 예뻐보여요:) ​​​​​새로운 취미를 찾으시거나, 심심하신 분께 추천❤️",8,0,6,183,7,0,154.2,0,,2019. 6. 22. 2:48,1485,84534,애완·반려동물,"['요즘 코로나 19 팬더믹 때문에 집에 콕 하고 박혀서 나간 적이 거의 없어서 가끔씩 과제나 프로젝트를 다하면 취미 생활을 찾곤 하는데 할 만한 게 딱히 없었거든요. 근데 이 보석 십자수를 보니까 시간 때우고 다른 잡 생각 없이 정신 팔려서 하기에 딱 좋다고 생각이 들어요! 또, 제가 그림 보는 걸 참 좋아하는데 나중에 제가 다 만든 작품을 보면 힐링되고 뿌듯할 것 같기도 해요! 정보 감사해요! 좋은 하루 보내세요 :)']"
1,https://blog.naver.com/ecoutestu?Redirect=Log&logNo=222254543151,"여행 갈 때 꼭 필요한 #강아지매너벨트강아지매너벨트는 필수라 매번 차에 넣어다니고여행, 드라이브, 카페 갈 때 꼭 사용하는데이번에 빌리와 집사 마음에 쏙! 든 기저귀를 찾았어요​바로바로 ‘아몬스 입다’아몬스는 초소형부터 특대형까지 있는데빌리 사이즈에 맞게 중형으로 선택했어요​매너벨트는 한 번 사용하면 교체해줘서 대용량을 구매하고 싶었는데 아몬스는 좋은 제품을 대용량으로 저렴하게 구매할 수 있어서 너무 좋아요👍​상자에 가득하게 든 아몬스 입다!디자인도 너무 예쁘지 않나요?기저귀 디자인이 아니야♥️체크디자인으로 촌스러웠던 #강아지기저귀 는 이제 안녕아몬스 입다 기저귀 너무 예쁘지 않나요?​빌리는 허리가 커서 매번 큰 중대형견 기저귀를 입으면촌스럽기도 하고 살이 닿는 부분이 까끌거려 입고 난 후 기저귀 입었던 곳을 긁고, 그루밍하고 빨갛게 부었는데아몬스 입다는 촉감 좋은 탑시트를 사용해서 부드럽게 피부에 닿아 빌리가 불편해 하지 않았어요​그리고 아몬스 입다를 선택한 집사의 이유는​✔️국내에 자체 생산 공장 보유​✔️1매에 350원인 저렴한 가격(고급형 기준 17500원에 50매)​✔️부드러운 탑시트로 피부에 자극없음​✔️깔끔한 디자인​✔️빠른 흡수력, 많은 양도 가능​빌리는 소변 양이 많아서.. 진짜 한 번 소변보면기저귀를 갈아줘야하고 가끔 기저귀는 두껍지만 빨리 흡수하지 못해 기저귀를 해도 만족하지 않았는데 이번 아몬스 입다는 완전 대만족이었어요!​아몬스 입다의 매직테이프는 정말 매직이에요여러번 붙였다 떼는게 가능하고 조금 붙여도 꽉 잡아줘요​이렇게 조금만 붙여도 몸에 착! 붙는 아몬스 입다​아니.. 이렇게 접착력이 좋아요!그런데 여러번 떼었다 붙였다가 가능해서 완전 만능​몸에 밀착감도 좋고 사이즈 조절방법도 쉽고 간단해요뛰어다니고 몸을 털어도 샘 현상을 막아주는 이중 주름막으로 소변 샘 현상을 막아주고 꼼꼼하게 몸에 밀착되요​꼼꼼하게 몸에 딱! 밀착되면 강아지가 불편해 할 수도 있는데 불편하지 않는 이유는 아몬스 입다는  고무줄밴드로 활동성이 많은 강아지가 움직일 때 유연하게 움직일 수 있게 합니다! 그런데 소변 샘 현상은 없어서 👍​그리고 강아지기저귀 중 제일 중요한 흡수력빌리는 소변 양이 많아서 조금씩 셀 때가 있는데 아몬스 입다를 입고 뛰어다녀도 흐르지 않아서 좋았어요​아몬스 입다에 물을 부은 후 사진을 찍었는데 큰 부품(?) 현상없이 깔끔하게 흡수되는 강아지 기저귀​보이시나요????? 바로 흡수되는 모습이??!!!한 곳에 물을 많이 부었는데 바로 흡수되서 신기했어요👍진짜 흐름현상없이 표면에 닿자마자 흡수하는 물​​물을 바로 흡수한 아몬스 입다 기저귀 모습인데요물을 200ml 정도 부었는데 기저귀에 흡수 된 모습!​진짜 흐르는 현상없이 기저귀에 바로 흡수되서 활동성이 많은 빌리가 입고 돌아다니고 카페에 뒹굴어도소변 세는 일이 없었어요​​기저귀를 착용하면 절대 움직이지 않고 움직임을 최소화하거나, 신나게 논 후에 기저귀 착용한 곳을 긁고 따가워서 빨갛게 된 빌리였는데 아몬스 입다를 입고 간식도 잘 먹고벗은 후도 간지러워하지 않아서 만족했어요!​기저귀 착용 전과 후 없이 빨갛게 붓지 않는 빌리 배진짜 흡수력 좋은 기저귀가 이렇게 부드럽고 순하냐고요​아몬스 입다는 형광증백제 & 포름알데하이드 불검출​납, 카드뮴 등 중금속 6가지 유해물질 불검출​향균성 시험 균 감소량 평균 70%​기저귀 구성 원자재 인증완료로​아이 몸에 닿는 기저귀의 성분까지 순하고 좋아요기저귀는 아무래도 몸에 닿으니 성분까지 꼼꼼하게 체크해야하는데 아몬스 입다는 성분까지 안전해서 믿고 사용 중​🐶편한 기저귀를 찾는 집사​🐶안전한 성분의 기저귀를 찾는 집사​🐶기저귀도 예쁜 디자인을 찾는 집사​🐶강아지가 활발해 흡수력이 좋은 기저귀를 찾는 집사​‘아몬스 입다’ 기저귀를 입어봐야지 강아지 기저귀를 착용했다고 말하죠~​아몬스 입다 기저귀가 궁금하신 분은 링크를 참고해주세요​​​​",15,1,6,411,1,0,154.2,0,suspect,2021. 2. 24. 10:16,1485,84534,애완·반려동물,['잘보고갑니다^^']
2,https://blog.naver.com/ecoutestu?Redirect=Log&logNo=221870083658,"노트북 파우치는 매번 고민하지만 고민 끝에 그냥 LG 그램 기본 파우치를  사용!​그런데 스트랩이 업어서 매번 들고다니기도 힘들고내구성이 별로라서 고민하고 고른 퍼니메이드!!​​파우치이지만 스트랩이 있어야하고내구성이 좋아야하고, 오염이 쉽게 지워지는 파우치를 찾았는데 퍼니메이드에서 신제품이 나왔더라구요❤️​​​​​색상부터 너무 예쁜 아이보리로 선택했어요​코튼 100% 헤비듀티 캔버스원단으로 받으시면 정말 단단한 원단을 만질 수 있는데 오염과 손상을 방지해주다니!​그리고 다른 파우치보다 가벼워서 사용하기 편했어요​ 그리고 충격완화를 위해서 4중 안전구조라 더욱 안심👍​​실제로 받아보시면 파우치가 그렇게 두껍지는 않지만 폭신해서 보호는 하겠구나 했는데 이렇게 많은 완충제와 보강재가 들어가서 노트북을 보호해준다니! 노트북을 자주 떨어트리거나, 부딫히는 저에게는 필수예요​​​LG그램 노트북 13인치와 삼성 노트북 16인치를 넣었는데 안정감있게 들어가서 마음에 들었어요!​​그리고 무엇보다 포켓이 있어서 작은 USB나 카드를 넣기에 편했어요:)​​​​저는 노트북의 사이즈가 전부 달라서 제일 큰 15인치를 선택했지만 노트북의 크기에 맞게 사이즈를 선택하시면 되요​​​​색상도 2가지가 있었는데 저는 아이보리색을 좋아해서아이보리를 선택했어요!그런데 블랙도 사진보니깐 너무 예뻐서 작은 사이즈로 블랙을 구매할까 고민중..🤔​​그리고 마감처리가 너무 깔끔해서 정말 👍실밥같은게 튀어나온 곳 없이 마감이 꼼꼼했어요!!​​제가 구매한 노트북파우치는 이곳에서 구매가능합니다!🔽🔽🔽🔽🔽​기
ㆍ
",14,0,0,145,0,0,154.2,0,,2020. 3. 24. 10:50,1485,84534,애완·반려동물,0
3,https://blog.naver.com/ecoutestu?Redirect=Log&logNo=221860610832,"집에 있는 샴푸는 많은데전부 강아지샴푸거나 강아지와 고양이 공용샴푸!​​​​토리는 피부가 약해서 항상 여러샴푸를 사용하다가이번에 전용샴푸를 찾았어요!!!많은 집사님들이 추천해주셔서 알게 된 고양이 전용 샴푸!​​파우치형태라서 사용하기도 편해요👍오직 고양이 토리만을 위한 샴푸라서이번에 냥빨하랴고 구매⭐️​​​파우치형태라서 한 포만 뜯어서 바로 냥빨을 하면 되요!​​​고양이는 그루밍을 해서 성분을 되게 중요시하는데페토세라의 성분은 홈페이지에 가면 자세하게 적혀있지만​브리지테일 페토세라 바디워시는 성분까지 착해요전성분을 공개해서 정말 안심하고 사용 중이예요​사실 성분이 좋다고는 하지만 전성분을 모르면 걱정되고 구매하기 망설이는데 전성분을 공개해서 너무 좋아요👍​​그리고 마따따비와 캣닢추출물 사용으로 토리에게도 ♥️고양이라면 좋아하는 마따따비랑 캣닢이 있어서 이건 무조건 고양이꺼다!​​​그리고 P.H지수도 낮아서 더욱 안심이었어요​​​​​​​​그러면 바로 목욕하러 GO~~~~~​​집에서 미용을 해서 눈꽃빙수컷으로...뭐.. 우리만 보니깐 괜찮아..토리... 예뻐...토리는 이번에 집에서 미용을 했는데 각질이 많더라구요..그래서 미용이랑 컨디셔너를 사용하고싶었는데 페토세라 바디워시 사용으로 두가지 효과를 낼 수 있어서 사용하기로 결정!!​집사님들은 아시죠..? 냥빨은 힘들고 힘든 고양이와 타협으로 빠르고 신속하게 해야하는 과정...​일단 파우치를 뜯으면  투명한 제형의 샴푸가 나오는데은은하고 달콤한 향기가 솔솔~​​​거품도 풍성하게 잘 나는 편이었어요!​물에도 잘 씻겨서 씻기고 헹굴때 편할 것 같았어요잘 보이지 않지만 물에 바로 헹궈져서 집사 만족도 100!!​​​먼저 따뜻한 물을 몸에 적셨어요!토리가 샤워기 소리를 무서워해서 무조건 물을 받아서!​​그리고 토리에게 바로 거품을 🛁​​​목욕을 너무 싫어하는 토리라서 빠르게~~~~~​​​목욕하면 너무 극혐하는 토리였는데말려주니 그냥 자기 자리로 가서 그루밍하고 털도 윤기가!​​​미용을 해서 떡짐현상은 없었지만 각질이 조금 있고피부가 약해서 항상 목욕할 때도 주의하는데 ​이번에 페토세라 샴푸는 너무 좋았어요!​​​​​​​토리야 너 전용샴푸도 이제 사줄게​​​고양이 전용 샴푸를 원하시는 분은 밑에 링크를 눌러주세요!🔽🔽🔽🔽🔽​​​​​​​​대
 
",14,0,5,207,1,2,154.2,0,,2020. 3. 18. 21:30,1485,84534,애완·반려동물,['말이 너무 웃기네욬ㅋㅋㅋㅋ 눈꽃빙수컷 ㅋㅋㅋㅋㅋ토리야.. 나까지만 보뀈ㅋㅋㅋㅋ샴푸 잘봤어요오 사러갑니다아 ㅋㅋㅋㅋ']
4,https://blog.naver.com/ecoutestu?Redirect=Log&logNo=222232059045,"토리와 빌리를 키우면 같이 키우게 되는 털..토리 털은 가벼워서 먼지덩어리로 돌아다니고, 빌리 털은 무거워서 바닥에 흩뿌려지는 환장의 콜라보​아침,저녁 그리고 주말에는 수시로 청소기를 밀지만바닥 군데군데있는 털은 치워도 치워지지 않더라고요그리고 거실장 밑에 있는 털은 매번 치우기 힘들어서 털이 자주 쌓이는데 처치 곤란이었어요😭​​그런데 깔끔솔루션으로 우리 집에 등장한 아이템!일반 청소기나 걸레청소기로는 완벽하게 털이 흡착되지 않고, 산책 후에 빌리 털에 묻어 온 미세한 이물질이나 얼룩 등으로 인해 물걸레를 사용하면 좋은데 고민을 해결해줄 파나소닉 물걸레로봇청소기!​2020년 10월에 출시한 따끈따끈한 신상 청소기입니다​많은 물걸레로봇청소기 중 파나소닉을 선택한 이유는​✔️물티슈 사용가능-급할 때 사용하기 편하고, 호환성이 좋음​✔️물티슈 자동 탈부착으로 사용하기 편함-기계치도 사용할 수 있는 쉽고, 간편함​✔️걸레면 자동회전-털이 많아서 매번 교환해줘야 하는데 그럴 일 없음​✔️충돌방지 센터 -강아지와 고양이를 피해서 청소하는 스마트함​✔️ ‘ㄹ’ 모양으로 청소- 거실이 직사각형이라 마음에 드는 청소스타일!​✔️향균 물탱크 & 스마트 물 분사- 깨끗한 물로 더 깨끗하게 청소​이렇게 좋은 기능을 보고 사용하고 싶었는데 드디어 사용하다니! 너무 설레서 상자사진부터 급하게 찍고 개봉했어요​​물걸레로봇청소기(본체), 충전기, 극세사걸레2개(건식/습식), 설명서, 배터리, +물티슈​극세사 걸레 뒷면을 보시면 건식, 습식청소가 적혀있으며걸레의 테두리 색상으로 간편하게 구별할 수 있습니다​물티슈를 사용하려면 습식청소 전용걸레를 장착하고 물티슈를 사용하면 됩니다​​처음 사용하시기 전에 배터리를 장착하고 충전해야 하는데배터리를 넣으려면 드라이버로 나사를 푼 뒤 배터리를 결합시켜야 합니다. 배터리를 넣을 때 선의 색을 잘 보고 끼워주세요​그리고 배터리를 넣고 다시 커버를 닫아주면 끝!​마지막으로 충전을 해주면 됩니다​그런데 저는 커버가 잘 안닫겨서 ‘배터리를 뜯는건가..?’ 하고 배터리를 살짝 뜯었는데 저처럼 뜯는 사람은 없겠지만 멍청한 저는 뜯었답니다..ㅎㅎㅎㅎㅎㅎㅎ절대 뜯지마세요!​배터리를 잘 장착하면 커버가 닫기는데 처음에 몰라서 문의를 드리니 친절하게 알려주시고 끝까지 설명해주셔서 쉽게 장착했어요. 그런데 사실 매우매우X100 간단해요알려주기 민망하지만 이렇게 사용한답니다:)​​그리고 드디어 대망의 사용방법​왼쪽 위 : 물티슈 분리 / 왼쪽 아래 : 건식청소오른쪽 위 : 물티슈 장착 후 청소 / 오른쪽 아래 : 습식청소​오른쪽 아래&전원 : 약습식청소오른쪽 아래 길게 : 물 분사 모드​​저는 습식모드와 물티슈 장착모드를 사용하고 싶어서 물티슈 장착모드를 먼저 사용했습니다!​물티슈를 근처에 두고 버튼을 누르면 자동으로 장착되는 스마트한 물걸레로봇청소기🤖너무 신기하지 않나요?? 진짜 이게 로봇청소기다!​파나소닉에서 별도로 구매하는 물티슈 외에 다른 물티슈를 사용할 경우 제대로 작동하지 않거나 청소효과가 다를 수 있는데 ‘30cm x 20cm’ 물티슈 크기에 얇은 물티슈를 사용하면 사용하는데 불편함이 없었어요!​청소를 다하고 물티슈 분리 모드 버튼을 누르면 완료10분 사용했는데 털이 덕지덕지..👍​​파나소닉 물걸레로봇청소기는 SLAM 및 위치인식으로 청소경로를 계획하고, 반복하고 누락되는 구간을 최소화하며 스마트하게 청소하는데 직접 보면 스마트함을 느낄 수 있어요!진짜 ‘ㄹ’ 모양으로 구석구석 청소하는 물걸레로봇청소기청소기도 네모난 모양이라 구석 끝까지 청소하더라구요​​빌리랑 산책하기 전에는 습식모드로 사용하려고물탱크에 물을 채워서 사용해봤습니다물을 채우고 넣기만 하면 끝! 간단 그 자체 사용방법사용하지 않을 때는 물탱크에 물을 빼서 보관하고 있어요!​​고양이와 강아지를 키워서 기계 작동음도 신경이 쓰였는데 소리가 작아서 사용하는데 문제없었어요. 그런데 습식모드를 사용해서 물분사 시에는 소리가 나는데겁쟁이 토리랑 빌리가 궁금해하는 정도의 소리크기지무서워하는 소리의 크기는 아니었어요!​물걸레로봇청소기가 지나가는데 별 관심없는 토리진짜 소음도 적고, 반려동물을 키워도 걱정 없습니다👍​청소기를 안 무서워하다니.. 이거야말로 신세계아닌가요?​로봇청소기가 돌아다니면 소파 스툴 밑에 들어가서 못나오면 어떡하나 걱정했는데 구석구석 닦은 후 나온 파나소닉 물걸레로봇청소기​적외선 센서 3개, 마이크로 스위치 2개로 장애물 접근 시 속도를 줄이고 물건에 살짝! 터치를 하는 느낌이라 가구, 물건 등에 손상은 물론 기스없이 나와요​진짜 너무 똑똑한 로봇청소기 아닌가요?!!​그리고 거실장 밑은  선이 많아서 걱정했는데선이 있어도 청소기에 끼이지 않고 부드럽게 나와요보면서 이게 가능한 일인가? 할 정도로 스마트해요!​빌리가 산책가고 매트를 치운 후 사용하는 청소기!집에 없을 때 청소하면 산책 후에 청소기를 안밀어도 되서 너무 편해요. 집에 혼자 있을 때 청소기가 어떻게 사용하는지 궁금해서 타임랩스를 켜고 갔는데 방 구석구석을 ‘ㄹ’ 모양으로 깨끗하게 청소하더라고요​그리고 옆에는 궁금한 토리! 무서워하지않고 궁금한지 옆에서 지켜보더라구요​산책 후에 청소기를 찾았는데 다른 방까지 가서 청소하고 있는 파나소닉 물걸레로봇청소기👍♥️나중에 확인했는데 더러운 털과 먼지가 보이시나요?아니.. 이렇게 더럽다니..!아무래도 반려동물의 털은 물걸레가 최고인데파나소닉 물걸레로봇청소기는 축축하지 않은 적당한 물분사로 털을 효과적으로 제거해서 청소를 해요​고양이와 강아지 털 때문에 걱정인 집사님은 추천해요​그리고 매트 위에도 사용해봤는데 청소기가 매트 위에도 부드럽게 올라갔어요. 원래는 바닥과 타일 등을 닦지만 매트 위에도 부드럽게 작동되었어요!​기본 청소기도 매트 위에서 작동하면 매트에 흠집이 났는데 파나소닉 물걸레로봇청소기는 매트 위에서 부드럽게 작동되더라고요. 그리고 흠집도 안나고, 진짜 최고👍​청소기가 청소를 하고 있든 말든 신경 안쓰는 빌리와 아직 너무 궁금한 토리​빌리도 청소기가 신기한지 처음에는 근처에 있더라고요처음 빌리가 청소기랑 만난 날다른 청소기는 무서워서 근처에도 못왔는데 파나소닉 물걸레로봇청소기는 소음이 적어서 그런지 무서워하지 않았어요!​고양이와 강아지 털때문에 걱정인 집사​털날림으로 인해 매일 청소해야 하지만 청소가 힘든 집사​물걸레로 깨끗하고 효과적인 청소를 원하는 분​소음이 작은 청소기를 원하는 분​집을 깨끗하고 스마트하게 청소하는 청소기를 원하시는 분​파나소닉 물걸레로봇청소기를 추천드려요!​​​​",15,1,9,641,8,3,154.2,0,,2021. 2. 4. 20:58,1485,84534,애완·반려동물,"['로봇청소기🙈 진짜고민하고있는중인데ㅎ ㅎ 물티슈들어가는거 넘신긔쓰해여👍디자인 네모네모모양도 맘에들구  샥샥 야무지게 피해서 청소해주네요 👍👍로봇청소기. . . 찜 . . . 🧡', '물걸레로봇청소기라 털은 순삭이에요👍그리고 물티슈도 사용가능해서 저는 너무 편했어요:)', '저희 강쥐는 털이 많이 날리는 편은 아니지만 요런거 구비해두면 완전 유용해보이네요...!!!!!', '혼자서 청소해서 너무 좋아요👍♥️', '강아지 귀여워요', '아............청소기가 또..눈에 안들어오는 빌리의 마법 ...너무 귀여워요 ㅠㅠ 지금 남편이랑 노트북 큰화면으로 보면서 또 사랑에 빠졌어요 ㅋㅋㅋㅋ 저희도 얼마전에 로봇청소기 구매를 했는데 꼬미가...너무 무서워해서 ㅜㅜ 잘 사용하지 못하고 있어요 ㅠㅠㅋㅋ', '꼬미가 무서워하다니😭 빌리 항상 예뻐해주셔서 감사합니다🙇\u200d♀️♥️', '저도 사고 싶어지는 블로그 글이네용']"
5,https://blog.naver.com/ecoutestu?Redirect=Log&logNo=222228376475,"강아지와 고양이를 키우면 날리는 털그리고 깨끗한 공기를 위해서 매번 환기를 하지만미세먼지가 많은 날에는 공기청정기를 사용하는데사실 환기할 때에도 공기청정기를 사용해서 거의 24시간 동안 공기청정기를 틀어요!​그런데 방마다 공기청정기를 놔둬야하고,너무 비싼 공기청정기는 토리와 빌리때문에 부담스러운데가격과 기능에서 만족한 공기청정기를 소개하고자 합니다​바로바로쿠쿠 공기청정기는 취향에 따라 디자인을 놔둘 수 있는데털이나 먼지때문에 구멍이 없는 부분을 앞에 두고 사용 중인데 구멍 부분도 깔끔하고 예뻐요​사용방법도 간단하고 기능이 많아서 좋은데저는 대체로 취침이나 유아모드를 사용해요​그리고 꼭! 버튼잠금버튼잠금은 살짝 누르고 있으면 버튼이 잠기는데 고양이 토리가 매번 공기청정기 위에 올라가서 꼭 이용하는 버튼이에요​그리고 조명으로 실시간 공기상태를 알려주는데공기상태를 조명으로 확인할 수 있어 간단하고 편했어요파란불이면 마음에 안정이..👍♥️​그리고 제가 자주 사용하는 유아모드는 최저소음 + 미풍바람 + 가습 으로 만능 모드입니다!​옆에 손잡이처럼 잡는 곳이 있어서 이동할 때 잡고 움직이기 편하고, 공기청정기 무게 자체가 가벼워서 사용하기 편해요! 매번 집 구조를 바꾸는 저희 집에는 딱​가격도 저렴한데 기능까지 좋아서 추천드리는 쿠쿠 공기청정기🌬​공기청정기를 방마다 두는데 가격으로 걱정이신 분​사용법이 간단한 공기청정기를 찾으시는 분​쿠쿠 인앤아웃 에어 안심 가습 공기청정기 추천드려요:)​​​https://coupa.ng/bQP0eo​​파트너스 활동을 통해 일정액의 수수료를 제공받을 수 있음​",8,0,1,154,4,0,154.2,0,text_ad,2021. 2. 2. 1:16,1485,84534,애완·반려동물,"['ㅎㅎ 고양이들은 그런곳 올라가는걸 좋아하는 것 같아요 공기청정기 추천 감사합니다 😊', '서이추 해주셔서 놀러왔어요. 잘 보고 갑니다^^', '', '[입춘대길-입춘을 맞이하여 길운 기원]봄이 온다는 기쁜 소식입니다~블로그 이웃님,좋은 일, 경사스런 일 많으시길 바라겠습니다!']"
6,https://blog.naver.com/ecoutestu?Redirect=Log&logNo=222335727257,"햇빛이 뜨거워지는 요즘! 낮에 산책가면 친구들도 많고, 빌리도 좋아해서 낮산책을 즐겨하는데 햇빛때문에 많이 힘들어하더라고요옷을 입으면 더워서 안입히는데 그럼 바로 햇빛을 받아서 걱정하는 그런 루틴이 무한반복이에요​하지만 무한반복 루틴의 고민을 없애줄 강아지 필수템강아지 선크림 산책 미스트!산책가기 전 그리고 산책할 때 사용하느라 가방에 매일 넣고다녔는데, 빌리도 거부감없이 잘 사용하더라고요캡이 있어서 깨끗하게 보관 가능하고, 한 손에 쏙 들어와사용하기도 편해요! 저는 산책가방을 사용해서 가방에 넣어다니는데 포켓사이즈라 주머니에 넣고 수시로 사용해도 될 만큼 한 손에 쏙 들어오더라고요그런데 용량은 아주 넉넉해서 집사는 대만족산책용 미스트로 자외선 차단을 해서 반려견의 연약한 피모보호에 최고예요!사실 흰 털을 가진 반려견의 피부가 연해서 주의해야하는데 르댕미스트는 자연유래 추출물과 88% 부활초 추출물을 사용해서 순하게 사용가능해요!​미스트를 뿌리는걸 너무 싫어하는 빌리라 걱정했는데르댕 미스트는 냄새부터 진하지 않아서 괜찮더라고요​또 아틀라스 시더우드, 캐모마일 등을 사용해서벌레도 퇴치하는 산책 만능 미스트!!!​사용법에는 손에 뿌려서 사용해도 되고, 반려견 몸에 직접 분사해서 사용해도 되지만 저는 편하게 몸에 직접 분사하는 방식으로 사용하고 있어요. 그리고 자외선 차단되라고 몸에 꼼꼼히 분사하는데 이 자외선 차단제도 자사 특허 출원으로 안전한 제조업체에서 생산되고 있어요그리고 자외선 차단제도 일반 자외선 차단제가 아닌피모동물용 자외선 차단제를 사용해서 안심하고 사용 OK!매일 자외선 노출에 대비해 보호하는 보호자가 되자고요♥️​빌리가 자주 사용하는 사용법은 초간단 반려견 몸에 뿌리면 끝!분사도 뭉치지 않고 골고루 잘 뿌려지더라고요그리고 등은 지렁이 춤을 추느라 매일 닦아져서 여러번 뿌려도 떡지지 않고 촉촉해서 좋았어요!​사실 떡지거나 반려견이 너무 싫어하면 집에 와서 씻겨야해서 미스트를 잘 사용 안하는데 르댕은 그러지 않아서자주 사용했는데 한 번 사용할 때 많이 사용해도 떡짐현상 제로!!!!​그래서 요즘 산책 중 필수코스 르댕미스트 뿌리기!벌레도 많고, 햇빛때문에 자외선도 걱정되서 마음껏 사용하고 있는데 한번도 피부에 알레르기나 간지러움 현상이 나타나지 않아 만족하고 있어요​르댕 미스트만 사용하면 자외선이랑 벌레 걱정 끝빌리도 거부감 없이 신나게 사용 중이라아직 미스트를 정착하지 못한 반려견에게 추천해요​그리고 여름에는 무조건 산책 필수템인 르댕 강아지 선크림 산책 미스트! 빌리는 쟁여두러갑니다♥️​오전 산책으로 햇빛이 걱정인 보호자​반려견도 자외선 차단제가 필요하다고요!간단하게 강아지의 피부를 보호하는 르댕 산책용 모이스처 미스트건강하고 자외선으로 안전하게 여름산책해요:)​​​​​​",14,1,3,285,2,1,154.2,0,text_ad,2021. 5. 3. 20:10,1485,84534,애완·반려동물,"['저희 애기한테도 하나 장만해줘야겠어요! 유익한 포스팅 잘보고 갑니당:)', '선크림 미스트라니 신기방기 🤩🤩']"
