,Post URL,Post,Image num,sticker num,gif num,Paragraph num,Comment num,Video num,weekly viewer mean,Sympathy num,AD,Posting Date,Buddy num,Total visit,Blog category,Comment detail
0,https://blog.naver.com/eikwniio123?Redirect=Log&logNo=222238363083,"안녕하세요 또리니입니다저번에는 인어공주 보석십자수를 완성해서 포스팅했는데요 이번에는 아이러브페인팅의 명화를 완성했어요🤗​​아이러브페인팅의 DIY 보석십자수​손으로 뽀짝뽀짝 하는거 좋아하는 또리니는 개봉전부터 아주 의지 만땅🔥😝🔥​​박스 뒷면에는 사용방법과 제품 사진도 보여주고 있어요~​​박스 안을 열면 커다란 캔버스 위에 프린팅된 도안과 보석십자수를 하기위한 도구와 비즈가 들어있습니다​​캔버스위에 필름이 붙여져 있는데 작업할 부분만 살짝 떼어내서 작업을 하면 됩니다​​먼저 저는 찾기 쉽게 비즈를 정리해서 분류했는데요 이러면 찾는데 시간이 단축되서 훨씬 더 편하더라구요~​비즈가 부족하면 어떻게하나 걱정하시는 분들도 계신데 비즈도 30%나 추가로 들어있어서 부족하지 않고 오히려 남아도니 걱정하지마세요😁​​캔버스에는 빽빽하게 모양과 번호들이 적혀져 있습니다이걸 다 채울생각을 하니 너무 흥미로운데 저만 그런가요..?🤔​​보석십자수를 하기위해서는 먼저 트레이에 비즈를 쏟아낸 후​​트레이를 흔들어 비즈가 윗면으로 오게 만듭니다​​그다음 고체풀을 펜에 콕 찍어서 주변 찌꺼기를 정리해주세요(찌꺼기가 보석과 캔버스에 붙으면 떼기 번거로우니 처음부터 조심조심)​​콕 콕 모양에 맞는 비즈를 올려주기만 하면 끝!!하는 방법은 진짜 너무 쉽죠>.<​​보석십자수 완성!!!온 가족이 합세해서 3일정도 걸려 완성한고흐 별이빛나는밤에2​​진짜 하고 나니까 너무 뿌듯하고 영롱하고..보석이 빛나니까 저 강물에 진짜 빛이 비추는것 같고 너무 이쁜것 같아요✨​저희 집 입구들어오면 바로 보이는 벽면에 걸어줬더니 집이 더 고급지고 무드있어져서 다들 엄청 만족스러워 하고있습니다 ㅎ.ㅎ​​요즘같이 어디 나가지도 못하고 강제 집콕을 해야할때 취미생활로 딱인 보석십자수 진짜 강추합니다!​​이웃님들 즐거운 명절 보내시고 다음 포스팅에서 뵈요~~​​​#보석십자수 #보석십자수추천 #아이러브페인팅#아이러브페인팅보석십자수 #보석십자수명화#별이빛나는밤에보석십자수 #고흐보석십자수#보석십자수도안 #보석비즈 #인테리어액자#취미생활추천 #집콕생활추천 #캔버스액자​​​​다음에 또 만나요

 
다음에 또 만나요

 
다음에 또 만나요

 
",11,1,3,185,19,1,349.0,21,revu,2021. 2. 9. 23:26,1436,178169,국내여행,"['와우우대단해요 전 손바닥만한것도 완성못해서 ㅜ', '온가족 머리맞대고 열심히 했어요 ㅋㅋㅋㅋ', '어우 저도 저번에 보석 십자수하다가 목에 담올뻔했잖아요ㅠㅠ완성본 너무 예쁜데요? 그림도 별이빛나는밤에 고르셔서 빛따라 반짝일때 특히 더 예쁠거같아요!!ㅎㅎ', '이거 오래하면 목에 담와서 쉬엄쉬엄했어요 ㅋㅋㅋ완성본 진짜 이뿌죵 ✨', '와..너무 예쁘게 잘하셨는데요?!😊', '감사합니다 ㅎㅎ 반짝반짝 이뻐서 너무 뿌듯해요~', '잘보고가요~', '감사합니다~', '저도 보석십자수 해봣는데 집에서 하기 넘 좋더라구요!! 오래머물다갑니다', '집에서 쉬면서 하기 좋은것같아용 ㅎㅎ', '우왕 ㅎㅎㅎㅎ 십자수로 만드니 더욱 영롱한것같아요 ㅎㅎㅎ 3일만에 온가족이 도와서 하셨다고 해도 빨리 하신거같아요 히히 😛💗', '보석이 빛나는게 영롱하고 넘 이뿌죠 ㅎㅎ진짜 큰 사이즌데 여럿이해서 금방 끝낸것 같아요!', '요즘 보석십자수 인기 많더라구요ㅋㅋ별이 빛나는 밤 명화 정말 좋아하는데 보석으로해서 그런가 더 영롱해요😆', '별이빛나는밤에 진짜 빛나는것같고 이쁘죠 ㅎㅎ', '오우 대박 이 큰걸 다 하셨다니 ㅎㅎ멋쪄부려요💖 가족과 협력의 힘인가여', '진짜 과정은 힘들었지만 너무 이뻐서 뿌듯하더라구요 ㅎㅎ', '그 맛이쥬 저도 퍼즐 1000피스 하고 그런 기분이었어요🙌🏻', '와..진짜 너무 고흑적이고 예쁜데요? 너무 예뻐요 ㅠㅠ', '진짜 너무 이쁘죠~ 완성하고 너무 뿌듯했어요 ☺️']"
1,https://blog.naver.com/eikwniio123?Redirect=Log&logNo=222054373975,"요즘 장마가 계속되어서 나가지도 못하고 집에서 뒹굴뒹굴하고 있는데요.. 그렇다고 또리니가 암것도 안하구 가만히 있을수는없죠? 한참고민하다 저번부터 해보고 싶었던 보석십자수를 구매했습니다!​저번에 미니어처 집만들기도 구매해서 하고있는데 시간이 꽤 걸리더라구요.. 이건 금방 완성할수있을것 같아서 동생생일선물까지 담아놓고 주문했습니다(3만원이상 무료배송이니 참고하세요!!)​​배송은 이틀만에 왔습니다 made in china 감성인 홀로그램 박스입니다​​울트라패션 사이트 도안중 인어공주가 제일 이뻐서 인어공주를 구매했는데 생각보다 이쁩니다​배경까지 기호표를 다 채울생각을 하니 왠지모르게 기분이 좋더라구요~ㅋ.ㅋ​​구성품으로는 도안, 비즈, 비즈트레이, 비즈펜, 기호표, 고체풀이 들어있습니다​​보석십자수 하는 방법은 아주 간단합니다1. 비즈풀고2. 고체풀 바르고3. 비즈잡고4. 비즈 붙이면 끝!​​요렇게 비즈를 콕 붙이면 되는데 참 쉽죠?틀안에 쏙쏙 들어가는 보석의 느낌을 한번느껴보시면 헤어나오기 힘드실겁니다 ㅋㅋㅋㅋ​​인어공주 보석십자수 완성~저는 3일동안 저녁에 조금조금씩 했는데2시간 반~3시간 정도면 하나 뚝딱 완성입니다​​액자포함 상품이라 완성후 인테리어 소품으로 놓을수 있습니다​보석색감이 조금 촌스러운 감이 있지만 저렴한 가격에 킬링타임으로 최고였습니다다음에는 좀더 크고 퀄리티 좋은 보석십자수를 구매해야겠어요>.<​​#집순이취미생활#보석비즈#보석십자수#울트라패션보석비즈#울트라패션#취미생활추천 
 
 
",5,1,1,123,38,1,349.0,41,,2020. 8. 7. 23:23,1436,178169,국내여행,"['헐 완전이뻐용!!! 아무생각없이 시간잘가겠는데요?! ㅎㅎㅎ', '진짜 생각안하고싶을때 딱좋아용!! 가격도 저렴해서 부담없이하기도 좋더라구요 ㅎㅎ', '와 이걸 하나하나 대단하세요!! 전 하다가 눈 빠지겠어요 ㅋㅋㅋ', '킬링타임으로 아주 딱이예용 하다보면 중독성이..ㅋㅋㅋ', '친구도 이거 한다고 하던데 저도 혹하네요 ㅋㅋㅋ', '여유있으실때 한번 해보세요!! 진짜끌잼입니당', '우안ㅋㅋㅋ 보석십자수라니!! 첨 봤는데 영롱하니 넘 예뻐요!', '반짝반짝 거리는 보석을 완성시키니까 보람도 있더라구용 ㅎㅎ', '오 저두 시간남을때 해보려구 여기저기 둘러보곤 있는데 첨부터 하드코어를 할 지 쉬운걸 해야할지 고민중이에용', '시간여유 있으시면 하드코어로 하셔도 괜찮을거같아용!! 쉬워서 금방만드는데 이뿌고 좋은걸로구매하세요>.<', '오 신기해요  요새 비때문에 강제 방콕인데', '진짜장마 언제끝나련지.. ㅠㅠ 심심하실때 하나 완성해보세요!!ㅎㅎ', '헉 에리얼 ㅠ_ㅠ 비즈랑 에리얼이 너무 잘어울려요 💜 저도 이거 유튜브 영상으로 자주 봤었는데 어마어마하게 심신안정도 되고 좋더라구요? 그래서 하나 살까 생각중인데,, 한번 저도 도전해볼까요옹', '여기사이트중 에리얼이제일이뿌더라구용 ㅎㅎ 진짜 재미있어용!! 꼭한번 해보세요~😊', '헐 너무 이쁜데요?!!저도 어제 보석십자수 인어공주 살까말까 고민했엇는뎈ㅋㅋ', '진짜 재미있어용 ㅎㅎ 시간여유있으실때 한번 해보세요!!😆', '엇 저는 사슴 보석십자수중인데 >.< 반하고 자꾸 손이안가욬ㅋㅋㅋㅋ 목이 아파사지고 ㅠㅠㅠ', 'ㅋㅋㅋㅋ한번할때 너무 오래하면 목이랑 허리랑 아프더라구요 쉬엇다가 해야해요ㅠㅠ 사슴도 이쁠것같아요!!', '와 진짜 이뻐요!!! 안 어려워요?', '이건진짜 쉬워요~ ㅋㅋㅋㅋ 한번해보세용!!', '네네!!!!진짜 반짝반짝 이뻐 보여용 다음에 해봐야겠어오!', '저도 보석십자수 해봤는데 정말 아무생각없이 시간 넘 잘가는것 같아서 좋더라구요 ㅎㅎ', '그죠 진짜 무료한 일상의 킬링타임이예요 ㅋ.ㅋ', '메이드인차이나감성ㅋㅋㅋㅋㅋ웃고가여^^', 'ㅋㅋㅋㅋㅋㅋㅋㅋㅋㅋㅋㅋ이거꿀잼입니다ㅋㅋㅋ', '오우 대박 !다시 완전 집순이 된 기념으로저도 요거 하나 시작해볼까봐요,,ㅋㅋ', '요즘진짜 나가지도못하는데 힐링하기 딱좋고 진짜재미있어용!!', 'ㅋㅋㅋㅋㄱㅋㅋ제친구들도 요즘 보석십자수 하더라구요!! 왠지 반갑네요~~ㅋㅋㅋㅋ', '이게 엄청 쉬운데 킬링타임으로 아주 딱이예요>.<', '우와 또리니님!!! 십자수라고 해서.. 저 옛날..사람.. ㅋㅋㅋㅋㅋㅋㅋㅋㅋㅋㅋㅋㅋㅋㅋㅋㅋㅋㅋㅋㅋㅋㅋ 십자 만들어서 하는 그 구닥다리 십자수 생각했어요우와!! 요즘 이런 취미도 있군요!!👍👍👍완성품.. 진짜 구입했을법한... 그런 비주얼 🙆\u200d♀️🙆\u200d♀️🙆\u200d♀️ 너무 이쁜걸요!!!!!!!!!!!! 동영상으로 봤느데, 블링블링하니,,, 인테리어로 써도 될 것 같고!!! 저도 공유해준 링크 들어가서 구경해봐야겠어용 😍', 'ㅋㅋㅋㅋㅋ요즘은 보석십자수나 유화그리기나 킬링타임으로 하기좋은 것들이 많이나오더라구용ㅎㅎ 여기사이트중에서 에리엘이 젤이뻐서 저는 요걸로 샀어용~', '멋진 취미생활이시네요~저도 한번해봐야겠어요아이들도 좋아할거같아요~', '너무 괜찮네요  저도한번 사봐야겠어요']"
