,Post URL,Post,Image num,sticker num,gif num,Paragraph num,Comment num,Video num,weekly viewer mean,Sympathy num,AD,Posting Date,Buddy num,Total visit,Blog category,Comment detail
0,https://blog.naver.com/emj830?Redirect=Log&logNo=222322828174,"휴대용선풍기 SHF-M01로 여름준비​​​​​눈도 많이 오고 유난히 추웠던 겨울이 지나고...봄이 오더니..낮에는 갑자기 여름이 온 기분이 드는거 같아요~~​​​벌써 낮에는 여름 날씨처럼 무더운 날씨가 일주일동안 지속되고 있어서반팔차림도 많이 보이고..슬슬 손에 선풍기를 많이 들고 다니시더라구요~​​​​​다민이가 하원후에는 놀이터를 가는데...놀이터에서 노는시간동안 얼마나 덥던지요^^;;​기온이 27도 28도 이렇게 올라가면서..머리에는 땀이 삐질삐질 나고;;​이제 여름을 슬슬 준비해야해서!​휴대용선풍기를 장만해봤어요~~​​​몇년전만해도 휴대용선풍기하면 투박하고 바람도 별로 안 시원했는데..요즘은 선풍기도 더 작아지고 휴대하기도 좋고 바람세기는 더 좋아진~~!​​마침 3년전에 구입했던 휴대용선풍기가 고장났는데...이번에 더 귀엽고 성능좋은 선풍기가 있다고 해서 사용해 봤어요 ​​정말 육아맘들게는 필수인 휴대용선풍기..아기띠를 하고 다니면 너무 더워서손에는 항상 휴대용 선풍기를 들고다니면서 저도 선풍기로 열을 식히고아이도 열을 식혀주고~~~​​​​​​​제가 선택한 휴대용선푸기는 ​아이부터 성인까지 좋아하는 캐릭터가 3가지 캐릭터로 되어 있고색상도 3가지라서 취향에 맞게 골라주면 될거 같아요~~!​​파스텔톤의 컬러는 산뜻하면서 시원함을 느껴지는게 여름에 딱인거 같아요​​​​​캐릭터 이름은 ​부끄곰시크냥핑구...​​이름도 너무 귀엽죠??저는 핑크 덕후라서 부끄곰을 선택했지만..​시크냥도 귀엽고 핑구도 귀엽고..​너무 귀여워서 사실 선택하는데 결정장애가 왔었어요 ㅎㅎㅎ​​그래도 저는  귀여운 부끄곰을 선택해서 받았는데역시나 너무나 귀엽네요^^​​​​컴팩트한 사이즈로 한 손으로 잡아도 부담이 없고요69.5g의 가벼운 무게를 가지고 있어서장시간 사용해도 손목에 무리가 가지 않더라구요 ​​​휴대용 선풍기가 무거우면 오래 들고 다니면손목이 시큰한게 조금 아프거든요~~​그런데 이렇게 초경량 제품은 너무나 좋은거 같아요 ​​​​그리고 스트랩이 들어 있어서 외부에서 사용할때도 안전하고편하게 사용할 수 있다니!! ​여름에 필수템이 될거 같아요 ​​​​​​​브러시리스 DC 모터와 7팬 날개를 통해서 배출되는 바람은파워풀하면서 소음은 또 적으니​입자가 곱고 부드러운 바람을 만들어 낸다고 해요​​​​​​작지만 모터바람은 또 얼마나 세던지요~~​​그리고 3단 풍속 조절이 가능해서​​초미풍- 약풍- 강풍 3단계로 설정이 가능해서아이들이 사용해도 부담 없이 안전하게 사용이 가능할거 같아요 ​​​​​​​​그리고 무엇보다 LED 조명이 나와서 아이가 너무나 좋아하더라구요^^​LED 버튼 1회를 누르면 컬러가 변색 작동되고버튼 2회 작동을 하면 컬러 고정3회 버튼을 작동하면 LED등이 종료된답니다 ​​​​​​그 리고 뒤쪽은 안전한 아크릴 미러가 달려 있어서간단하게 거울 볼때도 편하고 좋았어요~~!​​​​​​그럼 아기자기한 휴대용선풍기를 보여드렸으니~~한번 사용을 해볼게요 ㅎㅎㅎㅎ과연 얼마나 시원하고 잘 돌아갈지~~~​​한번 완충하면 LED를 제외하고3~4시간 사용이 가능하다고 하니...​​하루종일 사용해도 선풍기가 꺼질 염려는 없답니다 ​​​​​​​​이렇게 앙증맞게 생겼어요..​​여자인 제가 잡아도 작은게 너무나 귀엽게 생겼죠??​제가 휴대용선풍기를 많이 사용해봤는데..​보통 스트랩이 손목에만 걸게 줄이 좀 짧았는데..이렇게 줄이 길어서 목에 걸어도 되서 두손이 자유로움도 느꼈답니다 ㅎㅎㅎ​​​​​오~~ 바람도 시원하고 불까지 들어오니..야간에 사용할때도 좋고​밖에서 물건 떨어뜨려도 LED등 켜서 주우면 되니 편리하니 좋더라구요 ㅎㅎㅎ​벌써 휴대용선풍기 준비를해?? 생각하실 수 있지만..​낮에는 너무 더워서 반팔을 입고 외출하고.아이랑 놀이터에서 놀다보면;; 마스크를 껴서 그런지 더 땀이 쭉쭉 나오는 요즘이에요​​​​​알록달록 불이 들어오니...뭔가 더 인싸가 된거 같은 기분 ㅎㅎㅎ​​​​무더워지는 여름을 대비해서..미리미리 준비하는 휴대용선풍기​​앙증맞고 시원한 성풍기를 찾는다면 초경량 미니 휴대용선풍기 SHF-M01 어떠세요??​3가지 디자인으로~ 취향에 맞게 골라서 사용하면 되고​아이들 더울때 휴대용선풍기 잠깐만 켜줘도 땀이 식는게~~!여름에 바깥 활동할때는 필수인거 같아요 ​​​​​이번 여름도 시원하게 부탁해~~!​​​​​​좀 더 자세한 휴대용선풍기를 만나고 싶다면 아래링크를 눌러주세요​↓↓↓​​​​​이 포스팅은 에스알커머스로 제품을 제공받아 작성된 후기입니다 ​ 
",18,0,0,393,1,1,1922.2,5,text_ad,2021. 4. 26. 7:00,2455,4585313,,['안녕하세여^^~ 인테리어  소품및  생활용품  냥이 멍이들 용품을   판매하고  있어서  여로모로  공부할겸  이곳까지  왔네여~  게시글잘보고갑니다^^~']
1,https://blog.naver.com/emj830?Redirect=Log&logNo=221995278651,​휴대용 선풍기 추천 2중날개로 시원함을 더해요​​​​저번주만해도 이렇게 덥지 않았는데..갑자기 찾아온 여름이네요..ㅠ​대구는 이미 30도를 넘고...수도권에 사는 저도​이제 집에서도 가만히 있어도 한 낮에는 땀이 줄줄..​​이럴떄 외출할때 필수품!!!바로 휴대용 선풍기가 꼭 필요한거 같아요..​​그래서 요즘 제가 외출할때 제 손목에 대롱대롱 달려있는휴대용선풍기를 소개해드릴게요​​​​​​더블팬 휴대용 선풍기는 ​​초강력 2중날개를 가지고 있고반영구 BLDC모터118g 초경량대용량 배터리저소음 KC 전자파인증 1억원 책임보험을 가입해 있어서​​믿고 사용할 수 있는 휴대용 선풍기랍니다​​​​​​​무엇보다 작은 사잊로휴대하기 간편해서 한소에 촥 감겨서  자주 사용하게 되는거 같아요​​​​제가 처음에 구입했던 손선풍기는 꽤 커서계속 들고다니면 은근 무거웠었거든요;;​​​아이데리고 다니는데 선풍기까지 무거우면..정말 하...너무 힘들었네요 ㅠ​​​​​​​​​작지만 이중날개를 가지고 있어서바람 세기는 더욱 강력한 휴대용 선풍기​​​​​​​크기는 초미니 지만 세기는 초강력을 가진 선풍기!!​​역시 2중날개라서 강력한 바람을 자랑하나봐요​​작지만 바람을 멀리 시원하게 보내주는 선풍기!​​​​​​​바람은 세졌는데..소리는 이렇게 조용해도 되나요??​​저소음으로 설계된 날개덕분에..조용하면서 강력한 바람을 느낄 수 있답니다.​​​​​​​​​사용방법은 간단해요..​​​1회 짧게 누르면 1단계2회 짧게 누르면 2단계3회 짧게 누르면 3단계4회 짧게 누르면 종료​​​​간편한 원 버튼 컨트롤로 누구나 쉽게 사용할 수 있답니다.​​​​​​그럼 사용하기전에 충전을 먼저해줄게요!!​충전을 다 했으니 밑부분에 스트랩도 연결을 해줄게요​​​​작지만 강력한 성능으로 부드럽고 풍성한 바람을 자랑하는휴대용선풍기 ​​이제 더운 날씨 외출에도 걱정이 없어요!​​​​​​​​​​​아 ~~~시원해~~~~집에서 컴퓨터로 작업할때도이렇게 틀어주니 세상 너무나 시원하네요^^​​​​블루그린핑크화이트​취향에 맞게 색도 고르면 좋을거 같아요!!​​4가지 컬러로 다양하고 시원하게 선풍기 즐겨보기~~​​​​​아직 손 선풍기 구입 못 하셨던 분들은더블팬 휴대용 선풍기 어떠세요??​작지만 강한 아이라 만족감이 높네요​​​https://dansoon.co.kr/product/search.html?banner_action=&keyword=%EB%8D%94%EB%B8%94%ED%8C%AC ​​​​,23,0,0,190,1,0,1922.2,12,revu,2020. 6. 9. 19:14,2455,4585313,,['이제 내일까지만버티면주말이네요 화이팅입니다^^']
2,https://blog.naver.com/emj830?Redirect=Log&logNo=221556730376,"휴대용선풍기추천블루필 미니헤드팬프로 사용기갑자기 날이 훅 더워지고...이거 휴대용선풍기 없이니...다닐 수 없는 계절이 돌아온거 같아요 ㅠㅠ조금만 다민이와 걸어다니면 후덥지근 한게...땀이 송글송글..;;차에서도 에어컨 안틀면 다민이는 카시트에서 땀이 주르륵;;그래서 더 이상 안되겠다 싶어..집에 있는 큰 휴대용 선풍기는 오빠 주고..블루필 미니헤드팬프로 선풍기를 사용해 봤답니다기존의 휴대용보다 더 작아서...휴대하기 굿이고..가방에 쏙쏙 잘들어 가는게...손이 자꾸만 가는 선풍기인거 있죠??블루필 미니헤드팬프로 선풍기는작고 세련된 디자인으로...작지만 바람은 강력하고 추가 배터리 없이 오래 사용 가능하답니다!99g으로 오래 들어도 손목에 부담이 크게 없고...터보로 맞이하는 강력한 바람으로....이거 하나면 땀 송글송글 안녕인거죠^^더군다나 한번 완충하면 24시간 사용 가능한거 실화인가요....색상은 스페이스그레이스노우화이트 마카롱핑크로 취향에 맞게 골라주시면 될거 같아요!!블루필 미니헤드팬프로에는 손목 스트랩과 충전기가 들어 있어서..선풍기를 손목에 걸고 다니셔도 좋을거 같아요집에와서는 이렇게 거치대에 올려두면..책상에서도 사용 가능하고...이제 까먹지 않고 잘 들고 다닐 수 있을거 같아요 ㅎㅎㅎ충전은 요로코롬 컴퓨터 하면서 해줘도 되구요..이게 집에 보니 호환되는 충전기가 여러개 있더라구요??그래서 이렇게 꽂아서 코드로 연결하니..구지 컴퓨터를 안틀어도 충전할 수 있어서 좋았어요!혼자 방에서 컴퓨터 할떄....에어컨 틀기도 뭐하잖아요...그럴땐 요 블루필 미니헤드팬프로를 틀어주니시원하니~~~ 오 좋네요강력한 힘을 가져서...작아도 바람은 쎼게 나오는게...이거 하나만 있으면 이제 외출이 두렵지 않을거 같아요!다민이 데리고 외출 했는데..하...더워라...오빠가 선풍기 꺼내라고 해서..다닥 꺼내서 틀어주니...다민이도 징징거리는거 멈추고 안겨서 잠자려고 하는거 있죠??떠기 땀을 식혀라!!!미션 ㅎㅎㅎ이번 여름은 블루필 미니헤드팬프로 후대용 선풍기와 함께하자 ㅎㅎㅎ이 귀여운 휴대용 선풍기는 아래에서 구입 가능합니다 !https://smartstore.naver.com/bluefeelcorp/products/4417334925 이 글은 위블을 통해 본 업체에서
제품 또는 서비스를 제공받아 작성된 글 입니다.

세
내
",18,0,0,189,4,2,1922.2,13,text_ad,2019. 6. 7. 18:04,2455,4585313,,"['베베님 항상 좋은 글 잘 보고 있습니다.', '베베님 오늘도 구경하고 가요~', '베베님 항상 좋은 글 잘 보고 있습니다.', '체크했습니다 ~~ 정보 매일 잘보고있습니다\n저희블로그도 좋은 정보 많으니 참고해주세요 ^^ 답방 감사용']"
3,https://blog.naver.com/emj830?Redirect=Log&logNo=221745442249,"블루투스 스피커 A30 연말선물로 라인리스 스피커  준비했어요.​​​​감성있는 소품이 어떤게 있을까??생각하면 많은 집에 하나씩 있는 블루투스 스피커가 아닐까 싶어요.​그 만큼 많은 분들이 음악을 즐겨 들으면서블루투스 스피커가 보급이 많이 되었는데...​우리집도 크리스마스가 다가와서 그런지집에서도 운전할 때도 항상 크리스마스 캐롤과 함께 하고 있어요.​​운동할 때는 신나는 음악잠자기전에는 클래식과 조용한 음악을다민이를 위해서는 동요​​제가 캐롤을 들으면서 즐거워해서 그런가다민이도 캐롤이 나오면 춤도 추고 즐거워 하는데..​​다민이에게도 좀 더 깨끗하고 좋은 음질로 캐롤을 틀어주고 싶고저도 좀 더 좋은 사운드로 듣기 위해요즘 우리집 음악을 담당하고 있는 블루투스 스피커 A30 라인리스 스피커를 소개합니다.​​​​​​​에이프릴스톤 A30 블루투스 스피커는 테이블이나 책상위에 올려둬도 작아서 공간 차지도 심하지 않고..​무엇보다 심플한 디자인으로 연말선물로도 지인들 선물로 안성맞춤일거 같아요 ​​블루투스 스피커 A30은 기존에 사용하던 블루투스 스피커와 달리무선충전이 가능해서 스피커를 사용할 때, 충전할 때도 선 없이 사용할 수 있는 무선 블루투스 스피커에요.​일반 스피커 사용하다가무선 블루투스 스피커를 사용해보면간편하고 이동이 수월해서 무선만 찾게 되는 거 같아요.​​​또, 에이프릴스톤 A30 블루투스 스피커 2개를 연결해서페어링해주면​스피커가 서로 떨어져있어도같은 공간, 다른 위치에서 풍부한 스테레오 사운드로 음악감상을 할 수 있답니다.​​​더 풍부한 음악을 들려준다고 하니 너무 궁금하네요.​​막귀이지만 스피커는 꼭 좋은걸 가지고 싶은 마음 ㅎㅎ​​​​배터리도 넉넉하게​ 완전히 소진된 상태에서 2시간 30분만 충전해주면 ​블루투스 스피커로 음악을 20시간 연속으로 들을 수 있어서 ​대용량 배터리 스피커를 가지고 있는 제품이라..음악 듣다가 끊길 걱정은 안해도 될거 같아요.​​​​그럼 작지만 강한 아이! 선은 없지만 블루투스 스피커가 얼마나 파워풀한 음량을 자랑하는지 한번 사용해 볼게요 ~! ​​​짜잔~~! 블루투스 스피커를 꺼내봤는데...블랙 색상이 고급진 느낌을 물씬 전해주네요.​​​기존에 사용하던 블루투스 스피커는 너무 작기도 하고 음악 나오는 방향이 앞 쪽으로만 나와서 좀 아쉬웠는데 ​라인리스스피커는 360도 모든 방향에서같은 음악이 빵빵하게 나와서 듣는 귀가 얼마나 편하고 좋던지요 ​​방향을 가리지 않은 같은 출력으로 음악을 들으면 좋다는걸이번에 다시 한번 느겼던거 같아요 ​​360도 무지향상 설계 블루투스는  보통 고가의 제품에서 만나볼 수 있는기능인데 ..​이런 좋은 기능을 라인리스 스피커에서도 만나볼 수 있답니다.​​​​무선 충전이 가능한 제품이지만하필 저희 집 무선충전패드가 고장나서컴퓨터 옆에서 충전을 시켜줬어요.​​보통 이런 제품은 충전하는 부분이 빡빡하던데에이프릴스톤은 진짜 스무스하게 잘 들어가더라구요확실히 고급진 느낌이에요.​​​스피커에서 음량조절도 할 수 있고 다음 트랙으로 넘길 수 도 있고 음악 듣다가 전화가 오면 전화도 받을 수 있고 ​사용해보니 참 편한 제품인 것 같아요 ​제가 사용하는거 보더니 오빠도 디자인 너무 예쁘다고 엄지 척​​​​​​스트레오 사운드가 가능한 블루투스 제품이라집에서 영화관람할 때 블루투스 스피커에 연결해서 틀어도 집중이 잘 되고 ​집 안 다른 공간에서도 같은 음악을 좋은 사운드로 들을 수 있답니다 ​​​오늘밤은 제가 좋아하는 음악영화를 블루투스 스피커와 연결해서편안한 사운드로 감상해야겠어요 !​​​이 날은..다민이도 낮잠자고 커피 한 잔마시면서 캐롤 음악을 들어 볼까 하고 블루투스 스피커를 빠르게 세팅해줬어요.​이제 연말에 어딜가도 크리스마스 분위기가 잘 안나서 ㅠ ​집에서 이렇게 듣는데 ..이거 귀가 왜이리 편하게 잘 들리나요 ~~! ​​구지 카페를 가지 않아도..여기가 음악맛집이네요​​​​​음악을 들을 때 좋은 스피커가 아니면볼륨을 크게 해서 음악을 들으면 소리가 째진다고 해야하나? 귀가 좀 불편한데​볼륨을 올려도 부드럽게 음질이 출력되어 자유로운 음량조절이 가능한 제품이랍니다.​​​​또 애플의 최대 생산위탁업체 폭스콘과 협업해서섬세한 사운드 튜닝과믿을 수 있는 부품, 생산으로높은 품질이 만들어진 거 같아요 ​​블루투스도 다 같은게 아니죠!블루투스 5.0 으로 적용해서음악이 끊김 없이 안정적인 음악 감상이 가능하답니다.​​​​작은 물컵정도의 사이즈로 차량에서 들어도 좋고 ​캠핑이나 여행갈 때 들고가고 감성 돋는 음악감상이 가능할 거 같아요 ​​​솔직히 휴대도 가능하고 작고 무선이라고 해서 ​음질이 많이 떨어지면 어쩌지 고민을 했는데​직접 사용해보니 내 고민이 무색할 만큼 이 가격에 이 디자인 너무나 만족스러웠어요!​역시 폭스콘의 음향 기술로 튜닝해서 그런지유연한 음량 조절 ok볼륨이 크거나 적을때도 풍부한 사운드가 귀를 사로잡는답니다.​​​연말선물을 어떤거 할까 고민을 많이 했는데..호불호 없고 많은 분들이 좋아하는 블루투스 스피커라인리스 스피커로 준비해야겠어요.​제품바로보기​​연말 이벤트 바로가기 http://www.aprilstone.co.kr/2019-year-end-event/​​저는 이 제품을 소개하면서 제품과 소정의 원고료를 제공받아 작성되었습니다.​​",14,0,0,524,1,1,1922.2,9,text_ad,2019. 12. 22. 9:29,2455,4585313,,['잘 보고 갑니다^^']
4,https://blog.naver.com/emj830?Redirect=Log&logNo=221633368634,​​​블루투스 스피커 스피커 eggi와 함께하는 일상 ​​​뮤직 인  라이프 ~~ 항상 집에서 일을 하든 청소를 하든 음악을 항상 듣는 배베에요 ​항상 핸드폰으로 들으니 다른방에서는 잘 들리지 않고 음량이 아쉬운 느낌이 들어서 ​작지만 강하고 귀여운 블루투스 스피커 애기 스피커를 업어 왔어요 ​​​​​​블루투스에 쉽게 연결할 수 있고 ​두개의 스피커를 한 기기에 연결해서 더 풍부한 사운드를 들을 수 있고 ​블루투스 무선촬영지원 ​충분한 연속 재생시간 ​전화 수신시 핸즈프리로 사용할 수 있답니다 ​​이 작은 아이가 이렇게 많은 기능을 가지고 있다니 ~​​​​​​​​계란 모양을 닮은 요 아이 ! 그래서 애기 인가봐요 ​​​45그램 이라는 가벼운 용량으로 부담없이 야외에도 들고 다니면서 사용 할 수 있고 ​​크기도 비교해서 이렇게앙증맞게 작답니다 ​​​이렇게 애기가 두개가 있으면 더욱 입체적인 사운드로 음악을 즐길 수 있답니다 ​​​​​애기 바닥에는 전원 버튼이 있고 ​뒤에는 충전할 수 있는 충전홀이 위치해 있어요 ​​​​​그럼 사용하기 전에 충전을 먼저 해볼게요 ! ​​​​​저는 아이폰 충전기에 연결해서 충전을 해줬어요 ​한번 충전하면 4시간이나 사용가능하니  야외에서도 부담없이 사용할 수 있겠죠? ​​​​​그럼 블루투스 스피커 애기를 사용해 볼게요 ​​​​​그냥 이렇게 버튼 누르고 블루투스만 연결하면 끝 연결하기 참 쉽죠? ​​제가 좋아하는 라흐마니노프를 틀어 봤는데 ​​역시 핸드폰으로 들었을때랑 사운드가 다르네요 ​​​​가볍고 휴대하기 좋고 입체적이고 풍부한 사운드로 음악을 듣고 싶으면 ​​블루투스 스피커 애기로 즐겁게 음악감상 하세요 ​​http://bit.ly/337HEmH​​​​​,17,0,0,189,3,1,1922.2,7,text_ad,2019. 8. 30. 12:55,2455,4585313,,"['오오!! 좋은 정보얻고 도망가요옹 보고 또 올게요!!', '아웅 ㅎㅎㅎㅎ 너무 귀엽다 ㅋㅋㅋㅋㅋㅋㅋㅋ 방에다가 하나 더 두고 싶은데 귀여운 놈이 없더라고 ㅋㅋㅋ얘 하얀것도 있나 봐야징']"
5,https://blog.naver.com/emj830?Redirect=Log&logNo=222200143479,"​센스있는 집들이선물 멜로우 디퓨저로 준비해요​​​집에 머무는 시간이 많아지면서..집을 좀 더 편안하게 꾸미려고 노력하는데...​요즘 우리집을 향기롭게 만들어주고 있는멜로우 디퓨저를 소개해 드릴게요 ​​​아마 디퓨저는 센스있는 집들이선물로도 많이들 초이스 해주시는데..​요즘 시국이 직접 집들이를 가지 못 하더라도..~~제품을 선택해서 택배로 보내주는것도 하나의 방법 같아요^^​​​​​​​​저는 가든파티로 향을 선택하고 주문을 했는데..이렇게 예쁘게 배달이 왔어요^^​토퍼와 몬스테라 조화까지..디퓨저 너무 예쁠거 같죠?​​저는 몬스테라를 선택했는데..깃털모양도 있어서,,취향에 맞게 선택해주시면 좋을거 같아요^^​​​​​이렇게 포장도 꼼꼼하게 와서..디퓨저가 하나도 새지 않았어요..​배달 받았는데..디퓨저가 새어 있으면 너무 속상하잖아요 ㅠ​이렇게 꼼꼼한 포장도 너무나 맘에 드네요 ㅎ​​​감각적인 디퓨저 토퍼는 문구도 선택할 수 있어서인테리어 소품으로도 너무나 좋을거 같아요 ​​​ㄱ​​​멜로우 디퓨저는 자연 그대로를 이용해서 만든 순수한 성분으로 향이 역하지 않았던걱 ㅏㅌ아요 ​​최고급 향료를 최대 30%나 포함했으니..향이 얼마나 좋은지 아시겠죠?!​​​스틱도 그냥 일반적인 우드스틱이 아닌고밀도 섬유스틱으로  발향이 더 빠르게 이루어져서발향의 강도가 강하니..스틱을 많이 꽂지 않아서 집안에서 은은한 향을 맡을 수 있을꺼에요 !​​​​​​집에 있던 디퓨저가 똑 떨어져서..​멜로우 제품을 선택했는데..향이 너무나 맘에 들고..디자인은 더 맘에 드네요^^​​​​​요즘 집에만 있느라 너무 힘들었는데..밝게 빛나리 우리인생이라니..​올해는 정말 밝게 빛나는 한해를 보내고 싶어요^^::​​​​​그냥 테이블 위에 올려도 이렇게 예쁘고요..​​공용욕실에 둬도 너무나 예쁜 멜로우 디퓨저..공용욕실을 따로 사용하지 않아서..​이렇게 두니..집에 오는 손님들이 향이 너무 좋다고 어디서 구입했는지 다들 물어보시네요^^​향기로운 향을 집안에서 은은하게 맡고 싶다면멜로우 디퓨저 추천해드려요~!​​​​​​​​센스있는 집들이 선물로도 좋은 멜로우 디퓨저..집안을 향기롭게 만들어 보세요!​​본 포스팅은 업체로부터 제품만을 제공받아 작성되었습니다 ​​5
",13,0,0,197,4,1,1922.4,10,text_ad,2021. 1. 7. 22:27,2455,4585314,,"['※※※※※※※  パハ  미끌~* (*>_<) 어이쿠!! ノ∩∩ /////빙판길조심~!!', '', '글 잘 읽었습니다~👍🏻날이 추운데 건강 유의하시구요제 블로그도 한번 놀러와주세요❤️']"
6,https://blog.naver.com/emj830?Redirect=Log&logNo=222071850778,집들이선물록시땅 디퓨저로 향기로운 선물하세요​​​​​​이번에 기나긴 장마로 집이 퀘퀘한 향이 나는거  같고..요리를 한번 해도 냄새가 잘 안빠지니...​​어떻게 하면 우리집이 좀 더 향기롭게 될까 하다가​​록시땅 체험단에 당첨되었어요​​​올레~​​​저는 여러 향 중에​록시땅 디퓨저​코쿤 드 세레니떼 릴랙싱 디퓨저를 사용해봤어요 ​​​예전에도 록시땅 디퓨저를 사용해봤는데..그때도 향이 좋았는데 역시나 향기 고급스러운게 너무나 맘에 쏙 드네요^^​​​​​​​​이렇게 박스에 포장이 되어 있어서집들이선물로도 좋고신혼선물로도 너무 좋을거 같아요 ​​​​​​​​​​록시땅 디퓨저는​-코쿤 드 세레니떼 릴랙싱 디퓨저-수스드 하모니 디퓨저-수플레 드 리베르떼 리바이탈라이징 디퓨저-두쉐르 이모르뗼 업리프팅 디퓨저​​이렇게 4가지 향이 있어요~​​마음에 드는 향으로 골라서 사용하면 좋겠죠??​​​​​​저는 코쿤 드 세레니떼 릴랙싱 디퓨저를 사용해봤는데..​​어머! 향이 고급스러운게 제 마음에 쏙~ 드네요^^​​향기를 엘레강스 하면서 프로방스의 순수하고 평온한 순간을 잘 나타내서릴랙싱을 선물해 주는 디퓨저에요^^​​​​​​​디퓨저 하나만 놓아도..집에 향기가 은은해 지는게..​​안 그래도 요즘 비도 많이와서 꿉꿉하고...코로나로 기분이 싱숭생숭 했던 마음에 평온함을 선물해줘서 너무나 좋네요^^​​​​​​​​​향기를 스틱 수에 따라서 농도를 조절 하면 되는데요..​저는 은은한 향을 원해서 3개를 넣었어요~​파우더룸에 두니...하루종일 파우더룸에 은은한 향이 나는게 너무나 좋은거 있죠​​​​​​​디퓨저 말고도 저는 록시땅의 캔들도 너무나 좋아하는데 ㅎㅎ​​캔들은 비올때 불을 켜 놓으면집안 분위기도 은은해지는게너무나 좋았던거 같아요 ​​​​​미니멀 라이프를 추구하는 저 인데..캔들 디퓨저 욕심은 왜이리 늘어가는지요 ㅎㅎㅎ​​​​​​​깔끔한 디퓨저로 우리집을 향기롭게 만들어 주는록시땅 디퓨저​​​​​​​​내가 사용할 만큼만 디퓨저에 부어주면 되는데..저는 다 부어서 스틱을 꽂아 줬어요 ​​​​​​​​집들이선물을 찾거나​신혼선물을 찾는다면​베베는 록시땅 디퓨저를 추천해 드릴게요​​​디퓨저 잘 못 하면 오히려 머리아프고 그럼 사용하다가 버리게 되는데..​​​록시땅 디퓨저는 고급스러운 은은한 향이하루종일 기분 좋게 만들어주네요^^​​​​​​​디퓨저는 록시땅!!​​코로나로 휴가도 못 가는데..우리집이 홈카페 홈캉스이니​​​​다음에는 다른 향기도 구입해서 색다른 느낌나게두어야겠어요^^​​​​​​​이 포스팅은 록시땅 체험단으로 당첨되어 작성된 후기입니다 ,14,0,0,222,2,0,1922.4,10,,2020. 8. 27. 7:30,2455,4585314,,"['이런 선물 센스있죠^^', ""잇님. 안녕하세요. 출석왔습니다. 태풍이 그래도 방향을 틀어줘서 다행이네요. 대비 단단히 했는데..ㅎㅎ. 인터넷 하다 좋은 글귀가 보이네요. 스페인 속담이라는데요. '항상 날씨가 맑으면 사막이 된다' 래요. 지금은 좀 어려운 시기인듯하네요. 그래도 힘내서 이겨내야죠. 오늘도 화이팅하세요. 포스팅 잘 보고 출석하고가요. 제 블에도 소통 부탁드립니다.""]"
7,https://blog.naver.com/emj830?Redirect=Log&logNo=221630234758,"​요즘 나의 힐링제품 홈 디퓨저는 메종베르제​​​​저번에도 메종베르제 제품을 소개해 드렸죠??​많이들 하시던 질문은..정말 향이 은은하니 오래가??​보통 디퓨저들은 향이 멀리 퍼지지 않아서 잘 안쓰게 되는데..​​메종베르제 제품은 향이 얼마나 지속되나??​정말 이 질문을 제일 많이 받은거 같아요..​​​저도 디퓨저 향이 이렇게 좋아도 되나???오래 지속이 될까??했던 염려를메종 베르제를 사용하고 싹 없어졌답니다~!​​​​​​​​​​​저번에 이어 이번에 사용해본 제품은 롤리타렘피카 센티드부케 디퓨저!​​​​롤리타램피카 컬렉션 향들은..뭔가 소녀적이고 사랑스럽고 우아한 향이 매력적인 향이에요​​​​​​​​케이스도 더 고급스럽고 예쁜 롤리타 램피카 디퓨저​​저 뚜겅은 담쟁이덩굴 잎사귀 형태로 디자인 되었다고 하니..​정말 하나하나 섬세한게 만든게 느껴지시죠?​​​​​방에서 은은한향을 내기 위에 뒀는데너무 예쁘죠? ​방도 화사해 보이고 무엇보다 향이 너무나 취저라 ....​​이건 제 방에 찜콩하고 뒀어요 ~~ ​​예전에는 다민이가 어려서 디퓨저를 잘 못 썼는데이제는 마음껏 쓸 수 있어서 너무 좋답니다 ^^​​​​​​​상자를 곱게 열어서 디퓨저를 꽂아주기 ! ​​​​​​디퓨저다 예뻐서 그런지 ​이렇게 올려만 둬도인테리어 효과가 있어서 ​​더 화사해 보이죠? ​이 날은 햇살까지  좋아서 굳굳 ​​​​​​​창가에 앉아서 은은한 항을 맡으면 내가 좋아하는 커피와 스콘 먹는 여유란 ~~ ​​​메종베르제 롤리타 램피카 향이 다 한거 같아요 ​​이런 여유 너무 좋아 ​​​​​​​온 집안을 향기로 가득 채우고 싶고​집들이 선물이나 집들이 선물로  디퓨저를 선물하고 싶다면?!​메종베르제 제품 선물해 보세요주는사람 받는사람 모두들 만족하실거에요!​​​​​​​​120년 역사와 전통을 가진 메종베르제​프랑스에서 탄생하고 많은 셀럽들이 사용하는 제품이고​실내공기 정화를 위해 개발된 최초의 제품이라서사무실 호텔 병원 애완동물솝등에서도 사용 한다고 해요!​​​​​​​​생선도 잘 구워먹고...고기도 잘 구워먹는 우리집..​메종베르제 디퓨저 앞으로 열일해줘​​​​​​ 
",9,0,0,201,3,2,1922.4,3,,2019. 8. 27. 17:12,2455,4585314,,[]
8,https://blog.naver.com/emj830?Redirect=Log&logNo=221563438677,"​​여름 기저귀는 팸퍼스스와들러로 준비해요​​​​​​저번에도 팸퍼스스와들러 기저귀를 잘 착용하고 있다고 소개해 드렸는데~~날이 더워지면서 더 자주 손이 가는 팸퍼스스와들러에요..​​​​정말 팸퍼스 써보신 분들은..왜 팸퍼스구나 하시는 그런 기저귀인 거죠^^​제가 먼저 사용해 보고 너무 좋아서 친구들한테 이야기했는데 ㅎㅎ​벌써 두 친구나 기저귀 유목민에서 팸퍼스로 정착했답니다​​​​​​팸퍼스에서도 여러 종류의 기저귀가 있는데..요즘 다민이가 착용하고 있는 팸퍼스스와들러​​팸퍼스스와들러는 더워진 날씨에도 에어채널의 높은 통기성과 얇은 두께로 뛰어난 통기성을 가진 제품이에요..​통풍이 잘 되니 아이 발진 걱정을 덜어줘서..육아맘들한테는 이런 거 넘나 고마운 거 있죠??​​​​​​​​​​​팸퍼스스와들러는 철저한 안전 기준을 통과한 인체 무해한 성분인 파우더리한 향까지 더해...​온 방이 좋은 향기로 가득 찬답니다^^​​​​​​다민이는 13킬로라 5단계로!!​​팸퍼스스와들러는 밴드형의 기저귀인데..​​​밴드형의 좋은 점은..아이의 허벅지에 맞게 엄마가 조절해서 채울 수 있다는 점 같아요​​​​​다민이 방에 한가득 채워져 있는 팸퍼스 스와들러....​​엄마들이 김장김치가 넉넉해야 든든하다고 했는데..​저는 기저귀가 꽉꽉 차야 든든한 거 있죠??​기저귀가 점점 없어질수록 조급해지는 마음과..더 채워 넣어야 할거 같은 기분;;​​​​​​​팸퍼스스와들러 기저귀를 그럼 보여드릴게요!!!​가운데는 소변줄이 이렇게 있어서..밤새 얼마나 쉬를 했나....​​우리 아이 기저귀를 갈아야 하나??​​알 수 있는 소변선이 1단계에서 6단계까지 이렇게 있어요​​​​​옆에 붙일 수 있는 밴드와​​​팸퍼스 제품 중 가장 부드러운 탑시트가 되어 있어서아이 피부 예민하고 연약하잖아요!!​​탑시트가 보호해 주니... 믿고 사용할 수 있답니다​​​​​​​3중 흡수 층으로 최대 12시간 동안 아이가 쉬를 5번을 해도끄떡없는 팸퍼스 스와들러..​그래서 팸퍼스 기저귀를 밤 기저귀 기저귀로 많이들 사용하시나 봐요^^​​​​​​​보리차로 얼마나 흡수력이 좋고 뽀송한지 보여드릴게요!!​​​​​​기저귀에다가 보리차를 부어주니...​어머 빠른 흡수력 보이시나요??​3중 흡수 채널로 빠르고 고루 잘 퍼져서뭉치지 않게 잘 흡수가 되네요...​이렇게 흡수력이 좋으니 샐 걱정이 없어아이한테 채우기 정말 좋은 기저귀 같아요​​​​​​​목욕하고 나온 떠기...​​오늘도 역시나 팸퍼스스와들러와 함께 합니다^^​​떠기가 사진촬영 협조를 잘 안 해줘서..​제가 유튜브를 잠깐 보여줬어요^^;;ㅎㅎㅎ​​​아픈 뒤로 살이 쏙 빠진 떠기...​기저귀 채워보니 살이 빠진 게 더 잘 보이는 거 같아요... ㅠ어서 우리 맘마 많이 먹고 살 찌자!!​​​​​서 있어도 앉아 있어도 참 편해 보이죠??​많은 분들이 선택해주신 기저귀라..저도 주저 없이 선택한 기저귀 같아요​​​​​​소중한 우리 아이 여름 기저귀를 찾는다면..팸퍼스 1년 넘게 사용한 베베가 주저 없이 팸퍼스스와들러로 추천합니다!!​​​미국 병원 판매율 1위 기저귀 팸퍼스...​기저귀 유목민 분들... 어서 어서 오세요​​​본 포스팅은 팸퍼스로부터 경제적 대가를(원고료 및 제품)  받았으나,포스팅 내용은 저의 주관적인 의견을 바탕으로 작성되었습니다.​^~2~
 
 
 
",18,1,0,300,3,1,1922.6,10,text_ad,2019. 6. 17. 8:50,2455,4585315,,"['떠기 배가 쏙 들어갔다 ㅠㅠㅠㅠㅠㅠㅠ 안쓰러운 것 ㅠㅠㅠㅠㅠㅠㅠ 딱 아가몸에 잘 맞고 그래서 그런가 앉아있는 모습이 편안해보여', '언니 정말 배가 쏙 들어갔죠 ㅠ', '오늘도 활기찬 하루 되세요 ~^3^']"
9,https://blog.naver.com/emj830?Redirect=Log&logNo=221541439355,팸퍼스스와들러 기저귀와 함께해요​​​다민이가 돌 전부터 지금까지 꾸준히 사용중인팸퍼스에요~~!​​정말 그 전까지는 기저귀 유목민 처럼..이것저것 써 봤는데...​​팸퍼스는 밤에 샐 걱정을 덜어주고사용하면서 발진 걱정도 없었고​​무엇보다 다민이가 착용하면 너무 편안해 하더라구요​​​팸퍼스스와들러는 다민이의 여름맞이 기저귀로 픽!​​​​​​​팸퍼스스와들러 기저귀는 은은한 파우더리한 향이 나서온통 방안에서 은은한 파우더향이 물씬 나는게기분마저 좋게 하는거 있죠??​​​​​​​가운데 소변줄도 있어서 교체시기를 눈으로 확인할 수 있어서 좋더라구요​​​무엇보다 팸퍼스 기저귀 중에서 가장얇은 스와들러는하트퀼트의 부드러움과 에어채널의 통기성이 있어서여름 기저귀로 좋은거 같아요^^​​​​​​​​그럼 다민이의 목욕하고 난 후팸퍼스스와들러와 함께한 모습을 보여드릴게요!​​한팩에 19개가 들어 있어서 보관하기 딱딱 좋은 사이즈였어요.​​​​​​​​팸퍼스 기저귀는 미국 병원 판매율 1위에 빛나는 기저귀로..그 만큼 많이들 믿고 사용하는 제품인거 같아요​​​​3중 흡수 층으로 최대 12시간 동안착용해도 쉬야 걱정이 끄떡 없으니​밤 기저귀로도 너무 좋답니다^^​​​​​에어 채널과 두께가 얇은 패드로 통풍도 잘되고통풍이 잘 되니 엉덩이 보송함은 덤!​​​​​​​​​오랜만에 밴드 기저귀를 채워주니신기한지..자꾸 튕기려고 하는거 있죠?ㅎㅎ​편안한지 기저귀 차고 앉아서 잘 노는 떠기​​​​​​​여름 아이 기저귀를 찾는다면 팸퍼스스와들러통풍도 잘 되고 발진걱정 없는 기저귀라 좋은거 같아요^^​​​,16,0,0,137,0,1,1922.6,7,,2019. 5. 19. 21:00,2455,4585315,,0
10,https://blog.naver.com/emj830?Redirect=Log&logNo=222304335229,"키엘 퓨처 메이드 베터 리필 파우치 플라스틱줄이기 동참​​​요즘 많은 업체에서 플라스틱 줄이기를 하고 있죠~~!​키엘도 환경을 생각하는 브랜드로플라스틱 사용량을 낮춰 환경 부담을 줄이는 ​키엘 퓨처 메이드 베터 리필 파우치가 출시 되었답니다​​​​키엘 아미노애시드 샴푸 리필 파우치와키엘 자몽 리퀴드 바디 클렌저 리필 파우치가 있는데..​​저는 샴푸 리필 파우치를 소개해 드릴까해요​​​​​​​​키엘 퓨처 메이드 베터 캠페인을 통해서 환경에 미치는 영향을 최소화하고자연을 보호하고 지역 사회를 후원하는 활동을 꾸준히 이어오고 있는데요​​​이 리필 파우치는 1L 사이즈로 판매되고 있어서..​기존 250ml 용량을 제품 4개를 사용하는것 보다 플라스틱 사용량도 줄어들어서환경보호에 동참 할 수 있을거 같아요!!​​지금 키엘에서는 인기가 가장 많은아미노 애시드 샴푸,컨디셔너, 자몽 리퀴드 바디 클렌저​이렇게 3개가 출시 되었답니다 ​​​​​​​넉넉한 용량으로...샴푸를 많이 사용하는 저에게는..딱인 파우치였던거 같아요..​​이렇게 공병도 예쁘면 반칙 아닌가요~~!​​​​​​​이렇게 필요한 만큼 뚜껑을 열어서 덜어서 사용하면 되는데요..​이렇게 캡 형식으로 되어있어서 보관하기도 좋고...공간차지도 많이 하지 않아서 미니멀을 추구하는 우리집에 딱이였던거 같아요 ​​​​​​​사용할 만큼 덜어쓰기~!​이게 1L 이다 보니..생각없이 붓게 되면;;넘칠 수 있으니..적당량을 부어서 사용하고 또 덜어쓰는걸 추천해드려요 ㅎㅎ​​​​​코코넛오일이 보습력도 좋고....모발에 좋은거 다들 아시죠??​키엘 아미노애시드 샴푸에는 아미노산과 코코넛 오일이 들어 있어서샴푸를 사용하고 나면 모발이 부드럽고 ​두피와 모발을 부드럽게 클렌징해줘서 두피까지도 생각하는 샴푸랍니다 ​​샴푸를 사용하고 나면 은은한 코코넛향이 얼마나 기분이 좋던지 몰라요^^​​​​제형도 투명해서...뭔가 깔끔한 느낌이 들고...사용하면서도 거품도 잘 나고..샴푸하고 난 뒤에는 찰랑거리는 내 머리를 만나볼 수 있을꺼에요​​​​​​​​우리집 화장대를 지켜주는 키엘 제품들!​키엘은 한번 사용하고 나면..너무 좋아서 자꾸만 손이가고...다시 키엘을 찾게 되는거 같아요^^​​​환경을 생각한다면키엘 퓨처 메이드 베터 리필 파우치를 사용해주세요 ​​​​위 포스팅은 키엘에서 제품을 무상 제공 받아 작성되었습니다혈
",16,0,0,219,1,0,1922.8,6,text_ad,2021. 4. 9. 19:14,2455,4585316,,['']
11,https://blog.naver.com/emj830?Redirect=Log&logNo=222076391773,​욕실청소세제 르주르로 화장실청소해요​​​​​​집에 있는 시간이 많아지면서..거실이나 주방은 청소를 자주 하려고 하는데..화장실 청소는 왜이리 귀찮은지 모르겠어요 ㅠ​​​물때가 자주 끼는 곳이고..환기가 잘 안되는 곳이라서..오히려 화장실을 더 자주해줘야 하는데....​​​그리고 욕실 세제는 꼭 냄새들이 다 독하고안 좋아서 청소할때마다 힘들었는데;;​​이번에 르주르 세제를 바꾸고 나서...룰루랄라 너무 신나게 청소를 하고 있답니다^^​​​​​우리집은 세탁세제도 르주르식기세척기 세제도 르주르...주방세제도 르주르..​​르주르를 사랑하는 집인데``​​이번에 욕실세제까지 르주르로 바꿔봤어요 ​​​​​​​우리집으로 배달온​​욕실 클렌저 세제와토일렛 커버 클렌저 세제에요​​​​​​화장실은 악취도 잘 나고..물 곰팡이도 잘 나는 곳이라서...​​세제선택도 중요한데요..​​요 르주르 욕실 세제는..​​항균 살균 탈취 흑곰팡이 제거에 효과가 있고피부자극테스트를 완료한 제품이래요^^​​​그러기 믿고 사용할 수 있겠죠??​​​​​​​​​​​새지 않고 안전하게 배송이 잘 되라고​이렇게 본품에 안전캡이 적용되어서 배송이 되었는데..​​​​이렇게 액체류를 주문하면항상 새서 박스가 젖거나 찢어지거나 그랬는데 ㅠ이번에 르주르 세제는 하나의 상처없이 우리집으로 무사히 잘 왔어요^^​​​​​토일렛 커버 클렌저는..이제 다민이가 변기를 같이 사용하는데..​​아직 조준을 잘 못해서..^^;;커버를 좀 더 깨끗하게 위생적으로 세척하기 위해 우리집에 온 아이랍니다^^::​​​​​​오래된 화장실을 사용하시는 뷴둘화징실 오염으로 고민하시는 분들깨끗한 화장실을 만들고 싶으신 분들피부에 자극 없이 순한 세정제로 청소하고 싶으신 분들​​​모두모두 르주르 함께 사용해봐요​​​​​​​프리미엄 허브발효 EM베이킹소다구연산발효주정자몽종자추출물​​이 들어가서 보다 더 깨끗하고 향기롭게 청소를 할 수 있답니다 ​​​​​​​​​​따뜻한 피오니 메모리의 향이더욱 우리집 화장실을 향기롭게 해주는거 같아요^^​​​세면대변기욕조샤워부스​​욕실청소 하고 싶은곳에 사용해주세요​​​​​​​​이건 바로 토일렛 커버 클렌저 인데요​​요즘 코로나로 공중화장실 다니기 좀 꺼려지시죠..ㅠ​​그럴때 들고 다니면서 사용해주시면 되고요!​​​화장실 손잡이 변기커버기저귀 교환대 등에 사용하면 좋답니다 ​​​곡물발효주정원적외선나노필터가사용된정제수구연산나트륨자몽종자추출물​​이 들어가 있고​​​​​​​​​​세균이 걱정되는 모든곳에 사용하면 좋다고 해서​​이 날은 식탁에 뿌려서 청소도 해봤어요 !​이 외에세균이 많은 핸드폰유모차장난감보행기등에 사용해도 좋을거 같아요!​​​​​​그럼 다시 르주르 욕실 클렌저를 가지고 화장실 청소하는 모습을 보여드릴게요 ​​​입구에 먼저 무드 페이퍼를 걸어주시고 무드 페이퍼​​​청소를 해볼게요...​​​르주르 세제를 만나기 전에는.​​베이킹 소다와 구연산이 좋다고 해서 청소했다가;;​​​제대로 세척을 하지 않으면 이렇게 얼룩이 남아버려요 ㅠㅠ​​​​그래서 다시 르주르 세제로 깨끗하게 청소를 해줬어요 !!​​​​​​물을 뿌리고...​​사이사이 빨간 물때까지도 깨끗하게 청소해주기!​​​와~~~~안방 화장실 부스가금방 깨끗하게 되었어요^^​​​​​​​​​​​​​​​​그 다음은 다민이와 함께 사용하는 변기까지세척 완료~~!​​​​​위생에 더 많이 신경을 많이 써야 하는 요즘인데....그럴때 딱 필요한 르주르 세제가 아닐까 싶어요 !​​우리가족이 좀 더 깨끗한 욕실을 사용하길 바라며 ㅎㅎㅎ​​​​http://www.le-jour.com​​​​르주르 유튜브가 생겼데요^^구독 좋아요 아시죠??ㅎㅎㅎ​​​​https://www.youtube.com/watch?v=UHoZfhjXA_U ​​​​​​저는  르주르세제를 소개하면서 르주르사로부터 무료제품을 받았습니다 ​,15,0,0,298,0,2,1922.8,6,,2020. 8. 31. 18:29,2455,4585316,,0
12,https://blog.naver.com/emj830?Redirect=Log&logNo=221536274778,"욕실 청소세제 르주르 욕실클렌저로 반짝반짝 청소해요​​​​​르주르세제를 사용하다보니..향도 좋고..순해서 너무 좋았는데..오잉??르주르에서 욕실 청소세제도 있다고 해서 사용해 봤어요~~!​​​아무래도 다민이도 같이 사용하는 욕실이라..항상 마지막에 씻는 사람이 르주르 욕실청소세제를 칙칙 뿌려서 청소를 해주는데​향도 향긋하니 너무 좋은거 있죠??​​​​​​​​​​​​​​향뿐만 아니라 르주르 욕실클렌저는​향균,살군,탈취등 흑곰팡이제거 효과가 있는 제품이라욕실에 하나쯤 있으면 좋겠죠??​​​​​​​​​욕실에 물때가 많은욕조나 세면대 수도꼭지 등에 칙칙 뿌려 사용해 주세요~!​​​그럼 찌든때가 깨끗하게 사라질꺼에요​​​​​​​​​​​그럼 청소하기 전에 르주르 무드 페이퍼를 걸고...깨끗하게 청소를 해볼게요​​​​다민이가 알지 못 하지만...우선 들어오면 안된다는걸 무드페이퍼로 알려주고 ㅋㅋㅋ​​​​​​​줄는을 했지만..새 집이라 그런지...빨간색 물때가 끼더라구요...​​이 빨간색이 몇년은 간다고 하더라구요 ㅠ​​​​​​​​그럼 르주르 욕실세제를 칙칙 뿌려서 청소를 해볼께요!!!​​욕실아 깨끗해져라~~~​​​​​​​정말 저 쇠 부분도 찌뜬때가 어마어마 했는데....깨끗하게 변신이 짠짠!!​​​​​​빨간 물때도 사라졌죠??​깨끗함은 기본이고르주르만의 피오니 메모리 향이 은은한게 너무 좋고​발효와 숙성과정을 거친 프리미엄 허브발효 EM성분과 USDA오가닉 인증을 받은추출물을 사용해서 피부 자극 테스트를 받은 제품이라안전하게 사용할 수 있는거 같았어요​​​​​​우리집을 책임져주는 르주르세제...​앞으로도 함께해~~~!​​​http;//www.le-jour.com​​저는 르주르 욕실클렌저를 소개하면서 르주르사로부터 무료제품을 받았습니다​​즈
",16,0,0,132,1,1,1922.8,7,,2019. 5. 13. 13:31,2455,4585316,,['그래도 꾸준히 청소를 잘 했는가보오. 우리집 화장실과는 차원이 다른 깨끗함..이제 캐리어에 짐 싸고 내일 떠날 준비를 해야하는데 ㅋㅋ 언능 청소를 해놓고 가야지 ㅋㅋ']
13,https://blog.naver.com/emj830?Redirect=Log&logNo=221770221363,​전동칫솔 구강케어는 이온세이 광촉매 음파칫솔로 해요​​요즘 우리가족의 양치를 책임지고 있는 전동칫솔 이에요 ~~ ​둘다 교정을 해서 양치는 깨끗하게 잘 해줘야 하는데 ​​​칫솔보를 바꿔 사용할 수 있어서저는 핑크오빠는 파랑 으로 모를 바꿔가며 사용하고 있답니다 ㅎㅎ ​​​전동칫솔로 구강케어를 하니 다 사용하고 아면 치아가 더 뽀득해지는 기분도 들고입안이 개운한게 ​​잠자기 전에 꼭꼭 사용중인 칫솔입니다 ​​​​​​평소에는 이렇게 충전하며 양치시간을 대기하고 있고요 ​이렇게 뒤에 칫솔모 두개를 꽂을 수 있어서 오빠랑 둘이서 사이좋게 사용하고 있어요 ​​​​​​그럼 치약을 쭈욱 짜서 ​​버튼으로 강도 조절을 해서양치를 해볼게요 ​​전동칫솔 잘 못 사용하면 잇몸이 다 망가져서 피가 나오고오히려 더 안 좋다고 하는데 ​이온세이 제품은 부드럽게 양치를 할 수 있어서 잇몸에 부담도 안가고 참 좋았던거 같아요 ​​​​​​​​​​​양치는 구석 구석 깨끗하게 해줘야 하잖아요 ​ 4등분으로 내 치아를 나눠서 30초씩하나하나 닦아주니 곰방 다 닦을 수 있었어요​​안쪽도 구석구석 ​윗니 아랫니 깨끗하게 치카치카​​우리가 하는거 보더니 다민이도 더 열신히 양치하던거 있죠 ㅎㅎ ​​​​다 하고 나서는 방수가 되는 음파칫솔이라 이렇게 세척도 깨끗하고위생적으로 할 수 있답니다 ​​처음에 방수 아니면 세척을 어떻게 해야하나고민했었는데 이제 그런 고민은 안해도 될거 같아요 !​​​칫솔 하나만 있으면 모를 바꿔가면서온 가족이 사용할 수 있는 이온세이 음파칫솔 ​치아 관리 꼼꼼하게 내 치아를 지켜주세요 ! ​​https://smartstore.naver.com/incusys/products/4769209309​​,19,0,0,178,3,0,1922.8,8,revu,2020. 1. 13. 17:16,2455,4585316,,['모만 바꿔서 가족이 함께 사용할 수 있으니 좋네!! 무말랭이님 오랜만에 뵙는군~~~']
14,https://blog.naver.com/emj830?Redirect=Log&logNo=221760310606,"​​​​전동칫솔이온세이 광촉매 음파 전동칫솔로 치아관리해요​​​치과를 자주가도 치아가 잘 썩는 구조라고잘 관리를 해줘야 한다는말을 매번 듣는거 같아요;;​치과가서 치석이 있으니 매번 스케일링을 하는데..또 잇몸도 약해서 잇몸에서 피가 나서...이대로 안되겠다 싶어서집에서 좀 더 치아관리를 체계적으로 하기 위해​음파칫솔 이온세이의 도움을 받기로 했어요.​​​​​​​이온세이 전동칫솔은지금까지 없었던 향균케어 기능을 가진음파 전동 칫솔이랍니다.​​​-특허 받은 광촉매 기술-최대 31,000회의 미세 진동-30초 리마인더 치아관리 시스템-경제적인 충전식 배터리-모던한 유럽 감성 디자인​​​​​아이들은 단 음식도 자주 먹으니 치아관리를 좀 더 자주해야하는데그런 면에서 온 가족이 체계적으로 관리할 수 있는음파칫솔이랍니다.​​​​​그럼 음파칫솔을 빼서 사용해 볼게요.​​치석을 제거하고 충치균을 억제하여 입 속을 더욱 상쾌하게 만들어 주는 전동칫솔로​사용자에 맞게 브러쉬를 골라서 깨끗하게 양치를 할 수 있어요.​​​​​충전할 수 있는 충전기와칫솔모까지 3개​경제적이고 효율적인 교체형 브러시 헤드로브러시마다 색이 다달라서 개인 칫솔을 한눈에 구분할 수 있답니다.​​​​​​스탠다드: 칫솔모가 단단하여 치석과 플라그 제거에 효과적이고소프트: 미세한 칫솔모로 치아 사이사이 깊은 곳까지 케어가 가능합니다.컴팩트 소프트: 부드러운 칫솔모를 가지고 헤드도 작아서 어린린아 사용해도 좋답니다.​​​​​​​그럼 사용하기 전에 충붆시 충전을 해볼게요!​​충전 스탠드에 올려만 놓으면언제 어디서나 간편하게 충전할 수 있는 음파칫솔​​​​​편안한 그립감을 가지고무게도 가벼워서 부담없이 양치를 할 수 있어요.​​방수기능을 가지고 있어서샤워중에도 안전하게 사용 가능한 음파칫솔방수가 되니 사용후에도 물로 씻어서 위생적으로 관리할 수 있답니다.​​​​​​그럼 치약을 묻혀서 사용해 볼게요.​3단게 진동 세기가 있어서진동 세기를 직접 선택해서 양치를 해주면 되고30초 리마인드 기능이 있어서 ​치아를 4분할로 나눠서 30초씩 양치를 해주면좀 더 꼼꼼하고 체계적으로 양치를 할 수 있답니다.​​​​​​​치카치카 양치를 해보니 정말 치아가 뽀득뽀득해지는게느껴지는게 이래서 전동칫솔을 쓰나 싶어요!!​앞으로 다음 치과 검진까지 치아를 열심히 관리해볼게요​​​https://smartstore.naver.com/incusys/products/4769209309​​",16,0,0,215,2,1,1922.8,12,revu,2020. 1. 5. 8:28,2455,4585316,,"['베베님 정성담긴글 잘 보고 갑니다.즐거운 활기찬 하루 보내세요.', '관심 분야라 고수님께 한수 배우고 갑니다']"
15,https://blog.naver.com/emj830?Redirect=Log&logNo=222094799121,"​​​에어프라이어추천 에어프라이기로 누룽지 만들기​​​에어프라이기를 초창기에 사서 잘 쓰다가..​아무래도 기름기 있는 음식을 많이 돌려먹고..오래사용하니..​기름묵은때도 있고..용량도 너무 작아서..ㅠ​이번에 감성넘치는 대용량 패밀리 사이즈를 가진에어프라이기를 새로 들였어요~~!​​​​​​​짜잔...너무 예쁘죠??​전에 사용하던 에어프라이기는 검은색이라서..칙칙하고...관리를 잘 못해서.. 꼬질 꼬질 했는데.ㅠ​​이번에는 관리도 잘 하면서 잘 사용해보려고..​예쁘고 감성넘치는 아이보리를 들여봤어요​​​​​​​구성품은 감성넘치는 대용량 에어프라이기랑 팟이 들어 있었는데..​이 팟 덕분에...에어프라이기가 기름때도 안 묻고..사용하는데 너무나 만족스러운거 있죠??​​팟이 있기전에는..그냥 사용하다가...나중에는 종이호일을 깔았는데..​​종이호일을 깔아도...ㅠ기름이 밑에 다 묻고...질질 새고...ㅠㅠ​​팟 만한건 없는거 같아요 !​​​​에어프라이기 손잡이도 이렇게 나무 손잡이라서주방 인테리어랑 찰떡이고..​다들 집에 와서~​원래 이거 아니지 않았어???예쁘다라는 소리를 몇번이나 들은지 몰라요^^​​​이 예쁨이 스웨덴 감성인가봐요 ㅎㅎㅎ​​그리고 무엇보다 예전에 사용하던것 보다 커서​넉넉하게 조리를 할 수 있으니이 점도 너무나 맘에 들었어요 ​​​​​​​​이렇게 통과 분리가 되서..세척도 용이하고..​​그런데 저는...안에 팟을 넣어서 사용하니..​너무나 간편하니 좋더라구요~​​에어프라이기가 생긴뒤로...​누룽지도 집에서 만들어 먹고...밤도 구워먹고..계란도 구워먹고..​​​많이 구워 먹고 있는거 같아요 ㅎㅎㅎ​​​​​​​밥을 하고 찬밥이 나오면..​이러헥 저녁에 바로 누룽지를 만들어줘요...​​그래야 다음날 아침으로 먹을 수 있거든요 ㅎㅎㅎㅎ​​​​​​​​팟에 밥을 얇게 펴 준다음...​저의 건강한 누룽지를 만들어 볼게요..​​​예전에는 누룽지도 사 먹었는데..이렇게 만들어 먹으니...간편하고 맛이 너무 좋아서 다민이도 너무나 좋아하는 누룽지에요^^​​​​​​​밥을 넣고 180도에서 15분 정도 구워줬어요..​​얇게 폈으니 이 정도 하면 되는데..​저는 밥을 너무 두껍게 펴서 ㅠㅠㅠ​5분정도 더 구워줬어요..​이건 밥 양에 따라...조절해주시면 될거 같아요 ​​​​​​​​짜잔~ 노릇노릇 맛있게 구워졌죠??​실제로도 정말 맛있게 만들어서..​너무나 잘 먹은 누룽지에요 ㅎㅎㅎ​​​​​​​그 다음은 캠핑가서 먹으려고닭꼬치를 사뒀는데...​코로나로 인해 캠핑이 취소되고..ㅠ어쩔 수 없이 숯불에 구워 먹어야 하는 닭꼬치를에어프라이기에 돌려봤어요..​​그런데 이 맛있는거 무엇이죠??​​불에 안 구워도 이렇게 맛있네요??​​에어프라이기가 들어온 뒤로..더욱 요리가 풍성해진거 같은 느낌 ㅎㅎㅎ​​통삼겹도 구워먹으면 맛있고...영계도 넣어서 구워먹으면 맛있는데..​​​다음에는 더 많은 양의 요리를 한번 해봐야겠어요 !​​​​​다들 보고 예쁘다고 난리난~모즈스웨덴 에어프라이어기​​요즘 필수인 에어프라이어기잖아요~예쁘고 감성넘치는 에어프라어기 두시고맛있는 요리 만들어 보세요^^​​​​https://smartstore.naver.com/aliomall/products/4633219281 ​​​ 

-
트 086비610
04066

본 포스팅은 실제 상품이나 서비스를 제공받아
건강한 리뷰문화를 만들기위해 작성한 진솔한 후기입니다.

 

 
",17,0,1,241,0,0,1922.8,6,text_ad,2020. 9. 20. 21:37,2455,4585316,,0
16,https://blog.naver.com/emj830?Redirect=Log&logNo=221984521747,"에어프라이어 순살치킨 크리스피 순살치킨으로양념치킨 만들어 먹어요​​​​​​오늘은 날씨도 너무 좋은 주말이였어요^^​예전처럼 바깥에서 마음놓고 외식도 못 하고...외출도 못 하지만..ㅠ​​그래도 점심은 맛있게 먹어야 하잖아요??​​어떤걸 먹을까 하다가 우리가족이 모두 좋아하는 치킨!이 생각나서크리스피 순살치킨으로 양념치킨 만들어 먹어봤어요~~!​​​​​다민이는 후라이드...오빠는 양념...우리가족을 모두 만족 시킬 수 있는 순살치킨...​​​​​​​​제가 먹은 순살치킨은 홈플러스 추천상품으로 유명한 크리스피순살치킨이에요​​​순살치킨이라서 그런지 아이들 간식으로도 좋고어른들 술 안주로도 으뜸인 크리스피순살치킨^^​​​​​​​​후라이팬에 조리해도 되고 에어프라이로 조리해도 되는데..저는 간단하게 에어프라이로 조리를 해줬어요~~!​​먹을만큼 넣고 180도 온도에서 15분정도 돌려주니 끝!이렇게 간편하게 맛있는 치킨을 집에서 먹을 수 있다니..​​순살치킨이라서 그런지 겉은 바삭하고 속은 촉촉한게..얼마나 부드럽고 맛있던지 몰라요^^​​​​​​​​저는 양념은 마트에서 사온건데....치킨마요덮밥으로 먹어도 좋고 깐풍 치킨, 닭강정으로 만들어 먹어도 좋은크리스피순살치킨~​​​그럼 제가 맛있게 먹은 순살치킨을 보여드릴게요​​​​​​​​히힛 이거보니 또 먹고 싶네요..ㅠ​​순살이라 아이들 다민이 살 발라주기도 참 좋고!​​살고기만 쏙쏙 발라먹는 다민이는 밥 한공기 뚝딱 했네요​치킨은 정말 남녀노소 누구나 좋아하는 맛있는 음식이잖아요~~이제 구지 시켜먹지 않아도 집에서 바삭하고 맛있는 치킨을 먹을 수 있답니다.​​​​​​​​​​순살 크리스피 치킨은 닭다리 살로 만들어서 그런지세상 너무 부드럽게 맛있던거 있죠~~​​이거 안주로 먹으면 정말 비싼 가라아게인데...맥주안주가 정말 따로 없네요​​​​​​초간단으로 맛있게 먹을 수 있는 요리방법은​​전자렌지에 넣고 바로 돌려준 후 후라이팬으로 살짝 데우면 더 맛있고 노릇노릇하게 구워지고!​​저같이 에어로 요리를 하거나오븐에 구워주면 속살을 더욱 부드럽게 즐길 수 있답니다.​​​​​​​​1kg 용량으로 넉넉해서 우리가족 몇번은 먹을 수 있겠네요!!​다음에는 닭강정을 만들어 봐야겠어요!​​​​​​바삭바삭 맛있는거 느껴지시나요??​​​​요즘 많은 브랜드에서 순살치킨을 판매하고 있는데..CP는 좀 생소하시나요??​​​CP는 태국에서 잘나가는 NO.1 식품브랜드이고CP에서 생산되는 식품들은 '자연 친화'라는 기준 하에 생산되고 있는믿을 수 있는 브랜드에요~!​​​​​최고의 품질과 안전성을 보장해안심하고 먹을 수 있는 브랜드이니....맛있는 순살치킨 먹고 싶으신분들은 한번 드셔보세요~​​​​​​​​​닭다리살이라서 퍽퍽하지 않고부드러운게 입에서 살살 녹는 순살치킨!​​​​지금 금주중인데...맥주가 생각나는 그런 맛이네요 ㅠ​​​요즘 시국이 시국인지라..배달음식도 걱정되시죠??​그리고 치킨을 시켜먹으려해도 가격도 부담되잖아요~~!​​이제 냉동실에 맛있는 치킨 쟁여두고 먹고 싶을때마다 간단하게 조리해서 드셔보세요​​​​​​​​​초 간단인데 맛있어서 강추합니다!​​다 먹으면 베베는 또 쟁이러 가야겠어요!!​​​​​​이 포스팅은 해당 제품을 무상으로 제공받아 작성된 후기입니다.​​",14,0,0,265,1,0,1922.8,9,text_ad,2020. 5. 30. 23:00,2455,4585316,,['맥주를 부릅니닷!']
17,https://blog.naver.com/emj830?Redirect=Log&logNo=221602152287,"​​​이마트 트레이더스 에어프라이어:)한돈 등심 스테이크 ​​​​​저번에 장보러 갔다가~! 오잉 이거 신박하다 그래서 들고온 한돈 등심 스테이크입니다​​뭔가 양갈비처럼 생기고 등갈비처럼 생겼죠​​​둘이 먹기에는 조금 많았어요 캠핑 갈 때 들고 가면 딱 좋을 것 같은 두께와 사이즈네요​​​먼저 등갈비를 도마 위에 올려 주고 후추가루와 핑크 소금을 뿌려 줬어요​​​​​핑크 소금 선물 받았는데 일반 소금과 맛이 다른 듯한 느낌? ;;​​​​뿌리고 30분 정도 김치냉장고에서 속성을 시켜줬어요​​​캠핑하면서 먹으면 숯불에 구우면 되지만 집에서는 두께가 너무 두꺼워 고민하다가 에어프라이어의 넣어줬어요​​​​​190도에서 15분 중간 점검 하고 다시 190도에서 15분 정도 ​​​​​​낮은 온도에서 굽게되면 육즙이 다 빠져 맛이 없으니 190 도에서 200° 사이에서 구워주는 게 좋은거 같아요 저는 탈까봐 190°를 설정 하였답니다​​​​트레이더스 에어프라이어도 나름 큰데 두개밖에 들어가지 않네요 ;;​​​​​열심히 구워 만든 한돈 등심스테이크​​너무 바짝 익히면 고기가 좀 질겨지지만 ​저는 다민이 함께 먹을 거라서 조금 더 익혀줬어요​​​​​​​ 비주얼 장난 아니죠 ?다민 이랑 저는 잘라먹고 오빠는 뜯어 먹고​​​​남은 고기는 김치찜이나 김치찌개에 넣어 먹으면 맛있을 거 같아요 ​저는 다음 날로 또 구워 먹었더니 오빠가 이제 질려서 못 먹겠다고 ㅎㅎ​​​집에서 맛있는 한끼식사 ​​맛있고 도톰한 고기가 먹고 싶을 땐 한돈 등심스테이크 괜찮은거 같아요​ 
",12,0,0,165,0,3,1922.8,2,,2019. 8. 1. 14:20,2455,4585316,,0
18,https://blog.naver.com/emj830?Redirect=Log&logNo=222278845010,"​​우리는 아이와 강아지가 함께 키우는집으로..항상 청소도 열심히 하고..환기도 많이 해주려고 해요~~​그런데 요즘 공기 정말 안 좋잖아요 ㅠ그래서 환기도 마음대로 못 하고..​또 제 눈은 나쁜 공기로 부어오르고 있답니다..ㅠ​​그럴때 필요한?!​공기청정기!​sk매직 올클린 공기청정기 바이러스핏이 체험단을 모집한다고 해서 신청합니다 ​​​​​​이렇게 공기좋을땐 너무나 행복했는데...ㅠ요즘은 정말 나쁜 공기 ㅠㅠ​​​​올클린 공기청정기가 우리집에 오면..!!​안심하고 아이와 강아지가 함께 잘 지낼 수 있을거 같아요 ​​​​​​​​우리집에 깨끗한 공기를 선물해 주세요~!​​#SK매직 #SK공기청정기 #올클린공기청정기바이러스핏 #공기청정기 #공기청정기추천 
 
",6,0,0,63,4,0,1923.0,12,suspect,2021. 3. 17. 21:23,2455,4585317,,"['', '쉬는 날은 왜이리 빨리도 가는지 월요병이 오더니 몇일간 계속 노근하고 무기력하네요. 봄이 와서 그러겠죠.. 요즘 미세먼지가 왜 이리 많나요. 저도 호흡기가 약한 편이지만 건강 조심해야겠어요. 오늘도 인사드리고 갑니다. 즐거운 하루되세요..^^', '한주가 지나고 즐거운 금요일이네요. 한주도 고생 많으셨고, 즐거운 일만 가득한 주말 보내세요. 잇님. 황사에 미세먼지도 심하니 건강 조심하시구요. 포스팅 잘보고 흔적 남깁니다. 소통 부탁드려요.^^', '베베님 방금 서로이웃신청 드렸는데 잘 부탁합니다.\n나중에 이벤트 진행할 때 베베님에게 도움이 될만한 이메일 하나 보내드릴께요.\n잘보고갑니당o^ ^o']"
19,https://blog.naver.com/emj830?Redirect=Log&logNo=221791391215,"차량용공기청정기 카도 공기청정기로 선택했어요!​​​​요즘은 중국춘절때문에 공기가 조금 좋아진듯했는데...설 전만해도 미세먼지로 너무나 힘든 나날을 보냈던 우리집이에요 ㅠ​미세먼지 때문에 그런지 다민이도 감기가 너무나 심하게 걸리고 ㅠㅠ병원에서 항생제를 일주일 넘게 먹었던거 같아요 ㅠㅠ​​그래서 집에서는 공기청정기를 잘 틀고 있는데차량에도 필수로 공기청정기가 있어야 하잖아요~~!​그래서 우리가 선택한 카도 차량용공기청정기 입니다!!​카도의 성능은 저번에 알려드렸는데사용해보니 생각보다 더 좋았던 카도에요.​​​​​시중에 차량용공기청정기가 정말 많은데 어떤걸 골라야 할지 고민이 되시죠??​​나에게 맞는 공기청정기는 어떤걸까...성능도 좋으면서 디자인적으로도 만족을 하면 좋겠는데...​​이 모든걸 다 적합했던 카도 차량용공기청정기 입니다.​​​​​​​차량이 아니더라도 어디에 있어도 전혀 위화감 없이잘 어울리는 카도 차량용공기청정기​깔끔한 디자인과 좋은 성능으로 많은 분들이 선택하는데는 이유가 있던거 같아요.​​​​카도 공기청정기는 프리미엄 공기청정기로색상은 블랙, 골드, 실버가 있는데​​제가 선택한 제품은 블랙이에요!​​​​​​​카도 차량용공기청정기는 세계 1위 고속청정능력을 가진 공기청정기로​담배연기나 꽃가루등을 빠르게 고속청정을 할 수 있답니다.​​미국가전협회에서 인증한 세계 1위 고속 청정 능력을 가지고 있고수치가 높을 수록 더 빨리 깨끗한 청정공기를 공급한다고 하니..​​아기 있는 우리집에서는 필수 제품이였던거 같아요.​​​​​​국내에 많은 공기청정기가 있지만국내유일 가시광촉매 기술을 사용한 카도​저번에도 가시광촉매 기술을 소개해 드렸지만왜 가시광촉매 제품을 사용해야 하는지 다시 한번 소개해 드릴게요.​​​​초미세먼지가 1급 발암물질로 중금속보다 더 안좋은거 알고 계시죠??​​​타사 공기청정기는 사용하면 필터에 미세먼지와 유해물질을 가둬두거나태우는 방식으로 공기청정기가 가동이 되는데​카도는 카도만의 가시광촉매 기술로 초미세먼지까지완벽하게 분해 해준답니다.​​​1.프리필터2. 셀프클리닝 필터3.헤파필터.4.탄소필터로 ​4단계 필터정화 로 아름답고 깨끗한 공기를 제공해 주는 카도 차량용공기청정기​​​​​​가시광촉매란 어떤걸까요?​​ 가시광선에서 반응하는 광촉매가 필터에 포함되어 있어서유해물질을 물과 이산화탄소로 완전하게 분해해준답니다.​​보통 숯이 악취를 자체적으로 빨아들였다가 햇볕을 받으면악취를 분해시켜 다시 재생되는 원리를 가진 공기청정기에요~~​​이 좋은 광촉매 기술로 서울시 미세먼지 저감을 위해도로포장을 시공하고 있는 기술이랍니다.​​​​​​​​​​​그럼 차량에서 직접 사용을 해볼게요~!​​바른 차량용 공기청정기 사용법은​​초미세먼지를 차량에서 최소화 시키기 위해서는,외기순환과 내기순환을 적절하게 변경해서 사용해줘야해요.​그래서 차량용 공기청정기도 외기와 내기 순환을 적절하게 변경하면서 사용을해야공기청정기효과를 느낄 수 있답니다!​​​​내기순환 15분외기순환 2분 ​​​기억해 주세요​​​​​차량에 베어 있는 꿉꿉한 냄새나담배냄새 제거에도 탁월한 효과가 있으니  아이 있는집에 차량용공기청정기는 기본 중에 기본인 카도 ​​​​​​​​​그럼 버튼을 눌러서 사용해 볼게요!!​1단계 2단계 3단계로 설정할 수 있어서지금 차 안의 공기에 맞게 설정을 할 수 있고​​카도 차량용공기청정기는 셀프 클리닝 필터를 가지고 있어서타사 필터보다 수명은 2배로 늘어난 제품이랍니다.​​타사 헤파필터들은 미세먼지와 유해물질을 분해하지 않고가둬두는 방식이라 필터내 유해물질이 그대로 누적되어 있다보니​필터를 자주 교체 해줘야 하는데그런데 필터 가격도 많이 들자나요...ㅠ​​​​​그런데 카도 는 가시광촉매기술로 만들어진 제품으로스스로 재생하는 셀프 클리닝 기능을 가지고 있어서필터를 오래 사용할 수 있답니다!​​​필터를 빼서 햇볕에 두면 분해가 더 잘되기 때문에더 오래오래 필터를 사용할 수 있다고 하니..이 점도 기억해 주세요​​​​​​​​​그럼 카도 차량용공기청정기를 차안에서 사용해 볼게요!​​깨끗한 공기를 마실 수 있고운전중에도 안전하게 작동할 수 있어서좋았던거 같아요,​​​​​​​깔끔한 알루미늄 바디를 가지고조도센서나 풍량 표시도 한번에 볼 수 있어서​​더 고급스러운 느낌을 받은 공기청정기 입니다.​​​​​​​작고 가벼워서 그런지 봄 가을 캠핑가서도사용하면 좋을거 같아요​​디자인도 좋으니 사무실책상이나 독서실 유모차등에 두고 사용해도 좋겠죠?​​​​​​​​우리집의 깨끗한 공기를 책임지고 있는카도 차량용공기청정기​​​세계적인 권위의 디자인 어워드인 IF 디자인 어워드, 레드닷 디자인 어워드 수상을 한 제품으로​​고급스럽고 깔금한 디자인으로 인해외제차 벤츠 BMW 등과 행사도 꾸준하게 진행을 해왔던 제품이에요.​​​​​​​디자인도 예쁜데 직접 사용해보면 기능적으로 더 마음에 드는 카도차량용공기청정기​​​카도만이 가진 기술로초미세먼지 고민은 카도 차량용공기청정기로 해결해보는건 어떨까요??​​​​​​아직 차량용 공기청정기 선택 못 하신 분은 카도로 초이스해보세요!​​절때 후회하지 않을거에요 ​​​​",31,0,0,442,2,1,1923.0,8,text_ad,2020. 1. 31. 15:27,2455,4585317,,"['격하게 공감 클릭하고 갑니다 ㅋ', '가격이 궁금합니다']"
20,https://blog.naver.com/emj830?Redirect=Log&logNo=221780381490,"차량용공기청정기카도 공기청정기로 준비했어요..​​​​이번겨울은 눈도 거의 안 오고 날씨가 참 따뜻했던거 같아요..날씨가 따뜻하니 손님처럼 찾아오는 미세먼지 ㅠ​​​평일에는 제가 거의 운전을 하고 다니고 기관지 약한 다민이를 태우고 다니니 차량용공기청정기도 정말 필수로 필요했던거 같아요​​그래서 어떤 제품을 사용해야 하나 알아보다가..공기청정기로 카도가 유명하다고 해서 차량용공기청정기는 카도로 준비를 해봤어요.​​​​​​보통 차량용곧기청정기는 디자인도참 투박하고 예쁘지가 않았는데 ​카도 이렇게 깔끔하니 예뻐도 되는건가요? ​​더군다나 가시광촉매  프리미엄공기청정기라니 ~~ ​​어서 개봉해서 다민이랄 위해 사용해 볼게요 ​​​​​기본적인 공기청정기와 탈취, 먼지, 제균  필터1개차량용 DC어댑터 , USB 코드가 들어 있었어요 ​​군더더기 없고 깔끔한 디자인이 제 마음에 쏙 들고 무엇보다 저 같이 기계치도 충분히 혼자서 설치할 수 있었어요 ​​​​​​그럼 사용하기 전에 탈취, 먼지, 제균 필터를 장착해 볼게요 ​​먼저 본체 상부를 분리시켜 준 다음 필터를 꺼내서 ​하늘색 면이 위로가게 끼운다음 다시 본체를 합체 시키면 끝~! ​조립하기 참 쉽죠? ​​​​​​거꾸로다 아닌 이렇게 꼭꼭 하늘색이 위로가게 껴 주세요 ​​공기 좋으라고 사용하는 공기청정기인데 잘 못 사용하면 안 되잖아요 ~~ ​​​​​​본체 상부대 제대로 부착이 되지 않는다면 필터를 잘 못 장착할 가능성이 있다고 하니 ​필터를 반드시 확인해주세요 ​​​​​다 장착을 해 봤는데 깔끔하니 좋죠? ​오빠가 디자인이 너무 예쁘다며 자기랑 너무 어울린다는? ​무슨 논리인지 모르겠지만 우선 좋다고 하니 카도로 준비한 저는 기분마저 으쓱합니다 ​​​​​차를 오래 타다보면차안에서 쾌쾌한 냄새도 나는거 같고 ​저번에 차를 렌트해서 일주일 가량 타다보니차안에서 담배 쩐내도 나더라구요 ㅠ ​우리집은 아이도 있는데 다민이를 위해 이런 냄새는 없어야 했는데​글쎄 카도 카도 차량용공기청정기릉 사용하면 차안에서 나는 냄새 제거에도 탁월하다고 하니 ​​아이있는집은 정말 필수 같아요 ​​​​​미국가전협회가 인정한 세계 NO.1 고속청정능력이 있다고 하네 ​이제 담배연기 , 먼지, 꽃가루등 걱정하지 마세요 ! ​카도 차량용공기청정기가 공기를 얼마나 빠르게 정화시켜주는지 확인할 수 있을거에요 ​​​​​우선 저는 차에 가져가기 전에 언박싱을 하면서 집에서 먼저 테스트 해봤어요 ​​거실과 안방은 큰 공기청정기가 있는데 제 방은 공기청정기가 없어서 컴퓨터 하면서 먼저 테스트를 해 봤어요 ​​​​​​집 어디에 두어도 인테리어 파괴자가 아니죠? ​성능도 좋은데 디자인까지 좋아서 이거 부모님 차에도 선물로 한 대 사드려야할거 같아요 ~~ ​​​​​​​USB 단자를 본체 바닥에 연결해주고​​USB선으로 인해 본체가 흔들리면 안되잖아요 이렇게 선이 바르게 정리할 수 있도록배려해주신것도 센스 있었어요 ! ​​​​​버튼을 꾹 눌 러서 사용해보니 ​​어머 카도는 국내유일 가시광촉매 기술을 가진 제품이였어요 ​​타사 공기청정기들 처럼 필터에 미세먼지와유해물질을 가두거나 태우는 방식이 아닌 ! ​​카도만이 가진 가시광촉매 기술로 1급 발암물질인 초미세먼지를 분해해 준답니다 .​​​​가시광촉매란?!​​가시광선에서 반응하는광촉매가 필터에 포함되어서 ​유해물질을 물과 이산화탄소로 완전 분해해준답니다​​​우리가 정화시킬때 숯을 둬서 빨아들였다가 햇볕을 받으면 악취를 분해시키는거 같이 ​​재생되는 원리는 같답니다 .​​실제로 최근에 서울시에서는 미세먼지 저감을 위해 ​​광촉매 기술로 도로포장을 시공하고 있답니다! ​​​​​​​​​사용할때는 버튼늘 눌러주면 되는데 ​1회는 1점등으로 약하게 2회는  1,2점등으로 중간3회는 1,2,3점등으로 강하게 4회는 1,2,3 동시 소등 운전정지​사용하기도 간편하니 참 좋죠? ​​​​​​​각 단계별로 걸러주는 유해물질 리스트​빠밤 ​​1단계는 먼지와 애완견 비듬등을 걸러주고 2단계는 냄새와 담배연기등 VOCs3단계는 꽃가루, 균 등이나 바이러스박테리아PM2.5 4단계는 냄새와 담배연기 VOCs 등을 걸러준답니다 ​​​이제 먼지를 가두지 말고 카도로 분해를 해주세요 ! ​​​​그리고 하늘색 필터가 스스로 재생하는 기능을 가진 셀프클리닝 필터인데​보통 타사 헤파필터는 미세먼지를 가둬두는 방식이라 필터내 유해무릴이 그대로 누적이 되어 ​필터 교체주기가 짧았는데 ​​카도는 가시광촉매 기술을 가진 필터라서 스스로 재생하는 셀프 클리닝 기능을 가지고 있답니다 ​​​필터에서 함번 걸러진 바이러스, 악취, 세균을가시광 LED빛으로 완전히 분해해주니 ​​필터 수명은 2배로 늘어나고 오존 발생은 0%랍니다 ​​​​​​​KRCES 키타자토 환경 과학 센터 인증KCL 한국 건설생활 환경시험 연구소 인증AHAM 미국가전제조사협회 인증KCC 국가통합인증마크사단법인 아토피협회 인증 ​​​각 안전기관으로부터 안전을 인증받은 제품으로 아이들 아토피걱정도 없는 차량용공기청정기​​그럼 작고 귀엽고 휴대하기 좋은 카도를 사용해 볼게요 ​​기능도 기능이지만 디자인적으로도 예뻐서 유명한 카도 ​우선 집에서 사용해봤어요 ​방의 공기를 깨끗하게 만들어 주는 카도 ​​​​자고 휴대하기 좋으니 차량용이 아니더라도 독서실 , 유모차 , 화장실, 사무실 책상등에서 사용해도 좋을거 같아요 ​​​​카도만의 기술로 이제 미세먼지 고민은 카도 차량용공기청정기로해결해보세요 ​​",32,0,0,544,1,1,1923.2,9,,2020. 1. 21. 16:59,2455,4585318,,"['화요병 극뽁! ㅎㅎ 베베님, 오늘하루도 고생많았어요. 토닥토닥. 이제부터 신나게 저녁을 즐겨보아요! ㅋㅋ']"
21,https://blog.naver.com/emj830?Redirect=Log&logNo=221708526634,"차량용 공기 청정기 트윈케어 플러스로 준비해요 ​무더운 여름이 지나고 환절기가 오나 어김없이 찾아오는 미세먼지 ㅠ ​​​우리집은 다민이가 기관지가 약해서미세먼지 오는날은 신경이 곤두 세워지는데 ​​제가 요즘 운전을 하고 다니니 다민이를 태워서 다니는날도 많고 ​차에도 미니공기청정기를 둬야겠다 싶어 ​알아본 트윈케어 차량용 미니 공기청정기에요 ​​​​이렇게 작아도 알차게 생겨서 차량에서 알차게 사용할 수 있을거 같아요 ​​​​​우선 사용하기 전에 설명서를 꼼꼼하게 읽어주고 ​간단하지만 기계치인 저는 설명서를 먼저 읽어줍니다 ㅎㅎ ​​​​​구성품은 본체 USB케이블  차량 컵홀더 거치대 제품설명서가 들어있어요 ​​​​​맨에 팬은 배출구 이고 옆면은 흡입구 , 공기빙 센서가 달려 있어요 ​​​​​​앞쪽은 전원버튼과 상태 표시등 간단하면서 알차게 있을건 다 있죠? ​​​​​필어를 갈때는 하단주 커버를 아래로 당겨주시면 ​​​​​이렇게 필터를 만나볼 수 있어요 ​​기존 필터글 아래로 당겨서 제거하고 신규 필터를 본체에 삽입한 다음 하반부 커버를 다시 결착시키면 끝~! ​​필터교체하는법도 참 쉽죠? ​​​​​​그 다음은 차량용 컵홀더 거치대을 부착해 볼게요 ​​필터 교체할때와 똑같이 하단부르 당겨서 분리 시켜준 다음 ​차량용 컵홀서를 하단에 밀어 결착하면 된답니다 ~! ​​​​​​​너무나 간편하죠? ​​​​그럼 usb 케이블을 연결해서 미니 공기청정기를 실행해 볼게요 ! ​​​​​​버튼을 꾹 눌러주면 전원이 켜지고​짧게 누르면 1단 모드 또 짧게 누르면 2단 모드 또 짧게 누르면 3단 Twin-Jet 모드 ​​​​​자동차에도 설치를 해 봤어요 ​뒷자석에 앉는 다민이 공기 깨끗해져라 얍!​​​​사용법이 간편하면서 이제 차량에서도 맑은 공기를 맡을 수 있은 트윈케어 미니 공기청정기 ​​너무 좋다 ~! ​​https://c11.kr/b3y7 ​",23,0,0,200,2,1,1923.4,8,revu,2019. 11. 15. 12:36,2455,4585319,,['다민이가 날 궂을 때면 아파서 걱정이네... 미세먼지 안 좋을 때 꼭 다민이 아프자나 ;ㅁ; 애잔혀']
22,https://blog.naver.com/emj830?Redirect=Log&logNo=221877714228,"남자 선크림 추천 자외선차단제 에끌라두 UV 오일프리 선크림 으로 태양피하기​​​​​코로나19로 집에만 있다 보니..어느덧 겨울이 자니고 봄이 찾아왔어요...​​봄이 와서 그런지 이제 햇살도 따뜻하고자외선차단제 없이 다닐 수 없는 날씨가 되었어요.​​​그래서 요즘 오빠가 출근할때 꼭꼭 바르고 있는남자 선크림 추천해드릴게요!!​​​​​​​​백탄현상도 없고끈적임이 없는​오일프리 제품 에끌라두 UN 선크림​​​​​​​에끌라드 화장품은?!​화해  뷰티 어워드 선케어 부문에서 5위를 차지하고겟잇뷰티에서 여러 차례 방송된 여배우나 남자아이돌배우의 필수템 브랜드!겟잇뷰티 뷰라벨 브랜드네이버 스마트스토어 상품 만족도 97%이고네이버 TOP100 선크림 부분에서 인기순위 1위에 빛나는 제품이에요​​​​​​대용량 제품이라서 4계절 내내 온가족이 사용하기 좋은 선크림이고피부과 시술 후 사용하는 피부과용 대용량 선크림 이에요.​​백탁현상도 없어서 덧발라도 뭉치지도 않는순한 혼합자차 선크림입니다.​​​​​​​​에끌라두 선크림은 어린이용 화장품에 많이 들어가는판테놀 성분을 많이 함유해서​무색에 무취의 데일리 선크림으로 좋고진정케어와 보습에어를 동시에 할 수 있는 제품이에요​​20가지 주의 성분 및 식약처 고시 알레르기 주의성분이 0개이고​피부 저자극 테스트 완료한 제품이라 민감성, 여드름성, 트러블 피부에도 사용 가능해서 마음놓고 사용할 수 있을거 같아요​​​​​​​​겟잇뷰티에서 여러번 소개된여배우와, 남자아이돌배우의 파우치에 들어 있는 필수선크림​​수분크림처럼 촉촉해서 밀림없이 촉촉하게 바를 수 있어서이 점이 참 좋았던거 같아요​​​​​​​​​​​​​프로듀스 101에 출연했던 남자 아이돌도 사용했던 에끌라두 UV 오일프리 선크림사용해볼게요!!​​​​​​손등에 테스트를 해봤는데...​어떤 선크림은 백탁현상이 너무 심해서정말 바르고 나면 얼굴이 귀신처럼 하얗게 변하는데;;​​​​​에끌라두 UV 오일프리 선크림은촉촉한게 어쩜 이렇게 쫀쫀하게 흡수가 잘 되던지요!!​​​​​백탁현상 하나 없이흡수가 잘 되었죠??​​처음에는 얼마나 좋겠어???하고 사용했다가..생각보다 너무 좋아서...요즘 저의 선크림 픽을 받고 있는 에끌라두 UV오일프리 선크림​지금 온라인몰 오픈 기념으로회원 가입을 하면 바로 사용가능한 10,000원 즉시적립금도 주고카톡 플러스 친구 추가 시 7% 즉시 할인 가능하다고 하니​에끌라도 선크림으로 태양을 피해 보세요​​http://ecladoplus.co.kr/product/detail.html?product_no=1926&cate_no=153&display_group=2이 포스팅은 해당 업체로 부터 제품을 무상으로 제공받아 작성된 후기입니다.​​",11,0,0,227,3,1,1923.6,18,text_ad,2020. 3. 28. 14:21,2455,4585320,,"['남자선크림 이라니 좋네  나도 챙겨줘야겠당', '안녕하세요 베베님\n남자 선크림 추천 자외선차단제 에끌라두 UV 오일프리 선크림 으로 태양피하기잘보고가요^_^\n서이추 신청드렸어요~', '아..네..^^']"
