,Post URL,Post,Image num,sticker num,gif num,Paragraph num,Comment num,Video num,weekly viewer mean,Sympathy num,AD,Posting Date,Buddy num,Total visit,Blog category,Comment detail
0,https://blog.naver.com/eun3785?Redirect=Log&logNo=222284212448,"​​​안녕하세요! 단아한입니다 : )​​​겨울이지나가고 봄이 오고있는데 이때쯤 꼭 준비해야하는 필수품, 바로바로 양우산입니다.  ​양우산은 양산도 되고 우산도 되서 특히나 봄~여름에는 가지고 다니면 너무 편하더라구요​​가저가몰은 여러가지 예쁜양우산을 판매중인데요 저는 예쁘기도 하지만 일단은 무조건 가벼워야 한다는 주의여서 154g 짜리로 선택해봤습니다(이번에는 제발 잃어버리지 말쟈)​​​​​​진짜 작죠~? 저 보고 너무 놀래가지구 정말 154g 이겠어 했는데 진짜로 넘나 가벼워서 제눈을 의심했어요 이렇게 가벼운데 예쁜양우산이 있다늬 탄소섬유와 알미늄합금이어서 154g 완벽한 초경량이 가능하다고 하네요​​제가 선택한 디자인은 가저가몰에서도 베스트제품으로 리뷰가 814개인데 5.0만점에 거의 4.7점진짜 어마어마한 후기 아닌가요~그 정도로 이미 입소문이 난 제품입니다. ​​​컬러는 3가지 블랙, 네이비,핑크인데 저는 무난한게 네이비를 선택했고 작은 도트무늬로 포인트가 되어있는 에쁜 양우산입니다​​​​​​​양산우산겸용 uv차단최고의 휴대성 방수방풍 견고한 구조​​​​​​​​저 갤럭시s20데 사이즈가 고만고만하면서 무게도 비슷해요 ​​미쳐따미쳐따​​​펼쳤을때 지름 : 90cm 접었을때 폭 6cm 높이는 21cm 입니다. ​손잡이도 처음봤을떄는 작다 생각했는데사용하다보면 걸리적거리지 않아서 딱 좋더라구요 ​​​​​​​안쪽을 보시면 검정에 가까운회색인데요 탄소섬유와 알루미늄 합금소재여서 무게는 줄였지만 강도는 유지되었다고 하네요 ​우산접을때도 날카로운게 아닌 네모만 누르면되서 손 다칠 위험도 없어요 ​가볍지만 완벽한 제기능을 할 수 있는 가저가몰 예쁜양우산 ​​​​​​아직은 초봄이지만 국립세종수목원에 방문할때 지중해식물원등등 햇빛이 쎄다는 리뷰를 듣고 가져간 가저가몰 초경량 양우산, ​이미 할머니 엄마 드실 간식무게에 힘들었지만 양우산이 넘나 가벼워서 얼마나 다행이었는지 ㅎㅎㅎ​​​​​​​​예뿌당예뿌당 멀리서 볼떄는 그냥 민무의 네이비 양우산 같기도 하네유~? 사이즈는 딱 1인이 쓰기에 좋은 사이즈입니다​​​​​​​안쪽을 보시면 정말 검정색이죠? 검정 암막코팅으로 햇빛을 완벽하게 차단해줘서 양산으로 사용해도 완벽 그자체 ​​​​​​​​​ 할머니가 양산을 좋아하셨는데 아무래도 무게가 있다보니깐 잘 못들고 다니셨는데 가저가몰 초경량 양우산 한번 들어보시고  이렇게 가벼운 양우산이 있냐면서 놀라시더라구요. ​역시나 예쁜데 제기능까지 해야지만 좋은 제품이쥬~ 가저가몰 154g 초경량 양우산 햇빛찌는 날은 양산으로 비오는 날은 우산으로 ​​​​​클러치백에도 쏘옥 들어가니깐 무게걱정없이 휴대하기에 좋은 것 같아요 ​추천입니다 ​​​​섹저
|
",17,0,0,252,0,0,332.4,11,,2021. 3. 23. 7:50,1562,618184,맛집,0
1,https://blog.naver.com/eun3785?Redirect=Log&logNo=222157160684,"​안녕하세요 단아한입니다 :) 몇개월동안 화제가 지속되고 있는 #abc주스 이미 그 효능은 티비에서 많이 알려주고 먹기도 편해서 많은 사람들이 마시고 있더라구요! 물론 제주변에서도 많이 시작은 하시는데 아무래도 집에서 갈아먹는게 너무나도 귀찮고... 귀찮아서... 거기다가 겨울이 다가오니깐 아무것도 하기 싫은건 더 많아지고.. 그래서 많이들 작심삼일을 넘기시지 못하더라구요!​​​그런분들을 위해 #참가네 #abc 주스를 추천해드립니다!  한 박스에 100ml 총 21포가 들어있습니다~ 패키지가 깔끔하고 워낙 abc 주스가 유명하다보니 과일주스나 야채주스보다는 .. 병문안 선물세트나 지인들 선물하게 좋은 것같아요!​​#참가네 #abc주스 정말 먹기 편리합니다! 파우치 형식으로 되어있어서 하나씩 들고 나가면 좋아요, 또 빨대가 분리형이 아니어서 무엇보다 편리하기도 하면서 흘릴 위험도 없으니깐 걱정없이 들고나가서 먹기 너무 좋은 것같아요 저처럼 조심성 없는 사람들은 자르다가 쏟고, 마시다가 쏟고 ㅎㅎㅎㅎㅎㅎ(저만 이러는거 아니쥬?)​​그리고 패키지가 화려하지 않으면서도 뭔가 그림이 그려져 있어서 자연친화적이면서도 깔끔하네요!​​​​​#참가네 #유기농abc쥬스는 진짜 물 한방울 들어가지 않았습니다. 원재료 및 함량을 보시면 유기농 국내산 당근 추출액 40% 유기농 사과 40% 유기농 국내산 레드비트 뿌리 추출액 20% 만 들어있습니다. 진짜 대박이쥬~? 이 정도면 믿고 꾸준히 마실 수 있을것같아요! 거기다가 모든 원재료가 유기농제품이라니! ​유기농 제품 한살림같은 조합에서 사도 비싼거 아시쥬 ㅠㅠ 이 정도면 집에서 해먹는 것보다 훨씬 저렴할 것 같아유​​궁금해서 투명컵에 담아봤는데 움짤이라서 그런지 색이 엄청 어둡게 나왔는데 실제 색은 자주빛이 도는 색입니다!​​#참가네 #abc 주스 저 처음먹어봐서 나름 긴장했거든요? 양배추즙처럼 역하면 어떡하지 걱정에 ㅠㅠ 왜냐면 비트맛을 알기때문이쥬.. 근데 이게 웬걸? 아침 공복에 먹은 상태임에도 불구하고 속에서 잘 받더라구요. 역한 맛도 없어서 정말 맛있게 먹었습니다. 엄마한테도 마셔보라고 계속 강추하고 ㅎㅎㅎ​저는 1일 1~2회 정도 입 심심할때나 아침공복에 마셨는데 확실히 디톡스 효능에 좋은 것같아유​​​네이버 스토어팜에 #참가네 검색해보시면 솔직후기들이 나오는데 5.0 만점에 무려 4.9점에 재구매도 높은 제품이더라구요. 역시 질좋은 제품은 소비자가 먼저 알아보는 법이쥬? ​#abc주스 #abc주스 꾸준히 드실 분들은 #참가네 이용해보세요! 후회 안할거에요~ ​그럼 다음 포스팅에서 만나요! ​​​",9,0,1,268,1,1,332.4,7,,2020. 11. 28. 20:53,1562,618184,맛집,"['즙과 영양제는 쌓아두기만 하고 잘 안먹게 되던데,꾸준히 먹도록 노력해야겠어요😅']"
2,https://blog.naver.com/eun3785?Redirect=Log&logNo=222306934901,"​​​​안녕하세요 단아한입니다 :) 날씨 좋은 주말, 이때쯤이면 한번씩 해주면 너무 좋은 ​이불빨래 신방동 빨래방 ​24시 셀프빨래방​이불빨래 하고 나서는 기분이 너무 좋지만 넘나 무겁.. ​그래도 이왕하는김에 신발까지 빠는게 좋을것같아서 온가족 신발 가지고 출동~~​​​​​신방동빨래방 24시셀프빨래방 신방동도 주차하기 힘든거 아시쥬~? ​24시셀프빨래방은 이렇게 주차장이바로 앞에 있어서 주차하기가 참 쉬워요! 그래서 더 자주 오는 것 같은 느낌쓰 ​​​저녁 7신가 8시에 더이상 미루면 안될것 같아서 후딱 와버렸지 모에요! ​​​​대형세탁기 3대 운동화전용세탁기 ​​​​​빨래방의 필수템 건조기는 중형과 대형으로 나눠져 있어서 빨래부피에 따라 선택 가능합니다 ​​​​​먼저 현금 교환부터 하구 빨래 넣어버리기​​​​신방동빨래방 24시셀프빨래방 세탁코스는 세탁코스가 4개 있는데요 시간으로 나뉘더라구요 ​​33분 3,500원 42분 4,000원55분 5,000원입니다 ​이용방법은 아주 간단한거 아시쥬~? 빨래넣고 닫은다음 세탁코스 선택하구 돈 넣기 ​​​​​다음은 운동화 세탁! ​​​운동화 세탁은 세제를 따로 구입해야한다고 해서 동전교환기에서 구입했어용​세제는 500원이고 운동화는 최대 6켤레까지 된다고 해서 꽉꽉 채웠습니다 ㅎㅎㅎㅎ ​​​​​​신방동빨래방 24시셀프빨래방 빨래 돌아가는 시간에 하는거 없을때 할 수 있는게 넘나 다양 ​뭉쳐있던 근육들을 풀어주는 안마의자와 레트로게임기,티비와 쉴 수 있는 공간! ​게다가 사람이 잘 안오는 시간이어서그런지 저혼자 완죤 신나게 티비도 봤다 게임도 했다 안마의자도 하면서 놀았어요 ! ㅎㅎㅎㅎㅎ​​​​​​저는 주말저녁에 와서 제가 해야했지만 신방동빨래방 평일 낮에 와야할 이유가 있네요! ​평일 예약제 및 대행무료서비스 특히나 직장인이나 육아하시는 분들은 세탁기에서 건조기로 넣을 타이밍을 놓칠때가 많잖아요 그리고 은근 이 시간을 맞추기가 생각보다 어려워요 ㅎㅎㅎㅎㅎㅎ ​​하지만 24시셀프빨래방은 네이버 예약이나 카톡 예약을해주시면 평일에는 무료로 세탁대행을 해주신다니 .. 감동 ㅠㅠ ​​​그리고다양한 sns이벤트도 참여할수있는데인스타,카스,페이스북은 건조기(16kg) 1회 무료​​블로그는 세탁 및 건조를 무료로 할 수 있다고 해요 ㅎㅎㅎㅎ ​​한번 할때마다 기본 5,000원 정도가 깨지는데 sns업로드만 하면 공짜라늬  이런 기회는 놓치면 아깝쥬 ​​​​놀다보니 세탁이 끝났네요! ㅎㅎㅎㅎ 종료벨소리가 한 6번 울리더라구요 6번 울리고 문열어주는 센스 ! ​​​​바로 건조기에 쑤욱 저는 바운스 따로 구입했는데 ​한봉지에 500원 2매 인데바운스 향이 좋아서 두봉지 구입해서 같이 넣어줬어요! ​​​​이불 3개와 베개커버 2개 한번에 들어가서 편한 대형 건조기 ​몰랐는데 이불빨래는 중간에 한번 뒤집어 주면 더 건조가 잘된다고 해용 ​​​​운동화도 세탁이 끝나서 건조기로 직행! ​​​​아늬! 신방동빨래방 24시셀프빨래방 운동화 완젼 잘빨려요! ​특히나 루야 운동화가 까매가지구 지저분했는데 얼룩이나 까만때가 잘 벗겨졌더라구요 ㅎㅎㅎ 조아조아 ​​​쨔잔 이불빨래도 끝! 역시 하고 나서는 잘했다는 생각이 드는 것 같아요 ㅎㅎㅎㅎ ​​​오늘도 신방동빨래방 24시셀프빨래방 덕분에 밤에 왔는데도 수월하게 이불빨래와 운동화 세탁까지 한번에 해버렸네요! ​다음에는 평일날 와서 무료대행서비스 한번 이용해보려구요! ​​그럼 다음포스팅에서 만나요 ​​",31,2,3,341,2,1,332.4,9,revu,2021. 4. 12. 9:32,1562,618184,맛집,['저도 겨울 이불들고 가야겠네요']
3,https://blog.naver.com/eun3785?Redirect=Log&logNo=222432905051,"​​​​미쵸따.. 이건 미쵸쏘.. 오뚜기 진라면에 이어 하나 사고 친 것 같은데 >-< ​바로바로 100알만두 진짜로 100개 들어있다고 라는데 팝만두처럼 귀욤 귀욤해가지구 오뚜기라고 하니깐안에 육즙도 가득할 것 같네요 ​​​​이렇게 간편하고 귀여운 팝만두는 어디든지 잘어울리죠 쫄면, 라면, 떡국, 떡볶이떡볶이 국물에 콕콕 찍어먹을 생각하니깐 벌써부터 군침이 입 안에 도는뎁! ​​​​앗 진짜 넘나 귀엽다 캠핑가서도 너무 맛있게 먹을 것 같은데요~? ​게다가 사이즈가넘나 귀여워서 아이들 먹이기에도 좋을 것 같아요​​​​​귀여운 사이즈여서 그런지 에어프라이어에 돌리는 시간도 엄청엄청 짧아요 180도에 5분 ㅎ ㅡ ㅎ 만두 거의 10분 이상은 튀겨줘여 하는데 조리시간이 짧아서 아이들 간식이나 저녁 급하게 준비할때 좋을 것 같아요 ​​​​​이것만 기억하세요오뚜기 100알만두 180도 5분 완성 ​​​​쨘쨘, 한 입에 쏘옥 들어가는 크기와 잘 구워진 100알 만두 저녁반찬으로도 좋지만 머니머니해도 100알 만두는 ,,,,​​​​​맥주와함께 >-<Dumpling and beer this is paradise ​​오뚜기 100알만두 일단 만드는 것 부터 넘나간편하고 피는 얇은데속은 아주 알차요 ​게다가 작은 사이즈때문인지더 손이 많이가​양념치킨 소스에 콕콕 찍어먹으면 치킨 저리가라에요 진짜 넘흐넘흐 마시쏘 ​​​​​야식으로도 맛있게 먹고 아이 간식으로도 해주니눈 깜짝할 사이에 사라진 오뚜기 100알만두 ​작고 귀여운 사이즈지만짜지않고 맛있는 100알 만두 한 번 드셔보세요! ​​다음에는 라볶이에 넣어 먹을래 ​​​오뚜기로부터 제품을 무료로 지원받아 작성하였습니다​​​",15,0,2,173,4,0,332.4,13,text_ad,2021. 7. 15. 20:48,1562,618184,맛집,['잘보고갑니다']
4,https://blog.naver.com/eun3785?Redirect=Log&logNo=222386312242,"​​​​안녕하세요 ! 단아한입니다 제가 진짜 맛있는 에어프라이어통삼겹 발견했어요, 107스테이크 껀데 온 가족 너무 맛있게 먹은거 있쥬~? ​​​​​​​5월 24일에 주문해서 먹고 맛있어서 또 주문해서 먹은 107스테이크  에어프라이어통삼겹​​​​​​​​​​한 봉지에 500g 이고 가격은 9,500원입니다! ​월~금 오후 1시 이전 주문시 당일발송이니깐 주문하고 저는 다음날 정도 받았던 것 같아요! ​​​​​​​​​​​한 봉지에 이렇게 4덩이가 들어있는데 두께는 2.5cm ~3cm 라고 하네욥 ​​​​​​​​​​​​107스테이크 먹는 방법은 2가지 인데요 후라이팬이나 에어프라이어에 만들어 먹으면 되는데 ​​저는 에어프라이어통삼겹 으로 선택 ! ​​만드는 방법은 아주 간단해요 키친타올로 핏물을 제거 한 다음 올리브오일, 후추, 소금 시즈닝하고 1시간 정도 보관한다음 구워주기 ​저는 처음에는 1시간 정도  재웠다가 구워줬는데 이번에는 시간이 없어서 바로 구웠는데도 너무 맛있게 먹었어요! ​​​​​​​​​​​​​그런 다음 에어프라이어 180~200도 예열해주고 ​한 면은 20분 굽고 뒤집어서 5분 구워주기 ​​​​​​​​​​​쨔잔 이게 20분 구어준 다음인데 확실이 윗면은 바삭바삭한 느낌인데 아랫면은 아직 안익은게 보이지슈~? ​​저는 뒤집어서 한 7분 정도 더 구워준 것 같아요!​​​​​​​​​​​끄아아아 대박, 이 리뷰 쓰다가 또 주문하는 건 아닌지 지글지글 보이시나욥 ㅎㅎㅎㅎ ​혹시나 해서 반 잘라봤더니 역시나 알맞게 구워졌다 ㅎㅎㅎㅎ​​에어프라이어통삼겹, 이렇게 쉽게 만들어지나요? ​​​​​​​​​​쨔잔, 정말로 예쁘게 플레이팅 하고 싶었지만 107스테이크가 다 했다 ㅎㅡㅎ​이렇게 기름이 쫙 빠진 고기에는 와사비와 홀스그레인 머스타드 틸수탬!​​​​​​​​​​​​​진짜 대박이에요.. 겉은 바삭하고 속은 촉촉한데전혀 질기지 않구요 속은 진짜 보쌈처럼 부들부들해요 ​하나 먹으면 입에서 사르르 녹는다고 할까요? 그렇다고 육즙이 다 빠진 느낌도 아니구요 ​진짜 온 가족 다 감동하면서 먹었....​​​​​​​​​​​​​​107스테이크, 에어프라이어통삼겹 진짜 너무 추천이요 집에서도 이렇게 간단하고 맛있게 먹는데캠핑요리로도 먹기에 넘나 좋을 것 같아요 ​​​​​​​​​​​​혹시나 드실분들 꼭꼭 와사비에 드셔보세요 쌈장 따윈 생각이 안나요 ​부드러운 에어프라이어통삼겹 7살아이부터 50대 엄마의 입맛까지 남녀노소 다 사로잡은 맛. ​추천입니다! ​​​​​ 

-
트 086비610
04066

본 포스팅은 실제 상품이나 서비스를 제공받아
건강한 리뷰문화를 만들기위해 작성한 진솔한 후기입니다.

 

 
9
|
9
|
9
|
",20,1,4,240,0,0,332.4,6,text_ad,2021. 6. 5. 20:54,1562,618184,맛집,0
5,https://blog.naver.com/eun3785?Redirect=Log&logNo=222320886955,"​​​​안녕하세요! 단아한입니다 :) 만두 사랑하는 우리집, 요즘 맛있는 만두집들이 엄청나게 많지만 야끼만두가 떙길때가 있더라구요!​​​​​​야끼만두 하면 원조 철이야끼만두 50개입 12,000원인데 한봉지에 25개입씩 총 2봉지 옵니다양 진짜 많쥬~? ​오자마자 할머니가 뜯어버려서 한봉지밖에 안남았다는 ㅠㅡㅠ​보관방법 같은 경우에는 방부제가 들어가지 않은 제품인지라 수령하고 일주일 일내로 섭취를 권장하지만 상황이 여이치 않으시면 냉동보관하셔요!​​​​​​​배송은 오후 2시 전까지만 주문하면 당일 생산되는 철이야끼만두를 신속하게 받을 수 있어요!​지퍼백 포장인지라 남은거 보관하기도 편리하고 철이 야끼만두 공홈보니깐 매일 새기름으로 튀겨낸다고 하셔서 안심이 되더라구요! ​눈으로 직접 야끼만두를 보니깐 정말 매일 같이 새기름으로 교채해서 튀기는 느낌이 물씬 야끼만두 색이 일정하더라구요 거뭇거뭇한거 하나도 안뭍어있었고 ㅎㅎㅎ​​​​​​​​​이왕 먹는거 맛있게 먹어야지 에어프라이어 140~160도에서 5붙 정도 익혀줬어요~​전자레인지는 2~3분프라이팬 또한 2~3분 ​저는 전자레인지에 먹어보고 에어프라이어에도 먹어봤는데에어프라이어에다 구운게 훨씬 기름기가 빠져서 담백했어용!​​​​​​​오잉 사진에서는 별반차이안나지만 냄새는 다르다는 거 ㅎㅎㅎ 튀김냄새... 하 진짜 못찾아요 ㅎㅎㅎ​​​​갓 나온 바삭바삭한 야끼만두 예쁘게 플레이팅~보기만 해도 엄청 바삭한게 느껴지시죠~? ​아늬. 근데 철이 야끼만두 하나하나 만드시는 거래요- 대박 모근 동정은 기계가 아닌 손으로 만들어지는 일명 수제만두입니다 ​그래서그런지 모양이 살짝씩 다른이유였어요!​​​​​근데 야끼만두 잘못 먹으면 기름 범벅인데 석관동 철이야끼만두 기름이 있어도 고소해서 마시쏘 ​게다가 솔직히 야끼만두 들어간게 당면밖에 없는데 이게 왜이렇게 맛있는지 ㅎㅎㅎ후추맛도 느껴지지 않는 편이어서 7살 루야도 바삭바삭하다면서 맛있게 먹더라구요!​​​​​​​그냥 먹어도 맛있는 철이야끼만두지만 야끼만두는 양념 가득히 뭍혀서 먹는것도 제맛이쥬 ㅎㅎㅎ​​​​​​흐아 매콤하고 촉촉한 고추장 양념장에 바삭한 야끼만두 소스에 버무려서 먹으면 너무 마시써 ​​​​​역시, 야끼만두하면 떡볶이 다음으로 생각나는게시원한 생맥주 ​태산같은 할일 다 끝내고 갓튀긴 철이야끼만두에 시원한 맥주 한잔 마시면 피로가 싹이죠 ​​​​여렸을적 먹던 추억의 맛석관동 철이야끼만두,​그냥 먹어도 맛있고 소스 자박자박한 요리에 콕콕 찍어 먹어두 맛있구 ​​​오늘 저녁에 짜장밥 먹으면서 야끼만두 콕콕 찍어먹으니깐 정말 초등학교때 먹던 그맛이 재연되더라구요!갬-동​​​오랜만에 추억의 철이 야끼만두 드셔보세요~값도 저렴하구 양도 많아서 저녁 반찬 2~3번 먹기에도 충분합니당!​,

(》
 
9
|
9
|
9
|
",20,1,0,257,0,0,332.4,7,,2021. 4. 24. 7:20,1562,618184,맛집,0
6,https://blog.naver.com/eun3785?Redirect=Log&logNo=222300181285,"​​​​안녕하세요! 단아한입니다 :) 면역력이 중요한 요즘 특히나 엄마가 항암치료 받으시면서 가습기 없이는 살 수 없는 삶이 되셨어요 ​특히나 가습기를 안키고 자면 코에서 코피가 나시더라구요 ㅠㅠ 다시한번 가습기의 중요성을 깨닫게 되었지모에요​​​​오늘 리뷰할 제품은플라휴로무선미니가습기LED무드등 가능​​휴로, 너무 귀엽고 깔끔해서 집안이나 회사사무실 어디서든지 잘 어울릴것 같은 느낌이에요 색깔은 지금 보시는 화이트와, 핑크가 있습니다​​휴로 미니무선가습기 구성품은 본품과 여분의 필터, 충전기선이 들어있습니다 ​필터는 1~2개월 한번씩 갈아주어야 하며 사용횟수나 환경에 따라 주기는 변할 수 있는거 다들 아시쥬~? 만약에 필터에 오염이 많으면 가습기 분샤량이 줄어들면서 분사가 안된다고 하니깐 미리미리 필터교체 간격을 채워줘서 갈아주면 좋을 것 같아요 ​필터같은 경우 할인해서 5개 2,900원이니깐 정말로 부담없는 가격이쥬? ​차라리 필터 교체하는게 낫지 한떄 살균제때문에 난리난거 생각하면 아직도 무서워요 ㅍㅍ ​​​​​​가운데 동그라미가 분사구에요!​​​휴로 무선 미니 가습기 이렇게 기울여 사용이 가능해서 듀얼분사각도 조절이 된다고 합니다 ​신기하쥬 ㅎㅎㅎ 처음 기울여볼때 엄마랑 진짜 되는 거얌 이랬는데 진짜 잘 서 있더라구요! ​​​​플라 무선 미니 가습기는 물탱크가 군더더기가 없어서 세척하는데 별 무리가 없어보여요! ​​​​물탱크 용량은 350ml 여서 미니 가습기임에도 불구하고 최대 4~5시간 사용이 가능합니다! 미니 가습기라고 가습량이 적을 거라고생각하면 오산 시간당 40ml 풍부한 가습량으로 실내공기를 촉촉하게- 잠자기전 틀어놓고 자면 좋을 것 같네요! ​​아참 기울여서 사용할때는 맥스선에서 물은 조금 부족하게 채워넣어야지만 물이 새지 않는다고 해요~​​​​​작동~ 전원버튼 꾹! 오 생각보다 분사력이 쎄서더라구요 게다가 소음이 안나요. 정말로 엄마가 엄청 예민해져가지구 문소리나 전에 쓰던 가습기 소리때문에 깨실때도 있었는데 플라휴로미니가습기 사용하고는 가습기 물 떨어지는 소리때문에 깨신 적은 한번도 없으실 정도로 무소음입니다 ​​휴로무선미니가습기는 쉽고 간단한 조작 방법을 가지고 있는데 전원버튼 하나로 가습모든와 LED모드를 설정할 수 있습니다 ​​​​​지금 보시는 모드는 연속분사로 흔히 아시는 것처럼 가습기가 실내 공기를 촉촉하게  계속 분사를 하고 있어요 연속분사 모드 같은 경우에는 4시간 후 자동전원이 꺼집니다​​​​전원버튼은 한번 더 누르면 연속분사에서 간격분사로 바뀌게 되는데 ​간격분사는 분사3초~정지3초입니다. 신기하쥬~? 간격분사는 처음 보는 것 같아요 ​​​​​​​휴로 무선미니가습기 가습기의 역활뿐만아니라 은은한 led 등으로 방을 환하게 비춰주는데요! ​혹시 아까와 다른 차이점을 발견하신 분 있나요? 바로 전원코드선! 플라 미니 가습기는 무선이 된다는점 진짜 너무 편리하죠~ 선에 구속받지 않고 방안의 습도를 조절할 수 있다는점 세상편리​​​​​​​​​7개의 무지개 색깔이 있는 led 조명 무드등 전원버튼을 1.5초 동안 길게 눌러주면 led등이 켜지는데 이때 색깔이 자동으로 바뀐단 말이쥬~? ​만약에 좋아하는 색깔있으면 전원버튼을 한번 더 눌러주시면 그 색으로 유지가 됩니다 ​​처음에 언급한 것처럼 적정량의 습도 유지는 면역력 향상에도 좋다고 합니다. 게다가 휴로미니무선가습기는 충전만 한다면 무선으로도 사용가능하니깐 이동하기에도 너무 편리하고 무소음에 가까운 저소음, 은은한 LED 까지 ​이런게 바로 가성비갑 미니무선가습기 아니겠어요! 추천입니다.​​​​​일 <@ㅠ000
9
|
9
|
",23,2,2,367,3,1,332.4,13,revu,2021. 4. 6. 9:06,1562,618184,맛집,"['요즘.건조한데 가습기 두고 자면 좋겟네요 ㅎㅎ', '포스팅 솜씨도 좋으시고 너무 유익한 정보여서 잘보고 갑니다. 제 블로그도 놀러오세요^^']"
7,https://blog.naver.com/eun3785?Redirect=Log&logNo=222164073817,"​​​​​​안녕하세요 단아한입니다 :) 요즘 핫한 제품인 #천연가습제 #제올라이트 를 포스팅하려고 하는데요! 저희집에 가습기가 있긴한데 매일 닦지도 못하고.. 그렇다고 24시간 풀 가동하기에는 난감한 부분이 있더라구요. 엄마가 기관기가 약해서 온도 습도가 굉장히 중요한데 #천연가습제 #제올라이트 가 굉장히 효과적이라고 들어서 한번 경험해 봤습니다​​​#제올라이트 #천연화산석 은 천연제품으로 시험기관인 한일 원자력을 통해서 라돈, 토론 가스에 대한 안정성이 입증된 제품으로서 신뢰도 상승!라돈은 에 가장 대중적으로 알려진 방사선인데 토론가스 또한 라돈침대 이슈 당시 실제로 문제가 되었던 라돈 계열 방사성 기체라고 하네요.. ​​#제올라이트블루 는 기존 #제올라이트에서 원형크기가 커져서 가습효과에 더욱 효과적이게 만들어졌습니다​일단 지퍼백으로 되어있어서 남은거 보관하기에도 용이한 #리얼제올라이트 블루용량은 500g 짜리도 있고 1KG 짜리도 있었는데 지금 보시는 제품은 500G 짜리입니다​​​​쨔잔~ 500g #천연화산석 #제올라이트블루 한 봉지 다 넣은 모습입니다돌같이 생겼죠? 먼지를 최소화하기 위해 동그란형태로 만들어졌다고 해요! 잘못하다가는 콩이나 돌이라고 착각 할 수 도 있을 것같아요 ㅎㅎㅎㅎㅎ​#천연가습기 #제올라이트는 가종 유해물질과 습기제거 에 탁월한 천연광물질인데, 지금 보시는 제품은 #제올라이트 블루로 가습효과에 탁월하겠쥬~?​​​물을 자박자박하게 넣으라고 했는데 너무 많이 넣은 것같아서 살짝 물을 뺴줬어요 ㅎㅎㅎㅎㅎㅎ​​​​어맛. 너무 신기해요 .짤 자세히 보시면 톡톡튀는게 보이시죠 ㅎㅎㅎㅎ 물을 넣으니깐 진짜 톡톡톡.. 왜 방부제 물에 닿는 소리랑 비슷한데 살짝 용기 온도도 따뜻해지더라구요. 이러한 현상을 물을 흡수하고 증발시키는 자연스러운 현상이라고 해요!​​이렇게 침대 헤드에 놓아서 24시간 내내 #화산석 가습제 #제올라이트블루로 엄마의 약한 기관지를 든든하게 지켜주는 것 같아서 신기방기.. 정말 놀랐던 건 잠잘때 무조건 가습기행이였는데 #제올라이트블루 놓으니깐 다음날 가래도 덜 끼고 목이 덜 답답하더라구 하시더라구요! 진짜 효과 짱아닙니까?​​효과를 보고 조카방에도 하나 쏘옥! 사진만 찍고 혹시나 어린조카가 쏟을까봐 숨켜놨어요 ㅎㅎㅎㅎ​​​#리얼제올라이트는 사용하는 환경에 따라 반영구적으로 사용한데 제습 및 탈취력이 떨어진다고 느끼면 교체하는 것을 추천해주시더라구요~ 대략적으로 재사용 기간은 최대 4년이라고 합니다!​일반적으로 2주에 한번 전자렌지에 돌리거나 햇볕에 말려주시고 다시 사용하시면 되세요​​​지금 #제로올라이트 할인도 하고 전용제습기 용기나 부직포 주머니도 같이 주문하실 수있으니 사이트 들어가보셔서 참고하세요~리뷰가 1200개 정도 되어서 정말로 솔직한 구매리뷰를 보실 수 있어요 이상 #천연화산석 #제올라이트블루입니다​​​​​​​글은 블로그원평대을 동해 해당 업체에게
자 또느 서비스유언 솜자게작성된글 니다
골
 
",10,0,3,281,4,2,332.4,14,text_ad,2020. 12. 5. 21:23,1562,618184,맛집,"['오. 이런것도 있군요 ㅎㅎ 신기하네요', '공감 꾸욱 누르고발도장도 쾅하고 찍고갑니다 !다음에 또올게요 !블로그 구경오세요 !', '정성 가득 포스팅 잘 봤습니다. ^^', '좋은정보 감사합니다😆포스팅 잘보고가여제 블로그도 놀러와주세용저도 자주 놀러올게영💎']"
8,https://blog.naver.com/eun3785?Redirect=Log&logNo=222157172832,"​안녕하세요! 단아한입니다 :) 어떻게 하다가 삼림호빵 찜기와 가습기를 한정판매한다는 사실을 알고서.. 이날 알림 설정에 라이브 하자 마자 들어갔어요!  이제 겨울이 되면 쟁여 놓고 먹게되는 호빵. 그 중 호빵은 단연 #삼림호빵 이면서도 #삼림호빵찜기 와 #삼림호빵미니가습기 에디션으로 나와서 너무 귀엽더라구요.. ​거의 이거 살때쯤 몇천명이 보고 계셨는데 #삼림호빵찜기는 라이브시작하자 10분도 안돼서 품절쓰하지만 전 감사하게도 구매 할 수 있었습니다. 언니한테도 말해서 바로 #삼림호빵미니가습기 도 구매했습니다​호빵찜기와 미니 가습기는 호빵12개입도 포함된 제품입니다. 구매하고 3~4일 뒤에 받은 것 같은데 정확한 기억은 안나네요 ㅎㅎㅎ​​​두둥!... 그래서 저희집은 #심림호빵 부자가 되었는데요... 굿즈에 정신이 팔려 호빵개수를 제대로 확인도 안하고 사버렸지 모에요 ㅎㅎㅎ 거기다가 호빵은 유통기한은 5일이어서 제품이 만들어지고 바로 택태로 받는 다고 해도 3일밖에 남지 않더라구요 ㅠㅠㅠ 방법은 딱 하나쥬.. 냉동고행 ...ㅎㅎㅎㅎㅎㅎ​그나마 다행인건 피자, 팥, 야채 적절하게 들어가있다는 점 ​​​그러면 귀여운 #삼림호빵 미니 가습기 먼저 포스팅해볼까요? 일단 케이스부터 칭찬합니다.뭔가 굿즈는 굿즈 답게 패키지 또한 예뻤으면 하는 마음이 있는데요.  레트로풍도 나면서 강렬한 빨간색이 크리스마스 느낌도 나고 삼림호빵의 특유의 색깔이 있어 #삼림호빵 브랜드 가치를 알리는 것같아유​​​조카의 손은 제 눈보다 빨랐고, 구매하는 것을 본 루야는 벌써 신나합니다! ​​ㅋㅋㅋㅋ 호빵이 캐릭터 크리스마스 기념 모자도 있었는데 이건 약간 퀄리티 .. 구려요.. 부직포 느낌쓰? 몇번 씌우니깐 보풀쩔탱 ㅎㅎㅎㅎ 하지만 가습기 위에 호빵이 표정 넘 졸귀탱 ㅎㅎㅎㅎㅎ 미니 가습기는 추가로 필터도 주셔서 솔직히 가성비 갑이었습니다! 조카가 좋아하는 스티커도 포함이었어요~ ​게다가 시중에 편의점에 파는 호빵 판매대와 쏙 닮아서 너무 귀엽더라구요.. 이미 조카한테 뺏겼지만 나중에 까먹을때 사무실로 가져갈려구효 ㅎㅎㅎㅎㅎㅎㅎㅎㅎㅎ​가습기의 제 기능을 하는진 모르겠지만 온오프 버튼도 있고 수증기도 제법 많이 나오는 편이여서 가성비 갑인 것같아요 ㅎㅎㅎㅎㅎㅎ​​그 다음은 #삼림호빵 찜기 요아이는 그냥 플라스틱스 그래도 bpa 프리 제품이어서 그나마 안심...? ​​​사용방법은 아주 쉬워요. 물 살짝 넣고 호빵 넣은 후 전자렌지 행..  손잡이로 문이 열였다면 더 귀여웠겠지만 대신 세척이 어려웠겠쥬~? ​처음 돌렸을때 호빵 표면위에 물을 안바르니깐 촉촉하진 않아서 두번째 해먹을때는 물 살짝 묻혔는데 진심 맛있었습니다!​​​조카처럼 저렇게 여는 게 아니라 투명 부분 들면 바로 열려요 ㅎㅎㅎㅎㅎㅎㅎㅎㅎ 아무리 생각해도 세척하기 넘나 편한 ​​ㅋㅋㅋㅋㅋㅋㅋㅋㅋㅋㅋㅋㅋㅋㅋㅋㅋㅋㅋㅋㅋㅋㅋㅋ이래서 조카를 사랑 할 수 밖에.. 유튜브를 많이 봐서 그런지 혼자 돌리고 있어요.. ​​추운겨울이 다가오는 만큼 생각나는 간식은 호빵이쥬~~? #삼림호빵스페셜에디션 으로 찜기와 가습기 게다가 호빵 48개를 획득하니 기분이 좋으면서 냉동고에 꽉차 있는 간식들을 보니 뭔가 집순이가 되야 할 것 같은 기분이에요 ㅎㅎㅎㅎ 그래도 귀요미 제품들으로 오랜만에 구매력 상승했네요!​그럼 다음포스팅에서 만나욜~~​ 
",17,0,4,349,13,0,332.4,94,,2020. 11. 28. 21:12,1562,618184,맛집,"['찜기!!! 너무 귀여운거 아닌가요😭😭😭', '정성들인 포스팅 정말 잘보고가요❤️❤️요즘 코로나로 많이 힘드시죠😭오늘 하루도 힘내세요!!제블로그도 놀러와주실꺼죠?😍', '잘보고갑니다 ㅎ', '완전 졸귀탱 ㅋㅋㅋ', '포스팅 재미있게 잘읽었어요오늘도 행복하시고 제 블로그도 방문부탁해요🤩', '잘보고 갑니다. 하루 일과 잘 마무리 하세요.', '뭔가 추억의 향수를 느낄수 있어서 좋으네요 ^^', '우왕ㅎㅎ너무 긔엽고 하나 사둬야 겠어요ㅎ겨울에 필수템이네요ㅎ쌀쌀해진 요즘 감기조심하세요ㅎ포스팅 잘보구 가요오늘 하루도 즐거운 하루 되세요^^', '호찜이 애정이가네요방금 전자렌지에 데워 먹었는데호찜이 있었으면 ~~~', '안녕하세용^^ 포스팅 잘보고 갑니당~ 좋은 하루 보내세용^^', '호찜이 욕심나네요^^', '잘보고갑니다~!']"
