,Post URL,Post,Image num,sticker num,gif num,Paragraph num,Comment num,Video num,weekly viewer mean,Sympathy num,AD,Posting Date,Buddy num,Total visit,Blog category,Comment detail
0,https://blog.naver.com/eunhee960613?Redirect=Log&logNo=222427064161,"안녕하세요 여러분💜오늘은 집사님들을 위한 냥이 간식을 소개해드려욤전에 지그니쳐 사료를 리뷰한적 있는데요오늘은 지그니쳐 #티키캣 브로스 제품을 제공 받았어요!티키캣 브로스 4종#티키캣브로스비프#티키캣브로스치킨#티키캣브로스참치#티키캣브로스연어​총 4가지 종류로 3개씩 받았구요#고양이습식 간식으로 부드럽고 촉촉한 습식 형태라소화력이 떨어지는 고양이들에게급여하기 좋은 간식으로 사료에 얹어주면사료가 촉촉해지고 부드러워져서소화하기 편하겠더라구용물이나 정제수가 아닌 100% 고기 육수 사용고품질 단백질이렇게 좋은 것만 들어가고​동물 부산물옥수수감자밀인공항료색소방부제 100% 무첨가로 안심하고 먹일 수 있는기호성이 엄청 좋고수분은 모든 대사 기능에 필요한 필수 영양소라서중요한데 수분 보충에도 좋고신장 건강에도 도움이 되는 #고양이주식캔 이라고 합니당​유통기한은 제조일로부터 24개월#간식파우치 티키캣 브로스는건사료에 맛있는 수분을 더해주는 간식으로이런 고양이를 키우시는 분들 추천드려요✔물을 잘 먹지 않음✔입맛이 너무 까다로움✔매일 같은 사료로 질려서 안먹을 때✔육수 타입을 좋아함✔살코기를 좋아함​건사료 위에 맛있는 고기 육수를 추가해서즐거운 식사를 도와줄 수 있는 제품이에요칼로리도 낮아서 다이어트 중인 고양이도먹을 수 있어요!건더기 타입 간식제품으로3개월 이상 전연령 섭취가능하고고기의 육수의 향기와 풍미가 유혹을해서식욕이 줄어들어 걱정인노령묘들도 사료위에 올려서 주면 잘 먹어요제형이 수분가득 촉촉해서 자연스럽게 음수량을늘려주니 고양이부종에도 좋구요​보관방법도 엄청 간단한데요건조하고 서늘한 장소에 보관해 주시고제품 개봉후에는 냉장 보관하거나최대한 빨리 급여해야 합니당여러분들 티키캣 브로스 #주식캔추천 드립니당😆😆 
@이웃 6 니 들

안녕
떤  하세요%
@이웃 6 니 들

안녕
떤  하세요%
@이웃 6 니 들

안녕
떤  하세요%
",14,1,0,149,0,0,14.2,9,text_ad,2021. 7. 10. 22:36,412,37839,일상·생각,0
