,Post URL,Post,Image num,sticker num,gif num,Paragraph num,Comment num,Video num,weekly viewer mean,Sympathy num,AD,Posting Date,Buddy num,Total visit,Blog category,Comment detail
0,https://blog.naver.com/eunjinpyo?Redirect=Log&logNo=222401426147,"안녕하세요. 꿈꾸는엄마입니다.​​조금은 어렵지만하라에게 조금 새로운부분을 해보게 해주시고 싶어서아두이노 DIY 오르골 키트를 선택해 봤어요.​할수 있을까 걱정은 했지만역시 우리딸은 해냈어요^^​택배를 보자마자 이게 뭐냐고 뭐하는거냐고오르골이 뭐냐고 질문공세에 대답해주는데 좀 힘들었습니다.​​​에어캡으로 안전하게 포장되어서 배달되었어요조립식으로 만들어 온게 몇개 있는데이건 좀 차원이 다른 조립키트였어요DIY로 하는것도 오랜만이고하라와 해보는것에기대가 만땅입니다.​​​오르골 키트 구성품이예요.범상치 않습니다 ㅋㅋ​왼쪽은 조립! 오케이 오른쪽은 뜨악!!두근두근여즘 코딩 많이 배우잖아요.아직 하라는 정식적으로 배우적은 없고어디 행사에서 체험해본적은 있어요.코딩의 원리를 알고 배우는것도 있지만써먹을곳이 없다는 이야기는 가끔들었는데이것도 코딩의 기반이더라구요.​​다행이 만드는모든 부분이 영상으로 보고 따라할수 있게되어있어서자신감을 가지고 했어요 ㅋ오히려 제가 더 걱정과 떨림이 와 이렇게 어려운거야 하면서요.하라에게 말할수는 없어서 속으로 생각했어요 ㅎ​​​​선을연결하고 진짜 공대생같은 분위기인데영상을 반복반복하면서 잘 따라 만들더라구요스스로 만족도 느끼고엄마가 해야하는데자기가 다 하고 있다며어깨를 으쓱이길래 살짝눌러주고계속 따라서 조립을 했어요.완전 하나하나 DIY라서재미가 나더라구요​​​​어디에 꽂아야하는지눈 똥그랗게 뜨고집중하는 하라몇번에 도움만 주고아 아 아하면서 잘 찾아꽂더라구요.기특기특​​​아누이노보드에 숫자랑 영문이랑 적혀 있는데요작은 글씨지만 위치 잘 보면서열심히 케이블을 연결하고 있어요​​​오르골 버튼을 연결중이예요.안보고 대충할려고 해서다시 영상을 똑바로 보고 할 수 있게잠시 지도를 했어요이내 뚝딱뚝딱 만들어내요.만들고 새로운거 하는거 좋아하는 아이라서아주 흥미를 가지고 했어요.​다른건 보통 저 집모양 나무판으로 모형을 만드는정도의수준인데아두이노 키트는 케이블에 전선이 연결이되고 하는 그런원리.. 원리까진 아니지만완성하고 나면 저게 뭔데 저렇게 되지?하는궁금증과 신기함이 생길것 같아요.보지못하면 알수 없듯이한번 아두이노 키트를 해보면서새로운 분야를 알게된거 같아요.​​​​세개를 후다닥 만들어냈어요~​복잡한 선을 만지면서도잠시 주춤하는거 없이 훅훅 잘도 만드는 하라​이제 케이블은 다 꽂았어요집만 만들면 됩니다.옆에 다은이도 하고 싶지만제대로 안되면 힘으로 할 아이라서조립을 끝까지 못할 수도 있어서못하게 했어요.마지막에 지붕하나 덮었어요 ㅋㅋ​​이걸 어찌하나 걱정했는데걱정은 무슨 ㅎㅎ일단 만드는것 까지는 순조롭게 할수 있었네요​어른아이 누구나 가능한거 같아요.고딩을 배우고 싶은 사람이라면새로운일을 하고 싶은 사람이라면취미를 가지고 싶은분이라면비대면 교육에 키트가 필요한 분이시라면저는 이 아두이노 DIY 키트를 추천드려요​​​꾹참고 있다가지붕은 내가 해보리라하고달려들어서 열심히 조랍하고 있네요​​드디어 조림 완성집이 너무 예쁘죠??아두이노 오르골은디자인 특허와 KC 안전 인증을 받은 제품이라고 합니다.그래서 안전하게 걱정없이재미나게 만들 수 있었어요.이제 컴퓨터 연결하면 되요​이건 엄마 몫​​컴퓨터로 연결하는건 쉽지는 않았어요.문제는 저희집 노트북이 문제였지요 ㅠㅠ감사하게도 담당자분과 문자와 통화와컴퓨터가 잘못인지 모르고 해결하기 위해퇴근시간에까지 영상통화까지 하면서해결해 주시려고 했어요~~​회로를 연결하는 부분이 쉽지는 않지만어쨋든 저도 포기하고 싶지 않고꼭 음악이 나오는 소리와 불빛을 보고 싶더라구요​어쨋든 두차례 연락을 하고 드디어 연결이 되었어요.​엘라인에듀 홈페이지에 들어가시면오르골 키트 만드는 방법이 자세하게 나와있어요.​어쨋든 결론적으론 성공을 했구요.잘 작동 된답니다.​회로가 잘못되었는지 체크 꼼꼼하게 해주시구요그래서 집 조각을 다시 분해했어요.​​크~~ 소리와 불빛이 들어오면서의 감격!!!진짜 너무 신이 났습니다.​​ㅣ아이들도 옆에 붙여서 엄마 이제 돼?하면서 좋아하고와서 눌러보고 예쁘다며 신기해합니다^^​음악도 여러곡이 나오네요~역시 하라는 딱 보고 이거 꾸며야겠다며마구마구 색칠합니다.언니라는 확실히 모양잡고 이쁘게 그리는데다은이는 그냥 마구마구 칠해버리네요~​아이들이 좋아하면 되는거죠~​다시한번 담당자분께 감사하다는 인사를 드리고 싶네요^^​노트북이 오래되긴했어요.멀쩡한거 두고 오래된걸로 했더니이런말썽이~저 작은 집은 학교에서 만들어왔던 거예요.일반 빛들어오는데 건전지가 없어서걍 저렇게만 두고 있어요.큰 오르골이 생겨서 노래도 나오고 빛도 나오고좋구만요 ㅎㅎ​​​​전 초등학교 2학년인 하라와 만들었지만회로선을 연결하는 부분은하라도 어렵지 않아했어요.아이들에게 경험시켜줘도 아주 좋을 것 같아요~|​​​1)스토어팜  https://smartstore.naver.com/lline_edu/products/55506413732)쿠팡 https://www.coupang.com/vp/products/5429613209?isAddedCart=3)블로그  https://blog.naver.com/lline_edu/222213976711​​​​​​​​#아두이노 #아두이노키트 #코딩키트추천 #비대면키트 #코딩입문 #코딩키트 #DIY키트​​ 

미      불을 통해 본 업체로부터
제품 또는 서비스를제공받마 작성된 리뷰입니다
「,】

 
",29,0,0,413,6,6,48.4,24,text_ad,2021. 6. 17. 19:10,1166,1202726,육아·결혼,"['대단해요', '감사합니다. 보통일은 아니지만 재미있네요~아이도 뿌듯해 하고 다시 만들고 싶다고 하구요^^', '일주일의 절반이 지나고 있습니다.네, 목요일입니다!!불타는 금요일이 한발 앞으로 다가온 지금.힘을 내보죠!시간나시면 제 블로그 한번 들러주세요!', '네 들를께요', '꿈꾸는 엄마님! 화요일 절반이 지나고 있습니다.시간나시면 제 블로그 한번 들러주세요!오늘도 좋은 정보 감사드려요!']"
1,https://blog.naver.com/eunjinpyo?Redirect=Log&logNo=222401426147,"안녕하세요. 꿈꾸는엄마입니다.​​조금은 어렵지만하라에게 조금 새로운부분을 해보게 해주시고 싶어서아두이노 DIY 오르골 키트를 선택해 봤어요.​할수 있을까 걱정은 했지만역시 우리딸은 해냈어요^^​택배를 보자마자 이게 뭐냐고 뭐하는거냐고오르골이 뭐냐고 질문공세에 대답해주는데 좀 힘들었습니다.​​​에어캡으로 안전하게 포장되어서 배달되었어요조립식으로 만들어 온게 몇개 있는데이건 좀 차원이 다른 조립키트였어요DIY로 하는것도 오랜만이고하라와 해보는것에기대가 만땅입니다.​​​오르골 키트 구성품이예요.범상치 않습니다 ㅋㅋ​왼쪽은 조립! 오케이 오른쪽은 뜨악!!두근두근여즘 코딩 많이 배우잖아요.아직 하라는 정식적으로 배우적은 없고어디 행사에서 체험해본적은 있어요.코딩의 원리를 알고 배우는것도 있지만써먹을곳이 없다는 이야기는 가끔들었는데이것도 코딩의 기반이더라구요.​​다행이 만드는모든 부분이 영상으로 보고 따라할수 있게되어있어서자신감을 가지고 했어요 ㅋ오히려 제가 더 걱정과 떨림이 와 이렇게 어려운거야 하면서요.하라에게 말할수는 없어서 속으로 생각했어요 ㅎ​​​​선을연결하고 진짜 공대생같은 분위기인데영상을 반복반복하면서 잘 따라 만들더라구요스스로 만족도 느끼고엄마가 해야하는데자기가 다 하고 있다며어깨를 으쓱이길래 살짝눌러주고계속 따라서 조립을 했어요.완전 하나하나 DIY라서재미가 나더라구요​​​​어디에 꽂아야하는지눈 똥그랗게 뜨고집중하는 하라몇번에 도움만 주고아 아 아하면서 잘 찾아꽂더라구요.기특기특​​​아누이노보드에 숫자랑 영문이랑 적혀 있는데요작은 글씨지만 위치 잘 보면서열심히 케이블을 연결하고 있어요​​​오르골 버튼을 연결중이예요.안보고 대충할려고 해서다시 영상을 똑바로 보고 할 수 있게잠시 지도를 했어요이내 뚝딱뚝딱 만들어내요.만들고 새로운거 하는거 좋아하는 아이라서아주 흥미를 가지고 했어요.​다른건 보통 저 집모양 나무판으로 모형을 만드는정도의수준인데아두이노 키트는 케이블에 전선이 연결이되고 하는 그런원리.. 원리까진 아니지만완성하고 나면 저게 뭔데 저렇게 되지?하는궁금증과 신기함이 생길것 같아요.보지못하면 알수 없듯이한번 아두이노 키트를 해보면서새로운 분야를 알게된거 같아요.​​​​세개를 후다닥 만들어냈어요~​복잡한 선을 만지면서도잠시 주춤하는거 없이 훅훅 잘도 만드는 하라​이제 케이블은 다 꽂았어요집만 만들면 됩니다.옆에 다은이도 하고 싶지만제대로 안되면 힘으로 할 아이라서조립을 끝까지 못할 수도 있어서못하게 했어요.마지막에 지붕하나 덮었어요 ㅋㅋ​​이걸 어찌하나 걱정했는데걱정은 무슨 ㅎㅎ일단 만드는것 까지는 순조롭게 할수 있었네요​어른아이 누구나 가능한거 같아요.고딩을 배우고 싶은 사람이라면새로운일을 하고 싶은 사람이라면취미를 가지고 싶은분이라면비대면 교육에 키트가 필요한 분이시라면저는 이 아두이노 DIY 키트를 추천드려요​​​꾹참고 있다가지붕은 내가 해보리라하고달려들어서 열심히 조랍하고 있네요​​드디어 조림 완성집이 너무 예쁘죠??아두이노 오르골은디자인 특허와 KC 안전 인증을 받은 제품이라고 합니다.그래서 안전하게 걱정없이재미나게 만들 수 있었어요.이제 컴퓨터 연결하면 되요​이건 엄마 몫​​컴퓨터로 연결하는건 쉽지는 않았어요.문제는 저희집 노트북이 문제였지요 ㅠㅠ감사하게도 담당자분과 문자와 통화와컴퓨터가 잘못인지 모르고 해결하기 위해퇴근시간에까지 영상통화까지 하면서해결해 주시려고 했어요~~​회로를 연결하는 부분이 쉽지는 않지만어쨋든 저도 포기하고 싶지 않고꼭 음악이 나오는 소리와 불빛을 보고 싶더라구요​어쨋든 두차례 연락을 하고 드디어 연결이 되었어요.​엘라인에듀 홈페이지에 들어가시면오르골 키트 만드는 방법이 자세하게 나와있어요.​어쨋든 결론적으론 성공을 했구요.잘 작동 된답니다.​회로가 잘못되었는지 체크 꼼꼼하게 해주시구요그래서 집 조각을 다시 분해했어요.​​크~~ 소리와 불빛이 들어오면서의 감격!!!진짜 너무 신이 났습니다.​​ㅣ아이들도 옆에 붙여서 엄마 이제 돼?하면서 좋아하고와서 눌러보고 예쁘다며 신기해합니다^^​음악도 여러곡이 나오네요~역시 하라는 딱 보고 이거 꾸며야겠다며마구마구 색칠합니다.언니라는 확실히 모양잡고 이쁘게 그리는데다은이는 그냥 마구마구 칠해버리네요~​아이들이 좋아하면 되는거죠~​다시한번 담당자분께 감사하다는 인사를 드리고 싶네요^^​노트북이 오래되긴했어요.멀쩡한거 두고 오래된걸로 했더니이런말썽이~저 작은 집은 학교에서 만들어왔던 거예요.일반 빛들어오는데 건전지가 없어서걍 저렇게만 두고 있어요.큰 오르골이 생겨서 노래도 나오고 빛도 나오고좋구만요 ㅎㅎ​​​​전 초등학교 2학년인 하라와 만들었지만회로선을 연결하는 부분은하라도 어렵지 않아했어요.아이들에게 경험시켜줘도 아주 좋을 것 같아요~|​​​1)스토어팜  https://smartstore.naver.com/lline_edu/products/55506413732)쿠팡 https://www.coupang.com/vp/products/5429613209?isAddedCart=3)블로그  https://blog.naver.com/lline_edu/222213976711​​​​​​​​#아두이노 #아두이노키트 #코딩키트추천 #비대면키트 #코딩입문 #코딩키트 #DIY키트​​ 

미      불을 통해 본 업체로부터
제품 또는 서비스를제공받마 작성된 리뷰입니다
「,】

 
",29,0,0,413,6,6,48.4,24,text_ad,2021. 6. 17. 19:10,1166,1202726,육아·결혼,"['대단해요', '감사합니다. 보통일은 아니지만 재미있네요~아이도 뿌듯해 하고 다시 만들고 싶다고 하구요^^', '일주일의 절반이 지나고 있습니다.네, 목요일입니다!!불타는 금요일이 한발 앞으로 다가온 지금.힘을 내보죠!시간나시면 제 블로그 한번 들러주세요!', '네 들를께요', '꿈꾸는 엄마님! 화요일 절반이 지나고 있습니다.시간나시면 제 블로그 한번 들러주세요!오늘도 좋은 정보 감사드려요!']"
2,https://blog.naver.com/eunjinpyo?Redirect=Log&logNo=222443860081,"​코스트코를 자주가지만 이렇게 맛있는게 있는걸코스트코 잘 가지도 않는 동생에게 들어서알게되었어요.그게 그런것도 프렌치롤이 늘 있는 상품이 아니라서 그런것 같아요.​그 동생도 자주 나오는게 아닌데있다고 얼릉 사왔다고 그랬거든요.​저도 몇번 있는걸 봣는데안사고 지나가다가한번 먹어봐야겠다고 생각해서사왔어요.가격도 저렴하고 후기를 봐도다 너무 맛있다는 칭찬이 많아서먹어보고 싶어지더라구요.​6개씩 4봉지총 24개  5,690원바게트 그냥 사먹으려면 택도 없는 가격이죠​​냉동실에 박혀 있다가 드디어 오픈 ㅎ기대기대주먹만해요6개가 한봉지로두개씩은 먹을듯아니 부족할지도 ㅎ​크기는 작아요.바게뜨와 비교하면 진짜 작은데대신 집에서 쉽게 구울 수 있죠​예열안한 상태에서190도 15분 했어요.중간 확인은 안했어요.​해동할필요 없이 바로 구워주면 됩니다.​생지가 안붙도록넣어주고 15분 땡하고 봤더니노릇하게 구워졌네요​중간에 확인하지 않고 그냥 뒀어요.확인하는 분들도 있던데저는 그냥 뒀어요그러니 이렇게 맛있게 구워졌네용​​바닥부분도 노릇해요.​엄청 뜨겁고 엄청 딱딱했어요어 너무 오래했나 싶었지만아닌였어요~​빵칼로 잘랐는데요속은 부들부들 너무 잘 구워졌더라구요.​빵집에서 파틑 바게트처럼 잘 구워졌어요잘라딸기잼만 발라먹어도 맛있네요~오 왜 이렇게 사람들이 좋아하는지알겠더라구요.겉 빠삭 안 촉촉​속은 부들부들 촉촉촉 부드러워요~^^그냥 먹어도 맛나요~유후​​애들도 너무 잘 먹어요.하라는 빵 안좋아하는데맛있다면서 딸기잼 발라서 잘 먹어요.다은이는 또 바른거 싫어해서그냥 들고 먹네요.책을 좋아해서 글도 못읽는데열심히 그림보는책도 좋아하고동영상도 좋아하고한쪽만 좋아하지 않고골고루 좋아해서 다행이죠~~​두고 먹기에 좋아요.​​​ 
… 해
 2
7         하수
내 지갑으로 구매한 슬직한 리뷰입니다.

서인
7         하수
내 지갑으로 구매한 슬직한 리뷰입니다.

서인
7         하수
내 지갑으로 구매한 슬직한 리뷰입니다.

서인
",16,1,0,147,4,1,48.4,11,,2021. 7. 24. 14:14,1166,1202726,육아·결혼,"['노릇노릇하네요~우유 아니면 커피랑 같이 먹으면 맛있겠어요ㅎ', '네~ 너무 괜찮더라구요', '에어프라이기로 안되는게 없네요 ㅎㅎ정말 맛있겠어요 ^^맛있는 빵냄새 여기까지 나는것 같아요~', '에어프라이어가 큰일하네요 정말루요']"
3,https://blog.naver.com/eunjinpyo?Redirect=Log&logNo=222153609816,"내껀 아니고 사무실꺼!!나는 언 6년전에 더 큰용량으로 삼성꺼 구입해서 사용중사무실환경으로 인해 공기청정기가 있으면 좋은데~미루다미루다 사라고 해서 사오심~코스트코에 있다고 해서 사러 부장님이 직접가셨는데마침 세일이라고~~15만인가~ 그래서 40만원대로 구입하셨다고,, 오오오 굳 타이밍~ 요즘 특히 코로나나 미세먼지도 심해서 필수다!!!​완전 대용량은 아니고 필터 하나들어가는 사이즈다.우리집은 같은 모양이지만 두개 들어가는데 이건 하나~​외관은 똑같다단지 앞에 공기들어가는 모양이 바뀌고위에 버튼부분이 다를뿐 거의비슷하다​기본 모드? 이것도 좀 바뀌긴했다펫이 있어!우리집은 뭐 암것도 안키우니사람만 키워서~ ㄴㅋㅋㅋㅋㅋ​3등급이다전기세 년 25000원​​큐알코드를 찍으면 사용법과 필터교환관련 사이트로 가는것 같다 아직 안해봄~우리집에도 있는지 확인해봐야겟다~​필터도 좀 바뀌엇네요~​전에 한번 청소해주는 업체가 소개로 와서 집에 먼지청소를 해준적이 있다~청소결과보고 주기적으로 청소계약을 맺거나 청소기 사라고근데 청소기가 말도 안되게 비싸서 돌려보냈던적이,,그때 이 삼성공기청정기를 보며 좋은걸 두셨는데 왜 안쓰냐며 꼭 사용하라고 하셨다!!사실 애들 어릴때는 사용을 자주했는데 커서는 잘 안돌리는~이게 사실은 생각보다 시끄럽다약하게 돌리면 괜찮은데 강으로 돌아가면 바람소리가 제법 큰 편이고 바람도 강하게 나온다~사무실에서 틀자마자 춥다며~ 그래서 사람없는 쪽으로 방향해서 틀고있다~집에서도 소파랑 거리가 멀게~~~지금 화분옆에있는데 초록이가 괜찮겠지?​공기청정기 역할만 잘하면 뭐 문제없지뭐그래도 겨울에는 멀리하는게 ~ 추버추버답.
",9,0,0,149,7,0,48.4,7,text_ad,2020. 11. 24. 23:10,1166,1202726,육아·결혼,"['공기청정기 세개있는데 괜히 하나 더 지르고 싶네욥 ㅋ ㅋ ㅋ', '방마다 하나씩 있는게 좋다고 하더라구요세개면 충분하시겠어요^^', '공기청정기 디자인도 심플하고 기능도 정말 좋아보이네요^^잘 보고 갑니다~ 오늘도 좋은하루 보내세요ㅎㅎ', '감사합니다']"
4,https://blog.naver.com/eunjinpyo?Redirect=Log&logNo=222156736663,"오일이라곤식용유나 휘발유정도로만 생각하고 살았는데내 주변에 오일로 몸을 다스리는 분이계셔서자연스럽게 흡수가 되었다그래서 모으게 된 도테라 오일-​나도 멜라루카라는 곳에 회원이라서 거기도 멜라루카오일 유명해서 몇번 썻는데 관심이 없어서 잘 쓰지는 않았다~멜라루카에서는 딱 세탁 세재와 퐁퐁!!치약과 칫솔도 꼭 샀는데치약은 또 더 좋은곳을 알게되어 그걸로미애부치약~ 화장품도 썻었는데가격이 비싸다~~​총 9종류많이 모았구만~~가습기에 주로 많이 넣어서 사용한다​토테라 오일은 식용가능한게 많다. 가끔씩 물에 한방울씩 떨어뜨려마시기도 한다!향에비해 맛은 무맛!그래서 오히려 먹기가 쉬운것 같다​가장많이 쓴 오일허리디스크가 오고 허리가 너무 아파서병원도 계속 다녔는데딥블루 오일을 추천해 주셨다코코넛 오일과 함께쓰라고 해서한방울씩해서 허리에 자주 발라줬다다른 오일에 비해서 크기도 작은데비싸다 다른것보다 가격이 비싼걸로 기억을 한다얼마전에도 다시 허리디스크가 재발하서아팟는데 이걸바르면 파스같이 시원한 느낌이든다~병원도 갔지만 어쨋든 바르면 효과가 있기는 한거 같다​​페퍼민트내 옆자리 언니가 바르고 마시고~박하향이 진하게 난다~하라도 어제오늘 딱히 감기는 아닌것 같은데코가 막힌 소리가 난다내일 성경암송대회하는네 하필~그래서 씻고 와서 인중에다가 페퍼민트를 발라줬다첨엔 뭐 아프다고 하더니나중에는 시원하다며~내일 확실히 나아야하는데잘때 페퍼민트 넣고 가습기 돌리고 자야겠다페퍼민트는 진짜 다양한부분에 효능이 있다!발맛사지하면 좋다는 오일이 많던데난 언제 해볼까나~​페퍼민트 가득넣어 가습기 작동!!향이 진하게 나는구나~​​​근데 난쓰다가 자네!!  
 
 
",6,1,0,152,4,0,48.4,8,,2020. 11. 28. 8:08,1166,1202726,육아·결혼,['♥안뇽하세여 > < 글 잘 봤어용!!❣벌써 12월!! 한달도 안남았네여~올해는 시간이 너무 빨리 지나가는것 같아용코로나 조심하세요~!!얼마 남지 않은 2020년도 화이팅해여❤내년을 위해 저는 좋은기회를 미리 잡았습니다😍위기를 기회로💜 만드세용❣ 제 블로그도 들러쥬세여🌹https://blog.naver.com/sunny_7763/']
