,Post URL,Post,Image num,sticker num,gif num,Paragraph num,Comment num,Video num,weekly viewer mean,Sympathy num,AD,Posting Date,Buddy num,Total visit,Blog category,Comment detail
0,https://blog.naver.com/flower_lar?Redirect=Log&logNo=221971643828,"​안녕하세요 여러부운 오늘은 저희 방에서 은은한 벚꽃향을 책임지고 있는 무알코올 천연 디퓨저를 소개해드릴게요 :)저는 향 나는 제품을 참 좋아해서 신혼집 올 때도 본가에서 쓰던 캔들을 챙겨왔고 집안 곳곳에 디퓨저를 놓기도 했어요화장품을 제외한 모든 제품은 좋은 향 나는 제품을 구입하는 편이도 향수도 굉장히 많이 보유하고 있어요 그래서 그런지디퓨저 종류도 정말 다양하게 사용했던 것 같아요. 그 중에서 지금 사용중인 푸타완 사쿠라 향기는 너무 너무 좋더라고요​​​​​​푸타완 무알콜 디퓨저는 인공적인 합성향이 안 들어가고, 자연유래 성분으로 되어 있어서오랫동안 맡아도 머리가 아프지 않고 정말 은은하게 향이 퍼져서 맡고 있으면 기분이 좋아요!!특히나 인공적인 향이 아니라 남자 분들도 충분히 좋아하실 것 같고, 용기가 자외선 차단이 되는 거라서햇볕이 드는 거실이나 주방에 두고 사용해도 향 변질 되는 문제를 걱정하지 않아도 되고 천연 디퓨저라 좋더라고요​​​​​https://youtu.be/msn1Jqvuk5w​자세한 사용 방법이 들어 있는 영상이에요. 안 보셔도 무관하지만 저는 개봉 할 때 어려움이 있어 영상을 참고 했어요:)저처럼 개봉이 어렵거나 개봉하다 잘 안 뜯어 지는 분들은 영상을 참고 하시면 더욱 쉽게 개봉하실 수 있습니다!​​​​​​우선 새집 증후군이 덜 빠진 상태라 디퓨저는 필수에요. 그래서 처음엔 제가 가장 중요하게 생각하는 안방에 냅뒀는데방이 좁고 스틱을 많이 꽂아서 그런지 발향이 너무 쎄게 느껴지더라고요. 그래서 바로 좀 더 환풍이 잘 되고 항상 문 열고 사용 하는컴퓨터 방으로 옮겨 놨어요. 그리고 창문을 열었더니 바람이 불면서 안방이랑 거실쪽으로도 향이 은은하게 퍼지는게 좋더라고요~​​​​​​거기에 서랍장 위에 있는 선인장이랑 유칼립투스랑도 너무 잘 어울려서 인테리어 효과도 정말 좋아요 :)특히 컴퓨터 방은 오빠가 가장 많이 쓰는 편이라 게임을 찐하게 할 땐 문 닫아두고 하는데 그렇게 몇시간 있다 나오면찐한 남자의 향기가 뿜뿜하는데, 천연 디퓨저를 냅두니 확실히 문 닫고 오랜시간 게임을 하고 나와도 더이상 남자의 향기가 나지 않아요 (올레~)그 향기를 은은한 벚꽃향이 다 잡아주더라고요 제가 이러니까 디퓨저를 사고 또 사고 또 사는거에요 디퓨저는 많을 수록 좋은 것 같아요 ㅋㅋ​​​​​​고기나 냄새가 좀 나는 음식을 거실에서 먹은 날에는 이렇게 거실로 데리고 나와서 주방엔 캔들을 켜고 거실엔 천연 디퓨저를 냅두고전체적으로 환기를 시켜주고 있어요 바람이 불면 디퓨저에서 살랑 살랑 벚꽃향이 나는데 여러분 완전 아직도 봄인 것 같아 기분이 설레입니다!이번에 코로나시키 때문에 꽃 구경도 못 갔는데 이렇게 라도 벚꽃향을 맡으니까 괜히 기분 좋아서 오빠 얼굴만 봐도 기분 좋은거 있죠?ㅋㅋㅋㅋ제가 꽃을 좋아해서 그런지 몰라도 독하지 않고 인공향이 아닌 은은하고 정말 제대로 된 벚꽃 향을 맡으니까 저 정말 너무 너무 기분 좋아요!​​​​​​특히 이렇게 거실에 두고 문 다 닫고 출근 했다가 퇴근 하고 들어와서 안방으로 갈 때 벚꽃향이 확 나는데 기분 좋습니다원래 자기가 좋아하는 음식을 먹거나 좋아하는걸 보거나, 좋아하는 향을 맡거나 하면 기분이 일시적으로 좋아지잖아요?바로 그런 효과가 있어서 하루 종일 받았던 스트레스도 해소가 되고 기분까지 좋아지는 덕에 동일 향으로 좀 더 사려고 해요혹시 판매자님이 이 글을 본다면 리필액으로 좀 파실 생각은 없으신지 여쭙고 싶어요 ㅋㅋ매번 병을 다 사니 둘 곳이 없더라고요ㅠㅠ혹시나 집에서 꿉꿉한 냄새가 나거나 좋은 향이 집에서 풍겼으면 하시는 분들은 푸타완 무알콜 천연 디퓨저 벚꽃향을 한 번 이용해보세요집 평수에 따라 달라지겠지만 작은 평수에는 스틱 하나 정도면 충분할 것 같고 넓은 곳은 두 병 정도는 이용해야 전체적으로 은은하게 향이 퍼질거에요. 벚꽃 향 외에도 다양한 향이 있어서 취향별로 고를 수 있는데 저는 개인적으로 꽃을 좋아해서 벚꽃향이 굉장히 완전 너무 만족스러웠습니다!​​​www.피피.com​https://www.coupang.com/vp/products/1091403456?vendorItemId=70046598039&sourceType=SDP_SC_RECOMMENDATION&isAddedCart=​https://smartstore.naver.com/phutawanshop  
81.
",6,0,0,470,0,0,466.2,0,,2020. 5. 20. 14:08,615,884998,일상·생각,0
1,https://blog.naver.com/flower_lar?Redirect=Log&logNo=221905598281,​안녕하세요 여러부운 ~~ 오늘은 기사님조차도 향기에 반해서 사진 찍어간 국민 디퓨저를 적어볼까 해요 :)신혼집에 디퓨저 구입하기 전에 캔들이랑 디퓨저 등 정말 많이 검색해보고 일주일가량 고민해서 구입하게 된 코코도르 디퓨저에요마침 이벤트 기간이라 2개 구입시 몬스테라 잎 모양의 코스터도 2개를 주는 이벤트를 하고 있더라고요 그래서 전 총 4개 코스터 4개가 왔어요​​​​​​코코도르 디퓨저에서 가장 유명한 블랙체리랑 개인적으로 제가 좋아할 것 같은 에이프릴 후레쉬 각각 2개씩 구입했어요블랙체리는 향이 달달해서 밤에 맡으면 배가 고플 수 있다길래 거실에 두고 사용 중이에요 안방에 두면 자기 전에 배고풀까봐 ^^​​​​​​코코도르는 가격도 착하지만 향도 좋고 발향도 괜찮아서일명 국민 디퓨저라고도 불려요. 거기에 순수 자연 곡물 발효 식물성 에탄올에보틀 및 스틱이나 부자재까지 안전 검사를 완료했기 때문에 안전성에서도 믿음직하고요​​​​​​주방 식탁에도 블랙체리 디퓨저를 올려놨어요 후기에는 진하다는 분들도 있어 걱정했지만 새집증후군 때문인지 향이 많이 진한 편은 아니라스틱을 좀 많이 꽃아 놨고 생각날 때마다 스틱을 뒤집어서 향을 좀 더 진하게 해주고 있어요 향이 정말 달달해서 맡으면 기분이 좋고 기사분이사진 찍어간 제품 역시 블랙체리 향이였어요 많은 분들이 사랑하는 만큼 대중적으로 좋아하는 향 같아요. 하지만 달달한 향기를 싫어하는 분들은피하시는 게 좋을 것 같아요~​​​​​​드레스룸에도 블랙체리를 놓았어요 드레스룸은 특히나 나무 가구가 들어가서 그런지 베이크아웃을 며칠 동안 했음에도 불구하고완벽히 빠지지 않아서 냄새가 좀 진한 블랙체리를 두고 수시로 환기시켜주고 있어요 입주 한 달이 됐지만 여전히 다 빠지지 않았지만아침에 옷 입으려고 들어가면 은은하게 퍼지는 달달한 블랙체리 향이 좋아요. 아마 새 가구 냄새가 전부 빠지면 훨씬 좋을 것 같아요!​​​​​​안방은 좀 더 가볍고 꽃 향이 나는 걸로 구입하고 싶어서 에이프릴 프레쉬를 선택했는데 홈페이지에 나와 있는 향 설명으로는정원에서 잠든 아기의 볼을 물들이는 과일향으로 부드러운 구름 조각의 포근함이 집을 감싸고 정원을 넘어 들어오는오렌지 플라워를 담은 햇살이라고 표현되어 있어요 부드러운 느낌은 잘 모르겠으나 은은하게 퍼지는 꽃향기가 좋아요 :)​​​​​향 종류는 정말 다양하더라고요 이제 곧 봄이 오니 지금 사용 중인 디퓨저를 다 쓰면 잉글리쉬 페어프리나 코코피치를 사볼까 해요:),9,0,0,278,0,0,466.2,1,,2020. 4. 13. 11:55,615,884998,일상·생각,0
2,https://blog.naver.com/flower_lar?Redirect=Log&logNo=222300695531,"안녕하세요 여러분 달콤한 꽃입니다 :)요즘 육아하느라 너무 바쁜데 그 와중에 써보니 너무너무 좋았던 육아 필수템을 소개하려고 해요!출산 전에 유튜브랑 블로그 그리고 카페를 통해서 찐 육아 필수템&추천템을 알아보고 그중에서저한테 필요한 육아템을 구입해서 요즘 사용 중인데 역시 육아템은 없어도 되지만 있으면 확실히 좋은 것 같아요​​​​​그중에서 평소에 제일 많이 쓰고 제일 잘 쓰고 있는 이케아 왼스클리그 제품인데요요건 많은 분들이 알고 계실 수 있지만 모르는 분들도 계실 것 같아서 제가 어떻게 사용하고 있는지 소개해드릴게요 :)저는 이케아 광명점 가서 구입했는데 가기 전에 품절이 여러번 돼서 미리 방문할 곳에 재고 있는지 확인 후 방문하세요~​​​​​요즘 저는 이케아 왼스클리그 기저귀정리함으로도 사용하고 있어요원래 처음엔 트롤리 수납함으로 사용했었는데 저희는 트롤리를 이동하면서 사용하지 않고 있어요오히려 낮에는 침대를 거실로 가지고 나와서 소파에서 생활하다 보니까 왼스클리그는 이렇게 아기침대 정리함으로 더 잘쓰고 있어요!!​​​​​기저귀정리함은 앞에서 보면 이런 모습이고침대 안쪽에서 보면 이런 모습이에요 깔끔해요 :)​​​​​제일 큰 기저귀 수납함에는 기저귀랑 물티슈를 넣어두고 사용 중인데 정말 정말 편해요보통 트롤리 수납함에 기저귀랑 물티슈 두고 사용하시는데 저희는 이게 훨씬 편하더라고요역시 육아에는 정답이 없듯이 본인이 편한 방법으로 육아하시면 돼요~​​​​​​두번째는 그때그때 변동이 꽤 있는 수납함이에요!지금은 양말이 자꾸 벗겨져서 양말 대신에 보행기화랑 체온계 넣어 놨어요원래는 배꼽 소독약이랑 체온계 넣어 놨었어요~ 쉽게 안에 물건을 바꿀 수 있어서 편리해요~​​​​​마지막 칸에는 수딩젤, 보습크림, 비판텐을 넣어두고 사용 중이에요태열이 올라와서 수시로 발라야 하는데 자꾸 까먹어서 저렇게 올려두면하루에 두 번은 바르게 되더라고요 확실히 자주 쓰는게 눈에 잘 보여야 해요~​​​​​이렇게 자주 쓰는거 위주로 올려두니까 손쉽게 꺼내 사용할 수 있어 시간 절약도 되고 편리성도 좋아요​​​​​특히 육아하다 보면 손목이랑 허리가 많이 아픈데 허리를 숙이지 않고 바로 꺼내서 쓸 수 있는거 역시 엄청 장점이에요​​​​​기저귀도 하루에 쓸 양을 미리 꺼내 두면 그때그때 바로 쓸 수 있어 좋고안방에서 자다가 일어나서 갈아주기도 쉽더라고요 저희는 이케아 왼스클리그 정리함으로 진짜 너무너무 잘 쓰고 있고 대만족이에요!​​​​​이거는 이케아 왼스클리그 세트 중에 가장 큰 정리함인데요,처음엔 얘를 어떻게 쓸까 하다가 하루에도 몇 장씩 나오는 다 쓴 손수건도 넣어두고 갈아입은 옷도 넣어두고아이 세탁물 보관함으로 넣어서 사용 중이에요 여기에 넣어 놨다가 흰색은 한 번 과탄산소다에 넣어서 세탁하고 있어요 :)​국민 육아템으로 왼스클리그 많이 쓰는 이유가 있더라고요 기저귀정리함에 껴서 사용하셔도 좋고트롤리 수납함에 껴서 사용하셔도 좋아요 저처럼 침대에 껴서 사용하셔도 좋아요! 아이가 다 커도 여러모로 쓸 수 있을 것 같아요!!",15,0,0,333,4,0,466.2,4,,2021. 4. 6. 17:51,615,884998,일상·생각,"['', '안그래도 보니 아기침대에 왼스클리그 호환되는지 알아보고 있었는데 정보 감사해여!!😆']"
3,https://blog.naver.com/flower_lar?Redirect=Log&logNo=221985501793,"​안녕하세요 여러부운 오늘은 친정집 집들이가 있어서 저번 주말에 화장실 청소하면서 욕실 코팅제로 셀프 코팅을 해놨는데 세상에 마상에이거 정말 요물이에요. 저희처럼 신혼부부거나 맞벌이 부부라 매일 화장실 청소를 못 하는 부부 분들한테 추천해드리고 싶어요!!!​​​​​​저는 뷰오케이 라는 곳을 이용해서 오염 방지 코팅제 나노코팅 패키지를 사용했는데 가성비 정말 좋았어요사용 방법도 엄청 쉬운데 그건 아래 동영상에서 보실 수 있어요 단 사용 시 창문이나 방문을 활짝 열어두고 사용하시는 게 좋을 것 같아요생각보다 냄새가 독해서 문을 닫고 했더니 머리가 너무 아프더라고요. 그래서 급하게 환풍기 돌리고 문 열어두고 욕실 코팅을 했습니다!​​​​​​풀 패키지는 코팅제랑 리무버 세트에 코팅 극세사랑 세정 스펀지가 함께 와서 따로 준비할건 없어요!​​​​​​우선 제일 많이 사용하는 부부욕실에 세면대를 셀프 코팅해 볼게요 :)하루에도 몇 번씩 사용하다 보니 화장실 청소한 다음날부터 물 자국에 조금씩 물때가 끼기 시작하는 것 같아서 보기 안 좋더라고요그래서 보통은 시간 여유가 있으면 세면대는 매일 닦아주기는 하는데 날이 더워지니 이것도 점점 버거워지더라고요~ 그래서 본가에서셀프 욕실 코팅을 했던게 생각이 나서 신혼집도 혼자서 착착해봤어요! 이게 한 번 해두면 꽤 오랫동안 유지가 돼서 편리해요~​​​​​​우선 오전에 화장실 청소를 하고 전체적으로 대청소 후에 오염 방지 코팅제를 함께 온 스펀지에 묻혀서 구석구석 잘 발랐어요대충 바르면 안 되고 꼼꼼하게 구석구석 잘 발라주세요. 이게 잘 발려야 코팅 됐을 때 깨끗하니까 귀찮아서 잊지 말고 꼼꼼하게!​​​​​​그 후에 물을 이용해서 깨끗하게 닦아주세요. 그냥 샤워기로 물을 뿌리면 다 지워지지 않으니 사용했던 스펀지로 문지르며 헹궈내세요~​​​​​​​그 후에 물때 방지 코팅제를 뿌려주고 코팅 극세사를 이용해서 아까 보다 더 꼼꼼하고 구석구석 발라주세요이게 잘 발려야 코팅이 제대로 돼서 물 자국이 남지 않거든요? 왼쪽 사진처럼 뿌린 후 극세사를 이용해서 구석구석문지르고 물을 한 번 뿌려주면 오른쪽 사진처럼 물방울이 맺혀요. 만약 물을 뿌렸는데 물방울이 제대로 맺히지 않는다면 다시 칠해주세요~​​​​​​수전뿐만 아니라 세면대도 동일한 방법으로 해주세요. 사실 수전보다 세면대에 물때 끼는게 더욱 육안상 안 좋아 보이거든요~​​​​​​똑같이 코팅제->헹굼->리무버->헹굼 해주면 돼요 세면대의 경우 워낙 비누나 물이 많이 자주 묻어서 그런지 유지 기간이 길진 않아요하지만 일주일은 버티기 때문에 다음번 화장실 청소까진 꽤나 깨끗한 상태가 유지되기 때문에 안 하는 것보단 확실히 추천합니다!​​​​​​코팅제 바르고 나면 이렇게 물방울이 몽글몽글 맺히는데 보통은 마르면서 저기에 자국이 생기고 그 자국이 계속 쌓이면엄청 지저분해지는 거거든요? 근데 코팅제를 이용하면 저 상태로 있다가 자국 없이 마르더라고요 어찌나 편한지 몰라요~​​​​​​사용하는 모습은 영상에서 자세히 보실 수 있어요!​​​​​https://smartstore.naver.com/viewok/products/610553872 글은 블로그원평대을 동해 해당 업체에게
자 또느 서비스유언 솜자게작성된글 니다
",18,0,0,336,0,1,466.2,0,text_ad,2020. 5. 31. 22:34,615,884998,일상·생각,0
4,https://blog.naver.com/flower_lar?Redirect=Log&logNo=221950056696,"​안녕하세요 여러분~ 오늘은 제가 좋아하는 청소 제품에 대해 글을 써볼까 합니다 :)저는 본가에 살 때부터 매주 토요일이면 가족들이랑 대청소를 했고 그중에서도 화장실 청소는 제 담당이었어요!다른 곳보다 화장실이 가장 깨끗해야 된다고 생각하는 사람이라 제가 직접 닦아야 마음이 편하고 깨끗함을 유지하는 것 같더라고요그래서 천연세제부터 다양한 도구를 사용해봤는데 이번에 사용했던 살림소 다목적 클리너 역시 짧고 굵게 청소하는데 아주 적합한 제품이었어요!​​​​​​살림소 다목적클리너는 분무기 형태로 되어 있어서 청소할 때 되도록 손에 묻히지 않고 뿌려서 청소할 수 있어 간편해요특히 찌든 때가 많은 주방부터 욕실까지 모두 사용할 수 있는 올인원 제품이라 한 번 사두면 두루두루 사용할 수 있어서 손이 자주 가는 청소 세제에요! 특히 찌든 때와 기름 분해에 탁월해서 주부들이 주방 세제로도 많이 찾는 제품이더라고요. 저는 기름때는 바로바로 제거하는 스타일이라 주방 찌든 때 후기는 가져올 수 없었지만 기름진 요리를 하고 바로 이걸 뿌려주면 불리는 시간 없이 바로 행주로 닦아도 아주 깔~끔하게 닦이더라고요!​​​​​​저는 청소를 좋아하는데 시간이 길어지고 힘이 들도 사용하는 방법이 어렵다면 청소하기 너무 싫을 것 같아요그래서 제가 하는 청소 방법은 항상 간단하고 짧고 편하게 할 수 있는 방법들로만 진행하는데 이번에 알려드리는 다목적클리너는민망하리만큼 엄청 간단해요 이제 막 결혼한 새댁분들이나 청소가 귀찮은 자취생분들도 사용하시면 정말 편하게 청소할 수 있을 거예요.​​​​​​매일 닦아도 쌓이는 물 때.. 항상 샤워하면서 닦아주고 물기를 제거해도 남편이 씻고 나오면 물때가 끼고 퇴근하고 돌아오면 경악을..이럴 때 힘들이지 말고 다목적 클리너로 넓게 분사해 주세요. 시간이 된다면 솔로 한 번씩 휙휙 닦아주고 물로 헹구면 아주 깨끗해지는데그조차 귀찮다 시간 없다 피곤하다 하시는 분들은 그냥 분무기로 뿌리고 양치 한 후에 뜨거운 물로 한번 휙 뿌려주세요 말끔해집니다~(후기 사진이 지워졌지만 해보시면 비포 애프터 확실해요)​​​​​​비눗갑을 이상한거 사는 바람에 늘 저렇게 세면대 위쪽에 비눗물이 가득 .. 저건 물 뿌려도 비눗물이라 쉽게 닦이지 않아요솔로 문질러도 자국이 간혹 남아 있기도 해요 그럴 때 살림소 제품을 칙칙 뿌리고 솔로 살살 문지르거나 손으로 살살 문질러서뜨거운 물 뿌리면 아주 깔끔 반짝반짝! 변기는 제가 청소하는걸 가장 싫어해서 안쪽은 남편이 닦고 겉에만 제가 닦는데 변기는정말 만지기 싫어서 살림소 제품을 챡챡 뿌린 다음에 역시 뜨거운 물로 아주 꼼꼼하게 닦아주고 있어요. 변기 커버(엉당이 닿는 부분)는 소중하니까 베이킹소다+뜨거운 물 살짝 묻혀서 스펀지로 닦아서 뜨거운 물로 헹궈내고 있어요 이렇게 하면 소독이 따로 필요 없고 간단해요​​​​​​후..제가 요즘 가장 스트레스 받는 부분입니다. 새 아파트인데 왜 이렇게 핑크 곰팡이가 많이 생길까요 저희 집뿐만 아니라 아파트 세대대부분이 그런 것 같더라고요. 그래서 화장실엔 핑크 곰팡이 없애는 세재를 달아서 사용 중이라 만족하는데 세면대는 어쩔 수 없이 매일닦아줘야 해요. 핑크 곰팡이는 이 집에 와서 처음 안 거라 정말 좀 많이 당황했어요.​​​​​​역시 착착 뿌려서 양치 후 뜨신 물만 뿌려도 깨끗해지고요 시간이 난다면 안 쓰는 칫솔로 구석구석 닦아주면 훨씬 더 깨끗해져요예전엔 치약으로 닦았는데 치약은 닦은 후 바로 뜨거운 물을 안 뿌려주면 오히려 자국이 남을 수 있는데 살림소는 그런 걱정이 없어요​​​​​​수전 역시 살림소 칙칙- 샤워기로 뜨거운물 뿌려주면 깔끔해요. 칫솔에 치약 묻혀서 구석구석 닦는 수고는 덜었습니다 :)살림소로 바닥 청소도 쉬운데요 찬물로 구석구석 물을 뿌려주고 살림소를 여기저기 마구 뿌려주세요 그리고 5분 정도 불린 다음에유튜브를 틀어 놓고 화장실 솔을 이용해서 슥슥 닦아줍니다. 그 후에 뜨거운 물로 헹궈내고 매일 신는 화장실 슬리퍼에도 살림소 칙칙뜨거운 물로 촤악 헹궈주고 화장실 문을 활짝 열고 안방 베란다 창문도 활짝 열어서 환기 시켜주세요 그 후에 마시는 커피는 진짜 꿀맛..乃​​​​​​우리 화장실 청소 어렵게 하지 말아요~ 저는 주말에 시간 여유가 있어서 베이킹 소다와 구연산 식초 등을 이용해 대청소를 해주지만평일에는 회사가 너무 멀어서 청소할 시간이 여유롭지 못해요. 그래서 아침에 살림소를 이용해 하거나 저녁에 간편하게 해주고 있어요!​​​​​​https://smartstore.naver.com/sallimso/products/4803001062 글은 블로그원평대을 동해 해당 업체에게
자 또느 서비스유언 솜자게작성된글 니다
",14,0,0,519,0,1,466.2,2,text_ad,2020. 5. 7. 12:21,615,884998,일상·생각,0
5,https://blog.naver.com/flower_lar?Redirect=Log&logNo=222127343233,"​안녕하세요 여러부운 오늘은 집들이음식메뉴추천을 좀 해볼까 해요:)저희처럼 신혼부부 분들은 신혼집 입주하면서 집들이를 많이 할 텐데 그때 생각보다 메뉴 고르는게 쉽지 않더라고요전 메뉴를 다 배달 시키자니 너무 성의 없어 보이고 그렇다고 요리를 하기엔 요리에 자신 없는 분들이 많으실 거라 생각해요~그럴 때 쉽게 할 수 있는 삼겹살 요리 두 가지를 가지고 왔어요. 에어프라이어 통삼겹살구이 그리고 제육볶음 레시피까지!​​​​​​우선 첫 번째로 보여드릴 요리는 김수미 제육볶음 레시피인데요 정석 레시피가 맞는지는 모르겠지만저는 유튜브에서 어떤 분이 김수미 제육볶음 레시피인데 존맛탱이라고 해서 따라 해본 건데 맛있더라고요그리고 생각보다 간단하고 손이 많이 안 가고 또 설거지 거리도 많이 안 나오는데 술안주로도 너무 적합해서 가져왔어요!우선 삼겹살은 길고 얇게 잘라진 걸로 하셔도 되는데 저는 통삼겹살 요리도 할거라서 그냥 통삼겹살로 했어요!​​​​​​제육볶음 레시피 양념장고추장 4스푼, 고춧가루 4스푼, 설탕 1스푼, 매실청 2스푼, 간장 2스푼, 다진 마늘 3스푼, 후춧가루 톡톡이게 본 레시피인데 개인적으로 고추장은 양을 좀 조절해도 좋을 것 같아요 저한테는 고추장 4스푼이 좀 많게 느껴졌어요​​​​​​삽겹살은 듬성듬성 잘라서 프라이팬 중약불에 구워주세요그러다 삼겹살에서 기름이 나오면 파를 넣고 함께 구워주시면 되는데 저는 생각보다 고기에 기름이 별로 없어서파를 좀 나중에 넣는게 더 맛있었을 것 같아요. 하지만 기름이 많고 고기가 얇은 분들은 처음부터 같이 구워주시면 돼요​​​​​​고기가 어느 정도 익었다 싶으면 먹기 좋은 크기로 다시 자르고 조금 더 익힌 다음에 제육볶음 양념장을 넣어주세요양념장은 한 번에 다 넣지 마시고 조금씩 넣어가면서 늘려주세요 저는 절반 2/3정도 넣었더니 살짝 짭짜름해서 술안주로 딱이었어요​​​​​​양념장 넣고 약불로 2~3분가량 좀 더 볶아주면 겉에 고추장 양념이 굳으면서 존맛탱​​​​​​만약 기름 떡볶이처럼 양념이 겉에 굳는게 싫다면 물을 소량만 넣고 끓인다는 생각으로 요리해 주시면 겉도 촉촉한 제육볶음 완성!​​​​​​흰밥에 올려 먹어도 존맛탱 잡곡밥에 먹어도 존맛탱 :)제육볶음 레시피 어렵지 않아요 뚝딱 만들어서 집들이음식메뉴로 올려서 막걸리랑 먹어도 짱짱이에요!​​​​​에어프라이어 통삼겹살구이​두 번째 요리는 솔직히 요리라고 말하기도 좀 머쓱한 너무너무 쉬운 똥손도 만들 수 있는 에어프라이어 통삼겹살구이 입니다:)처음부터 사진을 찍었어야 했는데 중간 부분부터 찍어서 사진 대신 글을 좀 풀어서 적어볼까 합니다.​​​​​​에어프라이어 통삼겹살구이1. 통삼겹살을 반으로 자른 후 봉투에 넣고 올리브오일, 소금, 후추 적당량을 넣고 섞어주세요2. 제대로 잘 섞였으면 에어프라이어에 넣고 180도에서 10분 / 반대편으로 돌려서 180도에서 10분3. 저희는 속 안이 다 안 익어서 다시 반대편으로 돌려서 180도에서 15분 굽고 다시 또 돌려서 5분 더 구웠어요​​​​​​집에 있는 오븐마다 기능과 온도가 다 다를 수 있으니 처음 하시는 거면 낮은 온도에서 짧게 짧게구워주면서 상황을 꼭 봐주세요. 겉은 타고 속은 안 익는 경우도 있으니 꼭 중간중간 확인해 주시고그래도 걱정이 된다 하시는 분들은 삼겹살에 x자로 칼집을 내주면 속 안까지 더 빨리 익어요~​​​​​​저희는 에어프라이어 통삼겹살구이 엄청 맛있게 잘 익었어요진짜 겉은 파삭 속은 촉촉해서 꼭 놀러 가서 먹는 바베큐 같았어요~집에 있는 감자고로케도 5분 남았을 때 함께 구워줬더니 딱 알맞게 익었어요​​​​​​개인적으로 좀 더 파삭한걸 좋아한다면 에어프라이어 기름종이 없이 그냥 구워서 밑으로 기름 빠지게 해도 좋고겉에만 더 익을 수 있게 온도를 살짝 올려서 5분 정도만 더 구우면 더 겉은 바삭하게 드실 수 있을 거예요~​​​​​​겉바속촉 에어프라이어 통삼겹살구이 완성 :)깻잎절임에 싸먹어도 맛있고 김치를 올려서 먹어도 맛있고위에서 만들어 놓은 제육볶음 레시피 양념장을 찍어 먹어도 존맛탱..개인적으로 저는 제육볶음 레시피 양념장을 쌈장 대신 통삼겹살구이에 살짝 올려 먹으니 더 맛있었어요​​​​​​느끼할 것 같았는데 일반 삼겹살보다 덜 느끼해서 신기했고 정말 촉촉하고 맛있더라고요역시 소맥이랑도 잘 어울리고 살 얼음 동동 막걸리랑 함께 먹어도 진짜 맛있을 것 같아요~집들이음식메뉴추천으로 이 외에도 물회, 오징어회 무침, 부추무침이랑 과일 등을 함께 준비해서 올리면 진짜 완벽하겠죵?​​​​​​가격은 착하고 고기 질이 정말 괜찮았던 괜찮아고기야 수육 삼겹살 :)집들이까지 시간적 여유가 있다면 여기서 구입해서 드셔 보시는 것도 좋을 것 같아요저는 돼지고기 사먹는 사이트가 따로 있는데 거기만큼 여기 맛있어서 즐겨찾기 해놨어요!맛없으면 맛있다고 하면서 안 먹는 저희 오빠도 맛있다고 끝까지 다 먹었던 고기입니다!​​​​https://smartstore.naver.com/okmeat/products/5073041011​",20,0,0,533,1,1,466.2,4,,2020. 10. 26. 22:34,615,884998,일상·생각,[]
6,https://blog.naver.com/flower_lar?Redirect=Log&logNo=222070279444,"​안녕하세요 여러부운~~오늘은 얼마 전 저녁에 먹었던 중화 음식인 고메 중화짬뽕 중화짜장을 소개할게요!고메 중화짬뽕은 진짜 너무너무 유명해서 먹어봐야지 먹어봐야지 했는데 매번 사는걸 깜빡했는데 이번엔까먹지 않고 구입해서 먹어 봤어요. 저는 얼큰하고 칼칼한 짬뽕을 좋아하고 오빠는 매운거 싫어해서 짜장을 좋아해요!그래서 둘이서 같이 먹으려고 고메 중화짬뽕, 고메 중화짜장, 비비고 칼국수 총 이렇게 구입했고 칼국수 빼고 후기 쓸게요!​​​​​​조리법은 상당히 간단해요 저는 라면보다 더 간단해서 앞으로도 자주 먹을 것 같아요 :)단 짬뽕의 경우 채소를 더 넣어서 먹으면 훨씬 맛있으니 집에 채소가 있다면 함께 넣어주세요짜장의 경우에도 고기가 있긴 하지만 적어서 저는 고기를 추가로 더 넣어서 먹었습니다~​​​​​​냉장 제품이고 봉투를 뜯으면 이렇게 생겼어요~ 급속냉동한 면이라 그런지 이렇게만 봐도 면이 맛있을 것 같죠?​​​​​​제가 평소에 당근은 안 먹는데 짬뽕에 들어간 당근은 잘 먹거든요 그래서 당근도 숭숭 썰어서 넣고집에 있는 양파랑 청경채도 썰어서 넣어주고 제가 늠늠 좋아하는 청양고추도 슝슝 썰어서 넣었어요!​​​​​​참고로 원래 물은 라면 양보다 조금만 넣는 건데 저는 채소도 더 넣고 임신해서 원래도 몸이 잘 붓는데저녁에 짬뽕 먹으면 진짜 담날 너무 확 부을 것 같아서 물을 한참 더 많이 넣었어요~​​​​​​채소를 넣고 바글바글 끓으면 면이랑 고명을 넣고 중불로 4분 끓여주세요저는 여기에 고춧가루 한 숟가락 더 추가로 넣었습니다~​​​​​​완성! 예쁘게 담고 싶었는데 여기저기 다 튀었어요...^,.^..맛은 진짜 너무 맛있더라고요 다음엔 점심으로 먹어서 물양을 딱 지켜서 먹어보려고요물양을 지켜서 먹으면 진짜 훨씬 맛있을 것 같아요 특히 면이 너무 맛있어서 떨어지지 않게 주문해두려고 합니다!그리고 술 좋아하시는 분들 해장은 짬뽕으로 하시는 분들 라면 대신 그리고 배달비 내고 먹는 짬뽕 대신 고메 중화짬뽕 드셔 보세요!!!​​​​​​​​​​중화 짜장도 확실히 진짜 맛있어요 시중에 파는 짜장라면이랑은 비교가 안되더라고요보통인 중국집 보다 더 맛있었어요. 집에 고기만 있다면 고기를 듬뿍 넣으면 훨씬 더 맛있을 것 같아요그리고 그 위에 계란 프라이 반숙으로 해서 올려 먹어도 진짜 맛있을 것 같아요!​마지막으로 오빠가 멘보샤를 한 번도 안 먹어 봤다고 해서 마트 갔을 때 사온 에어프라이어 간식 오즈키친 멘보샤!​​​​​​집에 에어프라이어 있어도 쓰기가 귀찮아서 잘 안 쓰는데 간만에 오픈했어요!에어프라이어 돌리는 시간은 위에 이미지 참고해서 꼭 지켜서 돌려주세요~에어프라이어가 없는 분들은 튀김냄비로도 먹을 수 있다고 해요~ ​​​​​​냉동 멘보샤를 딱 봤을 때도 맛있어 보였지만 가성비 좋다고 소문난 이유도 알겠더라고요​​​​​​확실히 겉에 빵이 짭조름 하게 간이 딱 맞게 베어 있어서 전체적으로 더 맛있게 느껴진 것 같아요안에 새우가 있어서 자칫 심심할 수 있는 식감을 촉촉하고 쫄깃하게 잡아주니까 계속 먹게 되더라고요​​​​​​냉동식품 치고는 퀄리티가 있는 식품이라서 멘보샤를 아직 안 드셔본 분들이라면오즈키친 멘보샤 드셔보세요 가성비 좋지만 퀄리티가 정말 좋았어요~ 그리고 맥주 좋아하시는 분들이거 한두 봉지 사두시면 저녁 대신에 맥주랑 함께 먹어도 진짜 좋을 것 같아요 말하니 맥주가 너무 땡기네요 크..초ㅑ...​​​​​​저희는 이날 저녁은 이렇게 먹었어요~ 멘보샤는 소스에 찍어 먹어도 맛있지만 저희는 그냥 먹었는데도 맛있었어요>_<!!1,
",19,0,0,391,1,0,466.2,2,,2020. 8. 25. 11:37,615,884998,일상·생각,['유익한 글 잘읽었어요~ 오늘도 화이팅하시고 즐거운하루 되세요!']
7,https://blog.naver.com/flower_lar?Redirect=Log&logNo=222419943305,"안녕하세요 달콤한 꽃이에요 출산 후에 바깥 구경이 어려워 지면서 한 번씩 현타가 오고 사람이 멍해지더라고요ㅠㅠ코로나 때문에 쉽게 나갈 수 없는 현실이 싫은데 그렇다고 항상 집에만 있으면 산후우울증이 올 것 같아서 1주일에 한 번씩은 짧게라도 외출 하고 있어요 굳이 멀리 가지 않아도 집 앞에 슈퍼를 가거나 분리수거를 가거나 하는 등 짧지만 바깥 구경을 해주고 있어요 :)​​​​​장마철이 아닐땐 종종 애기랑 남편이랑 평일 낮에 집 앞 공원에 산책도 가고집 앞에 커피도 사러 다녀오고 그러면서 애기도 저도 바깥구경을 좀 했는데 이제는 장마철이라 쉽게 나가기가 힘들게 됐어요~ㅠㅠ그렇다고 아예 안 나가자니 정말 가을이 오기 전까지 너무 우울할 것 같고 낮에 공원에 가자니 혹시나 예보 없이 비 내릴까봐 그러기도싶지가 않더라고요 그래서 조금 불안하긴 하지만 정신건강을 위해서 굳이 공원이 아닌 평일 낮에 마트나 애기 옷 매장에 가보기로 했어요!​​​​​요즘 코로나도 문제지만 공기 질 문제도 꽤 많잖아요 특히 유모차의 경우 공기 순환이 원활하지 않기 때문에실내 외출시 공기질이 더 나빠질 수 있을 것 같았어요 그래서  휴대용으로 쓸 수 있는 유모차 공기청정기를 달아서 외출 했어요!​​​​​가격도 많이 비싸지 않았고 유모차 공기청정기 뿐만 아니라 차량용 공기청정기로도 사용할 수 있어서저희는 엄청 유용하게 사용하고 있어요 또 공기청정기가 없는 시가나 친정집 방문 시에도 들고 가서 아이 옆에 틀어주기만 하면 되니까 엄청 편한거 있죠! 그리고 구입시 어린이용 마스크 1박스도 사은품으로 주고 있어서 처음 마스크 연습 시키기도 좋을 것 같아요 :)​​​​​::구성품::에어토리2 + 헤파 필터미끄럼 방지 패드사용 설명서충전 케이블​​​​​사이즈가 크지 않아서 제가 들고 다니는 에코백이나 작은 광목주머니에 넣어도 쉽게 들어가서 이동시 보관이 편해요평소에는 유모차에 설치해서 다니지만 시댁이나 친정집에 갈때는 차에다 달아주고 도착하면 빼서 부모님 집에서 또 켜주면서이동을 해야 할 때가 종종 있는데 크기가 크거나 무거웠다면 그러기 번거로워서 자주 사용하지 않았을 것 같아요~ 근데 가볍고 작은 사이즈라이동이 편리하다 보니 생각보다 더 자주 손이 가고 여기 저기 두루 잘 쓰고 있어서 돈이 안 아깝고 완전 뽕 뽑을 것 같아요~!!​​​​​그리고 유모차 공기청정기가 기존에 있던 제품에서 업그레이드가 되서 출시가 된건데기존에 소음이 좀 있다는 후기가 좀 있었나봐요. 이번에 나온 에어토리2는 소음이 8~13%정도 감소가 됐다고 해요그래서 그런지 제 기준에선 생각보다 소음이 작았고, 또 아이들이 쉽게 조작할 수 없게 락 기능이 추가 됐더라구요모터 역시 수명의 한계가 있던 DC모터에서 훨씬 비싸고 안정적인 BLDC 모터로 교체가 됐기 때문에 안전성 문제에서도 걱정 없었고요~​​​​​​전원 버튼은 위에 있고 터치로 껏다 켯다 그리고 세기 조절을 할 수 있어요!1단계는 약풍으로 터치하면서 최대 3단계까지 바람 세기를 조정할 수 있습니다저는 보통 1단계로 사용했고 초미세먼지가 보통이거나 갑자기 나쁨으로 바꼈을 땐 2단계로 켜놨어요 :)​​​​​미끄럼 방지패드를 사용하면 좀 더 견고하게 고정할 수 있다고 해요저희는 그냥 사용했는데도 크게 불편함이 없어서 아직은 미끄럼 방지 패드를 사용하지 않고 있어요애기가 조금 더 커서 손으로 만지려고 하면 그때는 미끄럼 방지 패드를 부착해서 덜 흔들리게 사용하려고 합니다~​​​​​날마다자라는아이몰 유모차 공기청정기에서 제가 너무 편했던 점이 바로 충전이에요~다른 케이블 필요 없이 기존에 핸드폰 충전하는 C타입을 꽂아서 사용할 수 있더라고요?그래서 보시면 알겠지만 구성품에 들어 있던 충전기가 아닌 집에서 사용하던 충전기로 했는데 너무 잘돼요~​(빨간색: 충전중 / 초록색: 충전완료.   충전 완료 후 1단계로 사용시 최대 5시간 사용 가능)​​​​​x잘못설치한 모습이에요!!x드디어 드디어 유모차 공기청정기 개시 하는 날이에요대부분의 아이들이 비슷하겠지만 저희 애기도 호기심이 많아서 휴대용 공기청정기를 부착해주니까계속 충전기를 보더라고요 소리도 나고 앞에 뭐가 있으니 신기했나봐요 덕분에 유모차 안에서 엄청 조용하게 잘 있더라고요​​​​​이날은 애기 옷 보려고 평일 낮에 집 근처 아울렛에 놀러 왔어요밖에만 돌아 다닐 땐 모르겠지만 옷을 사려면 매장 들어가야 하는데 옷이 많은 곳은 먼지가 많잖아요그래서 늘 애기랑은 의류 매장 갈 생각을 못 했는데 이번엔 공기청정기가 있으니 용기가 생기더라고요!​​​​​그래서 공기 청정기 믿고 애기 옷 보러 들어갔다 왔어요그 외에도 지하는 공기가 안 좋은데 짧지만 주차장에서 이동할 때 유모차 공기청정기가 있으니까 엄마 입장에선 솔직히 좋더라고요그전에는 지하 주차장에서 유모차 끌고 차 있는 곳 까지 갈 때 여기 저기서 차가 움직이면서 매연 내뿜으면 좀 찝찝했거든요ㅠㅠ​​​​​이날은 집 앞에서 산책 했던 날인데 역시 빼먹지 않고 공기청정기를 가지고 나갔어요낮에 비 왔어서 날씨가 선선해서 그런지 아이가 공기청정기를 구경하다가 스르륵 잠들어버렸어요!!!!덕분에 집에 못 들어가고 남편이랑 계속 운동장 도느라고 간만에 운동 좀 했습니다 ㅎ_ㅎ​​​​​참, 휴대용 공기청정기는 유모차 커버랑 함께 사용 했을 때 미세먼지로부터 완벽하게 차단이 된다고 하니 청정기를 틀어 둘 땐 커버를 꼭 씌어서 효과를 높여주세요~사용하실 땐 공기청정기가 아기 얼굴 정면으로 바라 볼 수 있게 설치해주셔야 해요!​​​​​확실히 휴대용 공기청정기가 있으니 좀 더 바깥 외출이 쉽고 자주하게 되더라고요​​​​​이날은 집에서 차 타고 10분 거리에 있는 좀 더 큰 공원으로 산책을 나왔어요 :)평일 점심시간을 피해서 방문해서 그런지 사람이 거의 없어서 진짜 너무 편하게 천천히 걸으면서 산책했어요!​​​​​코로나로 외출이 꺼려지고 하더라도 미세먼지까지 겹쳐서 스트레스와 걱정이 많았어요특히나 아직은 어려서 마스크를 낄 수도 없어서 미세먼지 차단이 어려웠는데 유모차 공기청정기 덕분에유모차나 차량 안에서 공기질은 확실히 걱정이 덜해요~ 특히나 마트에 갈때 너무 유용하게 잘 쓰고 있습니다! ​​",26,0,0,697,2,1,466.2,1,storyn,2021. 7. 4. 17:37,615,884998,일상·생각,"['검색하다가  들려습니다.^^좋은글 잘보고 갑니다~~ 행복한 하루 되시고 화이팅 ^^', '꽃을사랑하는여자님 오늘도 구경하고 가요~']"
8,https://blog.naver.com/flower_lar?Redirect=Log&logNo=221589834821,"유아 제품으로 너무 유명한 아토엔오투유아부터 피부가 예민한 성인까지 모두 사용할 수 있어요 :)​저는 4계절 내내 선크림 없이는 못 살 정도로 선크림 매니아에요 :)20대까지는 답답해서 선크림 못 발랐는데 피부 망가지는게 느껴져서 억지로라도 참고 발랐더니이제는 선크림을 안 바르면 찝찝해서 못 나갈 정도더라고요. 역시 사람은 금방 받아들이는 것 같아요 ㅋㅋ선크림 바르고 안 바르고 차이는 정말 다르더라고요 이미 생긴 잡티야 없앨 순 없지만 더 이상 생기는걸 막아주거든요!​​​​​​그래서 정말 순하고 가벼운 선크림부터 백탁현상 심하고 유분기 심해서 화장 다 밀리는 제품까지 엄청 많이 써봤어요포스팅한 것은 일부일 뿐, 깜빡하고 안 올린 선크림까지 하면 정말 어마어마한 종류를 사용해봤을 거예요. 선크림 유목민..ㅠㅠ정말 좋았던 선크림은 정착해서 5통 정도 써봤지만 블로그를 오래 해서 그런지 새로운 제품이 나오거나 좋다고 하면 꼭 써봐야겠더라고요 :)이번에 사용한건 유아 브랜드로 너무너무 유명한 아토앤오투 선크림인데요, 조만간 제가 조카를 만나러 갈 예정이라 선물로 선크림을 사 가려고했는데 제형이 어떤지 향은 어떤지 궁금해서 제가 먼저 사용해봤어요 아무래도 아기들이 쓸 거라 너무 묽거나 향이 있는건 선물 주기 좀 그래요~​​​​​​아토엔오투는 예전에 조카한데 바디클렌저를 선물로 준 적 이 있는데 그때도 엄청 만족해해서선크림 역시 만족할 것 같아요. 특히 지금은 선제품 엄청난 할인 기간이라서 세트로 선물해주기 딱 좋아요큰돈 들이지 않아도 비싼 돈 들여 선물 한 느낌 팍팍, 선물 주는 사람 좋고 받는 사람 좋고 누이 좋고 매부 좋고~ㅋㅋ​​​​​​https://blog.naver.com/flower_lar/220603138171​위에는 예전에 선물로 줄 때 올렸던 바디클렌저 리뷰예요. 클렌저도 진짜 좋아요 :)​​​​​​​아토엔오투는 예전에 조카한데 로션을 선물로 준 적 이 있는데 그때도 엄청 만족해해서선크림 역시 만족할 것 같아요. 베이비 선크림 역시 로션처럼 믿을 수 있는 성분들로 만들어졌고피부 속 깊숙이 침투되지 않아서 아이들 클렌징도 쉽고 간편하게 할 수 있는 타입의 선크림이에요아기들은 메이크업을 하지 않기 때문에 순한 비누로 세안만 간단히 시켜주기 때문에 너무 깊게 침투되는 제품은 피하는게 좋을 것 같아요​​​​​​어른들이 사용하기엔 대용량은 아니지만 작은 아이들이 쓰기엔 대용량이라 가격 대비 부담 없이 팍팍 바를 수 있어요 !​​​​​​아무래도 아이들용으로 나온 제품이라 백탁현상 및 눈 따가운 현상은 없어요하지만 아무래도 선크림이다 보니 많이 바를 경우 톤이 밝아지는 현상과 밀림 현상은 있을 수 있습니다.하지만 적당량 바르면 백탁현상 및 밀림현상은 거의 없으니 안심하셔도 돼요. ​​​​​​사용량은 얼굴 크기에 따라 다르지만보통 손가락 한 마디 양으로 한 번 바르고 2~3시간에 덧바르면 된다고 해요.​ 근데 전 뭔가 적은 양을 바르면 찝찝한 기분이 들어서양 볼, 이마에는 각 한마디씩, 코랑 턱은 반 마디씩 바르고 있어요 그럼 전 딱 좋더라고요 그래도 가장 좋은건 적은 양을 여러 번 덧바르는 거래요~참고로 선크림은 나가기 직전 바르는 것이 아니고 외출 30분 전에 발라야 효과가 있고 문질러서 바르고 꼭 톡톡 두들겨서 흡수시켜주는 게 포인트!​​​​​◀ 바른 쪽 / 안 바른 쪽 ▶​영상으로 바르는 모습과 바른 쪽 안 바른쪽 모습을 볼 수 있는데 사진으로도 찍어 봤어요저는 영상 찍는다고 꽤 많은 양을 볼 한 쪽만 발랐음에도 불구하고 유분기나 백탁현상이 거의 없는 걸 보여드렸어요물론 개개인 피부마다 다를 수 있고, 특히 지성 피부 분들은 소량을 발라도 유분기가 있을 수 있는 점 미리 알아두세요~​​​​​​참, 요즘 선크림에 핫하게 들어간다는 무기자차와 유기자차의 장점이 적용해서안전하게 자외선도 차단해주고 살짝 묽은 편이라 뻑뻑하지 않고 부드럽게 잘 발려요:)피부 흡수력이 좋아서 잠시도 앉아 있지 않는 아이들에게도 후다닥 발라주면 금방 흡수돼서 좋고저는 아기들 쓰는 제품은 무향을 제일 선호하는데 아토엔오투는 은은한 시트러스 계열의 천연유래향이라 시원해서 좋더라고요!​​http://laoganic.cafe24.com/product/detail.html?product_no=41&cate_no=235&display_group=1선크림 제품 세일하는거 링크 걸어 놨어요 세트로 구매해도 워낙 대박 세일 기간이라 부담 없어서 좋아요 :)토
",11,0,0,487,0,1,466.2,2,,2019. 7. 19. 14:30,615,884998,일상·생각,0
9,https://blog.naver.com/flower_lar?Redirect=Log&logNo=221559554885,"답답한거 싫고, 유분감 싫고, 끈적임이 싫어서선크림을 안 발랐다면 올데이워터핏선에센스 추천해요!​선크림 매니아, 선크림 없이 못 사는 저인데 이번에 엄청 촉촉하고 가볍고 답답함이 없는딱 지성피부 혹은 남성분들도 마구마구 사용할 수 있는 무지 가볍고 촉촉한 선크림을 알게 됐어요촉촉한 선크림이라고 해서 유분감 있거나 흡수력이 느리거나 하지 않고 에센스 성분이 있어서 피부 속은 촉촉하고겉은 실키와 매트 사이 정도 느낌이라서 한 여름에도 지성피부, 남성분들 모두 찝찝함 없이 깔끔하게 바를 수 있어요 :)​​​​​​아 참 그리고, 글로우라우디라는 브랜드가 생소할 수 있는데 짧게 소개하자면샴푸로도 유명한 브랜드이자, 저자극 셀프케어를 선호하는 착한 성분으로 만들어진 화장품 브랜드에요:)​​​​​​네이밍답게, 히알루론산이랑 식물성 추출물이 들어 있어서 발랐을 때 피부 겉이 아닌속에서 수분감이 느껴지고, 유분기나 끈적임이 없기 때문에 그 위에 베이스를 깔았을때 뭉침이나 밀림 현상이 없어요 :)단, 기초화장품을 얼마나 많이 쓰고 유분기가 많냐에 따라 다르겠지만 저는 스킨, 로션(+오일 섞어서 사용), 선크림 바르는데 유분감 못 느껴용~​​​​​​그리고 이건 간혹 모르는 분들이 계시더라고요 여름이 아닌 다른 계절, 비 오는 날은 자외선이 약해서선크림을 바르지 않아도 된다고 알고 계시는 분들이 종종 계시는데 절대 아닙니다 선크림은 사계절 전용이고 흐린 날에는 자외선이 훨씬 더 강하기 때문에 꼼꼼히 더 열심히 발라 주셔야 해요. 집 앞에 나가는데 귀찮아서 안 바르신 다면넓은 마스크+ 모자라도 쓰고 나가셔야 해요 자외선은 정말 피부에 가장 안 좋아요 귀찮으면 이렇게 에센스가 있는 선크림을 바르면 좀 더 편해요!​​​​​​입구 크기는 적당하고 색상은 옅은 베이지 색상이라 여자분들이 보기엔 비비 같은 느낌이 들거에요남자분들이 보시면 어? 이거 색상 있는거 아냐? 바르면 얼굴 하얗게 되는 거 아냐? 하실 텐데 걱정 마세요~살짝 돈 업은 있을 수 있으나 아주 미세하고 하얗게 들뜨는게 아니고 얼굴이 살짝 환해지는 느낌 정도이며 백탁현상이라고 보기 어려워요 :)​​​​​​발림성은 되게 부드럽고 촉촉하거든요? 근데 바르고 나면 되게 실키하고 살짝 매트하게 마무리가 되기 때문에그 뒤에 화장을 할 때 부담이 없고 흡수되는 속도도 되게 빨라서 바쁜 아침 시간에 바르기 좋아요 자꾸 여러 번 반복하지만 남성분들께도 강추 乃​​​​​​미니미 한 50ml 용량이라 여행이나 평소 파우치에 넣고 다니기 좋은 사이즈예요 :)​​​​​​발림성 백탁현상 유분기 등 보여 드리려고 영상 찍었어요필터 안 넣은 상태로 찍은 동영상이기 때문에 백탁현상 있는지 없는지 확실히 보실 수 있어요!​​​​​​필터 안 넣고 아침이라 얼굴만 갸름하게 만들었어요보시면 목이랑 얼굴 색상 동일한거 보이시죵?​​​​​​위에 영상에도 평소보다 많은 양을 발랐는데 두 번째 영상도 눈가 부분만 바르는데엄청 많은 양을 발랐거든요 근데 역시 백탁현상은커녕, 유분기로 번떡 거림조차 찾을 수 없습니다:)​​​​​http://www.glowloudeycos.co.kr/main/index지금 사이트에서 무료 체험 이벤트뿐만 아니라 회원 가입 시 무료 샘플 신청 및 마일리지도 주고 있어요 :)​​​이 글은 위블을 통해 본 업체에서
제품 또는 서비스를 제공받아 작성된 글 입니다.

세
 
=
",9,0,1,358,1,2,466.2,4,text_ad,2019. 6. 11. 16:15,615,884998,일상·생각,[]
10,https://blog.naver.com/flower_lar?Redirect=Log&logNo=221498541425,"눈 따가움 없고 백탁현상 없는완전 촉촉한, 건성피부가 좋아할 선크림 추천!​제가 수분크림 없이는 살아도 클렌징 오일, 스킨, 선크림 없이는 못 사는 여자예요화장하기 귀찮아도 꼭 선크림은 바르거든요 선크림 없으면 아예 밖에를 안 나갈 정도로 선크림을중요하게 여기고 약간 집착과 중독 증세를 보이고 있어요 그래서 선크림 종류도 정말 많이 사용해봤는데건성인 저도 여름엔 유분기가 적은 제품을 선호하고 겨울에는 촉촉하고 유분기가 좀 있는 제품을 선호하는 편인데이번에 사용한 비비르 시카 선크림은 유분기가 좀 있는 편이라 지성피부 분들이나 건성이지만 물광 효과가 나는 제품을 싫어하시면불호라고 느끼실 수 있어요. 근데 비비르는 유분기보단 엄청 촉촉한 수분 크림을 바른 듯 가볍지만 물광 효과가 있어서 그 위에 파운데이션이나비비를 바르면 진짜 피부가 물광 효과가 나듯 엄청 촉촉해 보여요 특히 친구들 만나러 잠깐 집 앞에 갈 땐 비비르+쌩얼크림 바르면 청초미 뿜뿜!​​​​​​가격 대비 양은 적은 편인데, 정제수가 일도 안 들어 있고 예민한 피부도 믿고 바를 수 있는 순한 제품이에요거기에 수분크림 스킵하고 발라도 피부에 수분감도 느껴지면서 엄청 촉촉해서 건조해서 화장이 들뜬다 싶은 날바르면 정말 촉촉하게 메이크업할 수 있어요 저 같은 경우는 술 마시고 다음 날 피부가 진짜 진짜 건조해지는 편인데그럴 땐 가차 없이 비비르 선크림을 듬뿍 바르고 그 위에 파데 바르는데 진짜 물광 효과 대박 평소보다 피부가 더 좋아 보여요!​​​​​​​참 그리고 선크림 바르기 싫어하는 분들 보면 끈적임이나 백탁현상, 눈 따가움 때문에 안 바르는 분들 많은데비비르 선크림은 정말 순해서 눈 따가움 없고 백탁현상도 없고 엄청 촉촉한데 답답하거나 끈적임이 전!혀! 없어요말 그대로 정말 촉촉하기만 하고 바른 후에는 엄청 산뜻합니다. 개인적으로 건조한 제 피부에 너무 잘 맞았던 선크림이에요!​​​​​​선크림은 약간 많다 싶을 정도로 많이 발라주셔야 해요 그래서 백탁현상 없고바른 후에 산뜻한 제품을 고르는게 좋아요. 바를 땐 처음부터 두들겨서 흡수시켜주는 게 가장 좋은데아침에 우리 모두 바쁘잖아요? 그래서 전 문질러서 바른 후에 톡톡 두들겨서 깊숙이 흡수시켜주고 있어요그리고 밖에 나가기 30분 전에 미리 발라야 효과가 있다고 해요 그래서 전 샤워하고 나오면 스킨-로션-선크림부터 바르고 준비해요!​​​​​​한쪽 면만 발랐는데 양쪽 다 피부 색상이 비슷해 보이죠 백탁 현상 1도 없어요정말 물광 효과만 나서 비비르+쌩얼크림 바르고 살짝 눈썹이랑 입술만 바르고 나가면엄청 청초해 보이고 쌩얼처럼 보여요 그래서 전 집 앞에 투다리 갈 땐 늘 저 방법으로 나가요 ㅎㅎ​​​​​​혹시 선크림 사용 방법을 모르시는 분들은 위에 이미지 참고해주세요저도 선크림 바르기 시작한 지는 몇 년 안 됐어요 근데 선크림은 빨리빨리 발라줄수록 좋아요선크림은 여름만 바르는게 아니고 사계절 발라야 해요 그리고 수시로 덧발라주는 게 좋은데 귀찮으신 분들은아침에만 바르는 선크림을 사용하시고 중간중간에 스프레이 형식의 선크림을 뿌려주시면 좋습니다. 매번 선크림포스팅할 때마다 강조하지만 선크림 안 바르시는 분들 꼭꼭 바르세요 진짜 그동안 안 바르고 지내서 생긴 잡티만 생각하면 억울합니다ㅠㅠ​​​​​​​https://smartstore.naver.com/of2750​선크림 안 바르시는 분들 얼른 서둘러서 바르세요 그래야 깐 달걀 마냥 잡티 없는 피부를 만들 수 있어요:)​​ ",5,0,2,397,0,0,466.2,2,,2019. 3. 27. 12:03,615,884998,일상·생각,0
