,Post URL,Post,Image num,sticker num,gif num,Paragraph num,Comment num,Video num,weekly viewer mean,Sympathy num,AD,Posting Date,Buddy num,Total visit,Blog category,Comment detail
0,https://blog.naver.com/fluffy-puff?Redirect=Log&logNo=222324272761,"펫디퓨저로 좋아진 집 향기@39도부티크​​이웃님을 통해 소소하게 구매해 본39도부티크의 새 디퓨저를 개시했어요.​요즘은 천연 + 편백수 위주로 사용한다고디퓨저는 정~말 오랜만에 구매한건데디퓨저 발향도 좋고 우리 취향에도 맞아서지나다닐 때마다 기분이 좋아집니다.​​​​구매한 향은 '펫라운지', '클린펫' 2가지.둘다 펫디퓨저로 심신안정에 도움을주는 마조람과 탈취에 효과적이라는메타진 성분이 들었다고 합니다.​클린펫 - Apple Juice, Climbing Ivy, Waterlily, Cactus Flower펫 라운지 - Frosted Lime, Basil Leaves, Aromatic Splash, Fresh muscs​​​​사실 완제품도 너무너무 예뻤는데,예전에 쓰고 남은 공병이 너무 많아서리필로 구매가 가능한지 문의드렸어요.다행스럽게도 가능하여 바로 주문했고귀여운 캔들도 함께 보내주셨습니닼​크지 않은 용량이라, 작은 공병 2개만 골라클린펫으로 적당히 채워줬습니다.​​​​부부의 방으로 가는 길목과 작은 방 쪽화장실에 맛배기로 조금만 채워 세팅했는데.오며가며 향긋하고 기분 좋은 향이 솔솔.​설명 읽어보고 마음대로 고른 향인데잘 골랐다며 남편도 너무 좋아하고요?일단 펫디퓨저로 집향기가 바뀌니집 분위기도 더 아늑해진 기분입니다.부부방으로 갈 때 한번씩 힐끗 보게 되고요.여러모로 참 마음에 듭니다.​​#디퓨저 #펫디퓨저 #반려동물디퓨저​​-/
취향저격
(00 66
(00 66
",6,2,0,124,11,0,704.0,9,,2021. 4. 27. 0:35,417,142619,애완·반려동물,"['펫디퓨저로 좋아진 집 향기 @39도부티크 잘 보고 갑니다 .\n좋은하루 보내세요:-)', '펫디퓨저가 따로 있군여!! 괜찮은데요??캔들사용하다 댕냥이들한테 안좋을까봐 사용도못하고있었는데저걸로 구매해봐야겠어요!! ㅎㅎ', '그루밍하는 냥이가 걱정이라 저도 많이는 못사용하지만.편백 탈취제로는 발향이 부족해서 아쉬웠던 점을 이렇게 채우니까 좋기는 하더라고요ㅎㅎㅎㅎㅎ', '우왕 요런것도 있다니..😍넘 좋은데요~~', 'ㅎㅎㅎㅎ전용제품은 처음 써봤는데 만족이에요', '펫디퓨저라 이런거라면 안심하고 쓸수 있죠. 리필도 된다니 유용하네요~', '처음 사용해보는 펫디퓨저였는데 기대보다 더 만족스러웠네요:)']"
1,https://blog.naver.com/fluffy-puff?Redirect=Log&logNo=222239042980,"​​뭐든지 간에 신선한 게 가장 맛있고 좋지만.바쁜 요즘 세상에서는 편리한 것도 참 중요하죠?아무리 맛이 있어도 과정이 번거로우면쭉- 유지하기가 버겁더라고요.설마 저만 이런 것은 아니겠죠...?ㅎㅎ​생선과 채소를 챙겨 먹으려고 노력 중인데,해산물의 신선도는 몹시 신경 쓰이는 일이에요.그래서 저는 일상에서 구이로 해먹는 용도로는냉동 제품을 적극 이용하는 편입니다.​​그동안 마켓컬리 냉동 고등어 제품을 먹어왔는데,이번에 이마트 트레이더스에 갔다가대용량에 개별 포장으로 된 제품을 발견했다죠.​​마침 마켓컬리 제품도 다 먹어가는 중이라맛도 비교해볼 겸 냉큼 사 왔습니다.#내돈내산 #손질고등어 #냉동고등어​​​요즘 물가가 아주 그냥 난리인데, 유제품, 고기, 계란가격이 궁금하신 분들은 아래 글도 한번 읽어보세용:)​​​​3개입은 개별 가격은 더 싼 대신중량도 같이 작아지니 구매에 참고하세요!​저는 그래도 한 번에 구매하는 게 좋아서3개입으로 주로 구매합니다 호홍물건은 이래서 잘 보고 사야...​​​나름 확인해가며 산다고 한 건데,설 전 주말 장보기 인파에 기가 빨려서....가공국이 중국인 것은 저도 집 와서 알았어요.완제품을 수입만 이마트에서 해오는 것.​물건은 이래서 잘 보고 사야... (2)​이런 부분 많이 신경 쓰시는 분들은구매에 꼭 참고하셨으면 좋겠네요!​​뭐... 그래도 겉 포장이 지퍼백으로 되어있어 좋고1팩당 가격이 1200원 정도로 저렴해요.계산해보면 1개당 133.3333g이 나오는데요?​​실제로 두 가지 제품을 두고 눈으로 비교해보면오히려 트더 제품이 더 커 보였어요.큰 차이는 없어 보입니다.​둘 다 진공포장되어 있고, 가시 손질된 고등어에요.​​​이 날은 제가 공평한 비교를 위해ㅋㅋㅋ 일체의 간을 하지 않고 동일하게 구워줬어요.에어프라이어도 크지 않은데 쑤셔 넣었네요.겉만 물로 한번 씻어주고 해동도 안 했습니다.​다음 조리 때는 토막 내서 넣으려고요.비교를 위한 것이니 참고를:)​​냉동 생선 해동에 대한 이야기가 많은데해동까지 하려면 시간이 오래 걸려요....그래서 저는 해동을 많이 하지는 않는 편이에요.그냥 살짝만?​해동시키지 않고 생선을 굽는다고더 비리거나 하지는 않더라고요?오히려 걱정이 될 때는 레몬즙이나 생강가루를생선위에 뿌려줍니다.​​에어프라이어 170도로 30분 정도 구워줬어요.뒤집기는 중간에 1번 해줬고요.생선 굽는 시간은 에프의 화력마다 다르니타지 않게 종종 열어서 확인해 주세요!​​​​꺼내놓고 보니 차이가 거의 없어 보이지 않나요?결론을 말씀드리자면....맛 또한 큰 차이가 없었어요.둘 다 일단 맛은 있습니다.... ㅋㅋㅋ가시도 비슷하게 나왔고요.(손질 고등어도 가시 조금 나와용)​​​​맛 차이가 나는 부분이 있기는 한데요?마켓컬리 손질 고등어는 간이 되어있어 간간해요.트레이더스 고등어는 간이 안 되어 있어 삼삼해요.​두 제품은 원재료 차이도 확인할 수 있는데.이마트 트더 - 고등어 100%마켓컬리 - 고등어 99.4%, 천일염(국산), 녹차(국산)​이런 차이 정도입니다ㅎㅎ​​​​마켓컬리 제품은 국산 천일염과녹차가 0.6퍼 들어갔다고 적혀있는데요?잡내를 잡으려고 넣은걸까요?사실 간 차이 외에는 잘 느끼지 못했어요.트더 제품은 고등어 100%인데,마찬가지로 전혀 비리거나 하지 않았고요.​​결국엔 가격, 가공지, 자주 이용하는 구매처 등본인이 중요하게 생각하는 조건에 맞게구매하면 될 것 같네요?​​이마트 트레이더스 제품은 맛도 있었고지퍼백 포장, 간도 안되어있는 점도 마음에 들었지만.아무래도 가공국이 중국인 것은 약간 아쉬웠어요.​시중에 괜찮은 제품이 너무 많다보니,저는 다 먹으면 가격이 좀 더 들더라도다른 제품으로 먹어봐야겠다고 생각했어요.​​1. 두 제품 모두 비리지 않고 맛있다.2. 가장 큰 차이는 간의 유무마켓컬리 간간함 / 이마트트더 삼삼함3. 가장 큰 차이2는 가공장소마켓컬리 대구 / 이마트 중국4. 가격은 이마트 트레이더스 제품이 저렴​​​ㅇ@
?
로비

1110

은 여기까지
ㅇ (00? ㅇ
 
성리
",14,10,0,387,4,0,704.2,8,,2021. 2. 10. 14:44,417,142620,애완·반려동물,"['와.. 정말 제대로 잘 돼서 나오네요.. 저런거 너무 간편하고 맛있을거 같아요!', 'ㅎㅎㅎ요즘 간편식이 정말 잘나와서 너무 좋네요:) 날 지나서 버리는 음식이 적어지고 있어요', '고등어 찾다가 보게 되었어요 상세한 후기 감사합니다~^^', '이렇게 댓글도 남겨주시고:) 감사합니다! 구매에 도움이 되시기를💙']"
2,https://blog.naver.com/fluffy-puff?Redirect=Log&logNo=222304283731,"​​안녕하세요! 헌댁이 되어가는... 보보댁입니다:)정신없이 지내다보니 1년이 훌쩍 지나발뮤다 에어엔진 필터 교체 시기가 되었더라고요?왜 때문에 이런 교체시기는 빨리 오는 느낌인지..이런거 하나 둘씩 갈다보면 돈이 술술술 나가요ㅋㅋ​아무튼 공기청정기는 미세먼지 때문에도 쓰지만 반려동물 키우는 집, 비염인들에게 필수잖아요?우리집  핵심일꾼이라 해도 과언이 아니예요.하루종일 열심히도 돌아갑니다. 참 고생이 많다!​​​​​제가 사용하는 모델은 '​EJT-1100SD'인데2016년 8월에 구매하여 사용한지 6년차여요ㄷㄷ고양이 캐슈와 가족이 되면서 발뮤다도 들였었죠.당시 기록을 찾아보니 53만원대로 구입했던데현재 가격 27만원을 보니 살짝 눈물이 나네요?​​​​뭐....가격은 많이 떨어진 상태지만....^^..오래 사용중인데도 고장없이 쌩쌩 잘 돌아가고기능, 사용법이 간결해서 사용하는데 불편함 없어요.무엇보다 제가 쉽게 실증을 내는 편인데,발뮤다는 디자인이 좋아서 질리지가 않네요?​넓은 평형은 커버가 안되지만, 크지 않은 집,방, 좁은 공간에 두기에는 이만한게 없어요.저는 쓰는데까지는 잘 써보려고 생각중입니다 :)​​​​​공기청정기를 500시간 이상 사용하면이렇게 빨간 불 알람이 들어옵니다.​​​​​먼저 전원을 끈 후, 후면의 동그란 부분을Lock에서 Open으로 돌려주시면 뚜껑이 열려요.​​​​​필터가 끼워진 부분 바닥면의 Lock을Unlock으로 돌리고 필터를 꺼내주세요.​위는 1년 이상 고생해준 발뮤다 정품 필터인데그동안 낀 먼지들 보이시나요.... ㄷㄷㄷ혼자만 두고 보면 아직 쓸만한가? 싶다가도새필터를 옆에 둬보면 갈아줘야겠다는게 보여요.​ ​​​정품 필터는 할인할 때 구매했었던 것 같은데가격이 제법 사악해서 좀 부담스럽거든요.​다른 기기들도 그렇지만 호환 제품들이 나오는데.자세한 스펙은 잘 확인해 보기는 해야하지만아무래도 최고 장점은 합리적 가격이라는 거겠죠?저도 이번에는 발뮤다 호환필터로 준비했어요.한결 마음의 부담이 덜한 것.​​​​​발뮤다 에어엔진 필터를 교체하기 전, 먼저 기기의바깥과 안쪽을 청소기와 물티슈로 청소 해줬어요.자세히 보면 붙어 있는 먼지가 꽤 많거든요.​​​​​후면의 작은 뚜껑을 열어서센서 부분도 면봉으로 잘 청소해주세요.​​​​​이대로 새 필터를 끼우고 바닥의 Unlock을Lock으로 잠궈준 후, 덮개를 닫고 동그란 부분을Lock으로 돌려주시면 됩니다. 참 쉽죠?​​​​​마지막으로, 필터 교체 후 필터리셋을 하면 끝!리셋 방법은 전원이 꺼져 있는 상태에서, ​제트클린모드(비행기 그림) 버튼을2초 정도 꾹 눌러주시면 됩니다.그러면 삑- 소리가 나면서 램프가 꺼질거예요.​필터리셋은 잊지 말고 꼭 하세요 :)안그러면 계속 빨간 불을 계속 보게 되실거예요.​​​​​구성품은 메인 필터, 필터세이버 6매(추가구매),교체 방법 안내지와 물티슈가 끝!발뮤다 공기청정기 필터 교체 방법 자체가 쉬운데다가, 주인공인 필터만 있으면 되다보니 구성도 간결해요.​​​​이 제품은 일단 원단부터 가공까지 국산 제품​​이고H13등급의 트루 헤파필터예요.H13등급은 가정용 최상급 성능이라고 해요ㅎㅎ활성탄 탈취필터도 들어있대요. 올...​발뮤다 호환필터라고 다 같은 스펙이 아니던데중국산도 많고 필터 등급도 다양하니구입하실 때 잘 확인해보셔야 해요!​​​​정품과 나란히 두고 비교해봤을 때,정품은 윗면이 부직포 같은 재질인데,호환필터는 마감이 잘 된 플라스틱이더라고요.필터 부분도 그렇고 마감이 참 깔끔해보였어요.​또다른 차이는 색상인데요? 이부분은 취향이지만.초록색 필터는 하얀 먼지가 잘 보이던데하얀 필터면 머리카락 같은 큰 먼지가 잘 보일듯!또 정품필터는 날짜를 적는 부분이 있는데저는 폰으로 등록을 해둬서 따로 적지는 않았네요.​​​​​자연스럽게 박스를 차지하는 고영씨에게배송 박스는 바로 내어드렸습니다.​​​​​필터세이버는 반려동물 키우는 집에많이들 추천하시더라고요?크기가 중간~큰 먼지부터 반려동물의 털,이물질을 1차로 걸러주는 역할을 한대요.이 한장의 커버가 메인 필터가 정화력을 유지하고수명을 관리하는데 도움을 준다는게 신기해요ㅎㅎ​그동안 저도 사용을 해보고는 싶었는데,정품 필터를 사용할 때는 추가로 뭔가를구매하기가 참 부담스러웠거든요?그런데 발뮤다 호환필터와 필터세이버까지 해도정품필터 가격의 50%보다도 더 저렴하더라고요.​​​​필터세이버도 사용방법이 매우 쉬움이에요.양면에 테이프가 있는데, 한쪽은 메인 필터 부분에고정한 후 한번 빙 둘러 마저 붙여주시면 됩니다.필터가 한 겹 더 생긴 느낌. 방어막 같달까요ㅎㅎ2달 후에는 얼마나 걸러졌을 지 벌써 기대가 돼요.​​✔ 원단부터 가공까지 믿을만한 국산 제품✔ H13등급의 트루 헤파필터 (가정용 최상급)✔ 마감 매우 깔끔! 색상 깔끔!✔ 호환 필터+필터세이버(1년치)까지 사도정품의 반값보다도 저렴! 가격 부담 덜함.​➜ 좋은 필터 품질과 부담 덜한 가격을모두 잡고 싶다면 추천합니다!​​​​​​발뮤다 공기청정기 필터뿐만 아니라다른 필터들도 판매중이니 참고하세요!⬇ 아래에서 바로 검색하실 수 있어요 :)​​​#발뮤다공기청정기 #발뮤다에어엔진#발뮤다에어엔진필터 #발뮤다공기청정기필터#발뮤다 #먼지방어사령부​​​​​​ 

미      불을 통해 본 업체로부터
제품 또는 서비스를제공받마 작성된 리뷰입니다
「,】

 
녀
 
성리
",27,6,2,470,6,0,704.4,15,text_ad,2021. 4. 9. 18:19,417,142621,애완·반려동물,"['앗 이걸 보니 저희집도 공청기 필터갈아야하는데! 갑자기 생각이났네요 ㅎㅎ 항상 갈아야지갈아야지 하는데 생각만하는게 함정입니다 ㅋㅋㅋㅋ 바로 필터구매해서 실행을 해야겠어요 ㅠ', '포스팅 잘 보고 갑니다 ! 벌써 한주가 끝나고 내일이면 행복한 주말이네요. 오늘 하루도 즐겁게 마무리하시길 바라겠습니다.^^', '반려동물 있는 집은 필수죠!!!+ㅅ+', '오늘 하루도 너무 수고 많이 하셨어요!!\n글 내용이 유익한게 정말 많은 것 같아요~!!\n\n자주 소통하며 지냅시다^^', '저도 집에 공청기 필터 교환해야되는 필터가 2개씩 들어가고 정품 가격은 너무 사악해서....곧 여름이니까 좀 더 있다가 살까 하구요 ㅋㅋㅋㅋㅋㅋ여름에는 공기질이 괜찮으니까 ㅋㅋㅋㅋ', '저희집도 필터갈아야 하는디 ㅠㅠ필터세이버! 그런 것도 있군요!발뮤다에만 있을까요?함 찾아봐야겠어요']"
