,Post URL,Post,Image num,sticker num,gif num,Paragraph num,Comment num,Video num,weekly viewer mean,Sympathy num,AD,Posting Date,Buddy num,Total visit,Blog category,Comment detail
0,https://blog.naver.com/gip777?Redirect=Log&logNo=222439614867,"연중 비가 많이 내리는 계절, 여름. 이 여름에 꼭 필요한 것이 있지요. 바로 우산인데요. 저는 예전부터 한국의 멋을 드러내는 우산을 가지고 싶었어요. 또한 한국 전통 그림을 좋아하는 저의 개성이 드러나는 우산을 말이죠. 그래서 구했는데 이 우산은우산뿐만 아니라 양산으로 사용해도 무방한 멋진 명품 자동우산이에요.그래서 여러분에게 소개할까해요.우정양산's HANDMADE UMBRELLA seven style60 목봉 장우산 십장생도제가 구한 60 목봉 장우산을 만든 우정양산은 대구광역시 우수 중소기업공동브랜드인 쉬메릭 브랜드에 속한 우정양산의 세븐 스타일 우산들을 만드는 양산, 우산 제조 업체로 방송에도 소개됐고,SBS 라디오에 협찬을 하기도 한다네요. 또한 전통을 지켜 40년간 우산을 만든 아버지와그 아버지에게 배운 것을 토대로 새로운 기술과 디자인을 접목하여 새 상품을 만드는 아들이 함께 우정양산을 책임지고 이끌어 간다니 신뢰가 가요.십장생도가 표현된 60 목봉 장우산은초정밀 레이저커팅기로 실 굵기가 매우 얇고, 촘촘하게 짜인 폴리에스터 원단을 재단하여 전문가에 의해 깔끔히 봉제된 후, 초발수 코팅이 되어 장마 때 굵직하게 내리는 소나기부터 가늘게 내리는 이슬비까지 모든 비를거뜬히 막아주는 우산이에요. 한국의 멋과 개성이 넘치는 십장생도가 잘 표현되어 비가 오는 날 우산으로도,햇빛이 강렬한 날에 양산으로도, 손색없이사용할 수 있는 멋들어진 명품 우산이죠.제가 한국 전통 그림을 무척 좋아하는데십장생도 민화가 양산 겸 우산에 표현되어나의 개성까지 드러낼 수 있어 좋아요. 저는 이 60 목봉 장우산을 사용하면서 일반 장우산에 비해 확실히 좋은 점들을 속속들이 발견하였는데요. ^ & ^ / 우정양산 60 목봉 장우산에는 무엇보다도일반 우산에서 많이 볼 수 있는 알루미늄 소재 우산살이 아닌 섬유강화 플라스틱(FRP)소재 우산살이 사용되어 녹슬지도 않고, 강한 바람에 쉬이 뒤집어지거나 망가짐이 현저히 적어 보다 튼튼하다는 거예요. 그리고 장우산인 만큼 자동으로 펼칠 수 있고, 크기가 넉넉해 비도 덜 맞는 건 기본인데다 크기에 비해 원단 및 쓰인 재료가 가볍고 부드러워 장시간 외출에도 많이 힘들지 않아서 너무 편해요. 저 또한 같은 사이즈의 일반 장우산을 가지고 있지만 잘 사용하지 않는 이유가 무겁기 때문인 게 가장 크거든요. 우정양산 60 목봉 장우산 십장생도는 이런 좋은 점뿐만 아니라 멋있고 이쁘니까비올 때마다, 강하게 햇빛이 내리쬘 때마다외출 준비 필수품으로 이 명품 자동우산인60 목봉 장우산을 챙기게 돼요. 여러분 튼튼하면서 사용하기 편한 한국의 멋과 개성이 넘치는 명품 자동우산우정양산's 60 목봉 장우산 십장생도를 권해요.관심있는 분은잊지말고 우정양산 60 목봉 장우산 구매 링크 참고하세요. Vhttps://smartstore.naver.com/wj_parasol/products/5657775337#우정양산 #쉬메릭 #세븐스타일#우산 #양산 #맞춤 #명품우산#여름 #장마 #엔틱 #SBS라디오#장우산 #우산추천 #여름필수품#60목봉장우산 #양우산 #십장생도​​​- 본 포스팅은 업체로부터 제품을 제공받아 직접 체험하고 작성한 솔직한 후기입니다. -​ 
 
 
",17,3,2,340,10,1,47.6,12,text_ad,2021. 7. 21. 14:19,571,28925,일상·생각,"['우와,,,!의미가 너무 멋있어요!', '나만의 양우산을 가져서 기분 좋아요.', '검색하다가  들려습니다.*^^*좋은글 잘보고 갑니다~좋은 하루 되세요!!!', '칭찬 감사합니다. 씨엘로님 좋은 글로 답하겠습니다.', '안녕하세요. 부의시크릿노트 입니다. 한가지 전달을 하고자 찾아왔습니다. 필요없으시다면, 광고 마음이 꺼림직하시다면 삭제해주셔도 정말 감사히 받겠습니다.\n\n최근에, 부의 시크릿노트라는 카페를 키우고 있습니다. 이름만 들으면 좀 돈같아서.. 사기같곤 한데요. 블로거들을 위한 공간을 만들고자 했습니다.\n\n소통하고 성장하며 자신의 생각을 공유하는 공간을 만들고 있으니 함께해주신다면 정말 감사드리겠습니다.\n\nhttps://cafe.naver.com/youngsrich1', '좋은 정보 감사합니다. 블로그부터 방문하겠습니다.', '우산 완전 멋스러워요!녹슬지 않는다니 좋네요!요즘 비오면 바람이 너무 부는데 잘 뒤집어지지도 않는다니 최고!', '알루미늄 우산살은 쉬이 녹슬지 않는다 하지만 잘 말려 관리하지 않으면 결국엔 녹슬더라고요.근데 이 우산은 그렇지 않으니 좋아요.']"
1,https://blog.naver.com/gip777?Redirect=Log&logNo=222438503623,"안녕하세요. 여러분!최근 상품 관련 글을 읽다가 보면""와디즈 펀딩 한 제품이다"" 또는""현재 와디즈 펀딩 진행 중인 제품이다""라는 내용이 나오는데요. 해서 와디즈 펀딩이란단어를 한번 즈음 보거나 들어보셨을 거예요. ​와디즈 펀딩이란?크라우드 펀딩을 하는 펀딩 플랫폼 중 하나로, 도전하고자 하는 여러 기업들 중에자신이 지지하는 기업에게 투자하여기업 성장에 동참하고 펀딩 완료 후 해당 기업의 제품을 돌려 받는 좋은 취지에 펀딩 플랫폼이에요. {펀딩이 완료 되어야만 결제됨}저도 크라우드 펀딩을 해보고자 와디즈 펀딩에 처음 가입하여 여름에 꼭 필요한 휴대용 선풍기를 판매하는 주식회사 피앤제이에첫 펀딩을 하였고, 무사히 펀딩이 완료되어휴대용 선풍기 넥밴드 All7 리부트 제품을받아 보게 되었어요.휴대용 선풍기 넥밴드 All 7 리부트!여름휴가를 보내고 집에 왔더니택배가 와 있더라고요. 이번 주 내내폭염이었던 터라 필요한 물품이기도해서 바로 개봉했어ㅣ요.이 넥밴드 All 7 리부트는깔끔한 그레이 색상에보이는 크기와 달리 무척 가볍고, 신체(목)에 ""착"" 잘 장착되도록쉬이 부드럽게 변형되어 좋아요.거기에다 이 시원함 ~~크아다음 주가 이번 주보다 더욱더더워질 거라는데 외출할 때운동할 때 유용히 사용하겠어요.폭염이 잦은 올여름 휴대용 선풍기넥밴드 All 7 리부트로시원하게 지낼거예요.​-ㅜ-

0
 
 
",5,3,0,143,0,0,47.6,5,,2021. 7. 20. 16:15,571,28925,일상·생각,0
2,https://blog.naver.com/gip777?Redirect=Log&logNo=222081439564,"안녕하세요. 운동화 러버 마박이에요. 365일 운동화를 즐겨 신는 마박의초간편 신발관리를 알려드릴게요.신발관리에도움을 주는 슈즈클리너인소프솔 인스턴트클리너와 신발방수스프레이인소프솔 워터프루퍼가 있어요. ​밝은 색의 운동화는 2주 정도 신으면 때와 얼룩으로 꼬질꼬질해져요.보통 깨끗게 하기 위해 더러워진 운동화를손수 세제 푼 물에 담그고 불려서 솔로 문지른 후 헹궈 마를 때까지 기다리시죠?어~휴 생각만 해도 힘들어요.이런 운동화의 겉과 속을 꼼꼼히 세척하는 행위는두세 달에 한 번씩만 해주고그 중간에 신발에 묻은 먼지, 얼룩 등은소프솔 인스턴트클리너를 사용해서아주 간편하게 클리닝해주어요.소프솔 인스턴트클리너는물이 없이도 세척이 가능한신발클리너예요.{가죽, 섬유 재질 신발용}​바로 신발에 묻은 먼지와 얼룩을3단계 즉 뿌리고, 문지르며, 닦아아주 손쉽게 간편히 제거할 수 있죠. 또 인스턴트클리너는 별도의 솔 없이도솔 모양 뚜껑을 사용하여 세척이 가능해요.단 충격에 쉬이 손상되는 표면이 약한신발은 더 부드러운 솔 사용을 권장하고요. 제가 아끼는 운동화에 소프솔 인스턴트클리너를 사용해 봤어요. 현재 소개하는 소프솔 두 제품은가스 성분이 들어가기에 흔들어분사 시 꼭 환기시키면서 사용하세요.먼저 세척할 운동화와 인스턴트클리너를 준비하고,클리너를 충분히 흔들어 준 다음마른 신발의 얼룩 부위에 약 5~10cm 거리를 두고 분사해요.분사 후 30초 기다렸다가 솔로 문질러 주고마른 걸레를 이용하여 거품 등을 닦아주었어요.먼지와 얼룩으로 더러웠던 운동화가 정말 말끔히 깨끗해졌어요.아주 간편히 신발을 클리닝하니까앞으로는 꼬질꼬질 운동화를 신고 나갈 이유가 없겠죠. 운동화를 자주 신다보면 알겠지만유독 밝은 색의 운동화가 쉽게 더러워져요.그래서 더러워지는 것을 조금은 방지코자신발방수스프레이를 사용하는데요.소프솔 워터프루퍼는 신발의 습기를 방지해 주는 방수스프레이예요.물, 이슬, 비, 눈뿐만 아니라 음식 국물, 각종 오염물이 스며드는 걸방지해 준다네요. ​그리고 한 번 분사로 약 2개월(60일) 동안방수 기능이 지속된다니 좋아요.​거기에 운동화, 등산화, 골프화 등 신발뿐만 아니라 모자, 가방, 옷 등에도사용이 가능해서 야외활동 즐기는 분에겐필수 아이템이에요. ​단 변색, 탈색의 우려가 있는 것에는눈에 띄지 않는 부분에 뿌려봐서 변화 유무를 살핀 후 사용하세요.저도 금방 슈즈클리너로 세척한 운동화에 소프솔 워터프루퍼를 뿌려봤어요. ​이 워터프루퍼는 충분히 흔들어주고뿌릴 부위에 약 5~10cm 거리를 두어 분사한 후 바람이 잘 통하는 그늘에 10분 이상 말리면 끝이에요.진짜 간단하죠. !!저 마박은 소프솔 두 제품으로 모든 신발들을 초간편하게 관리해요. 여러분도 힘들이지 말고 저와 같이 아주 손쉽게 신발들을 관리해봐요.* 소프솔 신발관리 제품 판매 링크 *​https://bit.ly/39QbjV6​​​​​​",13,3,1,289,0,0,47.6,1,revu,2020. 9. 6. 1:21,571,28925,일상·생각,0
3,https://blog.naver.com/gip777?Redirect=Log&logNo=222271890495,"--  르샤트라1802  ---- 빨래냄새 없애줄 르샤트라1802 실내건조 고농축 섬유유연제 사용​추운 겨울이 지나고 따뜻한 봄이 되었지만 대기 중 미세먼지, 꽃가루, 황사 등이 존재하여야외에서 세탁한 빨랫감을 널기가 곤란해요.​그래서 깨끗하게 세탁한 양말부터 이불까지모두 실내건조를 하는데 다 마르기까지는시간도 많이 소요되고, 마르는 도중 빨랫감에빨래냄새인 꿉꿉한 냄새가 나서 고충이에요.세탁한 어떤 빨랫감이든 실내건조로 마르기까지빨래냄새를 없애준다는 르샤트라1802 실내건조 고농축 섬유유연제를 제가 직접 사용해 보았어요. 결과를 먼저 이야기하자면 빨래냄새는 싹 없애주고, 향기로운 냄새만 남기는 르샤트라1802 섬유유연제가 맞네요.[ 섬유유연제 / 용기 타입 / 1L / 하얀 걸쭉한 액체 제형 ]르샤트라1802 고농축 섬유유연제는 사탕수수 유래 탈취 성분을 함유하고,저온 냉침법으로 소나무 잎, 편백나무 잎,유칼립투스 잎에서 탈취, 소취 효과가 있는성분을 추출 함유하여 실내건조 시 빨랫감에서 나는 빨래냄새 즉 꿉꿉한 냄새를 없애주며얼룩진 냄새 대신 상쾌함을 선사해요.그리고 이 르샤트라1802 섬유유연제엔100% 내추럴 허브 에센셜 오일이 들었고, 자사 기존 유연제 사용량 대비 3배 고농축되어탈취된 깨끗한 빨랫감에 깊고 풍부한 꽃과허브향이 오래도록 지속돼 향기로워요. 거기에다 옷에 접촉할 피부를 생각하여 피부 자극 테스트도 완료하였고, 더불어피부와 환경 모두를 위해 파라벤 6종과 미세 플라스틱이 무첨가 되어서 마음 놓고 편히 사용할 수 있어요.제가 르샤트라1802 고농축 섬유유연제로세탁기 돌릴 때 사용해 보았는데 세탁한빨랫감에서 꿉꿉한 냄새 대신 상쾌하고스파클링 한 애플민트향이 풍성히 났어요. 실내건조로 세탁한 빨랫감이 다 마르고 난 후에도 향기좋은 섬유유연제 냄새가 지속적으로 남아서 계속 사용하기로 했어요.-- 피부에 순한크림인 르샤트라1802 퍼시픽 루미에 안티에이징크림 사용​겨울에서 봄으로 계절이 바뀌는 환절기에예민해지고 트러블이 잘 발생하는 피부를안정화 시키는 환절기스킨케어에 좋은피부에 순한크림인 르샤트라1802 퍼시픽루미에 안티에이징크림을 사용해 보았어요.이 또한 말 그대로 르샤트라1802 퍼시픽루미에 안티에이징크림은 순한크림이에요.[ 크림 / 용기 타입 / 50ml / 하얀색 크림 제형 ]르샤트라1802 퍼시픽 루미에 안티에이징크림은깨끗한 알프스에서 나는 일곱 가지 허브에서 추출한 성분을 함유하여 피부에 기미 및 피부 톤을맑고 환하게 해주고 피부 깊숙이 탄력을 주어 생기와 활기가 넘치는 피부가 되도록 도와요. 그리고 유칼립투스, 배리앵초추출물 등 열 가지 허브로 피부의 본 기능을 살려내고, 라벤더 에센셜 오일로 은은한 향이 피부에 감돌게 하며 지속되도록 해주어요.이 안티에이징크림을 개봉하여 건조한 손등에발라보니 부드럽게 발리면서 칙칙하고 거친피부에 윤기가 쫘르르 돌고 촉촉해졌어요.환절기스킨케어에 좋은 안티에이징크림이고,피부에 순한크림이라 생각날 때마다 바르기에도 부담이 없어요.르샤트라1802 실내건조 고농축 섬유유연제, 르샤트라1802 퍼시픽 루미에 안티에이징크림, 두 제품 모두 만족스러워요.​#르샤트라1802 #실내건조 #고농축섬유유연제 #섬유유연제 #향기좋은섬유유연제 #섬유유연제추천#빨래냄새 #안티에이징크림 #크림추천 #순한크림#환절기스킨케어 #홈케어 #동안피부 #주름개선크림​​​​ 
",27,3,1,326,2,2,47.6,3,suspect,2021. 3. 11. 13:56,571,28925,일상·생각,"['블로그 포스팅 보고갑니다~ 서로 소통해용~^^감사합니다~ 제 블로그도 들려주세용~', '감사합니다. 아봉님의 블로그도 방문하겠습니다.']"
