,Post URL,Post,Image num,sticker num,gif num,Paragraph num,Comment num,Video num,weekly viewer mean,Sympathy num,AD,Posting Date,Buddy num,Total visit,Blog category,Comment detail
0,https://blog.naver.com/gkgkdkrktl?Redirect=Log&logNo=222257955183,"제가 양모펠트부터 스티커아트까지 해볼만한 취미생활은 한번씩 해보았단 말씀!!​이번에 해본 것은 보석십자수인데요이게 생각보다 희열감이 있더라구요^^더군다나 카카오 캐릭터라서겁나 귀엽지만 심플해툐보석십자수 초보자인 저에가 딱 맞더라구요​저는 어피치만 2개! 도전하였습니다참고로 박스 이미지는 보석십자수하는 이미지가 아니니 오해해서 잘못 구매하지 않기를...!뒷면 왼쪽 하던에 있는 그림이 보석십자수 이미지입니다​​​저는 이 파란색 커버의 보석십자수 먼저 도전하였습니다^^열자마자 뒷면서 보석을과 기구들, 그리고 설명서가 들어있었습니다​​​간단하고 쉽게 !7가지의 색으로 구성되어져 있어요색이 맞는 비즈 선택 후 비즈를 붙이고 눌러주면 끝입니다​​뭔가 이것저것 만이 들어있는 모양새이지만 사실 별거 없습니다 :)그냥 저 핑크색 막대기에 세모난거 꽃아서 사용하면됩니다​​비즈!엄처유빤짝거려요사진에 다담기지 않아서ㅜ아쉽지만저 빤짝이는 것들이  그림이 되면 정말 예쁘답니다​​​처음에 보이는 판떼기는 이렇게...환공포증이 일어날 것 같지만.......​이게 다 숫자랍니다!한마디러 도안표!!이렇게 되어있어서 붙이기 편하고어치피 붙이면 보아지 않을 숫자이니까요똥손도, 집에서 휴대폰만하는 아이들도 쉽게 할 수 있을 것 같아요​이렇게 아래서부터 하나씩 부착하면존예분위기 뿜뿜입니다​보석십자수는이렇게 쿡 찍어주시구요!원하는 위치에 콕 눌러주세요!!​​그럼 이렇게 착 붙습니당!!간단하고 쉽죠??​​​완성!제 방에 걸어놓고 싶네요 >.<​제 방이 없다는 게 아쉽지만....이번에 이사가서 제방이 생기면책상위에 걸어놓을거예요!!​구매링크는 아래 걸어놓을께요어피치 덕후들 !카카오 덕후들 모여라!​<img src=""https://www.revu.net/campaign/img.php?p=6bafef2b19f6b7f8f84aabce5d6565b4b01c6d184a072128e1ff75b4b6735650&amp;v=4"" title=""wb-sponsored"" alt="""" /> 
는
",14,0,3,148,1,1,528.4,12,suspect,2021. 2. 26. 22:48,627,211859,국내여행,['']
1,https://blog.naver.com/gkgkdkrktl?Redirect=Log&logNo=221855445173,"​​코로나 때문에 밖에 나가지도 못하고 집에만 있게 되다보니 심심하지 않나요...??​저는 심심해서 집에서 할 수 있는 취미를 찾다가미니어처 하우스를 구매하게 되었어요!​완성샷!!!!겁나 뿌듯 ㅎ완성후기 하단에 추가하였습니닷!!​코로나 때문에 강제방콕 생활중에 정말 구매 잘 했다고 생각되어 추천드려요!하루만에 배달이 오더라구요택배는 늘 설레요♡​​3층짜리로 구매했거든요 ㅎㅎ그래서 그런지 상자가 꽤 거대했니다​​​커팅매트를 제외하고 가위,드라이버,접착제,목공풀 등 모두 미니어쳐하우스를 구매하면 주는 도구들입니다집에 아무것도 없는 자취생에게 적합하네요​​​​불매운동 중인데 알고보니 일본제품 ㅠ한국제품으로도 미니어쳐만들기가 있어요~저처럼 일본꺼 구매하지 마시고 한국제품 구매하세요~설명서도 2개가 들어있네요하나는 일본판 하나는 번역한 한국판설명서입니다​​​박스를 열어보니 뭔가 다양한 것들이 꽉 채워져있어요​​​제일 왼쪽부터오르골,건전지, 접착제그리고 이것들 외에도​​​​핀셋, 미니가위,칼, 자, 드라이버가 있습니다도구는 이것들이 전부이며커팅매트는 제가 추가 구매하였습니다​​​커팅매트 없으면 큰일납니다 ㅠㅠ​집에 커팅매트 없는 사람들은 꼭@! 구매 후 시작하세요책상에 칼자국 납니다​​​본격적으로 집만들기에 필요한 준비물들이 나옵니다사실 처음에는 뭐 별거 아니지라고 생각했어요지금 3일째인데 아직 1층도 다 못만들었어요.....어마어마하게 많은거랍니다 ㅠ​​​잘라서 붙이는 용도의 종이입니다미니어쳐 책 하나하나까지 모두 제손으로 만들 수 있어요!​​​이틀동안 만든 1층의 일부분입니다!이거를 이틀이나 만들었냐구요?? 네요거 만드는데 이틀 걸렸습니닷 개인적으로 손 쪼물딱 거리는 거 좋아해서 재미있게 만들 수 있었어요허리가 좀 아프기는 하지만 시간 순삭!!​​​간단히 의자만드는 법을 보여드리자면부품은 이렇게 준비가 되어 있고​이것들을 설명서를 보고 풀로 붙이면​​​나무의자 완성입니다!!​​​​제 손가락보다 작아요 ㅎㅎ​​은근 중독성 있어요!!​​​​종이로 아이패드를만듭니다 ㅋㅋㅋ귀욥♡​​​나무 조각 몇개로​​피아노를 만들었습니다뭔데 예쁘고 난리야☆​​​​금,토,일,월,화 5일만에!! 3층짜리 미니어처 완성했숩니다아아앗!!!!​지금 새벽 5시인뎁 ㅎ 뿌듯해서 그런지 잠이안오네요처음이라 어설프기는 했지만 그래도 완성했다는 것에 의미를 두고 자랑 및 후기 알려드릴께요!​이 곳은 3층 방 풍경입니다 ㅎ사실 거의 마지막이라ㅜ그런지 대충 한 흔적이 조금 보이네요 ㅠ그래도 책상 위 소품 하나하나 모두 제가 만든 것이랍니다:)​​​이곳은 2층!! 사실 저는 2층이 가장 마음에 듭니다 ☆1층은 어설펐고 3층은 힘들었고 ㅋㅋㅋ그나마 가장 능숙하게 정성들여 한 곳이 아닌가 생각되네요​​​​1층!! 조명이 삐뚤어졌지만 내일 수정하는걸루​​​​전체 완성본입니다!! 다시보니 정말 뿌듯☆​이건 불 킨 미니어처 하우스영상은 더 대박♡​​오르골도 있어요~영상으로👇👇​​​​​​제가 구매한 곳은 링크로 걸어두었어요​​집에서 심심하다면 미니어쳐하우스 만들기 추천드려요~​ 
",27,0,2,261,11,2,528.4,12,,2020. 3. 15. 23:58,627,211859,국내여행,"['와~ 이거 진짜 재밌겠어요 :) 저도 나중에 한번 도전해보고싶네요 ㅎㅎ', '시간 순삭입니다! 심심할 때 해보세용~', '이거를 이틀이나 만들었냐구요??네!! 이부분이 정말 공감간다는..!!! 완성샷도 조만간 보여주세용>_<', '힘든데 뿌듯해서 계속하게되네요!꼭  끝까지 완성할께요💪', '오오 시간 잘가고 재미날 것 같아요!!😍 실내놀이로 딱이네용! ㅎㅎ', 'ㅋㅋ 시간 순삭이예요!!', '와 이런건 해볼만 하겠는데요?만든후에 만족감도 있을거같구요ㅎ', '재미있어요!! 추천드리고 싶네요~', '저 혹시 접착제 뚜껑 어떻게 여셧나요? ㅠㅠ뾰족한( 뚜껑 부분을 이리저리 해봐도 안돼요..ㅠㅠ', '저도 안되서 잘랐어요 ㅎㅎ 가위로요!!그런데 너무 많이자르면 접착제 너무 많이나오니까 조금만 자르세요~', '감사해요!']"
2,https://blog.naver.com/gkgkdkrktl?Redirect=Log&logNo=221935839115,"아이패드 하나를 구매하면 애플펜슬, 블루투스키보드 등등 필요한 것이 너무 많아요~​집에서 사용할 때는 괜찮지만 밖에 나가서 작업할 때는 하나하나 챙겨나가기 불편하잖아요ㅠ특히 애플펜슬은 잃어버리기 쉬울 것 같아요​​그래서 아이패드 파우치를 구매하였습니다!!아이패드에어 이외에 아이패드 7세대나 갤럭시탭도 크기가 비슷해서 사용가능합니다위로만열리는 파우치, 가죽파우리, 단추로 여닫는 파우치 등등 종류와 디자인이 다양한데요 마음에 드는 파우치로 선택하여 구매하면 되지만,애플펜슬이나 키보드가 들어가지 않는 파우치도 있으니잘 보고 구매해야 합니다​​저는 색도 레드로 귀엽고, 앞면이 투명이라는 점이 마음에 들어서 이 파우치를 구매하였는데요저는 마켓토토라는 곳에서 구매하였는데 후기를 보니 은근 불량제품들이 있는 것 같아요​저도 검은 점이 찍혀져서 왔는데 크게 신경쓰이는 부분도 아니고빨리 사용하고 싶어서 그냥 사용하기로 했어요​​저는 아이패드를 구매한면서 애플펜슬, 블루투스키보드를 같이 구매하였시 때문에키보드와 애플펜슬을 수납할 수 있는 파우치를 구매하였습니다.파우치가 없다면 따로 들고다녀야 하는데... 생각만 해도 불편하네요ㅠ​우선 제가 구매한 아이패드파우치는 지퍼헝으로 완전히 열리는 파우치이며아이패드, 애플펜슬,블루투스키보드를 수납하고도 공간이 남아 만약 있으신분들은에어팟, 여분의 펜촉, 그외에 충전기 등등  필요한 것들을 넣고 다닐 수 있는 만능 파우치예요!​파우치에 주머니도 많아 이것저것 넣어도 지저분해보이지 않고 찾기도 쉽더라구요​ 만족스러워서 추천하는데아마 판매가 종료된 걸로 알아요ㅠ 혹시 재입고가 될 수 있으니 하단에 링크는 걸어놓을게요~​​아이패드 한달 사용후기👇​아이패드 로지텍블루투스키보드 사용후기👇​애플펜슬 1세대 사용후기👇아이패드 파우치 구매처​​",4,0,0,169,0,1,528.4,11,,2020. 4. 29. 13:19,627,211859,국내여행,0
3,https://blog.naver.com/gkgkdkrktl?Redirect=Log&logNo=221922849836,"​자취생 1인용 밥솥은 사용하는 본인은남은 밥을 밥솥에 보관하면 하루도 안되어표면이 딱딱하게 굳어버립니다ㅠ​그래서 평소에는 적은양의 밥만 하거나 냉동실에 얼려놓는 방법을 사용하는데요​며칠 전 간 고기집의 누룽지에 반함+친구가 에어프라이어로 누룽지를 해먹을 수 있다고하여에어프라이어로 누룽지를 만들었습니다​​에어프라이어 바닥에 얇고 평평하게 펴주세요~(가운데는 더 얇게)두껍게 피게 되면 겉은 타고 속은 그냥 밥이되어버립니다그렇게 되면 맛도 없고 오래 보관할 수 없으니까 꼭 얇게 펴주세요~​그리고 바로 에어프라이어로 직행!!​​180도에서 10분또는 180도에서 15분정도 하면 맛있는 누룽지가 되는데요!​​​이정도 누룽지가나오구요​​180도에서 15분 하면 이정도 ㅎㅎ사진을 찍었어야했는데빨리먹고싶어서 ...​​​우선 햇빛과 바람이 잘 통하는 곳에 잘 말려주는 것이 제일 중요하다고 하더라구요~​​​저는 잘 말려서 지퍼백에 담은 다음라면스프를 뿌렸습니다👍​기호에 따라 설탕,꿀 등과 함께 먹어도 되고그냥 먹어도 바삭하고 고소하더라구요~​​그리고 누룽지를 끓여먹어도 됩니다:)딱딱한 우룽지이지만 물어 넣고 10분정도 끓이면 맛있는 누룽지가 된답니다:)​​그냥 먹어도 맛있고~김치 올려먹어도 맛있는간편식 누룽지!귀찮을 때 그냥 넣고 끓기기만 하면 된다는 점이 좋은 것 같아요:)​이상 에어프라이어로 맛있는 누룽지만드는 방법이였습니다~ 
.@
",9,0,1,128,5,0,528.4,13,,2020. 4. 22. 16:51,627,211859,국내여행,"['설탕뿌려먹는 누룽지가 최고죠~~!', '누룽지 맛있아요~', '다양한 활용법이네요ㅋㅋ', '누룽지 그냥 먹어도 마싯고 진짜 김치랑 먹으면 더 마싯죠 ㅎㅎㅎ!!! 내일 아침에 누룽지닷 ㅎㅎ']"
4,https://blog.naver.com/gkgkdkrktl?Redirect=Log&logNo=221875085225,"​강릉에서 파는 #육쪽마늘빵​​저희집에 있는#에어프라이어 #마늘스프레드 를 이용해육쪽마늘빵 만들어 먹었어요 ​​자신 없으니까 실험용으로 하나만 만들어 보고, 맛있으면 또 만들어 먹는걸루♡​헿 나이스~왼쪽은 1차시도!완전 만족스러운 마늘빵이 탄생했습니다:)160도에 10분했는데 살짝 탔네요 ㅎ​오른쪽은 2차시도!2차시도는 완전 노릇하게 잘 만들어졌어요~비법은 ?!👇👇​​​​너무간단해요!!​이게 다입니다크림치즈 없어도 되요~​크림치즈가 있으면 고급진 마늘빵!없으면 그래도 멋있는 마늘빵!!​​☆마늘 스프레드가 없다면?!  버터+설탕+다진마늘 등등을 넣어 만들어요~저는 마늘 스프레드가 있어 마늘스프레드를 사용했어요~마늘 스프레드 짱👍​1. 모닝빵을 6등분으로 잘라주세요~아랫부분까지 자르면 안되는 건 다들 아시죠?!​​​2. 버터를 발라줍니다사이사이에 꼼꼼히 발라주어야 해요~겉 표면까지!!​​3. 마늘스프레드를 꼼꼼히 발라주세요​​4. 크림치즈를 사리사리에 놓고 가운데 부분은 많이 넣어주세요~​​​​그러면 요렇게👇👇👇👇된답니다 ㅋㅋ​1차시도는 에어프라이어에 160도, 10분!(2차시도 온도와 시간으로 해주세요👇👇)​​​​으유와 함께먹었는데이것은 환상의 맛♡​완전 JMT 굿굿!!또 만들어 먹을거예요~​​​​재료는 같게!! 하지만 나름대로의 노하우가 생겼는데요​1. 빵은 최대한 깊게 자른다2. 버터는 많이 바른다3. 마늘스프레드도 많이바르자!4.크림치즈는 적당히(너무 많이넣으면 느끼해욤)​​​그런데 저는 느끼한게 좋아요 ㅋㅋㅋㅋ팍팍 넣습니다​​​에어프라이어에 110도 5분​​​​촉촌한 모닝빵이지만 겉은 바삭 속은 촉촉!마늘과 크림치즈가 잘 어울리고 칼집을 깊게 넣어서 맛이 골고루 느껴졌습니다​​​꼭 해드세요꼭이요!! 
 
",22,0,0,135,10,0,528.4,14,,2020. 3. 27. 0:22,627,211859,국내여행,"['헉 대박 너무 맛있어보이는데요~?~?집에서 만들어봐야되겠어욤😆', '진짜 맛있습니다♡', '한개로는 도저히 안찰거 같아서 다섯개 만들어 먹어야 겠어요!!!❤️❤️', '다섯개만들어도 순삭이예요>.<', '이런거 보면 너무 에어프라이어 갖구 싶어요... 나만 없어... 에어프라이어...ㅜㅜ 너무 맛있어보여요!! 그리고 만들기도 너무 간단해 보이구요~', '대박!! 초간단 레시피인데 비쥬얼이 대박이네요~~꼭 해먹어봐야겠어요~~^^', '육쪽마늘빵 엄청 좋아했는데...대장균 이슈 있었잖아요ㅜㅜ 저 엄청 건강한가봐요ㅋㅋ아무이상 없고ㅋㅋㅋ', '오오ㅋㅋㅋㅋ 엄청 튼튼하신듯 👍👍👍저는 원조 육쪽 마늘빵 먹어보고싶은데 아직 못먹어봐서 부럽네요 ㅠ']"
5,https://blog.naver.com/gkgkdkrktl?Redirect=Log&logNo=221867258258,"​뭘해먹을까... 고민하다가에어프라이어로 삼겹살을 해먹기로 했습니다~(온도 시간 중요하지만  에어프라이어의 성능과 음식의 양에 따라 다를 수 있습니다)삼겹살과 함께 대파, 김치, 양파, 파인애플, 팽이버섯도 함께 먹을 예정이예요​삼겹살 기름과 함께하는 야채는 환상이죠!우선 양파부터!​​아래 잘 깔아줍니다삼겹살 기름이 흘러나올테니 완전 맛있는 양파가 될거예요 ><​​위에 삼겹살을 잘 깔아주세요제가 3줄만 깔았는데 나중에 모자라서 더 먹었다는... 처음부터 5줄 할걸 그랬어요...ㅎ​​에어프라이어 180도에 15분!뒤집어서 5분입니다!​​삼겹살이 튀겨지는 동안 다른 야채들을 준비할께요!팽이버섯 밑둥을 잘라 버려주세요!모두들 아시겠지만 버섯 생식 안되요!곰팡이잖아요......이번에 미국에서 한국산 팽이먹고 사망했다는 이야기가 있던데...​​​깨끗이 씻어서 삼겹살기름에 튀겨(?)먹으면 괜찮아요~​​팽이버섯과 김치, 대파, 파인애플을 준비했어요!엄마가 요즘 잘챙겨먹고 살라고 하지만너무 잘 챙겨먹어서...ㅎㅎ엄마께 블로그를 보여주고 싶네요 ㅋㅋㅋ​에어프라이어+삼겹살은 사랑입니다♡♡​​​소리 크게 키도 보세요! 지글지글 소리(흥분)​​​다익은 삼겹살 꺼내고팽이버섯,김치,파인애플,대파를 에어프라이어에 넣어줍니다:)200도에서 10분 조리했습니다!​​대파가 엄청 맛있게 조리되었어요😆​​사진무엇...ㅋㅋㅋㅋㅋㅋㅋㅋ이래보여도 겁~~나맛있었습니다파인애플도 달고, 김치는 말한것도 없었습니다~양파는 달고! 대파는 향이 장난아니고!!삼겹살은 미쳤습니다~~~​​조금 남아서 볶아먹었눈데 쌈장 없이 볶았는데도 엄청나게 맛있는 삼겹살볶음밥이였습니다😍​​비록 통삽겹은 아니였지만 맛있는 삼겹살을 한끼로 먹을 수 있었어요! 에어프라이어가 있다면 삼겹살 한번 도전 해보세요~~",9,0,2,138,6,1,528.4,11,,2020. 3. 22. 21:17,627,211859,국내여행,"['우와 맛잇을 것 같아요 ㅎㅎ 에프 없는 저는 울다가 갑니당ㅋㅋㅋㅋㅋㅋ😭', '에어프라이기는청소가헬인듯', '우와ㅜㅜ 저 정말 에어프라이어 사야할까봐요..  진짜 맛있어보여요!', '꺄~ 에어프라이어 삼겹살!!저도 시도해봐야겠어용~글잘보고 서이추하고갑니당 ^^', '삼겹살 비주얼이 장난 아니네요... 에어프라이어!! 정말 갖고 싶어요ㅠㅠ']"
6,https://blog.naver.com/gkgkdkrktl?Redirect=Log&logNo=221842548913,​ 코로나 때문에 집에만 있기 심심해 죽겠어요 ㅠ원래 부지런한 사람은 아니지만심심하니 오랜만에 에어프라이어에고구마를 돌려먹기로 결심했지요!​통고구마는 많이 돌려먹어봤는데요즘은 저렇게 껍질벗기고한입크기로 잘라서 돌리기도 하더라구요​결론먼저 말하자면! 한입크기로 잘라서 먹는 것은 #겉바속촉고구마 최고봉입니다먹기도 간편하고 에어프라이어를 돌리는 시간도 짧고 거기에 맛까지 좋으나단 한가지 단점은 귀찮다는 것​​하지만 저는 심심하고 시간 많으니껍질 벗겨서 한입크기로 토막내었습니다​​저희집에 있는 에어프라이어는 작죠 ㅎㅎ그러니가 고구마를 잘 넣어야 해요안들어갈 수 있아요 ​​우선 토막 낸 고구마 먼저 밑에 깔고통고구마 올리면 되는데고구마가 길어서 안들어가더라구요​​위 아래 꼬투리를 자릅니다​이제 에어프라이어 돌릴건데​☆주의사항☆​블로그마다 고구마 돌리는 시간이 다 달라요​이유는 고구마는 양과 에어프라이어의 성능 때문​그러니 대충 어느정도 돌이려야 하는지는인터넷에서 찾아봐야겠지만중간중간 고구마가 익었는지 체크하는 것은본인의 몫입니다​저의경우 180도에 25분 3번 돌리려고 하였으나저의 고구마는 작고 얇아서 180도에 25분 1번이면 되었어요​180도로 맞춰놓고 20분마다 한번씩 체크해서다익으면 OK덜익었다면 뒤집어 다시돌리는 것이 베스트인듯 합니디​​180도에 25분 돌리니 완벽한 겉바속촉 고구마가 탄생하였습니다​​​여기서 또!토막낸 고구마는 180도에 15분정도가 적당한 듯합니다​​이렇게 맛나게 나온 고구마도 있지만​​나무토막이 된 고구마도 나오더라구요​​하지만 통고구마는 완벽한 맛이였습니다또다시 에어프라이어에 반해버렸어요조만간 또 에어프라이어로맛있는 음식을 해 먹을 둣 하네요​,7,0,0,147,3,3,528.4,11,,2020. 3. 7. 23:12,627,211859,국내여행,"['꼭 먹어봐야겠네요~^^편안한밤 되세용👍👍🎵🎵', '오오 통고구마 노란색 비쥬얼이 짱이네용! 달달해보여요😍', '유익한 포스팅이 많네요. 자주 놀러올게요^^']"
