,Post URL,Post,Image num,sticker num,gif num,Paragraph num,Comment num,Video num,weekly viewer mean,Sympathy num,AD,Posting Date,Buddy num,Total visit,Blog category,Comment detail
0,https://blog.naver.com/gleus9123?Redirect=Log&logNo=222211701379,"저희집은 약골 체질인 저와저만큼 약한 치와와 삼형제그리고 식물들이 살고 있어서 겨울철에는 온습도가 굉장히 중요해요​​​​여름철에 습함은 누가 알려주지 않아도제 성질머리로 알 수 있는데건조함은 이미 피부가 짝짝 갈라지고 알면너무 늦었다 느껴질때가 많더라고요​​​​​그래서 이참에 제대로 알고 관리해야겠다 싶어​​​​​샤오미는 가성비 최고템이죠저희집에는 보조배터리, 체중계도 여기껄 쓰고 있어요이것들 살때는 내구도가 약하다고 했는데대부분 5년을 넘게 쓰고 있으니 개인적으로샤오미에 대해 나쁘게 생각하지 않아요​​​샤오미에서 나온 온습도계는 생각보다 많아요제가 알기로는 총 6가지가 있었어요여기에도 1세대, 2세대로 나누어서 말하더라고요제가 고른거는 2세대에요​​​​따로 이거 사야지 하고 고른건 아니고 가격이 착하고 블루투스가 된다는 말에 얼른 샀죠!1+1+1에 12,700원, 하나만 사면 거의 6,000원이면 살 수 있어요​​​ 그리고 이거 내돈내산이에요!다만 국내배송이 아닌 해외직구라10일? 11일? 정도 걸려서 받았어요 ​​​사이즈는 생각보다 작고 엄청 가벼워요!온도와 습도를 동시에 볼 수 있고현재 수치가 적정한지를 이모티콘으로 알 수 있어요적정 습도는 온도에 따라 달라진다고 하는데둘을 동시에 볼 수 있어 좋죠​​​​사진으로 보면 정확히 모르니비교로 샘플 화장품을 놓아봤어요!굉장히 작죠!​​​구성품으로는 본체, 양면테이프, 설명서이렇게 있는데 사실 설명서는 중국어로 되어있어있으나 마나에요!​​​​본체의 비닐을 꺼내면 바로 작동이 시작되어요!​​​​다만 생각보다 글씨가 작아서눈이 좋지 못한 분은 잘 안보일것 같긴 해요​​​​뒤에는 양면테이프를 붙일 수 있게 되어 있어요저희집은 전세라서 벽지에 붙이기 뭐해서가구에 붙이기로 했어요개인적으로 1세대에 있다는 거치대가더 괜찮겠다 싶어요​​​​저희집은 거실, 화장실, 베란다에 놓았어요표정 만족쓰~​​​​방이 많은 집은 더 많이 필요할텐데저렴이라서 필요한 만큼 사도부담이 되지 않아요!이정도 가격이면 감동이죠~​​​제일 궁금했던거는 블루투스 연결!Mi Home 어플을 받아서 사용이 가능해요3개월간 자료가 보관이 되어서 좋아요!​​​​다만 막상 사용하다보니 제가 이 어플을 그닥 들어가지는 않네요 ㅎㅎ게다가 어플 연결이 생각보다 복잡해서어르신들이 쓰기에는 어려울듯 해요그리고 블루투스 방식이라 멀리 나가면 연결이 안돼요​​​앱스토어에 Mi Home을 검색해서 다운로드를 해주세요​​​앱에서 +를 누르면 주변에 스캔이 되어 나와요만약 나오지 않는다면 환경가전에서Mi 블루투스 온습도계2를 클릭해주세요​​​블루투스 연결!기기가 있는 공간을 적고 이름을 바꾸어주세요​​이제 확인하기!​​장점​- 가성비로 감동시킴- 작고 가벼움- 어디든 부착가능​- 블루투스 어플 사용 가능​​단점​- 너무 작은 글씨- 부착방식보다 거치대가 어땠을지....- 어플이 어렵고 잘 안쓰게 됨​​​이런 분들 추천해요!​- 습도에 예민하신 분들- 어린 자녀와 같이사는 집- 반려동물과 함께 지내는 분들- 방이 여러곳인 집​​ 
 
 
",19,3,0,285,0,1,893.0,3,,2021. 1. 18. 21:02,511,287132,애완·반려동물,0
