,Post URL,Post,Image num,sticker num,gif num,Paragraph num,Comment num,Video num,weekly viewer mean,Sympathy num,AD,Posting Date,Buddy num,Total visit,Blog category,Comment detail
0,https://blog.naver.com/gudruddl?Redirect=Log&logNo=222227848865,안녕하세요얼마전에 아울렛 갔다가 꽂힌 운동화가 있었는데온라인 주문하는게 더 싸더라구요 ㅋㅋ​기다려서 받아본 후기남겨볼게요 😃​​택배는 언제나 기분좋죠 ㅎㅎ😀흰색도 있었는데흰색운동화가 많아서검정으로 골랐지요 ㅋㅋ​​조이라이드의 포인트뒤쿠션부분에 말랑말랑한 고무볼(?)덕분에 더 잘뛰어질거같은 느낌 ㅋㅋ​​밑바닥 모양이 양쪽이 다르네요먼가 더 세련된 느낌​​디테일도 괜히 찍어봤구요​​신발이 꽤 타이트한편이에요신을때도 힘들고 벗을때는요 고리같은거 잡고 벗는거같아요​참고로 사이즈는 꼭 신어보고 사세요!!저 235-240 신는데이신발은 245도 꽤 타이트한 느낌이에요​​밑바닥에도 발모양대로 쿠션이 살아있어서처음엔좀 답답한 느낌이었는데신다보니 발에 착감겨서 더 편해요 ㅎ.ㅎ​​앞부분은 부드러운 니트 느낌이라발등 앞부분은 편해요​​스포티하고 예쁩니당ㅋㅋㅋ운동할때 신기 딱 좋아요😄​,17,0,0,71,4,0,153.0,12,,2021. 2. 1. 18:10,1621,110098,일상·생각,"['나이키 운동화가 진짜 운동할때 신기 좋다 아니에요? ㅎㅎㅎ 신발 너무 가볍고 편해보이고 깔끔해보이네요 ㅎㅎ', '조깅하러다닐때 신으면 너무좋겟눈걸요?', '조깅할때 나이키 운동화가 편하고 좋은것같아용!날씨가 급 추워졌어요ㅠ항상 감기조심하시고 행복한 하루되세용^^', '어여 뛰고 싶겠어요!!']"
1,https://blog.naver.com/gudruddl?Redirect=Log&logNo=222182905436,"안녕하세요오늘은 홈베이킹을 해봤습니다 ㅋㅋ베이킹이라고 하기도 민망할정도로초간단이지만 리뷰 해볼게요!!​KFC 비스킷 좋아하는데마트갔다가 비슷한 맛이 나려나 싶어서구매해봤어요 ㅋㅋ​재료도 계란과 우유만 있으면 되고방법도 엄청 간단해요 ㅋㅋ몽땅 섞어서 구워주면 됩니다​난이도 별한개 ㅎㅎ​이런 비쥬얼이 나올지..바로 만들어봅니다!!​​가루 붓자마자달달 고소한냄새 확 나더라구요우유는 20ml 엄청 조금만 들어가요물도된다고 하는데 왠지 우유가 더 고소하고 맛있을거같은 느낌 ㅋㅋ​계란까지 넣고 열심히 섞어줄게요​주걱으로 시작했는데비닐장갑끼고 손으로 하는게 더 편하더라구요ㅋㅋㅋ​​오븐도 가능하지만오늘은 에어프라이어로 해봤어요​6등분해서 180도 12분 구위줍니다!!​​은근 부풀었어요고소한 냄새 넘 좋아요​음...비쥬얼이 감자 같지만 아닙니다사진같은 그런느낌은 안나네요​그래도 겉바속촉!!안에가 확실히 부드러워요​약간 덜익었나 싶은 밀가루 향이 나는데원래 그런거같고 걍 부드러워요 ㅋㅋ​​버터나 잼이랑 먹으면 더 맛날거같아서엄마가 주신 달보 체리잼 꺼내봤어요요거 상큼하니 맛나요 ㅎ.ㅎ​​확실히 맛이 사네요 ㅋㅋㅋKFC비스킷에 비교할정도는 아니지만집에서 재미삼아 만들어볼만한거같아요커피랑 간식으로 먹기 굳!! 
 
",19,4,0,102,24,0,153.0,30,,2020. 12. 23. 14:51,1621,110098,일상·생각,"['으아 모양 너무 기여워용ㅋㅋㅋㅋ 한번 따라해뷸게요!!!', 'ㅋㅋㅋㅋㅋㅋㅋㅋㅋ악..감자같다고..........하셔서 그렇게 생각안햇는데 그래보여여 ㅋㅋ', '오와 비쥬얼도 좋은데요?', '간단하네요!! 저도 해먹어보고싶어요..!', 'KFC비스켓 정말 좋아하는데 집에서도 만들어먹을수있군요!! 근데 진짜 감쟈,, 같아요 ㅋㅋㅋㅋㅋ', '크 케엪씨 비스켓 진짜 최애인데 !! ㅎㅎ요렇게 비슷하게 믹스로 만들어 먹을 수 있다니 간편하고 좋네용 ~~베이킹의 ㅂ자도 모르는 저는 요마저도 어려울 것 같지만 😭버터 발라 먹는 맛 상상하니 도전해보고 싶어요.. 🤤🤤🤤', '헉 비스킷 완전 좋아하는데 ㅜㅜ저두해먹어봐야겠어요.', '간편하고 쉽게 만들 수 있는것 같아요! 비스킷, 스콘 되게 좋아하는데 집에서도 쉽게 커피와 함께 먹을 간식 만들기 딱인듯 하네요 ㅎㅎ', '이렇게 다 섞어서 에프하면 되는거군요ㅎㅎ초간단이지만 잘섞어야 하는게 포인트네요ㅎ맛있어보여요^^', '요즘 쿠키 같은게 만들어보고 싶었는데 비스킷 괜찮네요 !!! 만들어봐야겠어요', '진짜 완전 맛있어 보여요!!!커피랑 마시면 진짜 꿀맛일거 같아요!!', '의외로 엄청 간단하네요ㅎㅎ 따뜻할 때 체리잼 발라서 먹음 KFC 비스켓보다 훨씬 맛있을 것 같은데요!!ㅎㅎ😋🍒', 'Cocodane님 포스팅 잘봤어요 ^^ 메리크리스마스 보내세용 ^^', '에어프라이어기가 있으면 집에서 먹을 수 있는게 다양해져서 좋네요🤗', '핫초코만 만들어봤는데 ㅎㅎ 감사합니다.', '겉바속촉 조아요! 체리잼도 있다니 체리 처돌이로서 이건 사야 돼요 헉헉..!', '체리처돌이셨군요 ㅋㅋㅋ저는 체리별로안좋아하는데 저건 맛있더라구요 ㅋㅋㅋ', '오 엄청 간단하네여 저도 도전해봐야게써요 ㅎㅎㅎㅎ', '와 스콘을 이렇게 쉽고 빠르게 만들수있다니..저도 만들어봐야겠어요 좋은 정보 감사합니다!!', '와아앙 겉바속촉!!!!! 에어프라이기가 짱이네욥👍👍']"
2,https://blog.naver.com/gudruddl?Redirect=Log&logNo=222260687595,"안녕하세요 코코다네입니다요즘 잘때마다 코가 따갑고 건조해서가습기를 사야지사야지했는데겨울이 다가고 들였네요 ㅋㅋㅋ​​알고보니 맘카페에서 꽤 유명한 제품이더라구요​대용량에 초음파식최대 12시간 습도조절에무드등, 리모콘조정 까지 가능해서넘 편리하죠!!​​박스마다 무조건 들어가야하는 애옹​​깔끔하고 심플한 너낌!!​​설명서와 리모콘까지 한세트에요 ㅎㅎ​​조작도 너무 간편해요​가끔 세척만 잘해주면꾸준히 오래 쓸수있을거같아요 ㅋㅋㅋ​​대용량답게 물엄청 많이 들어가요​​최대로 틀었을때꽤 높이까지 뿜어져나와요​​무드등도 있어서 넘나 유용할듯해요 ㅋㅋ영상은 1.5배속한건데등색깔이 조금씩 바껴서더 예쁘네욤 ㅎㅎ​​자동으로 습도조절이 돼서설정한 습도에 맞춰지면 저절로 꺼져요​야간모드에 타이머까지 있어서잘때 켜기도 좋죠!! 깔끔해서 인테리어에 방해도 안되고맘에 듭니당🖤​​",15,0,1,66,19,1,153.0,30,,2021. 3. 1. 15:50,1621,110098,일상·생각,"['리모컨까지 있어서 편하게 사용할 수 있을거 같아요!', '지금같은 날씨엔 정말 가습기 필수죠ㅠㅠ 저도 하나 장만해야겠으요😖', '타이머 있는게 너무 좋네요! 인테리어도 깔끔깔끔', '오무드등까지되는거 넘나좋은거같아요!', '진짜 날씨 건조할때 요 가습기 필수적이예요 ㅠ', '깰끔하고 리모컨있는게 정말 좋은것같아욤!고급스러워서 인테리어로도 좋은것같은데욤!', '요즘은 가습기도 이렇게 좋게 나오는군요 ㅠㅠㅠㅠ저도 하나 사야겠어요', '습도조절도 된다니 고급이네요!! 용량도 크구~👍🏻', '와 블랙가습기..간지나네요 ㅋㅋㅋ가습기 용량도 크고 인테리어도 해치지 않는거 같아 좋아보여요', '오 습도조절이 가능한 제품이라니 완전 신박하구 좋은거같아요 용량도 대용량이라 편하게ㅛ어요!!👍👍', '가습기 포스팅인데.... 고영희씨 밖에 안보여요...💗', '사용하고 있는 입장에서 다 좋은데 습도계가 문제가 많은 듯 합니다.여기저기 사용기 좀 읽어 봤는데 제가 산 재품도 그렇고 조금만 가습해도 습도가 99%로 올라가서 가습이 안되요.그래서 저는 1단으로 그냥 켜 놓고 잠들어요 ㅠㅠ', '저도 몇일전에 오랜만에꺼냈는데 습도계가 이상하긴하네요😭그래도 가습이안되진않더라구요!', '가습은 잘 되는데 자동으로 가습%를 맞춰놓으면 99%로 항상 나오니까 가습이 안되서 자동은 안쓰고 그냥 1단으로 물 다 소모 될 때까지 쓰는 거에요. 예전 엘지 쓸 때는 자동기능이 잘 되서 55%로 맞춰 넣으면 이하 일때 가습 되고 이상으로 올라가면 정지 되서 좋았는데 이 기능이 무용지물이라....', '아 그러네요 ㅠ 자동습도조절이 안되겠네요혹시as는 안알아보셨어요?! 대부분의사람들이 이러는거면 문제가있네요;;', 'AS 는 어디로 해야 하는지 몰라서 그냥 1단으로 쓰고 있어요.']"
