,Post URL,Post,Image num,sticker num,gif num,Paragraph num,Comment num,Video num,weekly viewer mean,Sympathy num,AD,Posting Date,Buddy num,Total visit,Blog category,Comment detail
0,https://blog.naver.com/halangbiru?Redirect=Log&logNo=222140139482,"드디어 가습기의 계절이 돌아왔다.우리집은 여름에는 습하고겨울에는 건조한편이라여름에는 제습기 필수, 겨울에는 가습기 필수인데​오늘 소개할 제품은 무드등 기능도 있는 무드등가습기 드보르 JD-F50N을 소개하려고 한다.100% 천연 생화 꽃을 담은 예쁜 가습기이다.사용방법은시계 반대 반향으로 돌려 분리시켜물을 채워준 후어댑터 연결후 작동시켜주면 된다.드보르 아로마 가습기는 국내 최초천연꽃을 저온 건조 특수공법으로 건조시켠 후 진공상태로 넣어아름답게 볼 수 있는 특별한 가습기로일반 가습과 아로마오일을 첨가해 아로마 가습기로도 사용할 수 있는하이브리드 가습기라고 한다.언박싱 고고!!구성품은 간단하다.가습기 본품과 전원 어댑터, 물을 넣을 수 있는 통, 설명서이다.무드등 기능은특정색으로 고정할 수도 있고, 바뀔수 있게 동작할 수 있고4시간뒤에 전원이 자동으로 꺼져 화재위험에서 안전한 가습기이다.​가습은 1번 누르면 일반 가습량, 2번 누르면 가습량이 증폭된다.색상은 총 3가지 색상이 있다.핑크, 블루, 옐로우인데블루 색상으로 선택하려고 했는데블루만 꽃이 안개꽃이라 숱이 적어(..)보여서핑크로 선택했다 ㅎㅎ결과는 성공!!정말 예쁘다.나는 원래 핑크색은 안좋아하는데드보레 가습기 핑크꽃은 정말 예쁘다.마치 살아있는 생화마냥잘 건조해서마치 싱싱하고 살아 있는꽃을 보고 있는 기분이다.무드등 / 가습기 / 전원 꽂는 부분이다.분리를 하면물을 넣을 수 있다.물은 100ml 넣을 수 있고 이 물의 양으로6시간 사용할 수 있다.가습기를 틀어놓고는 있는데컴퓨터책상에는 미니가습기가 필요한것 같아서드보레 가습기를 뒀는데넘나 잘어울린다!!!바로 물 100ml를 받았다!!물을 조심스럽게 쪼륵쪼륵 넣은 후.물 100ml가 꽉 찬 모습이다.나는 아로마를 즐기기 위해편백오일을 넣었다.ㅎㅎ그리고 바로 무드등을 켜봤는데 세상 예쁜거 실화야...?무드등 기능이 정말 신의한수이다.​가습도 제대로 나오고 있다.불을 꺼보니무드등 기능이 더욱더 예쁘게 보여진다.버튼을 누를때마다 삑! 하는 소리가 살짝 거슬리긴하지만제품이 워낙 깔끔하고 예뻐서정말 마음에든다.사무실에 두면 갬성 터질듯 ㅋㅋ나는 빛을 바꾸게 해놨는데만약 마음에 드는 빛이 있으면 무드등 버튼을 2초간 누르면그 조명색으로 고정이된다^^무드등 기능도 있고 가습량도 잘 되는드보레 무드등가습기 JD-F50 후기였다.​ 

얼체로부터 상품(서비스)만 제공받아 작성한 실제 후기임니다.
",23,0,1,225,0,1,198.8,1,text_ad,2020. 11. 10. 1:58,1371,2395388,상품리뷰,0
1,https://blog.naver.com/halangbiru?Redirect=Log&logNo=221557662768,"​안녕하세요! 이설입니다^^오늘은 브리츠 BZ-A190 LED 라이팅 블루투스 스피커를 소개할려고 합니다!​고음질 / 빠른 블루투스 연결 / 무드등 모두모두 만족한 제품이에요!무려 46가지 라이팅과 360도 크리스탈 LED를 볼 수 있는 기능이 있는브리츠 BZ-A190 LED 라이팅 블루투스 스피커!​드디어 언박싱 합니다!언제나 언박싱은 기부니가 좋아져요!BZ-A190 LED 라이팅 블루투스 스피커 기능​1. LED 기능2.. 10m 거리내 블루투스 페어깅 가능3. SD / USB 지원4. 페어링 상태에서 내장 마이크를 통해 전화 통화가능 (핸즈프리 기능)5. 리튬이온 배터리 (평균 5시간 사용)6. 캠피용 / 실내용으로 제격구성품이랍니다.본체 / 연결선 / 충전선 / 설명서위에는 브리츠 로고가 있으며저 부분이 마이크 부분이에요~!마치 뾰죡뾰족한 텀블러 처럼 생겼어요!ㅎㅎ밑부분은 입력 모드 변경 버튼이 있어요!참고하세요~!밑부분은 전원 버튼과 LED버튼, USB,충전단자등이 있어요!참고하세요!연결 하면 특유의 소리와 함께 페어링됩니다!노트8 페어링 속도 굉장히 빠릅니다 ^^다양한 패턴과 색상의 LED 무드등 기능!영상으로 확인해보세요~!개인적으로 저는 이 패턴이 제일 마음에 들더라구용 ^^ㅎㅎ​크기는 작고 아담한데음질이 고음질인 편이여서 놀랬어요.또 어두운 방에 무드등 기능 켜놓으면 밤에 잘때 예쁘기도 하고 분위기도 좋더라구요~ㅎㅎ음악 음질 한번 확인해보셔요~!ㅎㅎ이 패턴 굉장히 마음에 든다는 ^^!활용도도 좋아서 실내에서는 무조건 선빵치고캠핑같은 실외에서도 휴대성이 좋아 들고 다니기 굉장히 좋은 제품이랍니다^^​~!
",16,0,2,158,0,3,198.8,3,text_ad,2019. 6. 9. 3:33,1371,2395388,상품리뷰,0
2,https://blog.naver.com/halangbiru?Redirect=Log&logNo=222439103618,"예전에 코스트코 갔는데캡슐세제라는걸 팔더라?저게 뭔고 하고 보니세탁세제인데 캡슐로 나와서개량없이 빨래할때마다 그거만 쏙! 넣으면 된다고​그때는 세상 좋아졌네~~~하고 말았는데직접 써보니 진짜 좋음ㅋㅋ어린이보호포장이 되어있는아이앤어스 3챔버 캡슐세제이다.100% 국내생산된 제품으로일반 / 드럼겸용 제품!일반 세제보다무려 8배 강력한 세척력​덴마크 7종 효소 함유로 때가 잘지워지고​섬유유연제를 쓰지 않아도 향긋한퍼퓸향이 은은하게 난다.아니근데..포장 넘나 카와이한거 아님..?이건 으른인 나도 반할것만 같은 포장인데..ㅋㅋ안을 까보니요래 귀여운 캡슐세제들이 들어있다.7kg기준으로 캡슐세제 1개만 쓰면 된다고 하는데알러지 프리라 민감한 피부를 가진 분들도 사용할 수 있고각종 다양한 유해물질 테스트도 완벽통과된 제품이라아이가 있는 집도 안전하게 사용할 수 있다제!​파란 부분은향균 세제 역할​가운데 노란 부분은효소세제 역할​분홍색 부분은섬유유연 역할을 해준다.​그래서 3챔버인것!우리집은세탁기가 두대인데매일 돌아가는 세탁기는 통돌이다..ㅋㅋㅋ하루에도 1~2번 꼭 돌리는열일하는 통돌쓰..요기에 아이앤어스 캡슐세제를 뿅하고 넣어준다비닐포장되어 있어 잔여물이 남을까 걱정했는데​왠걸..물에 닿자마자 바로 비닐같은게 녹아버리고 거품이 나온다..!그리고 무엇보다 향이 미쳤음...진짜 향긋하고 좋았다.특히 여름에 빨래쩐내날수도 있는데​요거 쓰면 빨래쩐내 날일 전혀없음ㅋㅋ오히려 섬유유연제 쓰지도 않았는데빨래 널때 향긋한 향을 맡을 수 있다.이 제품 같은 경우엔 너무 좋아서본의 아니게 아껴쓰고있당 ㅋㅋ​안전한 캡슐세제 찾는분들에게 적극 추천!​【
",10,0,0,143,0,1,198.8,1,suspect,2021. 7. 21. 1:14,1371,2395388,상품리뷰,0
3,https://blog.naver.com/halangbiru?Redirect=Log&logNo=221945914824,"​요 일주일도 안되는 사이나는 많은 일을 겪었다.말도 안나올정도의 한여름 날씨와집안에 돌아다니는 모기씨를...​날씨가 살인적으로 벌써 더워서 본격적인 여름에는 어쩌나 하고걱정이 앞섰다.​그럴때는 당연 휴대용 선풍기는 필수.오늘 소개할 휴대용선풍기는 주파집 제품으로파스텔톤의 핑크색으로 삼각대 기능도 있는 제품이다.배터리용량은 2,000mAh이며사용시간은 사용을 어떻게 하냐에 따라3-100Hour이며 무게는 156g으로 가볍다.화이트, 핑크, 민트가 있는데사실 핑크가 실제로 보니 내 취향이 아니여서 좀 당황쓰..ㅋㅋ하지만 화이트는 때가 많이 타므로 패스!소형 휴대용 선풍기이며내가 그렇게 염원하던 분리형 안전망으로먼지가 껴도 이제 닦을 수 있다.ㅋㅋ총 3단 풍속으로 조절할 수 있으며3단 풍속의 경우 약 2시간 사용이 가능하다고 한다.사이즈도 아담하니 마음에 든다.이제 이거 하나 있으면지하철에서 든든할것 같다.사용중일때는 하얀색 LED가 켜진다.시원한 바람도 좋다.1단도 시원하네~!밑에 삼각대는 미끄럼 방지기능이 있어 미끄러지지 않고 사용할 수 있다.이게 진짜 신기한데..선풍기 주제에 휴대폰 거치대도 있어..너란 녀석 좀 최고인데..?아슬아슬하지만 거치가 잘된다 ㅋㅋ만약 폰이 두껍다면 사용하긴 어려울것 같다.나는 갤럭시노트10플러스이고범퍼케이스를 껴서 좀 아슬아슬하게 거치가 됐다.각도는 40도가 나온다:)사무실에서도 사용하기 좋은 제품이다.나같은 경우엔 너무 마음에 들어서이건 휴대용으로 쓰고사무실용으로도 하나 구입해서 사용할까 생각중이다:)ㅋㅋ결론은 매우 만족쓰!​ 
",18,0,1,143,0,1,198.8,1,suspect,2020. 5. 5. 0:04,1371,2395388,상품리뷰,0
4,https://blog.naver.com/halangbiru?Redirect=Log&logNo=221563637862,"안녕하세요~! 이설입니다!날씨가 갑자기 더워졌군요..저는 이사하면서 에어컨으로 시원한 여름을 보내고있습니다만..​밖에 나가면 문제죠 ㅠ오늘 소개할 제품은 최대 11시간3단계 바람세기거치대 거울이 있는 단미 캔디 휴대용 선풍기랍니다! 단미는 실용성 겸미한 러블리 디자인의 따뜻한 감성 컬러를 넣은디자인 브랜드로스마트 라이프를 도와줄 제품을 제작하는 브랜드랍니다.충전시간은 약 3~4시간으로 사용시간은 최대 10~11시간!!저는 시원해보이는 화이트+옐로우 색상을 선택했어요!설명서가 있는데 읽으면 도움이 됩니당.버튼을 누를때마다 바람세기가 달라지고자연모드도 있는데선풍기 작동중 M버튼을 누르면10초간 선풍기 작동후 5초간 정지하는 자연모드가 시작된다고 합니다^^​선풍기 작동중 > LED 파랑자연 모드 > LED 노랑충전중, 완료 / LED 빨강, 꺼짐 입니다^^노랑노랑..뭔가 막 막대사탕같기도 하고 ㅋㅋㅋ심지어 그립감도 좋다!전원버튼입니다.심지어 거치대가 거울임ㅋㅋㅋ충전은 5핀사용입니다~!요렇게 거치대로 사용하기 좋고심지어 자석처럼 달라붙어서 떨어질 위험이 없습니다!밖에서 시원하게 사용하기 좋아서 만족하고 있어유!​",15,0,0,101,0,0,198.8,0,suspect,2019. 6. 17. 0:49,1371,2395388,상품리뷰,0
5,https://blog.naver.com/halangbiru?Redirect=Log&logNo=222321033218,"으 ..지겨운 코로나..겨울에는 마스크 써도 타격이 없었는데여름에 마스크 쓰고 다니면이런 지옥이 없다..​숨차고 땀차고...극혐..코로나 대체 언제 끝나는거야 ㅠㅠㅠㅠ이번에 푹 쉬면서해외여행도 다녀올려고 했는데당연 코로나 때문에무산..ㅠㅠ​그냥 계속 집에만 있었던것 같다.이렇게 집에만 있다보니뭔가 자연을 느끼고 싶은건 당연지사.그리하여..!실내에서 자연을 느끼기위해내가 좋아하는 편백디퓨저를 모셨다.​히노키 로즈 디퓨저히노키 향은 대충 알지만히노키와 로즈가 만나면무슨 향일까?하고 기대했는데와우..느낌이 뭐냐면..편백숲 한가운데 핀 야생 들장미존을 걷는 기분..?​쌉싸름한 풀냄새와 야생 들장미향이 같이 나는 이 느낌.너무 좋다발향을 더 진하게 하기위해선섬유스틱도 같이 쓰면발향이 더 진하게 올라온다고 한다.뭔가 자연느낌이 나게 꽁꽁 묶여져서 왔네 ㅎㅎ그냥 이대로 꽂아도 예쁠것 같다.용량은 150ml이고.리필해서 계속 사용할 수 있을듯.병도 불투명색에 깔끔한모양이다.섬유스틱과 우드스틱 모두 꽂아버렸당 ㅎ.ㅎ)~히노키 로즈 디퓨저는곡류를 발효시켜 만든식물성 발효주정 에탄올을 사용했기에인체에도 안전하며26가지 알러지 유발 향료를 넣지 않아실내 공간에서 안전하게 사용할 수 있는 디퓨저이다.디자인도 깔끔하고향도 호불호가 갈리지 않는 향이기 때문에거실, 현관, 화장실, 안방모두 어울리는 예쁜 디퓨저이다:)물론 향도 정말 좋은 디퓨저!나는 컴퓨터 본체위에 올려놨다.가장 오래있는 공간이기도 하고.컴퓨터 하면서자연의 향을 느끼고 싶은 이 기분 :)세로로 보나가로로 보나거참 깔끔하고 예쁘구먼유이상 이제 같은 공간을 쓰게된히노키 로즈 디퓨저.잘 부탁한다!!​킁킁쓰 할때마다좋은향이 나서 계속 코 벌름거리게되는 이 밤.​",12,0,0,158,0,1,198.8,0,suspect,2021. 4. 24. 5:08,1371,2395388,상품리뷰,0
6,https://blog.naver.com/halangbiru?Redirect=Log&logNo=222197994972,"새해가 되니 집안 청소도 해야하고뭔가 인테리어를 바꾼다기보다는그냥 깔끔하게 지내고 싶기도해서​에이로마 디퓨저를 들였다.에이로마 디퓨저는 안전한 디퓨저로아이가 있거나, 반려견이 있는 집안에서도 안전하게 사용할 수 있다고 한다.손잡이도 있고, 패키지 자체가 깔끔해서 집들이선물용 같이 선물할때 좋을것 같다!게다가 1+1이고 ㅎㅎ향은 6가지가 있는데향에 따라 색도 달라진다.그 색도 청초하니 예쁜것 같다.나는 상큼한 향을 좋아해서베리 앤 버가못과따뜻한 향의 바이올렛을 선택했다.​용량은 500ml이고, 병도 예뻐서꽤 오래 쓸꺼 같단 말이지~!특히 바이올렛은 향도 좋은데 색상이 미쳤다.딱 그 바이올렛 색상..ㅎㅎ스틱은 섬유스틱 4개, 종이스틱 1개가 오는데,디퓨저용량이 500ml이다보니스틱도 길고 크다 ㅎㅎ베리 앤 버가못은내가 자주 시간을 보내는 컴퓨터책상 위한켠에 두었다.스틱을 꽂고 시간이 지나발향이 약해진거 같으면스틱을 거꾸로 꽂으면 다시 발향이 진해진당 ㅋㅋ나음 꿀팁스틱갯수에 따라 발향이 달라지니자신의 취향에 맞게 꽂으면 되겠다.종이스틱 1개와, 섬유스틱 2개 총 3개를 꽂았는데발향이 은은하니 정말 좋은것 같다 ㅎㅎ부드럽고 포근한 바이올렛은 화장실에 두었다.이게 향 종류마다 발향이 살짝 다른데같은 섬유스틱을 꽂았는데​바이올렛이 더 발향이 진한것 같다.아무래도 화장실은 발향이 더 진한 디퓨저를 두는게 화장실 냄새 잡는데도 좋은것 같다!제품 외관도 예쁘고 향도 좋고​성분도 안전해서 왠지 득템한 낭낭한 이기분~!ㅎㅎ​ 

얼체로부터 상품(서비스)만 제공받아 작성한 실제 후기임니다.
",10,0,1,149,0,1,198.8,1,text_ad,2021. 1. 6. 8:08,1371,2395388,상품리뷰,0
7,https://blog.naver.com/halangbiru?Redirect=Log&logNo=221727383967,"안녕하세요! 이설입니다:)집에서 요리를 하다보면 요리냄새가 나기도 해요. 그런 냄새 제거에 좋은 실내디퓨저, 프래그런스파머시를 소개할려고합니다!프래그런스파머는 2018년에 설립된 프리미엄 디퓨저 전문브랜드랍니다.니나리치, 사봉 등 주요 거래처로 운영되는 해외 유명 조향사와 함께 협업하여 최신 분석 장비로 향을 개발하고 있다고해요!향은 총 5가지 향이 있습니다.튤립 / 프리지아 / 자스민 / 블랙베리 / 미스티로즈가 있어요^^특히 디퓨저 계열은 화학물질이 걱정되기도 하잖아요?프래그런스 파머시 디퓨저는 폼알데하이드 불검출에탄올 불검출벤젠 불검출글리옥살 불검출트리클로로에틸렌 불검출로안심하고 사용할 수 있는 제품이에요!230ml 바틀이랍니다. 정말 예쁜거 같아요~!^^향은 튤립향인데 향긋한 꽃향이 솔솔 나요~!섬유스틱은 3개를 꽂아주었어요.꽂자마자 튤립향이 진~하게 퍼져서 기분이 좋네요^^바틀에 붙어져 있는 그림도 정말 예쁘고, 프래그런스파머시 로고도 정말 예뻐요!음식 냄새가 가장 많이 나는 부엌에 두었답니다^^빛이 나쥬~예쁘고 향긋해서 좋아요!키친에 두면 실용성이 정말 좋답니다!​",10,0,0,103,0,0,198.8,1,suspect,2019. 12. 5. 2:16,1371,2395388,상품리뷰,0
8,https://blog.naver.com/halangbiru?Redirect=Log&logNo=221757963524,안녕하세요~! 이설입니다:)저는 현재 갤럭시 노트10 플러스를 사용하고 있는데요!보조배터리와 C케이블을 따로 파우치에 넣고 다니는데 요게 은근 짐도 되고 불편하더라고요..ㅎㅎ..요 제품은 신지모루 X그립 2세대로기존 1세대에서 더 업그레이드 된 제품이에요.​게다가 가격까지 착행~!물건을 똑똑하게 수납할 수 있는완전 아이디어 제품인거 같아요.​보조배터리 스마트폰 양손에 불편하게 들고다니셨나요?​이제는 보조배터리와 스마트폰이 마치 일체형인듯안전하게 들고 다닐 수 있어요~!​다양한 크기의 보조배터리도 결합이 가능해요.노트10플러스 크기 엄청 큰거아시죠?거기다가 샤오미 대용량 배터리까지..​과연 이게 될까..처음에는 걱정을 많이했어요!먼저 기존에 사용하고 있는 케이블을 가운데에 넣어준 후 샤오미 보조배터리를 폰뒤에 올려주고​뭐야 너무 쉽잖아?ㅋㅋ실리콘 재질이라서튼튼해요!처음에는 끊어질까봐 마음이 조마조마했는데완전 튼튼데스네앞에서 본 모습입니다.휴대폰의 시야를 가리지 않아요.X그립을 착용한체 폰을 해도터치 이상 무!​옆에서 본모습입니다!튼튼해서 떨어지지 않아요.그립감도 좋구요!분리 하면 이런 모습..ㅎㅎ..세상 짐 많네..근데 신지모루 X그립 2세대로 확실히 정리!가격도 안비싸서 완전 가성비제품으로 추천합니다요 ㅎ_ㅎ​,14,0,0,109,0,0,198.8,0,suspect,2020. 1. 3. 0:13,1371,2395388,상품리뷰,0
9,https://blog.naver.com/halangbiru?Redirect=Log&logNo=221631656634,"안녕하세요! 이설입니다!여성분들이시라면 다들 알고 계실 브랜드인 바닐라코, 유닉스USB 열충전으로 사용하는 유닉스 슈가핀은 뱅, 볼륨 두가지 제품이 있는데뱅같은 경우엔 앞머리, 볼륨은 정수리에 볼륨넣기 좋은 제품이에요저는 볼륨 제품으로 안그래도 투블럭으로 잘라서 볼륨이 필요했는데 좋더라구요 ㅎㅎ바닐라코 커버리셔스 파워 핏 파운데이션은밀착 지속력이 좋은 제품이에요!​발릴때는 부드럽고 촉촉하게 발리는데커버도 잘되고 26시간 인체 적용 시험 완료된 제품으로 무려 3일동안 지속력이 ㄷㄷ미세 커버리셔스 입자로 촘촘하게 커버가 가능하답니다!여름에 사용하기 좋아요~!전 / 후선크림 바른후 바로 발라줬는데발릴때는 촉촉하게 발리면서 기타 보기싫은 잡티나, 모공을 메꿔주네용^^게다가 피부톤업도 자연스럽게 해줘서 저는 만족!​7616ㄷ70나86401         [】   , @ )
60\06880000 6 ㅇ <

파우더룸을 통해 바닐라코로부터제품을 무료로제공받아작성한후기입니다
",9,0,0,78,0,0,198.8,2,text_ad,2019. 8. 28. 23:42,1371,2395388,상품리뷰,0
10,https://blog.naver.com/halangbiru?Redirect=Log&logNo=222424062344,"발목수술을 한뒤로이제 구두는 왠만해선 잘 안신고 다니고운동화만 신고다니는데,​문제는 운동화신으면각선미 1도 없고, 키가 작아보인다는거..(몸매 좋은 사람은 제외.. 몸매 좋은 사람은 뭘 하든 각선미 짱..난 돼지라 ㅠ)운동화를 매일 신고다니니나도 키 커보이고 싶을때가 있는데요럴땐 키높이깔창 치트키를 쓸 수 있다.​바로 풋메디칼 키높이깔창1.5cm2.5cm3.5cm3가지가 있는데당연 3.5cm..!ㅋㅋ핑크, 그레이가 있는데나는 그레이로 선택했당 :)밑에는 미끄럼방지가 있어미끄러지지 않고 사용할 수 있다!나름 폭신폭신하고딱딱하지 않아 발도 안아프고 편했당!평상시 내 발상태라면..!키높이깔창이 발을 편안하게 해줌과 동시에키높이효과그리고 특히 아치형 구조로 안정적이게 발이 되게 지지해준다!ㅎㅎㅎ..나와 오랫동안 동거동락한 너스 운동화...발이 불편해서 요런 운동화밖에 못신음밑에 깔창을 끼고..신어봤는데오..편한데..?혹시나해서 서보기도 하고 걸어보기도 했는데편하다!!혹시나해서 발아플까봐 걱정했는데정말 발도 안아프고 편해서 만족스러웠다 ㅠㅠ짱이야!!!덤으로 키커지는것도 만족..!​",17,0,0,92,0,0,198.8,1,revu,2021. 7. 8. 5:38,1371,2395388,상품리뷰,0
11,https://blog.naver.com/halangbiru?Redirect=Log&logNo=222021541551,"엄마가 일하는 근무지는 오랫동안 서있기도 하고근무화를 신고있어야 되서예전에 너스화라고..일명 간호사들이 있는 브랜드의 실내화를 선물해준적 있는데​굉장히 발이 편하고 좋다고 좋아했던적이 있다.​아무래도 나또한 양쪽 발목불안정증있고왼쪽발목은 수술해서 철심 2개가 박혀있다.그러다보니 편한 신발이 간절하게 필요했는데전에 엄마한테 선물해준 너스화가 생각나서 찾아보았다.​실내화만 있는줄 알았는데슬립온도 있더라!운동화는 총 7종류가 있는데나는 MAUD-NAV 스포츠화이다.색상은 청바지랑 자주 입을것 같아서화이트색상으로 골랐다.옥시파스 모드는 의료인 전문 신발 브랜드로 일상생활에서도 신을 수 있지만안에서도 신을 수 있는 제품이다.같이 온 팜플렛을 보고 있었는데오..저스틴..?저 색상 예쁜데...?막 이랬음 ㅋㅋ​아무튼..돌아와서사이즈는 39로 했다.살짝 크긴했는데요즘 무지외반증때문에 발이 아파서좀 앞볼이 널널한걸 생각해서사이즈를 크게 신었다(너무 크진 않음ㅋㅋ)요렇게 로고가 보인다.특히 끈없는 운동화라편리하게 원터치로 끈 조절이 가능하다.특히 끈없는 운동화라편리하게 원터치로 끈 조절이 가능하다.통풍이 되는 시원한 소재이며, 250g의 초경이라장시간 착용시에도 편안하고 피로도가 적다고 한다.무엇보다 3cm굽높이라서키높이 효과도 있당 ㅋㅋ새 신을 신고 날아가자 폴짝!신발 치수를 살짝 크게 신어서 그런지약간 곰발바닥 같지만...청바지랑 너무 잘어울린다.더운 여름날 시원하게 통풍도 잘되고.신고 차도 탔지요.발이 진짜 편하다.내가 발목불안정증이 있어 자주 접지르는데이 운동화를 신고나서는 한번도 접지른적이 없었다.미끄럼 방지 기능도 있어비오는날에도 안심하고 신을 수 있다.무엇보다 예쁘잖아~ㅎㅎ는몇일 뒤에 발목 부러짐ㅋㅋㅋㅋㅋㅋㅋㅋㅋㅋㅋㅋㅋㅋㅋㅋㅋㅋㅋㅋㅋㅋㅋ아니 이게 도대체 무슨 일이여....오른쪽 발등뼈가 부러졌다...아...ㅋㅋㅋㅋㅋㅋㅋㅋㅋㅋㅋㅋㅋㅋ애도...어쩔수 없이 오른쪽 발목은 반깁스를 한 상태이다.그러다보니 걸을때 왼쪽 발에 체중을 신고 절뚝 절뚝 거리면서 걷고 있는데 진짜 이 운동화가 도움이 심하게 잘 되고 있다.왼쪽 발로만 걷고 있어발이 피곤하고 무리가 많이 갔는데너스뷰티 운동화가 폭신하고 가벼워서 걸을때마다 도움을 받고 있다.가벼워서 신은거 같지도 않고장시간 걸어도 발이 아프지 않아서 좋다.신고 잘 돌아다니고 있는중..거의 이동은 뭐 차로 하고 있긴 하지만..!이 운동화 없었으면 어쩔뻔했을까...마치 진짜 잘 온 운동화...다음번에는 다른 색상의 다른 제품을 사봐야겠다!본 리뷰는 너스뷰티에게 대가를 제공받았으나, 주관적인 생각으로 작성하였습니다.리뷰쉐어",20,0,1,232,0,1,198.8,2,text_ad,2020. 7. 5. 10:58,1371,2395388,상품리뷰,0
12,https://blog.naver.com/halangbiru?Redirect=Log&logNo=222141918636,"오늘 소개할 제품은 센스있는 집들이선물로도 좋고직접 사용하면 좋은 브리오신 청소세제를 소개하려고 한다.브리오신 사봉느와르 소다 폼세정제 (오렌지 블라썸)욕실의 물때, 찌든 얼룩 제거에 탁월한사봉느와르 소다 폼 세정제는 99% 자연유래 성분으로 제조되었다.​브리오신 식초 구여산 폼세정제 (라즈베리)주방의 기름, 끈적이는 오염 및 석회 얼룩을 제거해주는 폼세정제로100% 자연유래성분으로 제조된 제품이다.우리집은 올리브오일로 자주 요리를 하다보니설거지를 할때마다 기름얼룩이 있는데 요게 또미끌거리면서 잘 안지워진단 말이지.그럴땐 브리오신 라즈베리 폼세정제를칙칙 뿌려준후수세미로 닦은 후 미지근한 물로씻어내리면..!전 / 후짠! 요런 기름얼룩이 언제 있었냐듯깨끗하게 세정이 된모습을 확인할 수 있다.더불어 오렌지블라썸은 욕실의 물때제거에 좋은데폼세정제라 칙칙 뿌린 후 바로 씻어내지말고뿌려준후 약 10분정도 지난후에 닦아주면얼룩이 깨끗하게 제거되서이건 청소할맛 나는청소세제이다 ㅎㅎ향긋한 향도 나서 기분이 좋고성분도 안전해서 계속 써도 부담없는브리오신 청소세제다 써도 무조건 100% 재구매각이고패키지도 프랑프랑~한 감성이 있어센스있는 주부라면 꼭 사용하길 추천한다!​",12,0,0,113,0,0,198.8,2,suspect,2020. 11. 11. 23:51,1371,2395388,상품리뷰,0
13,https://blog.naver.com/halangbiru?Redirect=Log&logNo=222126473320,"가까운 지인이 이사를 간다고 하면 항상 고민하는게 있다.당연 집들이선물이 많이 들어올테니누구보다 존재감 뿜뿜하는 센스있는집들이선물을 하고싶다!그래서 오늘 소개할 제품은 브리오신X올리브마켓센스있는집들이선물로 추천할 청소세제 2종이다.박스를 개봉해보니 청소세제 2종이 들어있다.고급 기프트 박스안에는식초 구연산 폼세정제와 키친 슈퍼클리너가 들어있다.​식초 구연산 폼세정제 >> 향긋한 라즈베리향이 나며물때 얼룩, 뿌연 석회자국 제거에 좋음​키친 슈퍼 클리너 >>기름때 전용 주방 청소 세제로주방후드청소, 가스렌지후드청소, 주방기름때제거에 좋다.요즘 회사를 그만두고 집에서 쉬면서집에서 매일 음식을 해먹으니본의 아니게 싱크대 청소 및 주방 청소를 매일 하고 있다.특히 보이는 이 기름때!!!!정말 지겹다 매일 청소를 해도 맨날 맨날 생겨...ㅠㅠ이럴때는 식초구연산 폼세정제로!!칙칙 뿌리면 자동으로 거품이 나서 청소하기가 매우 쉽다.뿌리면은 식초타입답게약간 시콤한 냄새와 라즈베리 향이 오묘하게 섞인 향이 솔솔 난다.물때 및 석회자국, 기름때자국이 보이는곳에 칙칙 뿌려준 후 잠시 기다린 후 슥슥 닦아준뒤약간 따뜻한물로 헹궈내면언제 그랬냐듯 깨끗해진다.짜란~음식물 냄새도 향긋한 라즈베리향에 묻혀없어지고이렇게 얼룩 자국도 없어져서 만족스러운 제품이다.전 / 후제품외관도 예쁜데얼룩도 깨끗하게 잘 제거되서 정말 만족스러운 제품이다!!히히제품 외관도 예뻐 인테리어 효과도 있고효과도 좋아서매일매일 청소해지고 싶은 세제이다!​",12,0,1,142,0,1,198.8,3,suspect,2020. 10. 26. 4:13,1371,2395388,상품리뷰,0
14,https://blog.naver.com/halangbiru?Redirect=Log&logNo=222023202759,"오늘은 내가 세제 2종을 써보고 만족한 제품인브리오신 세제를 소개할려고 한다.​브리오신은 100년 전통의 프랑스 세제브랜드로 유기농 에코서트 인증을 받은 전통 세제라고 한다.기름때 제거에 효과적인 조방 전용 청소 세정제인브리오신 키친 슈퍼 클리너는싱크대, 가스레인지, 인덕션, 후드등 주방에 있는 기름때를 효과적으로 제거해준다고 한다.다목적 세정제인브리오신 블랙솝 사봉 느와르 다목적 세정제물때, 찌든 때, 기름때, 얼룩제거가 필요한 모든곳에 사용이 가능하다.최근에 청소를 해서 그런지 주방이 깨끗하긴 하지만인덕션에는 기름때가 있어 청소했다.간편하게 뿌린후 슥슥 닦아주면 된다.오염이 심하면 뿌리고 약 5분뒤에 닦아 주면 된다.나는 혹시나해서 약 3분뒤에 닦아주었다.자연유래성분이라 맨손으로 닦을 수 있다는점이 좋았다.휴지로 닦아보니 기름때가 묻어나오더라오..만족스러워전 / 후얼룩제거를 해주니확실 반딱반딱 하다 ㅎㅎ물이 가장 접촉이 잘되는 부분이라항상 물때가 신경쓰였다.전 / 후물때도 효과적으로 잘 닦여짐 ㅎㅎ다목적세정째도에코서트 인증을 받은 세제로자연유래성분이 들어가있어맨 살이 닿는 욕실, 변기, 세면대, 냉장고 등등에 사용해도 안전하다.싱크대에도 칙칙 뿌린후 슥슥 닦아준후물로만 청소하면 되니 간편하다.보통 세제를 쓰면 독해서장갑을 꼭 끼고 하는데일단 성분이 안전하니 뭔들 is~잘 몰랐는데 찾아보니청담동 세제로 유명한 브리오신.감각적인 패키지와 고급성분으로 센스있는 선물용으로도 좋은것 같다.​",22,0,1,144,0,1,198.8,0,suspect,2020. 7. 6. 23:52,1371,2395388,상품리뷰,0
15,https://blog.naver.com/halangbiru?Redirect=Log&logNo=221602662670,​안녕하세요~! 이설입니다:3몇일전에 구매한 로봇청소기 원더스리빙 다이나킹 r7이 도착했네용ㅋㅋㅋㅋㅋㅋ그림 넘모 커여운거 아님?설명서와 퀵가이드가 동봉되어있고본품인 로봇청소기와 부속품들이 도착했어요~!사실 로봇청소기 구매할려고 몇달을 구매했는데고민한 이유가​1. 제품선택 (샤오미로 해야할지 샤오미도 종류가 많음)2. 강아지를 키우고 있는데 무서워할수도 있음3. 특히 로봇청소기가 개응가를 밟은채 지도를 그릴수도 있다는글을 보고 최강 고민함4. 무조건 갓성비!​를 따지다보니 구매할 여력이없었다.애초에 국산 로봇청소기는 가격이 넘사벽이라 찾지도 않았고..​그래서 그냥 샤오미 2세대 한국판을 사자고 마음먹은 순간다이나킹을 알게된것!!​스펙은 완전 샤오미 2세대랑 맞먹는데 가격이 너무 착해...할인쿠폰 먹이고 카드사할인받으면 거의 30만원 초반에 구매할 수 있었다.​그리고 외관도 메탈그레이색이라 마음에 쏙!로봇청소기는 사실 화이트는 마음에 들지 않더라-ㅋㅋ오오!!!!드디어 개봉쓰!근데 실제로보니 뭔가 사이버틱한게 훨씬더 마음에 듦!후기 보면 바퀴벌레 닮았다는 글이 많았거든용 ㅋㅋ오오!!강아지들 리액션 혜자근데 사람있을때 사용해야할것 같아요..강아지들이 자꾸 앞발로 긁고 툭툭 치네요 ..괜히 가서 건들고 ㅋㅋㅋㅋ헐...?어제 청소했는데 먼지보소...물걸레질도 사용해봤는데물걸레질은 카페트위에서도 해서좀 고민중 ㅠ​​​로봇청소기 들이면 개판인 집도 깨끗하게 될거란건 경기도 오산!얘가 맵핑기능이라 집에 전선많고 바닥에 뭐가 많으면 헷갈려해서 똥멍청이 됩니당.​청소하기 쉽게 바닥에 되도록이면 물건을 없게해주셔야됩니당ㅋㅋ(인간을 이렇게 움직이게 하는군 크..큰크림)​그리고 이건 저희집 한정인데 와이파이 연결이 자꾸 끊겨요 ㅠㅠ그래서 너무 불편함 ㅠ 오프라인으로 돌리면 얘가좀 멍청해지기도 하고..(기분상)​그리고 충전하러갈때 충전을 못해서 자꾸 빙글빙글돌고..(우리집한정인가..?)그래서 열받아서 번쩍 들어서 그냥 셀프로 충전도킹해줌.​그거랑 물통용량이 너무 적어요 ㅠ어차피 물걸레기능은 있으나 마나인데나름 쏠쏠하게 쓸만하더라구영그나마 저희집이 넓은편은 아니라(이렇게 강제 평수 공개)모자라진 않았는데넓은 집이라면 모자랄듯합니당!​가격대비 저는 만족해요!!ㅋㅋ다만 제가 아직 사용이 익숙치가 않아서 그런건지..!​아무튼 이름은 다이나 이모님!!!잘해보쟈!​​(내 돈주고산 다이나킹 r7 후기임),5,0,0,204,0,2,198.8,3,,2019. 8. 1. 23:13,1371,2395388,상품리뷰,0
16,https://blog.naver.com/halangbiru?Redirect=Log&logNo=222420398462,"오늘 소개할 제품은 힐리오음파 전동칫솔인 가글링 G S900을 소개하려고 한다.생산자분께서 직접 할인 판매를 하는 제품으로저렴하게 구매할 수 있다 :)음파 진동 칫솔 가글링은칫솔모를 분리 교체하는데실리콘모와 미세모를 같이 교체해서 사용할 수 있다.색상은 4가지가 있는데소울메이트와 내가 같이 쓰려고 핑크, 블루로 선택!ㅎㅎ구성품은 본체1개,미세모 5개, 실리콘모 1개로 구성되어있다.버튼은총 2가지가 있고작은 버튼이 진동 시작큰버튼이 진동 끝!미세모라서 치아나 잇몸에 자극이 가지 않고부드럽게 마사지를 해준다 ㅎㅎ유후!애초에 건전지가 들어 있어서^^득템한 기분!한번 버튼을 눌러봤는데바로 진동 모드 이즈고!ㅎㅎ가글링 음파전동칫솔은분당 최대 11,-000RPM으로44,000회 3D진동 제품이라고!잇몸에 쓰면잇몸 마사지 효과가있고치아의 치석제거에 도움을 준다.칫솔헤드가그렇게 크지 않아서아이들도 사용할 수 있는 사이즈이다.그리고 뒤에는 돌기부분으로 되어있어혀닦을때도 좋다!전동칫솔이지만소리가 그렇게 크지 않아서조용히 잘 쓸 수 있다.가글링 같은경우엔IPX5 등급의 생활방수가 되는전동칫솔로 물로 깨끗하게 잘 씻어서 사용할 수 있다!제품도 예쁘고가격도 저렴해서 이제품같은 경우엔 계속끝까지 쓰고싶다:)ㅎㅎ소울메이트도 만족한 음파전동칫솔!본품 판매 링크!요기는 칫솔모 링크 ^^​ 
",16,0,0,119,0,2,198.8,2,suspect,2021. 7. 5. 2:14,1371,2395388,상품리뷰,0
17,https://blog.naver.com/halangbiru?Redirect=Log&logNo=222106128175,"예전부터 전동칫솔을 쓸까 말까 고민을 하다가집에 있는 칫솔 다 쓸때까지 생각해보자!까지 하다가 좋은 기회로 전동칫솔을 사용해볼 기회가 생겼다!사실 내가 전동칫솔을 구매할 상황이 될때어떤 브랜드를 살지 미리 몇개를 정해놨는데오늘 소개할 자동 전동칫솔은 처음 들어보는 브랜드인이지브리지 메가스마일 블랙 화이트닝 전동칫솔이다.​유명경쟁사 공식몰 기준으로31,000회 음파전동 칫솔은 159,000원이지브리지 메가스마일 자동칫솔은42,000회 음파전동에 145,000원이다.블랙 화이트닝 음파칫솔은충전식 하이드로 액티브 칫솔로좁은 치아 사이도 잘 닦여주며마이크로 단위의 활성탄이 치아 법랑질을 상처없이 얼룩과 이물질을 제거해준다고한다.타이머가 부착되어 있으며모드는 4가지가 있다.​1. 센서티브 (부드러운)2. 인텐시브 (집중)3. 딥클렌징 ( 미백)4. 폴리싱 (광택)1단계 센서티브 모드는분당 42,000 스트로크 속도로 움직여 법랑질과 치아를 부드럽게 세정해줘예민한 치아, 임플란트, 보철 시술자가 사용하기 좋다고 한다.​2단계 인텐시브 모드는음파 기술의 큰 파동이 작은 치아 공간에 쉽게들어가치간사이 치석을 중화시켜며 치아 주변 전체의 완벽한 세척 결과를 보장한다.​3단계 딥클렌징 모드는치아 표면 세정효과를 향상시켜주며니코틴, 와인, 차 커피등으로 탈색이 된 경우 추천한다고 한다.​4단계 폴리싱 모드는 치아 법랑질을 상처나 영향없이 세정과 광택효과를 동시에 해줄 수 있다.생긴것도 시크한 무광 블랙이라욕실에 두면 갠지가 폭팔한다..!너무 무겁지도 가볍지도 않은적당한 무게감과 그립감을 자랑하는 메가브러쉬 전동칫솔!칫솔헤드 부분이다.교체가 가능한 부분으로마이크로 활성탄이 치아 표면 세정을 도와준다.그외 거치대, 및 충전기와 브러쉬 1개가 들어있다.브러쉬는 이지브리지 쇼핑몰에서 구매할 수 있다.거치대와 동시에 충전도 할 수 있다!!사용방법은 칫솔헤드를 물에 적신 후 치약을 묻힌 후 3단계 딥클렌징 모드로 해봤는데음파진동이 엄청나다 ㅋㅋㅋㅋㅋㅋㅋㅋㅋㅋㅋ처음 사용해봐서 그런지진동이 엄청나서 사실 놀랬다.​아픈건 아니고 막 웅웅 하고 진동이 느껴지는데살에 닿으면간지러운 느낌..?​아무튼 좋음!!!!오..이런거였구나...!사용 전 / 후내가 지금 치아 사이사이 약간의 치석이 있는데(추석 끝나고 치과가서 스케일링 할 예정 ㅜㅜ)​엄청 개운하다!치아가 아프지도 않고 만족스러운 전동칫솔이다!!지금은 이렇게 세워두고 사용중 ㅎㅎ매일 하루 3번 메가브러쉬 전동칫솔로 양치를 하고나면 개운~해서마음에 든다!!​",17,0,0,234,0,0,198.8,4,suspect,2020. 10. 4. 4:25,1371,2395388,상품리뷰,0
18,https://blog.naver.com/halangbiru?Redirect=Log&logNo=222170389349,"코로나로 인해 집콕하고 있는 지금우리집은 강아지다섯, 사람둘이다보니 매일 매일 청소를 해도다음날이면먼지가 보인다..아놔...​그러다보니 우리집에는 탈취제를 비롯해 청소용품이 한가득인데오늘 소개할 제품은 베베솜 청전기청소포이다.엠보 처리된 정전기청소포로두툼한것이 특징!​정전기를 유도해먼지, 머리카락, 동물털을 제거하는데 효과적이다.밀대에 끼워 사용해도 좋고,​나무, 대리석, 가구, 자동차, 유리 등다양하게 활용이 가능하다.가운데의 점선을 따라 뜯으면청소포를 쏙! 하고 뜯을 수있는 티슈형태이다.우리집은 보통 회색, 하얀 먼지, 강아지털이 대부분이다.진짜 청소를 해도 끝도 없어 ㅠㅠ첫째와 둘째는 어차피 푸들이라털이 안빠지는데넷째아이가 털이 장난아니게 빠진다..ㅋㅋ나는 그저 폭풍눈물쓰마치 강아지패드를 보는듯한 느낌!그만큼 두껍고 도톰한편이다.한쪽은 엠보, 한쪽은 평면으로 되어있어효과적으로 사용할 수 있다.매일 청소해도 하얗게 먼지가 내려앉은 컴퓨터 본체위...사펑 2077할려면 소듕하게 청소를 해야한다.가습기, 공기청정기 위에 앉은 먼지도 살포시 닦아주고캔들워머옆에 쪽 먼지도 닦아준다 ㅋㅋ전자레인지위도 닦아주고안전문위도 닦아주고ㅜㅜ이렇게 매일 청소해도 다음날이면 먼지가 생기겠지..​이왕 생기는거 쉽게쉽게 청소할 수 있는 제품으로 청소하는게 천상 속이 편하다.정전기 방식으로 요렇게 개털을 효과적으로 닦아내준다.밀대가 있으면 더 편할것 같은 너낌쓰~나중에 정전기청소포 전용 밀대를 사서 사용해봐야겠다.​일단 나는 기존에 쓰던 제품보다 두꺼워서만족!​글은 블로그원평대을 동해 해당 업체에게
자 또느 서비스유언 솜자게작성된글 니다
",18,0,0,136,0,0,198.8,1,text_ad,2020. 12. 11. 16:16,1371,2395388,상품리뷰,0
19,https://blog.naver.com/halangbiru?Redirect=Log&logNo=222236149735,"나는 삼양 불닭라면을 정말 좋아라하는데이번에 불닭신제품 이 나왔다!!바로 겉바속촉화끈한불닭주먹밥​2가지 종류가 나왔는데아래 설명하겠다.불닭신제품 구운 참치마요 불닭주먹밥불닭주먹밥안에 참치마요가 들어있는불닭주먹밥이다!불닭참치마요구운주먹밥 조리방법은간편하게 전자레인지로 조리해도 된다.냉동상태의 주먹밥을간편하게 전자레인지에 돌리면 된다!세상 간편해서 이건 편의점에서도 쉽게 먹을 수 있을듯!겉바속촉의 진리 에어프라이기 조리도 있다!특히 에어프라이어로 조리시 겉에 식감이 바삭한 누룽지가 된다는것!!불닭참치마요구운주먹밥원재료 및 함량이다!국내산 쌀이 들어 있어맛있게 먹을 수 있는 한끼식사로도, 안주로도 좋은불닭참치마요구운주먹밥불닭신제품 그다음은 구운 볶음김치 불닭주먹밥!!화끈한 맛으로매운맛을 좋아한다면바로 원픽할 수 있는 불닭주먹밥이다!불닭참치마요구운주먹밥 과 같은 조리방법으로전자레인지, 에어프라이기 모두 사용할 수 있다.역시 국내산 쌀이 함유되어 있다!ㅎㅎ한팩당 개별포장된 주먹밥이4개가 들어있다 ㅎㅎ패키지 이렇게 귀여운거 실화인가..?주먹밥 한개당 100g으로 딱 2개 먹으면 배가 부르더랑 ㅎㅎ먼저 불닭참치마요구운주먹밥 을 먼저 뜯어보았다.먹음직스러운 주먹밥이 보인다!쌀한톨 한톨 화끈한 불닭소스가 코팅되어 있는게 보인당 ㅎ.ㅎ  주먹밥모양은 삼각형모양으로밥알도 실하게 생겼다!!빨리 먹고 싶어서 군침이 와랄ㄹ라ㅏㅏㅏ옆단면모습이다주먹밥 예전에 진짜 좋아해서 자주 먹었는데최근에 주먹밥을 못먹었다.​맛은 어떨지 넘나 기대되는맛~!에어프라이기에 넣고160도에서 약 18분간 돌려주기!!불닭참치마요구운주먹밥, 불닭김치구운주먹밥2개 모두 동시에 먹어보고싶어서같이 돌렸다!18분후에 완성된 주먹밥쓰!!!겉에가 약간 누룽지처럼 바삭바삭해진게눈으로도 보인다.접시에 세팅해놓고 먹기로 ㅎㅎ겉에 불닭소스가 묻어져 있기 때문에숟가락이나 젓가락으로 먹어야한당손으로 먹으면기름 다 묻음 ㅎㅎ불닭참치마요구운주먹밥 의 참치마요!!만약 내가 맵찔이다!이러면 불닭참치마요구운주먹밥 을 추천한다안에 참치마요가 들어있어 그렇게 맵지가 않더랑 ㅎㅎ겉에는 바삭바삭한 누룽지 식감안에 촉촉한 밥알과고소하고 맛있는 참치마요 정말 잘어울리는 맛!개인적으로 나는 김치보다는참치마요가 훨씬 더 맛있었다!ㅎㅎ김치도 맛있긴한데워낙 참치를 좋아하는지라..ㅎㅎ밤에 야식으로 먹어도 맛있고컴퓨터 게임 하면서 먹어도 맛있었다!요건 남나의 꿀팁!마요네즈를 살짝 올려먹으면매운맛도 잡아주고고소한맛이 더해져서 더 맛있어졌다!ㅎㅎ생각난김에 하나 더 꺼내 먹어야겠당~ㅎㅎ​ 

 

응를 통해 제품 또는 서비스 경험 후

직한 리뷰입니다.

 

 
",17,0,0,201,0,1,198.8,4,,2021. 2. 8. 10:30,1371,2395388,상품리뷰,0
20,https://blog.naver.com/halangbiru?Redirect=Log&logNo=221780874637,"안뇽하세용~! 이설입니다-!운전을 하다보면 가끔씩 쿰쿰한 냄새가 올라오더라고요 ㅠㅠ​그럼 엽방구랑 저랑 둘다 소리지르면서 으악 이게 뭐야!!!하면서 질색팔색을 하는 경우가 많은데요 ㅋㅋ​그런 냄새를 잡아줄 자동차 올인원 공기청정기오토메이트 AS1250Z특히 오토메이트 AS1250Z는 7가지 성능이 있는데요.​1. 아로마 오일을 넣으면 향긋한 향이 나는 디퓨저 효과​2. 전차종 사용 가능 12V~24V​3. 18,760,000개의 역대급 음이온 배출​4. 충전 단자가 2개인 SUB 충전기(저는 안드로이드, 엽방구는 아이폰ㅋ)​5. 차량 배터리 소모상태를 실시간으로 표시되는 배터리 인디케이터​6. 은은한 블루 색상의 LED 조명​7. 차량내 깨끗한 공기를 위한 살균, 탈취요즘은 워낙 미세먼지가 많아서차안에서도 불안하더라고요 ㅠㅠ팜플렛에 보시면은 설명서에 자세하게 적혀있어요^^실제로 사용모습입니다.꽂아 놓고 안드로이드, 아이폰 둘다 충전하는 모습이고.블루색상의 LED를 확인할 수 있어요!배터리 잔량 확인 가능!크기도 작고 아담한테 7가지 기능이 있어 더 좋은것 같아요.동봉되서 온 아로마오일을 넣으니 차안에 향긋한 꽃내음이 퍼져서기분도 굿~!​드라이브할 기분 난다!ㅎㅎ​ 
",9,0,0,114,0,0,198.8,1,suspect,2020. 1. 22. 0:27,1371,2395388,상품리뷰,0
21,https://blog.naver.com/halangbiru?Redirect=Log&logNo=221496490289,안녕하세요! 이설입니다!오늘은 자동차 공기청정기 추천으로닥터핏 차량용 공기청정기를 소개할려고해요챠량용 시거잭에 꽂으면되고USB포트도 2개나 있어실용적인 제품이에요!현재 폭팔적인 주문으로 솔드아웃된 제품이랍니다.설명서도 꼼꼼하게 있어서 설치하거나 사용하는데 어려움이 없어요공기청정과 충전까지되는 제품으로공기청정 / 기계식 음이온 / KC인증마크를 받은 제품이랍니다!이젠 미세먼지가 어디로 침범할지 몰라요 ㅠㅠ정말 차량이든 집안이든 공기청정기는 꼭 둬야하는데요!닥터핏 차량용 공기청정기는 미세먼지와 담배연기를 흡착시켜주는 제품이에요기계식 음이온이유해성분제거를 도와주니이제 차안에서도 안심하고 사용가능해서 좋네요^^충전도 잘되고공기청정기능도 좋아요​,12,0,0,56,0,0,198.8,1,suspect,2019. 3. 25. 1:56,1371,2395388,상품리뷰,0
22,https://blog.naver.com/halangbiru?Redirect=Log&logNo=221971575972,"나는 1년 365일 매일 자외선차단제 선크림을 바른다.그러다보니 선크림을 로션보다 더 많이 사용하는데오늘 소개할 선크림은 닥터 505선크림이다.워낙 성분이 순해서 유아선크림으로도 추천하는 제품인 무기자차 선크림나처럼 피부가 예민하거나 민감한 분들에게 추천하는논나노 저자극선크림이다.그 이유는 특허성분인 오발리신을 함유해서피부에 끈적임없고 촉촉하게 마무리되는 데일리 선크림이다.자외선차단을 도와주고, 미백, 주름에 좋은 3중 기능성 선크림SPF 50+/PA++++로 완벽하게 자외선을 차단해주며공인임상기관에서 피부 저자극 테스트 완료를 받은 제품이다.나는 유기자차보다 무기자차를 선호하는 편인데무기자외선차단제의 단점을 보안한 논나노 무기자외선차단제로 피부에흡수되지 않고촉촉하다!그리고 발림성이 굉장히 좋더라-특히나 아이들이 사용할 수 있는 만큼 순하고 산뜻하다.이는 어른도 그런데끈적이거나 번들거림없어아이들, 어른들 모두다 좋아하는것 같다.그리고 발림성도 부드럽고트러블도 나지 않더라무엇보다 가장 좋은건끼임 현상없고 백탁현상이 없다는것!바르고나서도 촉촉하고 산뜻해서메이크업이 밀리지않는다!보면 백탁현상없이부드럽게 로션처럼 발린다!발림성, 백탁현상없는점이 매운 편한 선크림이다.오늘 아침에도 야무지게 바르고간닥터 505선크림!성분도 순해 유아선크림으로도 좋아어른들의 자외선차단제로도 추천하는 제품이다!​",15,0,1,111,2,1,198.8,4,suspect,2020. 5. 20. 13:10,1371,2395388,상품리뷰,[]
23,https://blog.naver.com/halangbiru?Redirect=Log&logNo=221917444574,"1년 365일 매일 발라야하는 자외선차단제.매일 발라야하다보니 취향이나 호불호가 많이 갈린다.그만큼 자기한테 맞는 좋은 제품 찾기도 힘들고.​오늘 소개할 제품은 천사연구소 아르투아썬젤이다.​나도 천사연구소 제품을 사용하고있는데이제품은 처음봐서 찾아보니 신제품인것 같다.천사연구소에는 베이비썬크림이 있는데 (성인이지만 나도 써보니 매우 좋았다)육아맘들의 요청으로 탄생한 성인용 썬젤이라고 한다.바르면서 느낀게 정말 와 이건 썬젤 맞네.라는 느낌이 들었는데 젤타입처럼 부드럽게 발리는데또 백탁은 없고 촉촉함이 오래 남았기 때문이다.환절기에는 특히 자외선이 더 뜨거워지는데이 뜨거운 자외선이 지나면여름이라 눈까지 따가운 태양이 우리를 기다리고 있다.​태양을 째야 비타민D가 합성된다고는 하지만오래 쬘시 피부암이나, 피부노화에 주범이기도 하니오래 쬐면 좋을건 없는것 같다.자외선을 효과적으로 차단해줄천사여구소 아르투아 썬젤은올 스킨 타입이며병풀추출물, 마데카소사이드, 아시아티코사이드, 마데카식애씨드, 아시아틱애씨드가함유되어 있다고 한다.SPF50+/PA++++의 높은 자외선차단과짜증나는 백탁이 없는 산뜻하게 발리며 촉촉한 수분자차그 효과가 궁금하다.디에칠아미노하이드록시벤조일헥실벤조에이트, 에칠헥실트리아존, 나이아신아마이드, 아데노신, 토코페롤등의 효능성분을 가지고 있다.용량은 50ml이고 간편하게 짜서 쓸 수 있는 튜브형식이다.손등 테스트를 해보고 놀라운제형과 발림성에 정말 놀랐다.이렇게 산뜻하고 수분감이 많을 수가!얼굴에 아르투아썬젤을 올리자마자시원한 느낌이 들었다.이건 썬크림이 아니라 그냥 로션이나 크림 같은 느낌이였다.수분을 머금은듯한 촉촉한 제형이다.발림성도 좋고향도 나쁘지 않아서 좋았다.(시원한 시트러스 계열 향이 났다.)백탁현상은 아주 소량으로 잠시만 있는데톡톡 두들기면 금방 사라진다.발림성이 정말 좋아서 반할것 같다.눈시림이 있을까 걱정했는데 눈시림도 없고다만 바르다가 눈안에 들어갔는데(꽤많이 ㅋㅋ)좀 따가웠다.근데 정상적으로 바르면 눈시림은 내기준으로 1도 없었다.전 / 후오히려 바르면 기초 스킨케어를 한듯이촉촉해짐이 만족스러웠다.전 / 후지문끼임도 없었고미끌거림 느낌도 없어서 좋았다.가볍고 촉촉한 백탁없는선크림을 찾는다면나는 천사연구소 아르투아 썬젤을 추천한다!본 리뷰는 천사연구소에게 대가를 제공받았으나,주관적인 생각으로 작성하였습니다.리뷰쉐어",20,0,1,202,0,1,198.8,2,text_ad,2020. 4. 19. 23:05,1371,2395388,상품리뷰,0
24,https://blog.naver.com/halangbiru?Redirect=Log&logNo=221628282965,"​안녕하세요! 이설입니다:3자취하고 나서부터 제일 먼저 시작한게 친환경 라이프 스타일이었는데요!​오늘 소개할 제품은 오늘습관이라는 브랜드로 친환경 라이프 스타일을 지향하는 브랜드라고해요!오늘습관 섬유유연제 1L- 플로럴코튼향입니다:)오늘습관 섬유유연제는 아기세제로 사용해도 될만큼 순한 제품으로미세플라스틱이 없으며 친환경 섬유유연제랍니다.​일반용, 드럼 모두다 사용이 가능한 제품이에요!​알러지 프리 플로럴코튼향으로식물성 계면활성제와 콩을 발효한 EM 발효성분으로 이루어진 제품으로유해성분도 없는 순한 제품이며옷의 정전기 방지와 세탁찌꺼기 제거를 도와주는 똑똑한 섬유유연제라고해요.혹시나 시중 섬유유연제를 사용하고나서 피부질환이 올라온적있나요?저같은 경우엔 피부가 간지러운 경우가 많았거든요,​또 그리고 요즘 한참 문제시 되는 미세플라스틱 캡슐..!당장 향긋한 향은 좋겠지만환경과 우리 몸을 생각한다면 저는 지양하기로 했어요^^​저같은경우엔 1일 1세탁을 해요^^혼자 살고 있지만 그날 입은 옷은 그날 빨기 때문에..!오늘습관 섬유유연제를 사용해볼려구요!요렇게 찰랑찰랑~한 물 제형이랍니다.농축형이 아닌 정말 흐르는 물제형이랍니다.머리아픈향도 아니고 정말 갓뺄래한 은은~한 플로럴향이 기분이 좋아져요!요렇게 흘러내리는 제형으로 옷감에 잔여물 없이 깔끔하게 세탁이 된답니다^^오늘도 빠르게 소량/쾌속으로 세탁했어요^^당연 오늘습관 섬유유연제를 사용했구요!오늘습관 섬유유연제를 사용한덕분에 기분좋고 포근한 향이 나네요~!매일매일 오늘습관으로 기분좋은 빨래를 하게되서 기분이 좋아요^^​​본 리뷰는 오늘습관에게 대가를 제공받았으나, 주관적인 생각으로 작성하였습니다.리뷰쉐어",10,0,1,140,0,1,198.8,0,text_ad,2019. 8. 25. 23:50,1371,2395388,상품리뷰,0
25,https://blog.naver.com/halangbiru?Redirect=Log&logNo=221541694531,"안녕하세요! 이설입니다:3명품향기를 간직한 고농축피죤 섬유유연제를 소개할려고 합니다!고농축피죤은 일반 피죤과는 다르게고농축으로 되어 있어 조금만 써도 빨래에 향기로운 향을 가득 머금어항상 기분좋게 옷을 입을 수 있게 해준다고해요!고농축피죤 플라워 페스티벌 향으로1L 일반/드럼 겸용 제품이랍니다^^러블리한 향으로마치 꽃다발을 한아름 안은듯한 로맨틱한 향인 플라워 페스티벌.베이스는 파우더리+머스크향이며중간은 자스민과 우디안 꽃향으로 탑노트는 장미, 허베이셔스 향이 난다고 합니다 ^^기존 자사 제품대비 3배 진한 향으로 몸에 좋지않은 형광증백제같은 유해물질은 전혀 첨가되있지 않았어요^^일반세탁기 물수위나 빨래량에 따라 조절해서 사용할 수 있답니다!마치 꽃봉오리 같은 뚜껑~이 뚜껑으로 세제양을 조절해서 사용이 가능하답니다^^고농축피죤으로 세탁을 해보겠습니다!거이 매일매일 세탁을 하는데요근래 이사준비때문에 바빠 빨래가 살짝 밀렸네요^^오늘은 잠옷 빨래하는 날~!빨래량에 따라 한뚜껑이면 될것 같아서 가득 부어주었습니다!고농축피죤 섬유유연제 답게빨래에 부어보니 마치 겔 같이 진하네요^^그리고 향이 완전 뿜뿜쓰!헹굼-탈수 단계에서고농축피죤을 넣어줍니다!빨래가 말랐는데도고농축 제품이다보니 향긋한 향이 오래오래가서 좋네요~!​이제 곧 여름이고 장마철이다보니자칫하면 빨래에서 꿉꿉한 향이 날 수도 있는데고농축피죤이 있으면 이제 매일매일 향긋한 옷을 입고 기분이 좋아질것 같습니다!​매일매일 명품향수 뿌린듯한 명품향기에 취해보셔요~! ",13,0,1,137,0,1,198.8,1,,2019. 5. 20. 4:25,1371,2395388,상품리뷰,0
26,https://blog.naver.com/halangbiru?Redirect=Log&logNo=221502317607,"안녕하세요! 오늘은 명품향기를 자랑하는고농축 섬유유연제피죤 오션후레쉬를 소개할려고해요!고농축 피죤은시원하고 쿨한 바다향으로중성적인 향으로 남성, 여성 모두다 어울리는 향이랍니다!1L인데일반, 드럼 겸용 제품이랍니다.쿨한 당신에게 어울리는바닷 바람처럼 시원한오션 후레쉬베이스 노트 엠버, 시더우드미들 노트 자스민, 프리지아탑 노트 베르가못, 라벤더, 시트러스.피부에 좋지않은 12가지 유해물질이 함유되지않고기존 자사제품에 비해3배 향 강화제품으로 미세먼지 부착방지 제품으로 안심하고 사용이 가능해요.​제 세탁기는 최대 3.5kg제품이라 10ml~20ml을 사용하면 된다고하네용!뚜껑부분은 꽃모양으로 되어있네용헐뚜껑열자마자 시원한 바다햐잉 솔솔!자 열심히? 빨래를 해봅시당.요즘 미세먼지때문에 귀찮게도하루 입고 하루 세탁해야하는데고농축 피죤은 미세먼지 차단효과가 있어 좀 안심이 되는것 같아유섬유유연제 넣으라고 세탁기가 난리치네요넣어줍시당ㅋㅋ풍부한 향을 위해서 20ml넣기로!1번 헹굼에서 고농축 피죤을 넣어줍니다!흠 스멜~기분 좋은 향으로 빨래를 다 하고나서도 마를떄까지 시원한 바다향이 오래가서기분이 좋아지네요~!​오션후레쉬 외에도 고농축 피죤시리즈가 많아서 다쓰고써봐야겠어요^^​ ",12,0,1,102,0,1,198.8,0,,2019. 4. 1. 3:10,1371,2395388,상품리뷰,0
27,https://blog.naver.com/halangbiru?Redirect=Log&logNo=222148262246,"환절기나 날씨가 추워지면어김없이 발생하는 집안 건조주의보..여름에는 그렇게 습하더니어떻게 어쩜 ..그렇게 건조해지니..​두얼굴의 집이야...ㅋㅋㅋ​아무튼 그래서 가습기는 필수인데오늘 소개할 제품은대용량가습기 한경희 초음파 무선 미니가습기 HTM-500C 이다.한경희 무선 초음파 가습기는대용량 배터리가 내장되어 있어 유선 사용 OK!무선 사용 OK!​게다가 500ml라서 대용량 가습기이고무드등 기능, 필터사용 가습기이다.​사무실, 공부방, 캠핑, 차량등다양하게 사용할 수 있는 제품이다.2000mAh 배터리 사용이며C타입으로 충전하는 제품이다.필터는 3개월마다 교체해줄것을 요한다.​물감지센서 기능이 있어 물이 떨어지면자동으로 전원이 꺼져 필터가 타는것을 방지해준다.​색상은 4가지가 있는데블루 그레이 색상이 없어서화이트로 선택했다.이벤트 기간이라서필터가 4개가 왔다 :)​1개당 3개월 사용하니까​오예 1년어치네 개이득설명서는 복잡한거 같지만자세하게 적혀 있고작동방법도 그렇게 어렵지 않다.뚜껑을 열면 이러한 상태.필터 밑에는 스프링이 있는데이 스프링은 절대 잃어버리면 안됀다!중요함!통 같은 경우엔 통세척이 가능한 제품이기 때문에매일 세척해서 깨끗하게 사용할 수 있다.충전 포트는 C타입으로유선으로도 사용이 가능하고배터리를 다 충전하면무선으로도 사용이 가능한​크기는 작지만 있을 기능 다 있는 똑똑한 가습기이다.군더더기 없는 깔끔한 화이트톤이라어디서나 잘 어울리는 제품이다.  이 미친 가습량은 뭐지...?초음파 가습기 형태이며풍부한 가습이 뿜뿜 올라온다.심지어 무드등 기능도 있어서 은은한 조명이 아래에서올라오는데 정말 예쁘다.무드등과 가습을 동시에 켜면밤에 불꺼놓고 블로그 하기 딱 좋다.ㅎㅎ무드등을 꺼놓고 평상시에 사용하는 모드!무드등 기능을 켜놓고 가습을 켜면은은한 빛 때문에더 예쁘다.그리고 무드등을 계속 켜놓을수도 있고은은~하게 꺼졌다 켜졌다 할 수 있는데이게 영상으로 찍으면 저렇게 경박;;하게보이는데 실제로 사람눈으로보면은은하게 꺼지면서 켜져서 분위기 있고예쁘다^^​장점이 너무 많은 대용량 가습기 한경희 초음파 무선 미니가습기 HTM-500C굳이 단점을 뽑자면필터를 3개월마나 교체해줘야하는거..?그거외에는 없는​내가 정말 찾고 찾던 가습기인거 같다.​1. 유/무선으로 사용하고 싶다.2. 무드등 기능이 있어야 된다.3. 대용량에 통세척을 해야한다.​그럼 무조건 한경희 초음파 무선 미니가습기 HTM-500C구매 추천!썸네일 :)​ 

얼체로부터 상품(서비스)만 제공받아 작성한 실제 후기임니다.
|"")
",15,0,2,219,0,1,198.8,2,text_ad,2020. 11. 19. 3:44,1371,2395388,상품리뷰,0
28,https://blog.naver.com/halangbiru?Redirect=Log&logNo=222140139482,"드디어 가습기의 계절이 돌아왔다.우리집은 여름에는 습하고겨울에는 건조한편이라여름에는 제습기 필수, 겨울에는 가습기 필수인데​오늘 소개할 제품은 무드등 기능도 있는 무드등가습기 드보르 JD-F50N을 소개하려고 한다.100% 천연 생화 꽃을 담은 예쁜 가습기이다.사용방법은시계 반대 반향으로 돌려 분리시켜물을 채워준 후어댑터 연결후 작동시켜주면 된다.드보르 아로마 가습기는 국내 최초천연꽃을 저온 건조 특수공법으로 건조시켠 후 진공상태로 넣어아름답게 볼 수 있는 특별한 가습기로일반 가습과 아로마오일을 첨가해 아로마 가습기로도 사용할 수 있는하이브리드 가습기라고 한다.언박싱 고고!!구성품은 간단하다.가습기 본품과 전원 어댑터, 물을 넣을 수 있는 통, 설명서이다.무드등 기능은특정색으로 고정할 수도 있고, 바뀔수 있게 동작할 수 있고4시간뒤에 전원이 자동으로 꺼져 화재위험에서 안전한 가습기이다.​가습은 1번 누르면 일반 가습량, 2번 누르면 가습량이 증폭된다.색상은 총 3가지 색상이 있다.핑크, 블루, 옐로우인데블루 색상으로 선택하려고 했는데블루만 꽃이 안개꽃이라 숱이 적어(..)보여서핑크로 선택했다 ㅎㅎ결과는 성공!!정말 예쁘다.나는 원래 핑크색은 안좋아하는데드보레 가습기 핑크꽃은 정말 예쁘다.마치 살아있는 생화마냥잘 건조해서마치 싱싱하고 살아 있는꽃을 보고 있는 기분이다.무드등 / 가습기 / 전원 꽂는 부분이다.분리를 하면물을 넣을 수 있다.물은 100ml 넣을 수 있고 이 물의 양으로6시간 사용할 수 있다.가습기를 틀어놓고는 있는데컴퓨터책상에는 미니가습기가 필요한것 같아서드보레 가습기를 뒀는데넘나 잘어울린다!!!바로 물 100ml를 받았다!!물을 조심스럽게 쪼륵쪼륵 넣은 후.물 100ml가 꽉 찬 모습이다.나는 아로마를 즐기기 위해편백오일을 넣었다.ㅎㅎ그리고 바로 무드등을 켜봤는데 세상 예쁜거 실화야...?무드등 기능이 정말 신의한수이다.​가습도 제대로 나오고 있다.불을 꺼보니무드등 기능이 더욱더 예쁘게 보여진다.버튼을 누를때마다 삑! 하는 소리가 살짝 거슬리긴하지만제품이 워낙 깔끔하고 예뻐서정말 마음에든다.사무실에 두면 갬성 터질듯 ㅋㅋ나는 빛을 바꾸게 해놨는데만약 마음에 드는 빛이 있으면 무드등 버튼을 2초간 누르면그 조명색으로 고정이된다^^무드등 기능도 있고 가습량도 잘 되는드보레 무드등가습기 JD-F50 후기였다.​ 

얼체로부터 상품(서비스)만 제공받아 작성한 실제 후기임니다.
",23,0,1,225,0,1,198.8,1,text_ad,2020. 11. 10. 1:58,1371,2395388,상품리뷰,0
29,https://blog.naver.com/halangbiru?Redirect=Log&logNo=221945997590,"날씨가 갑자기 더워졌다.하지만 우리집은 좀 건조하기 때문에가습기가 필요하다.​오늘 소개할 제품은주파집 프리미엄 초음파 가습기인 수피아이다.수피아 초음파 가습기는 2020년 F/W 시즌새로운 디자인으로물 4L가 들어가는 대용량 가습기이다.​특히 통세척이 가능하며10단계 무드등 기능이 있다.그럼 언박싱을 해볼까?진짜 뜬금없는 소리지만 주파집 가습기는 40,900원이다.쿠폰을 받으면 39,900원이고.사실 나는 10만원짜리 복합 가습기를 사용했는데청소가 진짜 쥐롤...맞아서관리가 너무 힘들었다.가습기는 진짜 무조건 간편하게 세척이 가능한 제품이 최고다.수피아 가습기는 무드등, 취침등 기능이 있다.색이 너무 예쁜건 비밀.가습기 본체와, 청소용 솔, 사용설명서가 있다.사용설명서 너무 쉽구 ㅋㅋ..예전에 어디서 본글인데정수된물은 세균이 번식하기 쉬워그냥 수돗물 쓰라고 했는데여기 설명서에는 수돗물에는 미네랄과 칼슘성분이 있으니되도록이면 정수물을 쓰라고 적혀있더라.그래서 앞으로 정수기물을 사용해야겠다.두근두근 언박싱끝!여심 저격하는 화이트톤이 너무 예쁘다.분해를 해봤는데엄청 심플하다.딱 내가 좋아하는 서타일.첫날은 정수기물을 사용했고다음날엔 습관적으로 수돗물을 썻다..앞으로 정수기물을 써야지이래서 습관이 무섭다고 하는군물에다가 아로마오일을 넣어도 된다고 적혀있길래갖고 있는 아로마오일 세팅.무드등 색이 너무 예쁘다.요렇게 가습량 조절은 다이얼로 가능하다.그리고 타이머기능도 있다! 굿원색 고정도 있지만나는 색 변하는게 너무 예뻐서계속 이 모드로 사용중이다.청소가 편하고 대용량 가습기를 찾는다면당연히 가성비 좋은 주파집 대용량 가습기를 추천한다.​ 
",18,0,1,145,0,1,198.8,1,suspect,2020. 5. 5. 1:03,1371,2395388,상품리뷰,0
30,https://blog.naver.com/halangbiru?Redirect=Log&logNo=221804052142,"안녕하세요! 이설입니다.사무실이 워낙 건조하다보니진짜 눈알이 빠질것 같다라는 표현이 맞듯이..눈이 너무 건조해서 미치겠더라구요 ㅠㅠ​사무실에 가습기도 없고 ㅠㅠ...생각 같아선 대용량 가습기 사고싶은데그러면 민폐니까 ㅋㅋㅋ개인용 가습기 완전 화력 빵빵하다고 유명한주파집 무선 듀얼 가습기를 선택했습니다!구성품은 요런데용본체, 여분 필터 2개, 설명서, USB 심플하쥬?일단 백색가전은 언제나 옳아..하얀색 가전 넘 좋아 예뻐...ㅋㅋㅋ위에는 듀얼 가습기가 나오는 헤드부분이구요!가운데는 버튼이 있습니다용!충전하면 무선으로 사용할 수 있어 좋네요~!충전하즈아!!!충전중일때는 붉은빛이 돌고완충시 초록색빛이 나요!요 버튼을 콕 눌러주면 > 요렇게 가습이 됩니다.버튼 연속으로 두번 누르면무드등 기능이 되고버튼을 1번씩 누르면​위에 가습 1번 / 아래에 가습 1번 / 양쪽 가습 / 위에 나왔다가 밑에 나왔다가모드가 있습니다 ㅋㅋ나름 크기는 작은데 기능은 알차다!!진짜 요즘 일과는 아침에 출근하자마자 커피타고가습기 바로 트는거에요 ㅠㅠ건조한 사무실에서제 눈과 피부의 수분을 지켜주는주파집 무선 듀얼 가습기 추천드립니다 ㅠㅠ​진짜 게다가 충전하면 무선으로 사용할 수 있어서 좋네요 ㅠㅠ!​",11,0,1,120,1,1,198.8,2,suspect,2020. 2. 11. 2:17,1371,2395388,상품리뷰,['두군데로 나오는게 귀엽네요ㅋ 글 잘 봤습니다~^^']
31,https://blog.naver.com/halangbiru?Redirect=Log&logNo=221707123048,"한경희 미니 가습기 HTM-350C안녕하세요! 이설입니다:)최근에 제가 이직을 했는데요!흐흐 회식하고 와서 좀 피곤하네요!​이직하면서 처음으로 들인 사무실용품은 바로한경희 LED 무드등 텀블러 가습기 였어요.350ml로 대용량 가습기랍니다.한경희 미니 텀블러 가습기 시즌2 제품으로 초음파 가습기랍니다.박스 뒤에 보면 350ml물로 최대 16시간 이상 연속 가습이 가능와며LED 기능으로 무드등, 수유등이 가능해요!또 클린필터 기능으로 안심!​자동차 가습기로도 사용이 가능하답니다^^저는 무조건 화이트 아니면 블랙!!(무채색 성애자...눈감아...)블랙이 약간 무광인거 같으면서 유광같은 느낌스트라서굉장히 오묘한 매력이 있습니다.​본체안에 필터1개가 들어 있고, 5핀 USB, 설명서가 같이 들어 있어요!기쁜 마음으로 회사에 총총 들고 갔습니다 ㅎ_ㅎ되도록이면 수돗물 사용을 권장하구요!수돗물을 가득 채워넣었습니다.그리고 5핀 USB를 연결해서 넣었어요!연결은 데스크탑 USB에 연결했습니다. 충분히 전력되구용~ㅎㅎ버튼은 1개로 1번 꾹 누르면 분무가 되고 3초간 누르면 무드등 기능이 됩니다!영상으로 확인해보세요~!확실히 가습이 되니 건조했던 사무실이촉촉해졌어요!제가 라섹을 해서 안구건조증이 있었는데 가습기 사용한날은 신기하게도 눈이 편안해서 만족쿠했습니다요~ㅎㅎ​?
",14,0,1,117,0,1,198.8,0,suspect,2019. 11. 14. 2:14,1371,2395388,상품리뷰,0
