,Post URL,Post,Image num,sticker num,gif num,Paragraph num,Comment num,Video num,weekly viewer mean,Sympathy num,AD,Posting Date,Buddy num,Total visit,Blog category,Comment detail
0,https://blog.naver.com/heemk0731?Redirect=Log&logNo=222405392074,"​​​​​​더워도 너무 덥죠? 더운걸 떠나서 자외선 너무 강렬해요 !​대부분 차량을 외부에 세워두는 일이 많기때문에 요즘 같이 더운날에는밖에 세워두었다가 차에 바로 타서 이동을 하려면 너~ 무 뜨겁고 블랙박스나 네비게이션까지도 막 이거 정말 터지는거아닌가? 싶을 정도로뜨거운 느낌. 아시죠?​​​​그냥 보기에는 우산같아보이는데? 차량용햇빛가리개전면형으로 펼쳐보면 우산인듯 우산아닌 차량용 썬쉐이드랍니다 : )​일단 앞유리만 가려도 자외선을 어느정도 차단해주어 차량 내부의 온도가 훅 ! 높아지지않더라구요 ~ ​​​​​대형세단 , SUV , VAN등 사용가능한 차종​은 요정도이니 상세페이지는링크통해서 정확한 사이즈보시면 될듯하고저희차는 아반떼AD인데 딱 좋은 사이즈였어요 ~​차량용햇빛가리개전면형을 설치해서뜨거운 햇빛으로부터 차량 내부를 지켜주셔야죠?​저희아이는 요즘 차에 타자마자 하는말이 - 너무 뜨꺼워!인데확실히 차량용햇빛가리개전면형을 펼쳐두고 다녀오니 그런말을 안하긴하더라구요​​​​​날이 너~ 무 좋고, 사실 날 좋은 날이 좋긴한데 하늘도 푸르르고.. 자외선에 노출되고 싶지는 않고 ㅋㅋㅋㅋㅋㅋ​아이를 낳고 키우면서 자바라형이나 자석형으로 된 햇빛을 차단해주는 커텐등을사용해봤는데 설치시 솔직히 매번 번거로움이 있었거든요 ~보관시 자리 차지하는 불편함이나 갑자기 사용중에 떨어져서 깜짝! 놀랐던 적도 있었구요 ^^; ​​​​우산형 차량용햇빛가리개전면형은 별도의 설치도 필요하지않고,우산처럼 펼치기만 하면 되기때문에 1초만에 장착 가능하고 다시 접으면 끝!정리가 쉽고, 사용중 떨어지지않는 다는 장점이 있죠 :)​​- 에어컨 성능 저하- 계기판 손상- 유해가스를 유발- 가죽시트를 손상​앞유리만 가려줘도 이런일들이 없을테니 ! 꼭 가려서 자외선을 차단시켜주셔야겠죠?​​​​​​​실제로 차량용햇빛가리개전면형을 설치한 후 ,차량 내부온도가 70도에서 30도까지 내려갔다는 점 !쿨링효과까지 UP!UP!​​​​​​​​안정감있는 손잡이, 스크래치 방지 마감디자인은 물론단단한 철제봉과 10개의 함몰식 뼈대까지 ! 우산형태로 접어서 파우치에 보관, 사이즈도 작아서 차량 내에 어디든지 수납할 수 있으니놀러나갔다가도 그늘아래 주차자리 찾을필요 없이 우수한 자외선 차단과 단열 효과가 좋은 차량용햇빛가리개전면형으로차량 내부를 지켜주자구요 :)​​​​​​ 

미      불을 통해 본 업체로부터
제품 또는 서비스를제공받마 작성된 리뷰입니다
「,】

 
",14,0,2,217,2,0,7647.6,8,text_ad,2021. 6. 21. 17:54,2451,3153424,상품리뷰,['오늘도 수고 많으셨습니다~ 주말 즐겁게 보내세요^^']
1,https://blog.naver.com/heemk0731?Redirect=Log&logNo=222401631485,"​​​​​사실 저는 우산을 갑자기 비가 와서 지나가다가 휙 ! 사본적은 있어도 예쁘고 가볍다니 아이를 위해서 인터넷으로 주문해본적은 처음인 것 같아요 ! : D​기존에 아이가 사용하던 어린이 우산으로 나왔지만, 은근 무거워서조금 걷다보면 뒤쳐지고 - 엄마, 너무 무거워! 들어줘.. 를 남발했었거든요​내 우산도 있는데.. 너 우산까지 어찌들어주지?ㅋㅋㅋㅋㅋㅋㅋ​​​​우산을 매우 안전하게 뽁뽁이로 포장해서 길다란 박스에 넣어서 배송해주니 일단 믿고 주문할 수가 있겠더라고요? 이런 세심함에서 오는 갬동.. 아시죠?ㅋㅋㅋㅋㅋㅋㅋㅋㅋㅋㅋ​뽁뽁이로 포장해서 주는 곳이 많이 없는데 안전하게 포장해서 배송해주니믿고 또 주문할수 있을듯해요 !​​​​​​우연입니다만, 비오는 날 멀리서도 잘 보이게우산이랑 깔맞춤을 하고 나왔어요. 제가 ㅋㅋㅋㅋㅋㅋㅋㅋㅋㅋㅋㅋㅋㅋㅋㅋㅋㅋㅋㅋㅋㅋㅋㅋㅋㅋㅋㅋㅋㅋㅋㅋㅋ​튼튼한장우산 발렌타인몰에서 주문한 어린이 우산은 색상이 비비드해서 우중충한 날씨에 들고 다니기 매우 좋더라구요 !신랑이 우산도 튀고, 제 옷도 튄다고 그러더라구요 ㅋㅋㅋㅋㅋㅋㅋㅋㅋㅋㅋ​아이가 쓰기 너무 좋았어요 ㅋㅋㅋㅋㅋㅋ아이가 쓰기엔 역시 어린이 우산은 비비드하고 쨍한 색상이 최고죠?​​​​​그리고, 저는 이렇게 팔에 걸수 있는 우산을 선호합니다.아이랑 다니다보면 안쓰고 저한테 주는 경우가 많아서 짐이 많으면 손은 두개이기때문에...(?) ​​​​​​발렌타인몰 튼튼한장우산 ! 보통 살대가 많으면 우산은 무거워지죠? 튼튼하게 잡아주려면 적당한 살대의 갯수가 필요한데 발렌타인몰 우산 14K는 표준화된 우산기준매우 튼튼한데 무겁지않다는 장점이 있어요 ~​살대가 많죠?​​​​근데 우산은 살대가 많은게 튼튼하기도 하고 위에서 봤을때 더 예쁘기도 한거같지않아요? ㅋㅋㅋㅋㅋ​저희 아이는 7세인데 초등학생부터 성인까지 남녀노수 쓸 수 있는 발렌타인몰튼튼한장우산 ! 어린이 우산으로도 탁월하고, 성인들이 사용하기에도 역시나 문제없다는 점 ! ​​​​​살대가 많으면 무겁다????????????엄살많은 7살이라고 했죠?​전혀 무겁지않다!돌리고 난리..​비오는데 우산을 머리위에 써야되는데 자꾸 난리 난리 난니난니나닌니....​​​​​​​발렌타인몰 어린이 우산으로 추천 !아이가 쉽게 접었다 폈다 할 수 있어요 !튼튼한장우산, 곧 장마가 오겠죠 ㅠ_ㅠ​비오는건 싫지만, 비비드한 색상의 우산이 기분을 좋게 해주네요 ♡​​​▲ 발렌타인몰 컬러곡자 튼튼한장우산​​​글은 블로그원평대을 동해 해당 업체에게
자 또느 서비스유언 솜자게작성된글 니다
 
 
",14,2,3,228,2,0,7648.0,7,text_ad,2021. 6. 17. 22:59,2451,3153426,상품리뷰,['노랑 노랑 너무 귀여운거아니에요!!']
2,https://blog.naver.com/heemk0731?Redirect=Log&logNo=222351205437,"​​​​요즘에는 이사선물이나 집들이선물로 추천할때휴지대신 디퓨저를 많이 하더라구요. 디퓨저도 품격이 있는거 아세요?​신비로움을 간직한 맑은 강물의 깊고 푸른에너지가 느껴지는 디퓨저를 발견했어요 :)​​▲ 센틀리에 디퓨저 서포터즈 모집​▲ 센틀리에 디퓨저 체험단 모집​​​​​​센틀리에 산청가든호텔갈때 특유의 호텔향 궁금하셨죠?​선물추천해요! ​라벤더향 , 우드향 , 시트러스향 , 호텔향센틀리에에서는 전세계 곳곳 숨겨진 최고의 향기원료를 사용하여디퓨저를 만들어낸다고 하더라구요 ~​​​​​센틀리에가 찾은 한국의 향,시그니처 라인! 산청​​센틀리에는지리산 산청에 자리한 센틀리에 가든에서 맑디 맑은 자연을 담은 우리만의 특별한향을 만들어요. 센틀리에 가든은 비료나 농약은 일체사용하지않고, 기본 퇴비를 한 해 묵히는 발효과정을 거쳐작물들이 뿌리부터 단단하게 자라날수 있도록 가꾼다고 해요.​이러한 정성으로 한국의 라벤더, 로즈마리, 민트와산청의 봄을 활짝 피우는 찔레꽃, 초여름 붉게 물든해당화등이 한국의 향을 피워내며 향기롭게 자라고 있데요! :)​​​​​​​센틀리에 디퓨저는 처음부터 끝까지 동일한강도의 향이 지속되도록 내용물(향과 용액)이 완전하게발향되는지, 사용기간동안 동일한 발향 강도를 유지하는지에 대한테스트를 엄격히 진행한다고 해요 !​센틀리에는 자체 R&D연구소에서 전문 조향 교육을받은 조향연구원이 프리미엄 향료와 원료를 엄선하여센틀리에만의독자적인 향을 개발해요 :)​​​​​​​디퓨저용기에 새겨진 센틀리에 로고 고급스럽죠?선물추천할때 센틀리에 블루리버 산청 퍼퓸 디퓨저 추천해주고 있어요. 사용해보시면 선물로 좋다고 생각하실꺼에요.​​​​거실 작업하는 곳에 두었는데 은은하게 퍼지는 고급스러운 향이 행복하더라구요 :)​​​​​​​",12,0,1,157,0,0,7648.2,10,revu,2021. 5. 14. 21:26,2451,3153427,상품리뷰,0
3,https://blog.naver.com/heemk0731?Redirect=Log&logNo=222280138795,"​​​향기에 예민한 두 남자와 살다보니 디퓨저는 저희집이나 차에 일상처럼 자리잡게 되었는데요. 생각보다 닳는 속도가 빠르기도 해서 대용량이 필요하더라구요~ 집에도 대용량, 차에도 대용량으로 계속 교체하다보니까 그것또한 만만치 않은 비용이들더라구요 ^^; 그래서 차량용 방향제를 플렌느 디퓨저 대용량으로 두니까 긴시간 지속되어서 너무 좋네요. 차 문을 열자마자 훅 오는 향기에 기분까지 좋아지는거 아시죠?​아무래도 타인이 차를 탔는데 쾌쾌하고 불쾌한 냄새가 나는것보다 향기가 나는게좋은 인상을 주기에도 좋잖아요. 데이트할때도 좋다며..(소곤소곤)​​​​플렌느 차량용방향제120ml * 2​​향 좋은 제품들은 이것저것 많이 써보긴했는데 대용량디퓨저는 처음 사용해보는 것 같아요.크기 작은 디퓨저들은 일단 닳는 속도도 빠르기도 하고 거치하기 힘든 부분이있었는데(흐른다던가.. 흐른다던가...흐른다던가..?ㅋㅋㅋㅋㅋ)​대쉬보드위에 올려두는 방향제나 에어컨송풍구에 거치하는 방향제는 직사광선이 닿다보면향이 금방날아가버리고 변질도 되는 아쉬운 부분이 있고, 에어컨송풍구에 거치하는 경우에는 에어컨 시원하게 틀면 진짜 금방 닳아버리는 듯 해서 아쉬웠었거든요. (기분탓인가..?)​플렌느 차량용디퓨저는 컵홀더부분에 흔들림없이 딱 들어가요!​​​​​사용방법​캡을 열어서 안쪽 뚜껑 캡을 열어주고 우드볼 스틱을 꾸욱 눌러서 넣어주신후 캡을 다시 닫아주면 끝(우드볼 스틱과 속캡 사이의 간격을 3mm이상 유지해야해요.)​​​​​​3M테이프도 동봉되어오지만 대쉬보드위에서 변질될 디퓨저를 생각하니 컵홀더에 넣고사용하는걸로 합니다. 120ml의 대용량이 2개나 들어있어서 용량 걱정없이 향기를 뿜뿜!​​​​차량용방향제 플렌느 디퓨저는 블랙체리 / 레드프룻 / 화이트무스크 3가지의 향구성이 있고 저는 화이트무스크로 선택 :)​​플렌느는 스페인어로 Flor Perenne 사철피는 꽃 이라는 의미로사계절 변함없는 아름다운 향기를 퍼뜨린다는 깊은 뜻을 가지고 있어요​​​​​​​준비완료 !​​​​글라스재질의 가득찬 디퓨저를 보면 저만.. 기분이 좋은가요? 자꾸 사라지는게 안타깝고 아쉬운 기분인데 플렌느 디퓨저는 용량가득이라 너무 좋아요​​​플렌느 차량용디퓨저 설치 완료 !흔들림이 없긴한데 불안하신분들은 동봉된 3M테이프로 고정시켜주시면 되요​저희는 비흡연자부부인데 담배냄새제거로도 아주 탁월한 제품이고요차 문을 열때마다 나는 잔향이 진짜 좋아서 아이도 좋은 향기 난다고 좋아하더라고요.​​​​​가성비좋은데 향도 오래가고 대용량인 차량용방향제 찾으신다면 요기! 클릭!​​​​",18,0,0,233,0,0,7648.2,8,revu,2021. 3. 19. 14:10,2451,3153427,상품리뷰,0
4,https://blog.naver.com/heemk0731?Redirect=Log&logNo=222279618693,"​​​학용품 지름의 시기가 왔죠? 저도 어릴때 생각해보면 이 시기가 가장 좋았던거같아요전부 새걸로 사고 마음에 드는걸로 고르던 그 마음이 아직 잊혀지지않는걸요 :)​그 당시에는 펜도 많고 샤프도 연필, 지우개 다 이쁘고 특이한것만 찾아서 샀더랬는데 요즘은 강남필통이라고 하는 하드탑파우치 필통이 유행인가보더라구요 ​​​​빅키드는 호주에서 브랜딩을 받아서 탄생한 대한민국의 브랜드 / 국내브랜드라고 해요 여러 디자인이 있는데 그중에 저희 아이는 남아이고 좋아할만한 스페이스DJ 디자인으로 골랐어요 :)​꽃 유니콘 보석들로 이루어진 러블리패치라는 디자인의 파우치는 여아들이 정말 좋아할듯 사랑스럽더라구요 ~ 로고도 더 콤팩트하게 변경되었다고 해요​​​빅키드 하드탑파우치 22cm X 15cm X 5CM ​생각보다 가볍고 활용도가 좋은 제품이에요. 내부에 네트로 된 포켓도 따로 있어서 작은 수첩을 넣어다니며메모하기에도 좋아서 학교뿐아니라 야외에 나갈때 가지고 다니는 빅키드필통​​빅키드의 전체 제품중에 가장 판매율이 좋은 스테디셀러인데다가 매번 제작시 고객의의견을 반영해가며 업그레이드되어 나온답니다.​​사실 인기가 있는 것들은 다 노력과 이유가 있다는 점!​​​​​​​​활짝 펼쳐져서 필기구를 꺼내거나 넣을때 편리하고 소지품도 넉넉히 많이 들어가는 편이라 이것저것 다 가지고 다니고 싶은 아이의 마음을 충분히 헤아려주는 빅키드필통, 네임텍도 있어서 잃어버릴 염려없죠 생일선물로 주면 정말 좋아할듯해요신학기선물 아직 고민중이시라면 고고하세요 :)​​​​​아직 초등학교는 입학전이지만 예비초등학생으로서 공부에 열심히 매진하고 있는 7세는 평소에공부와 그림그리기를 좋아해서 공간이 넉넉하다고 너무 마음에 들어하더라구요왜냐면 가위와 풀도 넣어야하고 그림그릴 종이도 넣어야하거든요?ㅋㅋㅋㅋㅋㅋㅋ​​​​​​그뿐만아니라 저는 화장품파우치를 하드형태로 된것을 원하는데 왠걸.. 이게 바로 제껀가요..?빼앗아서 써야하는건가.. 하드케이스라서 화장품파우치로 쓰면펜슬이나 브러쉬등을 넣어도 화장품을 부서지지않게 잘 지켜줄것만 같더라고요. ​​​​​가방에도 쏙 들어가니 신학기선물, 초등학생선물로 아주 딱이죠?​​",13,0,2,204,3,0,7649.2,10,revu,2021. 3. 18. 16:16,2451,3153432,상품리뷰,['오 깔끔하니 귀욥다']
5,https://blog.naver.com/heemk0731?Redirect=Log&logNo=221546582656,"​​​안녕하세요. 희니에요 :)저는 비오는날을 너무 싫어하는데요 ! 그 이유는 ? 신발이 촉촉해지는게 싫어서에요. 어릴때는 비오는날 정말 ....학교가기싫었는데 ㅋㅋㅋㅋㅋㅋㅋㅋㅋ(는 핑계?????)​요즘에는 비가 많이 안오긴 하지만 벌써 덥고 더우면 여름이고 여름이오면 뭐다? 장마철도 다가오고 신발 안신고 나갈수는 없고 !​네, 여러분뿌리면 방수가 되는 신개념 스프레이가 나왔습니다.​엣츠바 프리미엄 슈프루프 스프레이[ETSBA PREMIUM SHOEPROOF SPRAY]저처럼 비오는 날 싫은 분들 보세요. 꼭 보세요. 방수 스프레이 추천 합니다 ♡​​​​​​​엣츠바 프리미엄 슈프루프 스프레이는투명한 첨단 입자들이 섬유 깊숙이 흡수되어 뛰어난 발수성과우수한 내구성으로 외부의 오염 및 이물질로 부터 신발을 보호하는 제품이랍니다.이걸 신발에 뿌려주면 #방수신발 #방수운동화 가 되는건 시간문제에요 !​​​​​​​​슈프루프 스프레이 사용법은 신발 표면의 먼지를 닦아낸 후, 15cm 거리를 두고 신발전체가 충분히 젖도록 ! 뿌려주시면 되요. 뿌리기전에 향기를 맡았는데 조금 강하다싶어서 밖에서 뿌렸는데요.뿌리고 난 후에는 은은한 향이 남더라구요. 드라이기나 건조기같은걸로 건조하지말고1-6시간정도 충분히 자연건조 시켜주시면 효과가 더 좋다지요 :)​신발 신기전날에 뿌려놓고 다음날 신으시면 되요. 미리미리 ~​​​​​​​본품은 뚜껑이 있고 스프레이용 뚜껑은 따로 들어있어서 돌려서 조립해서 사용하시면 되요. #엣츠바 #엣츠바방수스프레이​​​​​​엣츠바 프리미엄 슈프루프 스프레이는코팅제 입자의 크기와 밀도에 따라 코팅층의 단단함이 달라지고 외부환경의 영양으로부터 보호하는 효과가 탁월하답니다.초미립 코팅입자로 신발을 빈틈없이 보호해준다지요? ​​스웨이드 / 캔버스 / 가죽 /누벅등 다양한 신발에 사용가능 !​​​​​비가 오나 눈이오나 축구를 즐겨하는 축구선수출신 신랑이 너무 좋아하던 제품이에요.마침(?) 비가 오는 날 잡혀있는 시합을 위해 엣츠바 슈프루프 스프레이를 잔뜩! 자기전에 뿌려주고 축구시합하러 가서는 물방울이 굴러떨어진다면서 ㅋㅋㅋㅋㅋㅋㅋ​제가 물뿌려서 실험해보는건 이미 비오는데 시합하고 온 후에 또 해본거에요.1회성이 아닌게 확실하죠? ​신발 오염 방지해주는 효자템이라는 점!​​​​​​​​더 많은 정보와 신발관리에 관련된 제품 구매는 엣츠바 ! :)​​​​이 클른 레뷰를 동해 본 업체메서
제품 또는 서비스를 제공받아 작성된 글 입니다.

@
",11,0,4,224,0,0,7649.2,6,text_ad,2019. 5. 25. 23:21,2451,3153432,상품리뷰,0
6,https://blog.naver.com/heemk0731?Redirect=Log&logNo=222372496227,"​​​​​​오징어 통살이 그대로 !통오징어바이트​한입에 쏙, 먹기 편한 오징어튀김을에어프라이어로 간단하게 완성해주는 아이간식으로도 좋고아빠 혼술 안주로도 좋은 통오징어바이트 :)​​​​​​​​입자가 고운 빵가루를 묻혀 더욱 바삭하게 만들었다는 오!튀봉이름 귀엽쥬 ㅋㅋㅋㅋㅋㅋㅋㅋㅋㅋㅋㅋㅋㅋ​오징어 통살이 그대로 들어있는 통오징어바이트는 실제로튀김가루반죽을 벗겨내면 칼집이 들어간 오징어살이 통째로 들어있어요한입크기라서 아이 간식추천으로도 너무 좋고, 부담없더라고요 :)​​​​​오징어를 갈지않고 몸통 부위 통살을 그래도 넣어서 오징어의 풍미와식감을 그대로 잡았고, 일반적인 오징어튀김과 그것이 가장 큰 차이점인거같아요 !​통오징어바이트는 오징어통살이 그대로 통통하게 꽉 채워져있답니다 :)​​​​​한달에 한번정도 냉동식품을 사서 냉동실에 쟁여놓고 아이 밥반찬으로도 주고, 간식으로도 주고 그러는데 한봉지에 꽤 많이들어있어서 좋더라고요(?) 많은거 좋다..​​​​기존 오징어튀김보다는 튀김옷이 얇아서 더 바삭하고오징어를 갈아 넣지 않고, 몸통부위 통살을 그대로 사용했기때문에풍미와 식감까지 그대로 잡아냈죠 ​오징어 튀김.. 당연히 맛있죠 ㅋㅋㅋㅋㅋㅋㅋㅋㅋㅋ사실 분식집가면 가장 먼저 고르는것도 오징어튀김인데 그렇게 사먹는 거 아니면 집에서 튀김, 직접해먹기 힘들잖아요​특히 ! ​전문점은 비싸기도 하고기름 잔뜩 들어서 아이랑 먹기 조금 부담스럽고손이 많이 가서 위험하기도 하쥬?​​​​​에어프라이어 오징어튀김 깔끔하게 !​프리프라잉 = 미리 튀겨낸 공법 !오!튀봉은 미리 튀겨낸 프리 프라잉 공법으로 세상 간편하게 즐기기만 하면 된답니다 >.<​에어프라이어나 프라이팬에 조리가 가능한데요​​​​​​저는 이날 아이들 간식추천받아서 에어프라이어 오징어튀김을 돌려줬는데요 한봉지 다 돌린 양이거든요? 엄청 많죠?​​​​이렇게 칠리소스에 찍어 먹거나 케찹에 찍어먹어도 너무너무 맛있고, 부드럽고요 ~ ​혼술 안주로 아빠들이 먹어도 너무너무 좋죠​​​​​오징어몸통 통살이 그대로 들어갔는데이렇게 칼집 나있는거보니까 왜이렇게 귀여운거에요?ㅋㅋㅋㅋㅋㅋㅋㅋㅋㅋㅋㅋㅋㅋ​정말 실한 오징어튀김 이죠​​​​​오!튀봉은 오징어튀김 자체만으로도 맛있지만이렇게 저처럼 투움바파스타에 함께 먹어도 진짜 맛있고,떡볶이나 라볶이, 카레, 우동등에 토핑으로 올려먹는 레시피를활용해서 드시면 더더더더 다양하게 즐길수 있답니다 :)​​​​​​",20,0,2,210,0,0,7649.4,8,revu,2021. 5. 28. 22:32,2451,3153433,상품리뷰,0
7,https://blog.naver.com/heemk0731?Redirect=Log&logNo=222292422219,"​​​엄마, 우리짜장면 시켜먹을까?ㅋㅋㅋㅋㅋㅋㅋㅋㅋㅋㅋㅋㅋㅋㅋㅋㅋㅋㅋㅋㅋㅋㅋㅋ저희애가 갑자기 이러는거에요....(?)​탕수육먹고 싶다는 이야기거든요 이게 크크크​​​#탕수육만들기#탕수육#에어프라이어요리#중화요리#CJ고메#고메탕수육#갓먹고메​​​​​​​요즘 삼시세끼 계속 챙기다보면 정말 현타가 오는데너무 간편하게 갓 만든 요리처럼 먹을수 있는 제품이 있답니다​고메탕수육은 특히 소스에 야채가 함께 들어있어서 내가 칼질 1도 안해도 되고진짜 진짜진짜 지인짜 간편하고 너무 좋은거있죠? :)​​​​​중화스러운 패키지가 우선 반겨주는 CJ고메탕수육1봉지당 2~3인분으로 다른 음식들과 곁들이지않아도 충분히2명이상이 만족하면서 먹을수 있었어요. (저희집 기준이에요 ^^)​​​​​탕수육만들기 정말 쉬워요 저희 아이는 제가 이걸로 뚝딱 탕수육내어오니까 언제 배달왔냐고 물어볼 정도였어요 15분정도만 투자하면 바삭바삭 쫄깃한 탕수육을만들수가 있답니다. 에어프라이어로 뚝딱 만들어 줄 수있는 제품이에요 :)​5분정도 예열시켜준 에어프라이어에 CJ고메탕수육을 냉동된채로 넣어주시고170˚C에서 약 16분 또는 190˚C에서 약 10분, 중간에 한번 뒤집어주시면 되요​에어프라이어가 없을땐 프라이팬에 앞뒤로 노릇노릇하게 구워주시면 되니까 문제없답니다.​​​​​​새콤달콤탕수육소스는 표시된 에어스팀배출구가 위를 보게 올려놓고전자레인지에 약2분정도 돌려주면 된답니다.​진짜 간편하고 쉽죠? 그래서 더 대박인 고메탕수육​​​​​​저는 에어프라이어를 사용했고, 이렇게 동봉된 소스안에과일과 야채가 들어있어서 따로 넣지않아도 충분했어요 :)​​​​얇은 튀김옷으로 감싼 고기를 바삭하게 튀겨 새콤달콤한 소스와 함께 즐기는중화요리 탕수육. 이제는 집에서도 고급 중식당의 탕수육을 즐겨보세요​​배달을 기다릴 필요없이 식당을 찾아갈 필요없이 번거로운 조리과정없이에어프라이어 간편 조리로 갓 만들어 더 바삭하게 즐길수가 있답니다.​​​​​​저는 아이랑 먹을꺼라 부먹했는데 다들 부먹?찍먹?ㅋㅋㅋㅋㅋㅋㅋㅋㅋㅋㅋㅋㅋㅋㅋㅋㅋㅋㅋㅋㅋ​취향에 따라 맛있게 드시길 바랍니다.​​​​​​​​",20,0,1,166,3,0,7649.6,14,revu,2021. 3. 30. 11:42,2451,3153434,상품리뷰,"['탕수육 좋죠ㅎㅎ', '요거 넘 맛있어유 ㅋㅋ']"
8,https://blog.naver.com/heemk0731?Redirect=Log&logNo=222369859351,"​​​​​​차량용 컵홀더다된다 우드 컵홀더​​​​1등급 자작나무로 만든 프리미엄 컵홀더저희차는 아반떼AD인데 차량에서 컵홀더가 부족해서저렴한 플라스틱 컵홀더를 대신 사용하곤 했었는데우드컵홀더 사용하고나니 너무 고급지더라구요 :)​자동차용품의 명가 케이엠모터스가 만들면역시 차원이다르죠?​​​​​​​우드컵홀더는 컵홀더에 고정하는 컵홀더고정형시트 틈새 고정할수있는 시트 틈새고정형으로 2가지 고정방식이 있는데 저는 컵홀더고정형으로 선택 !​​​​​자유자재로 하단받침이 360도 원하는 위치대로움직이기때문에 원하는 위치로 옮겨서 하단받침을 고정시켜 줄수있고리터급 빅사이즈 텀블러도 안정적으로 사용이 가능해요 ​톱니 압축스펀지를 끼워서 컵홀더에 넣어 흔들리지않게 고정해주면 되죠사용하지않을때는 톱니 압축스펀지를 빼고 분리해서 보관해줄수도 있어요 ~​​​​​​우드컵홀더는 이렇게 돌려서 고정해주면 되는데설명서에 있는 그대로 조립해주시면 되요. 아주 방법이 쉽죠?고정 압축스펀지는 크기가 각기 다른것들이 들어있어서 내 차에 맞는 크기로 4~5개 끼워서 고정시켜주시면 된답니다 ​저희 차에는 4개를 끼우니까 딱 좋더라구요잘 안들어가니까 꾸욱 눌러서 끼워주시면 되고, 차량 컵홀더보다조금 더 큰 압축스펀지를 끼우면 더 흔들리지않고 잘 고정되요 !​​​​​​컵홀더가 2개뿐이라 너무 불편했었는데 조립해서 차량이 장착해보니 너무 고급스럽고 우드가 정말 깔끔하고 예쁘더라고요 !​​​​​​​1등급 자작나무로 제작된 친환경 우드컵홀더있어도 있어도 부족하기만 한 차량 컵홀더를 다된다 우드컵홀더로 풍족하게 만들어주었고, 하단받침대가 있어 캔음료나 생수도 떨어지지않게 해주죠 :)​​무거운 생수를 올려두어도 끄떡없이 안정적이고 튼튼함이 장점 !차량용 컵홀더 플라스틱제품도 써봤지만 우드컵홀더 고급스럽고  좋네요 !​​​​​​​​​",14,0,1,163,1,0,7649.6,8,revu,2021. 5. 27. 14:39,2451,3153434,상품리뷰,['안녕하세요~ 블로그 들렀다 갑니다 저는 누수 일을 하고 있구요 도움이 필요하시면 언제든지 연락주세요 실례가 안된다면 서로이웃신청 부탁드리고 갈게요^^ 감사합니다']
9,https://blog.naver.com/heemk0731?Redirect=Log&logNo=222320805798,"​시기도 시기인데 요즘들어서 미세먼지가 심해서 너무 걱정 많으시죠 ?환기라도 잘 하고 싶은데 ! 이생망...​따뜻해지는 봄바람이 좋았는데 먼지냄새 가득해서좋은 봄날을 느끼기는 커녕 좋은 하늘은 뒤로 한채유치원갔다가도 후다닥 집으로 돌아오곤 한답니다 :(​​​​플러스나인 퓨어프로​우리집을 지켜줄 대형 공기청정기는 물론 이제는 휴대용 공기청정기도 필수가전이 되야하는안타까운 시대가 왔어요 내 아이, 내 가족 건강 지켜야죠​실내에서는 물론 유모차 공기청정기 추천하길래 눈여겨 봤죠 !이 제품은 많은 분들이 차량용 공기청정기로도 추천한다더라고요 :)​소형 공기청정기이지만HEPA13 필터로 미세먼지 및 냄새를 정화해주는똑똑한 제품이에요 ~​​​​​​플러스나인 퓨어프로 무선 공기청정기 구성품​공기청정기 본체 / 확장유닛(높이조절) / USB C타입케이블사용설명서 / 품질보증서​​​​​​소형 공기청정기라서 딱 ! 오픈했을때오와 디게 귀욤귀욤하다 ~ 하셨을꺼에요. 그쵸?​무선으로도 간편하게 휴대가 가능해서 더욱 더 장점인 제품이에요 !​​​​​확장유닛은 이렇게 공기청정기 아래부분에 끼워주시면 되는데저는 2대의 차량을 사용중인데 승용차에는 확장유닛없이 컵홀더에 쏘옥 들어가고경차에는 확장유닛을 사용해서 넣어야하더라고요 :)​차량외에도 유모차 덮개 씌우고 사용하면 너무 좋고요 !캠핑갈때 꼭 챙겨가셔야할 1순위죠? 정말 집에 있는 공기청정기를들고 가고 싶으셨던 분 많으셨을텐데 ㅋㅋㅋㅋㅋㅋㅋㅋㅋㅋㅋ​차박하시는분들도 공기청정기 필요하시잖아요 ~아주 유용한 휴대용 공기청정기가 될 듯 해요 !​​​​​​플러스나인 퓨어프로헤파필터 3중으로 구성되어있어서각종 유해성분들을 완벽하게 차단 해준다고 하죠.​ TVOC센서를 탑재하여 공기정화는 물론 담배연기 / 배기가스 / 포름알데히드 꽃가루 / 미세먼지 /일산화탄소악취제거까지 가능! 무선 공기청정 그 이상을 해낸답니다. 작지만 강하죠?​​​​​​언제든지 충전이 가능하도록 USB-C타입으로 충전할수가 있게 되어있고, 최대 7시간까지 사용이 가능해요.​저처럼 이렇게 차에서 충전이 가능하니 정말 큰 장점이라고 생각해요 :)​​​​스마트모드 / 나이트모드 / 터보모드​3가지 LED무드라이트로공기상태표시를 나타내줘요.​녹색(좋음) 황색(주의) 적색(나쁨)​​​​어디에 두어도 스마트정화기능 덕분에360도 추적 정화가 되도록 설계된 퓨어프로 :)​​​​고성능, 저소음 모터로 빠르고 조용해서 자는 아이의 머리맡에 두어도 고요하답니다 !​다양한 인증 / 테스트 통과로 안심하고 사용 가능하고주연전자에서 제조하여 신뢰있고, 1년 무상 A/S보증까지 ^^​​​​+​저는 미세먼지 잔뜩인 밖에서 뛰노는 것도 나쁘지만실내공기가 좋지않은 상태에서 살아가는 것도 좋지않다고 생각해요.유해한 공기로부터 우리 가족을 지켜주자구요 :)​​​​​​​",19,0,3,250,2,0,7649.6,12,revu,2021. 4. 23. 22:08,2451,3153434,상품리뷰,"['오ㅎ 회사나 차량에써도 좋겠어요ㅎㅎ', '행복한 나날들 가득하시고, 포스팅 잘보고  갑니다 ^^']"
10,https://blog.naver.com/heemk0731?Redirect=Log&logNo=221556870922,"​​​안녕하세요. 희니에요 :)저 요즘 보쏘드제품에 빠져있는거 아시죠? 처음 접했을때는 좋을까?의문품었었는데 신랑이 사용하다보니 마음에 들어서 라인별로 다 사용해보는중이에요.​저희신랑은 페이스용으로는 대부분 아무거나 써도 트러블이 없는 피부인데요.복합성이라고 해야하나..? 하지만 역시나 ! 좋은제품을 쓰다보니 좋은건 역시나 좋다는걸 느끼고 있는 요즘이랍니다.​남성지복합성피부끈적임유분기없는 남자자외선차단제추천 , 왕추천해요.안끈적이는 썬크림으로 남성분들이 화장품을 안바르는 이유중 가장 큰것이번들거리고 끈적이는게 싫어서라고들하는데요. ​​보쏘드 필 쏘 굿 선 젤은 그런 단점들이 없어서 많이들 찾고 추천해주시는 것 같더라구요.​남성민감성지성용 남자미백썬크림추천BOSOD 필 소 굿 선 젤​​​​​​용량 90ml / 가격32,000원​​선젤이지만 미백 + 주름개선 + 자외선차단까지 가능한 3중기능성 화장품이라서 자외선 차단은 당연!스킨케어로도 손색이 없는 제품이에요.​물론, 기초케어는 해주시고 외출전 마무리단계로 해주고 있지만요 ^^자외선차단제는 나가기전에 바로 바르는게 아니고 30분전에 발라주는게자외선차단이 제대로 된다고 해서 그렇게 하고 있답니다.​​​​​페이스뿐만 아니라 바디에도 발라야하는 자외선차단제이기때문에 넉넉한 용량에 더욱 마음에 드는 점은 발림성이 아주 우수하다는거에요.​일반 자외선차단제는 뻑뻑하고 눈시림도 있고, 백탁현상까지 있어서 남성분들은 더욱 더 안바르고 다녔었는데 보소드 필 소 굿 선 젤 은 기름기없는 썬크림,촉촉한썬크림추천 하기도 하는 데일리선크림 이랍니다 :)​남자선크림미백톤업끈적임없는 남성자외선차단제추천​​​​​남성용 제품은 여성피부보다 피지분비가 많아 번들거림이 심하기 때문에그런 점을 고려해서 수분공급과 피부진정을 위한 성분도 함께 들어있어요.오일리하지만 지성피부인 분들에게도 권해주는 이유는 지성이기때문에 건조하게만 지낸다면 주름이 많아지고 피부노화가 빠르게 오기때문이랍니다. 무작정 안바르는게 답이 아니에요 ^^;​​​​​레몬밤추출물 / 유칼립투스잎추출물 / 두송열매추출물​자연유래식물 추출성분이 남성피부의 예민함을 지켜주며이러한 천연식물추출물이 피부를 진정시키는데 도움이 된다고 해요.​​​​​늘 마음에 드는 보쏘드의 펌핑펌핑 :D​​​​수분감이 많아 끈적이지않는 BOSOD 필 쏘 굿 선 젤사용해보니 남자미백선크림 으로도 추천해주시면 좋을 것 같더라구요 ~펌핑형이라서 너무 깔끔하게 사용할 수 있어요 :)​​​​​1-3회 펌핑하고 결따라 바깥쪽으로 발라주시면 되구요.피부를 보호하려면 꼼꼼히 발라줘야하는데 선 젤이다보니 발림성이 좋아서 발리지않는 곳 없이 발리더라구요 :)​​​​기초케어 후에 촉촉하게 마무리하실수 있어요 !자외선차단지수가 SPF30. PA++ 이라서 매일 외부에서 일하시는 분들보다는사무실에서 일하시는분들에게 더 많이 추천하구요.​야외에 나가실 일이 있으면 계속해서 덧발라주면 된답니다.(밀림현상같은거 없어요 ^^)​​​​이 글은 위블을 통해 본 업체에서
제품 또는 서비스를 제공받아 작성된 글 입니다.

세
",10,0,4,256,0,0,7650.0,6,text_ad,2019. 6. 7. 21:48,2451,3153436,상품리뷰,0
11,https://blog.naver.com/heemk0731?Redirect=Log&logNo=222313644042,"​​​아이를 키우다보니 습도를 잘 맞추는 것이 중요하다는것을 또 한번 느끼는 계절이 왔어요 :)​오히려 겨울보다 요즘 더 건조해서 그런건지금새 또 콧물 킁킁 거리는 우리 아이입니다​적정한 습도를 유지시켜주라고 그게 좋다고 하셔서 소형가습기 장만했다지요​​​​​​사실 아이가 완전 어릴때는 큰 가습기로 썼었는데 그러다보니 물도 제때 안채워넣기도 하고 (통이 커서..) 또 그러다보니 청소도 귀찮고 그러니 결국 소형가습기로 바로 바로 하루 자는 밤에만 틀고 또 닦아서 또 채워넣고 쓸가습기가 더 좋겠더라고요 ~ ​​​​nko 컬러풀가습기​미니사이즈의 가습기에요 차량 컵홀더에 쏘옥들어가서핸드폰 충전기로 전원을 켤수있는 제품이라 건조한 차안에서도 유용하게 사용가능한 제품이라는 점! 큰 장점이죠?​​​​엔케이오 컬러풀 가습기​68 x 68 x 143mm의 미니사이즈무게는 120g의 귀여운 컬러풀가습기​​​​​요 작은 아이가 진짜 많은 역할을 하는데요 !​청소가 어렵기를 하나요? 노노 ~ 핸드폰 충전기선으로 전원 on/off가 가능한 제품이라 사무실에서 컴퓨터나 노트북에 꽂아서도 가능하고요 ~​조명까지 나와서 무드등기능까지 있다는 점.​​​​​​사용설명서가 함께 들어있고리필 필터도 들어있답니다.​​​​이렇게 보니까 텀블러같네요?​안전인증된 제품으로 안심하시고 사용하실수 있고요미끄럼방지패드가 제품 아래붙어있어서 미끄러지지않아요​열고 닫을때 물샘방지 고무가 있어서 혹시나 가습기가 쓰러졌을때 물이새지않는답니다 :)​​​​​​가습기를 간단하게 세척하고필터가 충분히 젖을때까지 기다려야만 물이 뿜뿜 나온답니다 ~ 왜 물이안나오지?????????????불량아니야? 라고 하시면 아니되어요.​(그건바로나?ㅋㅋㅋㅋㅋㅋ)​​​​USB선으로 간단하게!충전제품아니고 바로 다이렉트로 꽂아서 사용하시는거에요.​​​​​​침대위에 자리잡은 효..효..자? 효녀..? 컬러풀가습기입니다 :)​인형이랑 비교해봤을때도 미니미니하죠?​​​​컬러풀가습기는 최대 10시간 사용가능 (총 320ml)2단계 가습량 조절가능가능해요​1단계 : 연속분사모드 4시간(버튼을 짧게 한번)2단계 : 간격분사모드 10시간(버튼을 짧게 두번)​​​​전원버튼을 길~게 누르시면 조명모드라서 조명이 변경되더라고요 :)​​세척도 간편하고 조작방법도 어렵지않아요.​미니사이즈 컬러풀가습기는 작은 사이즈라서 휴대용으로 사용하기에 좋지만 대용량의 가습기처럼 10시간이나 사용가능한 제품이라 물을 자주 채워주지않아도 되는 장점이 있어요 :)​​차량용가습기 사무실가습기 가정용가습기전부 추천드립니다 ~​​​​​​​글은 블로그원평대을 동해 해당 업체에게
자 또느 서비스유언 솜자게작성된글 니다
",22,0,2,216,2,0,7650.0,14,text_ad,2021. 4. 17. 21:49,2451,3153436,상품리뷰,"['가습기 있음 좋더라구요ㅎㅎ', '듀니앰 희니님 블로그 눈팅하는 중인데\n블로그에 관심가는 글이 많네요 ⊙.⊙\n서로이웃으로 소식 듣고 싶어요 ㅎ']"
