,Post URL,Post,Image num,sticker num,gif num,Paragraph num,Comment num,Video num,weekly viewer mean,Sympathy num,AD,Posting Date,Buddy num,Total visit,Blog category,Comment detail
0,https://blog.naver.com/honbabber?Redirect=Log&logNo=222133065493,"지난 생일에 선물로 받은 아디코 DIY LED 무드등을 드디어 만들었기에 후기를 써보려고 한다ㅋㅋ친한 후배가 카카오 선물하기로 보내준 생일선물이었다배송지를 입력하면서도 이게 뭔지 몰라서ㅋㅋ그냥 귀엽네 라고 넘겼더랬지..ㅋㅋㅋ도착! 아디코 무드등은 철제 케이스안에 미니사이즈로 꾸미는 것인데 여러가지 버전들이 있었고, 내가 받은건 파리지앵이다ㅎㅎ박스를 열 때만 해도 호오 귀엽네? 정도의 안일한 생각을 가지고 있어씀ㅋㅋㅋㅋㅋ오픈샷오른쪽에 에펠탑이 그려져있는 철제 케이스가 무드등 전체 크기가 되시겠다.사진이라 와닿을려나 모르겠네ㅋㅋㅋ음 내 손바닥만한 사이즈였음^^...(참고로 손작은편)내부에 설명서가 들어있어서잘 따라하면되겠지 하고 설명서를 먼저 읽어본다응.. 영어로 되어있구나(이쯤되면 사실은 내가 후배한테 뭔가 잘못했나하고 합리적인 의심을 하게된닼ㅋㅋㅋㅋ HR아 사랑해)철제케이스 내부에 들어갈 침대나 테이블 같은걸 수도없이 계속 만들어 내야하는데설명서에는 굉장히 크게 표현되어 있다ㅋㅋㅋ그걸 실제로 찾아내면 동공지진ㅋㅋㅋㅋ엄지손톱만함..ㅋㅋㅋ그래서 중간에 만드는 과정은 사진으로 찍지못했다.. 왜냐면 멘붕상태였으므로ㅋㅋ​그래도 어찌저찌 완성샷:)다 만들고나니 뿌듯중간중간에 몇가지 소품은 그냥 생략했음..그래도 아빠와 둘이서 장장 4시간이 걸렸다 히^^​TIP1. LED등에 불이 잘켜지는지 확인을 먼저한다. (LED스위치를 바닥에 심기때문에 붙이고 나면 꺼낼수없음ㅋㅋ 그렇다는건 무드등 건전지가 다 닳고나면 다시 바꿀수없음.. 알고보면 1회용품이다)​2. 접착제가 생각보다 전혀 안붙는다. 그러니 떡칠한다는 생각으로 많~이 쓰고 오~~~~랫동안 방치시켜야 굳는다.. (뼈대를 이어서 30분가량 방치시켰는데도 똑떨어짐..^^)​3. 한번은 해볼만하다. 근데 딱 한번만!ㅋㅋㅋ(정말 좋아하는 후배의 선물이 아니었다면.. 중도포기했을듯)​4. 그래도 다 만들면 뿌듯하다. 무드등이라 가까이서 보면 허접하게 만들었어도 LED를 켜면 나름 예쁨:)​#아디코 #아디코무드등 #파리지앵 #아디코파리지앵 #카카오선물하기 #아디코DIY 
 
 
",14,0,0,183,4,0,390.0,4,,2020. 11. 2. 7:50,605,278938,일상·생각,"['어잌쿠...둘이서 그만큼의 시간이라니 고생하셨네요ㅎㅎㅎ 다음부터 후배한테 좀 잘해주세요^^(는 농담ㅎㅎㅎ)', 'ㅋㅋㅋㅋㅋ그러게용 감사합니다']"
