,Post URL,Post,Image num,sticker num,gif num,Paragraph num,Comment num,Video num,weekly viewer mean,Sympathy num,AD,Posting Date,Buddy num,Total visit,Blog category,Comment detail
0,https://blog.naver.com/honeypigmom_?Redirect=Log&logNo=222300033680,"친한 친구와 결혼기념일이 얼마차이 나지 않는데사실은 친구 결혼식때꿀맘이 폐렴이었어서참석을 못했던 ... 아주아주 두고두고 미안할일이 있었기에결혼기념일쯔음 되면 ㅋㅋㅋ 작은 선물이라도서로 챙기게 되는 아주 훈훈한 ㅋㅋㅋ 날이 된답니다절친은 절친이짐요 결혼기념일까지 서로 챙기다니 ! ㅋㅋ이번엔 뭔가 더 특별한게 없을까 고민하고 고민하다가기념일선물 벨커스 3D 무드등으로 준비했는데너무너무 좋아해줘서 꿀맘이 더 뿌듯했던선물후기에요짜잔이렇게 더스트백에 함께 오기때문에선물로 주기에도 너무 좋아요사실주문하고꿀맘이 더 두근두근 한건 안비밀 ㅋㅋㅋ사진을 3장을 보내면사진대로 3D로 프린팅이 된다고 해요언젠가 전자기기 파는곳에서 3D 프린터기를구경한적 있었는데 그때도 엄청 신기했었거든요기념일선물 벨커스 3D 무드등너무너무 기대되서 얼른 열어보았지요 ㅋㅋㅋ오오오 ?평상시에는 이렇게 흰색에 우드로 되어있는 깔끔한 디자인의 무드등인데가까이 보면 입체적으로 사진이 프린트 되어있어요기념일선물 벨커스 3D 무드등은불을 끄고 ~ 감상해야진가를 볼수있답니다USB 케이블이라서보조배터리나 스마트폰 충전기에 연결해서 사용할수있어서더욱 편리하구요윗면엔 각인문구도 새길수 있어서결혼기념이랑 친구네 부부 이름을 새겼지요 ㅋㅋㅋㅋ짜잔어때요분위기 미쳤다 리 ㅋㅋㅋㅋㅋㅋ우드베이스 받침에 LED 등을 사용해서인테리어소품으로 짱짱짱 ㅋㅋㅋㅋ한층 한층 적층해서 쌓여 프린팅 되는3D 프린팅 기술진짜 신기하더라구요빛이 들어가니사진처럼 ㅋㅋㅋ 진짜 너무너무 선명한거예요분위기봐용ㅋㅋㅋㅋ기념일선물 벨커스 3D 무드등진짜 성공적 ! 꿀맘이 더더더 신났어요 ㅋㅋㅋ결혼사진 은 바래거나 잘 안보게 되는데이렇게 무드등으로 만들어두니분위기도 살리고살리고 ~기념일에 특별한 선물로도 너무 좋네요인테리어 소품으로는 물론이고이렇게 무드등 켜고 도란도란 대화도 나누고분위기도 잡고 말이죠 ㅋㅋㅋ기념일선물 벨커스 3D 무드등특별한날 기념일에 선물하기 너무너무 잘했죠스스로 칭찬친구도 너무너무 만족하더라구요 정말 강추강추 합니다 !!:)​본 리뷰는 티블을 통해 받은 업체의 상품/서비스 외 별도의 대가 없이
건강한 리뷰문화를 만들기 위해 작성한 솔직한 리뷰입니다

606
 
 
 
",15,1,0,180,0,1,10090.6,1,text_ad,2021. 4. 6. 3:56,165,3019997,국내여행,0
1,https://blog.naver.com/honeypigmom_?Redirect=Log&logNo=222437459390,"요즘 SNS 에서도 핫한 악기죠바로 칼림바인데요특유의 도로롱 ~ 하는 하프같기도 하고실로폰 같기도 하고손가락으로 튕겨서 하는 연주가어렵지 않아서 아이들 사이에서도 쉽게 시작할수있는악기로 유명하다고 하죠칼림바추천 호미호비 카니칼림바꿀맘도 ~ 칼림바 힐링 ㅋㅋㅋ 하는중이랍니다고급진 박스포장에 파우치 안에 고급스러운 보관케이스까지 !칼림바추천 호미호비 카니칼림바선물할기도 너무 좋겠죠휴대하기도 좋은 탄탄한 케이스라서칼림바추천 호미호비 카니칼림바여행지 나 캠핑장에서도힐링 사운드 ~ 하기 너무 좋겠더라구요뭐 물론 ㅋㅋㅋ연습이 너무너무 필요한 칼린이 이지만요 ㅋㅋㅋ나무이기때문에 온도 습도 잘 맞춰서관리해줘야하는칼림바추천 호미호비 카니칼림바칼림바추천 호미호비 카니칼림바는최고급 음향목을 사용해서정확한 음정뿐만아니라 풍부한 울림까지아름다운 소리로 유명한칼림바추천 호미호비 카니칼림바 인데요칼림바추천 호미호비 카니칼림바는조율전문 담당자가직접 조율해서 출고해주시기 때문에받자마자 아름다운 소리를 들으면서 연주가 가능해요칼림바추천 호미호비 카니칼림바는통원목을 가공해서 제작하는데요칼림바는 99%가 나무로 구성이 된 악기로가장 중요한 재료가 나무라고 해요카니는 높은 등급의 음향목을 사용해서소리의 깊이가 다르다고 해요​함께온 설명서에는 조율하는법과기초 칼림바 연주하는법까지알차게 담겨있더라구요​칼림바추천 호미호비 카니칼림바는1년이내 갈라짐 발생시 1회 동일 모델 보상해준다고 해요사운드홀은 소리진동을 위해서 사용되는 구멍인데요O 모양 D 모양 F 모양세가지 모양을 사용해소리가 골고루 퍼지게 하는 역할을 한다고 해요꿀맘의 칼림바추천 호미호비 카니칼림바는O 모양이네요 ㅋㅋ어쿠스틱칼림바 인 칼림바추천 호미호비 카니칼림바요게 바로 꿀맘꺼인데요이외에도플레이칼림바 아크릴 칼림바 가 있는데3가지 음역대와 2가지의 다양한음색이바디재질이나 색상에 따라 다 다르다고 해요꿀맘은 ㅋㅋㅋ 아주아주 초보이므로브람스의 자장가를 한음한음 쳐봤어요 ㅋㅋㅋ연주를 하면서 힐링되는 기분 ~소리가 너무 아름답고 신비로워서힐링되는 취미로 단연 최고인것 같아요열심히 연습해서아이와도 함께 합주하는 그날까지 쭈욱~~~ 열심히 연습해보려구요​​ 
 
",29,2,0,187,0,1,10090.6,3,,2021. 7. 19. 22:30,165,3019997,국내여행,0
2,https://blog.naver.com/honeypigmom_?Redirect=Log&logNo=222451304385,얼마전 꿀돼지랑 기흥의 아이뮤지엄 마리앙티스전 을관람하고그 전시회를 통해서 직접 만들어본작품이예요짜잔 ㅋㅋ너무그럴싸 하죠 ㅋㅋ아이가 너무너무 뿌듯해하면서 직접 집안에전시도 해두었는데요시간이 지나고 아이의 작품이 낡거나 빛바래지는게안타까워서 사진으로 많이 남기는 편이긴 한데요이번엔좀더 특별하게 ~아이의 작품을 보관해주는 ㅋㅋ 방법을 택해봤어요바로 맞춤우산으로 만들어줬어요 !아이작품을 우산으로 맞춤제작 우정양산 에서 제작한 후기 랍니다아이의 그림뿐만아니라사진이나 직접 일러스트 디자인등등우산으로 디자인하고 싶은 디자인을 선정하고이미지를 전달하면디자이너 님이 이미지를 컴퓨터로편집해서우산에 맞는 패턴으로 ~ 디자인해주신답니다처음해보는 작업인지라 ㅋㅋ꿀돼지의 의견이 100% 반영된 이번 작품 ~색상변경부터 그림의 배치까지도꽤나 귀찮게 해드린것 같아서 죄송했는데 ㅠ너무너무 친절하게 대해주셔서 너무너무 감사했다능 ㅋㅋ기다리고 기다리고 ~~으으으떨렸던 택배 받던 그순간 !!!​요즘은 비가 안오는데뜨거운 햇빛을 피하는 용도로도 쓸수있는아이작품을 우산으로 맞춤제작 우정양산 에서 제작하고드디어 펼쳐보러 나갔어요 ㅋㅋㅋ깔끔한 비닐포장에 안전배송까지꼼꼼하게 해주셔서 너무너무 감사했어요자외선차단과 초발수 코팅작업까지 되는아이작품을 우산으로 맞춤제작 우정양산 의 맞춤우산한번 펼쳐볼게요 ~~~...​촤라락 ~~세상에 ㅋㅋㅋㅋ대박이죠 ㅋㅋㅋ우정양산만의 최신기술인 초정밀 레이져 커팅기로우산폭을 정교하게 재단해재단된 원단을 전문 엔지니어가 깔끔하게 봉제한다고 해요약7단계의 꼼꼼한 공정과정을 통해완성된아이작품을 우산으로 맞춤제작 !! 우정양산에서하길 너무너무 잘했죠 ㅋㅋㅋ아이의 그림이나 사진이 우산작품이 되니꿀돼지 너무너무 신났어요세상에 단하나뿐인아이의 작품 !!!아이작품을 우산으로 맞춤제작 우정양산 에서 제작했는데요옆집 친구엄마도 우와 진짜 어떻게 이렇게제작할 생각을 했냐면서감탄에 감탄을 ㅋㅋㅋ아이작품을 우산으로 맞춤제작 우정양산 은 직접 제작하고 맞춤제작 뿐만아니라 행사 판촉물도 제작한다고 해요디자인과 학생들이 졸업작품으로도 많이 사용한다고 하더라구요아이의 작품으로의미 있고 뜻깊은 선물 ~ 해보세요아이의 어깨가 으쓱으쓱 하네요​:)​,16,0,0,190,1,1,10090.6,2,,2021. 7. 30. 21:30,165,3019997,국내여행,['잘봤어요ㅎㅎ 구경하다갑니다 한주 즐겁게 보내시고 코로나 조심하시길 바래요ㅠㅠ']
3,https://blog.naver.com/honeypigmom_?Redirect=Log&logNo=222389156944,"이젠 외출하면 어우 더워더워 ~손채질 하는 계절이 왔는데요손선풍기를 사용한적 있는데요휴대폰까지 들고있고 여름옷은 주머니가 또 없는 경우도 있어서더 불편하더라구요두손이 자유로워지는!!넥밴드 휴대용선풍기 아이리버 DF-006 소개해볼게요 !고급스러운 박스 패키지라서선물하기도 좋은 넥밴드 휴대용선풍기 아이리버 DF-006 다가오는 여름 ~ 에 딱 ! 인 선물이겠죠디자인도 너무너무 예쁘죠날개가 없으니까 더더욱 좋은넥밴드 휴대용선풍기 아이리버 DF-006 ​특히나 사람들 많이 타는 대중교통에서두손이 자유로운 넥밴드 휴대용선풍기 아이리버 DF-006 빛을 발하는 편한 선풍기 !출퇴근길에 너무너무 좋구요캠핑가서도 !! 언제 어디서나 ~목에 착 ! 걸어주면시원~하게 바람을 즐길수있어요 !!!PCM 보호회로가 탑재됭있어서과충전 과방전 과전압 쇼트방지가가능하도록 보호회로가 들어가있어서배터리 성능보호와 안전성을 확보해준다고 해요드럼통 디자인의 듀얼 터빈 팬을 탑재해바람을 빨아들여서 순식간에 방추하는 기술로 작지만강력한 풍속을 자랑하는넥밴드 휴대용선풍기 아이리버 DF-006 !두개의 팬이 좌우에서 동시에 바람을 발산해각각의 방출구 각도를 미세하게다르도록 설계되어있다고 해요!!3단계 바람조절도 가능하구요!대용량 리튬폴리머 배터리를 탑재했다고 해요듀얼팬이 파노라마커튼바람으로 시원함도 두배로 !!진짜 시원한넥밴드 휴대용선풍기 아이리버 DF-006 목뒤에 걸어주니스타일리쉬~~ 하고 시원~~하고너무 좋더라구요브러시리스 모터를 탑재해작동소음을 최소화한 넥밴드 휴대용선풍기 아이리버 DF-006 !머리카락이 말려들어가지 않는 세이프티 디자인을 적용해긴머리카락도 빨려들어가지 않도록선풍기 날개 후면 그릴이 없는 디자인이라서안전하게 사용할수있는넥밴드 휴대용선풍기 아이리버 DF-006 넥밴드 휴대용선풍기 아이리버 DF-006 는바람의 방향을 자유롭게 조절할수있도록자유롭게 변형이 가능한 블렉시블 밴드로가방에 걸어둘수도 있고 좌우 목 얼굴까지다양한 부위까지 ~~ 시원~~ 해질수있어서 좋아요 !넥밴드 휴대용선풍기 아이리버 DF-006  !이번여름 필수품 ~~ 이네요!​ 

얼체로부터 상품(서비스)만 제공받아 작성한 실제 후기임니다.
\. ^닉
",27,1,0,185,0,1,10090.8,1,text_ad,2021. 6. 8. 3:01,165,3019998,국내여행,0
4,https://blog.naver.com/honeypigmom_?Redirect=Log&logNo=222355161205,"요몇일 비가 계속 오네요비가 그치고 나면 쨍쨍 ~ 이제 더워질 날만 남았나봐요여름대비 ~ !! 휴대용 선풍기 추천 앱스토리 핸디선풍기 로짱짱하게 하고 있는 꿀맘입니다​휴대용 선풍기 추천 앱스토리 핸디선풍기는저소음 모터 장착으로 소움이 적어서꿀맘스타~일 ㅋㅋㅋ가끔 소음 큰 휴대용 선풍기는그 소음에 멍...해질때도 있거든요 흑파랑파랑 ~ 시원한 색상의 날개 디자인이보기만해도 청량감이 느껴지구요 ㅋㅋㅋ무선 충전 크래들이 있어서거치와 함께 동시에 충전을 할수있는 휴대용 선풍기 추천 앱스토리 핸디선풍기넘어질 걱정없고 바로바로 충전까지 되니까사무실에서 사용하기도 너무 좋아요 ㅋㅋLED 로 배터리 잔량까지 알수있구요 !4400mAh 대용량 배터리를 탑재해서 최대 22시간동안사용이 가능한휴대용 선풍기 추천 앱스토리 핸디선풍기출근부터 퇴근까지 시원~~ 하게 ㅋㅋㅋ사용할수있는 내손안의 써큘레이터 ~헤드와 분리해서 고속충전 배터리로도 활용할수있어요대박브러쉬가 없는 디자인으로마찰이 없어서 초고속 회전이 가능해서강력한 바람은 물론이고소음이 없어요마찰로 인한 모터의 마모가 적어서긴수명까지 !!1단은 자연풍2단 미풍3단 약풍4단 강풍이에요 ㅋㅋㅋ세상에휴대용 선풍기에 자연풍 되는 기능처음봐유 ㅋㅋㅋ3초동안나오다가 2초동안 멈췄다가 반복해요​거치대에 꽂아두고 수면중에도 부담없이쓸수있는 휴대용 선풍기 추천 앱스토리 핸디선풍기아이들 키우는 집에서도 요거 아주 좋아요4엽 나선형의 날개가멀~~ 리까지 바람이 도달해주니까미니 써큘레이터로 기능을 톡톡히 하는휴대용 선풍기 추천 앱스토리 핸디선풍기촘촘한 그릴이아이가 갖고있어도 손가락 끼임걱정이 덜하니까안전하게 쓸수있어서 좋은 휴대용 선풍기 추천 앱스토리 핸디선풍기는 분리도 되어서깨끗하고 위생적으로 쓸수있어요 !!​핸디선풍기로 쓰다가 ~ 보조배터리가 고속충전까지 되니까스마트기기 까지 충전걱정없는 멀티한 꿀템이에요 ㅋㅋ깊고 두꺼운 나선형 날개의 디자이은더많은 양의 바람이 풍성하게 나오니까시원~~ 하게 ㅋㅋ 가벼워서 손목에 부담도 없고 !올여름 더위걱정 ...벌써 덥네 ~ 하시죠캠핑 가서도 ! 꿀템이에요 요거휴대용 선풍기 추천 앱스토리 핸디선풍기 있으니까 !!걱정없어요 ㅋㅋㅋ​ 

얼체로부터 상품(서비스)만 제공받아 작성한 실제 후기임니다.
",23,0,0,205,0,1,10090.8,1,text_ad,2021. 5. 17. 23:17,165,3019998,국내여행,0
5,https://blog.naver.com/honeypigmom_?Redirect=Log&logNo=222406463222,"조카가 벌써 어린이집 갈 준비를 한대요 글쎄세상에?언제 이렇게 컸지?아이들 크는 속도 정말 빠르네요특히나 내아이보다 남의아이가 더 빨리는 크는것 같은느낌적인 느낌 ㅋㅋㅋ어린이집 이제 가려면하나하나 준비해야하니이 이모가 쎈스있는 선물준비했어요바로어린이집파우치 추천 스타템 친환경파우치 인데요 !꿀돼지때 정말 잘썼는데이번에 리뉴얼 되었다고 하더라구요오 더좋아졌는데?어머나도깨비 ㅋㅋ 인형 사은품까지 감솨해요 ㅋㅋ​어린이집 아이 입소 준비하려면정말 정신없는데요여벌옷... 수건.. 칫솔치약..그리고 비상약에 ㅋㅋ어휴 ㅋㅋ지퍼백에 봉투봉투 담아보내면찢어지고 없어지고 열기불편하고 ... 힘들어요이젠깔끔하게어린이집파우치 추천 스타템 친환경파우치에쏙쏙 넣어 보내주세요 ㅋㅋ알콜솜도 센스있게 보내주셨더라구요한번씩 닦아서아이물건 담을 파우치니까깔끔하게 정돈했어요 ㅋㅋ어린이집파우치 추천 스타템 친환경파우치는지퍼백 형식으로 쉽게 여닫을수있게 생겼어요입구쪽에 한쪽이 더 길게 제작이 되어서아이도 스스로 열수있는 지퍼백 구조구요​넓~직 하죠 ㅋㅋㅋ지퍼 고리가 달려있으면아이들은 힘조절을 잘 못해서쑥 빠지거나 찢어지기 일쑤였는데어린이집파우치 추천 스타템 친환경파우치는지퍼고리가 없으니까그럴걱정이 없어요 !그리고 저번버전보다 더더더소재가 부드러워졌더라구요​우리아이 입는 옷 물건 들 담아내는 파우치인 만큼성분 ! 정말 꼼꼼하게 따져봐야죠 !!어린이집파우치 추천 스타템 친환경파우치는친환경 인증을 받은 PVC 원단으로 제작되었어요 !믿고 쓸수있겠죠 ㅋㅋ어쩜 이리도 하나하나 찰떡같이 사이즈가 딱인지우와...넣으면서도 대박대박 했답니다 ㅋㅋㅋ그리고어린이집파우치 추천 스타템 친환경파우치는겉표면에 ㅋㅋㅋ 아이가 좋아하는 이모티콘 캐릭터들이 ㅋㅋ빙그레 웃음짓게 해주더라구요 ㅋㅋ짠어때요퀄리티 장난아니쥬 ㅋㅋㅋㅋ반투명 재질이라서 안쪽 내용물 확인이 되니까아이가 스스로 물건을 찾기도 쉽고선생님도 찾으시기 편해요이름 쓰는 란도 넓직해서우리아이 이름 크게크게 써주세요 ㅋㅋ바닥면이 입체적으로 되어있어서물건도 넉넉하게 들어가구요어린이집파우치 추천 스타템 친환경파우치동생것 준비하면서꿀돼지도 줬는데꿀돼지도 익숙한듯이물건 정리해서 가방에 넣더라구요 ㅋㅋㅋ​때가 잘 타지 않는 소재라서오염물이 묻어도 툭 ~물티슈로 간편하게 닦아주면 되니까관리하기도 쉬운어린이집파우치 추천 스타템 친환경파우치에요 !여벌옷부터 식판 칫솔치약 비상약까지깔끔하게 정리되니까가방속도 정리가 착착착 !! 어린이집파우치 추천 스타템 친환경파우치로사이즈별로 완전 딱이네요 세상 깔끔:)어린이집 입소 선물로도 좋은어린이집파우치 추천 스타템 친환경파우치추천해요 !​ 
 
 
",34,2,0,220,0,1,10090.8,1,,2021. 6. 22. 16:55,165,3019998,국내여행,0
6,https://blog.naver.com/honeypigmom_?Redirect=Log&logNo=222309081269,"꿀돼지가 워낙 단걸 좋아하는 편이기도 하고치과를 정기적으로 다니는데 아이전용 전동칫솔이 좋다고 해서 준비해준적이 있는데꿀파파를 못챙겼 ....아이 챙기느라 남편은 뒷전.... ㅋㅋㅋㅋㅋㅋ워낙 잇몸이 약한 편이라서양치할때마다 괴로움을 토로하곤했던 신랑인데너무 늦긴했지만 그래도 좋은걸로 준비해줬지요 ㅋㅋ가벼운전동칫솔 바비온 퓨어슬림 음파 전동칫솔선물했답니다결과는 성공적 !포장도 엄청 꼼꼼하게 되어있더라구요신경쓴 티가 팍팍나요선물하기도 너무 좋은가벼운전동칫솔 바비온 퓨어슬림 음파 전동칫솔본품 충전기 칫솔모도 두가지 이구요케이스까지 우와구성이 진짜 너무 좋더라구요특히나 출장이나 여행갈때 좋은가벼운전동칫솔 바비온 퓨어슬림 음파 전동칫솔 케이스까지있어서 너무 좋아요완충하면 최대 30일에서 45일간 사용이가능하다고 해요우아칫솔모 보호캡까지 들어있어서위생적으로 보관할수있어서사무실에서 사용할수도 있구요무선이다보니 편하게 사용할수있는가벼운전동칫솔 바비온 퓨어슬림 음파 전동칫솔브러시와 본체사이가 1mm쯤유격 이 되어있는데본체로 전달되는 진동을 최소화시키기 위한디자인이라고 해요섬세한 디자인 칭찬해 ㅋㅋㅋ설명서 보관하기​​강력한 음파진동을 안정적으로 발생시키는고품질 음파진동모터를 사용한가벼운전동칫솔 바비온 퓨어슬림 음파 전동칫솔프라그제거에도 좋다고해요신랑에게 얼른 사용해보라며 ㅋㅋㅋ가벼운전동칫솔 바비온 퓨어슬림 음파 전동칫솔을내밀었지요 ㅋㅋㅋ첫반응은?우와 진짜 가볍네 ! 였어요 ㅋㅋ워낙에 다른 타사제품을 써왔던지라가벼운전동칫솔 바비온 퓨어슬림 음파 전동칫솔이정말 가볍고 좋다고 하더라구요칫솔모가 두가지가 들어있는데파워클린과 이지소프트 두가지중본인의 치아상태에 따라서 선택할수있구요칫솔모 블루존이 탈색되면 교체시기가 된거예요​클린 화이트 센시티브 마사지 검케어이렇게 5가지의 클리닝 모션이 있고이지스타트 기능으로 처음사용할때 진동강도가 점차적으로 올라가기 때문에 튀거나 떨어짐을 방지해줘요섬세하다 진짜 ㅋㅋㅋㅋ진동 칫솔 사용해보신분들 치약 몇번.. 떨어뜨려보셨죠가벼운전동칫솔 바비온 퓨어슬림 음파 전동칫솔의이지스타트기능 감동이에요 ㅋㅋㅋ2분동안 작동하고 30초마다 알려주니까4구획으로 나눠서 좀더 꼼꼼하게양치를 할수있더라구요​IPX7 등급 방수까지 되니까물세척으로 깔끔하고 위생적으로 관리할수있구요가벼운전동칫솔 바비온 퓨어슬림 음파 전동칫솔가볍고 개운해서신랑도 합격 ! 이래요 ㅋㅋㅋ #음파전동칫솔 #전동칫솔 #음파칫솔 #치석제거 #플라그제거 #양치 #치아관리 #치아건강 #입속건강 #건치 #화이트닝 #입냄새제거 #바비온 #바비온 터치슬림 #퍼펙트케어 #바비온퍼펙트케어 #가벼운전동칫솔 #전동칫솔추천​ 
 
 
",34,1,0,210,0,1,10091.0,1,revu,2021. 4. 14. 6:00,165,3019999,국내여행,0
7,https://blog.naver.com/honeypigmom_?Redirect=Log&logNo=222450462079,"집에 있는 시간이 길어진 우리아이들매 끼니 챙기느랴간식까지 챙기느랴어머님들 수고가 많으시쥬이젠아이반찬도 아이간식 도 쉽게 ~ 맛있게 !아이간식 하이포크 키트 맛의 레전드 삼총사 에어프라이어로 맛있게 !해주자구요이제 아이들 방학도 시작되고뒤돌면 배고플 우리아이들 ㅋㅋㅋ맛있는 간식 간편하게 챙겨줄수있어요​고기듬뿍 미니핫도그 , 블랙꼬꼬 닭갈정, 통살통통 안심돈강정이렇게 ~~하이포크 키트의맛의 레전드 3총사로 ~우리집 꿀돼지 간식을 책임졌어요 ㅋㅋㅋㅋ흐흐흐우리집 냉동실에아이간식 하이포크 키트 맛의 레전드 삼총사 가 있으니이렇게 든든할수가 ㅋㅋㅋ잔뜩 쟁여둬야겠어요 ㅋㅋㅋ아이간식 하이포크 키트 맛의 레전드 삼총사 는국내산원료를 사용한 제품이라서아이들 간식으로도 반찬으로도걱정없이 안심하고 줄수있는 먹거리예요 ㅋㅋ아이간식 하이포크 키트 맛의 레전드 삼총사 !에어프라이어로 간편하게 조리할수있으니까~종이호일깔고 180도에서 15분 정도 조리해주었어요 ㅋㅋ국내산 돼지고기안심을 사용한 안심 돈강정은한입크기라서 입에 쏙쏙 들어가니까반찬으로 주기도 좋더라구요블랙꼬꼬 닭강정은 정말 까만 튀김옷이특이했는데요요거 아주 별미에요 ㅋㅋㅋ하루세끼 밥챙기고 반찬하고 뒤돌면 설겆이..하고앉으려고 보면또 밥 챙겨야할때..그러다보니솔직히 하루종일 엄마 간식은 커녕밥도 못챙겨먹을때도 많잖아요이젠아이와 함께아이간식 하이포크 키트 맛의 레전드 삼총사 !맛있게 ~ 함께 간식타임 즐기자구요 ㅋㅋㅋ아이 간식 챙겨주면서 엄마도 ~ 간식 타임 ㅋㅋㅋ간식으로도 좋고저녁에 아이 재워두고신랑과 맥주 한잔 하면서안주로도 딱좋은아이간식 하이포크 키트 맛의 레전드 삼총사 !!블랙꼬꼬 닭강정은 갑오징어 먹물을 사용했다고 해요약간 매콤~ 하면서 끝없이 들어가는 매력적인맛 ㅋㅋ화학첨가물이 무첨가라서안심하고 먹을수있어요 !!귀여운 사이즈의 고기듬뿍 핫도그 !!특히나 아이들은 핫도그 너무너무 좋아하잖아요​국내산 돼지고기가 91.45%나 듬뿍 들어간비엔나 소시지에6가지 첨가물이 빠져있어서안심하고 먹을수있답니다건조 빵가루, 생빵가루,타피오카 전분이 들어있어서쫄깃함이 남다른고기듬뿍 미니핫도그HACCP 인증 시설에서 만들어져믿음이 가는 아이간식 하이포크 키트 맛의 레전드 삼총사떡볶이 소스에 풍덩 담가먹으니또 꿀맛 ㅋㅋㅋㅋㅋ아이들 간식으로도엄마 간식으로도 ㅋㅋㅋㅋㅋㅋㅋㅋㅋ너무너무 좋은아이간식 하이포크 키트 맛의 레전드 삼총사 !!슬기로운 집콕생활 ~ 간식도 맛잇게 간편하게 챙겨먹어요 !#미니핫도그 #돈강정 #닭강정 #간식추천 #냉동식품 #술안주 #아이간식 #아이반찬 #에어프라이어어 #원격수업 #거리두기4단계 #여름방학 #홈쿡 #하이포크키트 ​804
잘앨어~ ~

 
잘앨어~ ~

 
",21,2,0,230,0,1,10091.2,1,,2021. 7. 30. 4:59,165,3020000,국내여행,0
8,https://blog.naver.com/honeypigmom_?Redirect=Log&logNo=222362976814,"슬기로운 집콕 생활을 하는 꿀맘입니다:)집콕 ~ 하면서하루세끼에 하루두어번 간식까지...진짜 최선을 다했건만여전히 간식... 까지 챙기는게어렵더라구요그래~ 서 ㅋㅋㅋ요새 SNS 에서도 핫한에어프라이어 군밤 푸룻하이브 냉동 약단밤 !흐흐흐진짜 영양간식으로 굿굿굿 대박 맛있어요 !아이스포장으로 뽁뽁이까지 !꼼꼼한 포장에 한번더 감동:)1kg 씩 소분되어 포장되어있구요꽤 넉넉한 양이라서엄청 오랫동안 먹을수있어서 좋아요 !!겨울 간식으로도 좋은 군밤 !!하지만 껍질까다가 손끝에 밤껍질좀 끼어본...흐학..ㅜ진짜 아프잖아요하지만에어프라이어 군밤 푸룻하이브 냉동 약단밤 은껍질이 다까져 있어서엄청 엄청 간편하게 먹을수있어요 !!에어프라이어 군밤 푸룻하이브 냉동 약단밤은엄선된 밤을 잘 구워서 껍질을 벗긴뒤에급속 냉동했다고 해요 !!에어프라이어나 전자렌지에 돌리면끝:)대박이쥬맛도 대박인 에어프라이어 군밤 푸룻하이브 냉동 약단밤고소~~ 한 영양간식에어프라이어 군밤 푸룻하이브 냉동 약단밤꿀맛이예요 ㅋㅋㅋ동글동글 ~~ 밤 모양 그대~ 로 ㅋㅋ맛과 풍미도 그대로 !에어프라이어 군밤 푸룻하이브 냉동 약단밤진짜 맛있답니다 ㅋㅋㅋ에어프라이어 군밤 푸룻하이브 냉동 약단밤 !에어프라이어에 간단하게 돌려서 먹기도 좋구요아이들 간식으로도 굿굿 !!​각종 베이킹이나 삼계탕에 넣어먹기도 좋구요밤잼 이나 밤스프레드 만들기도 좋아요 !!​​잘앨어~ ~

 
잘앨어~ ~

 
잘앨어~ ~

 
",15,1,0,126,1,1,10091.2,3,revu,2021. 5. 23. 21:30,165,3020000,국내여행,['군밤 해동후 우유에 믹스해서 쉐이크로 잘 해먹어요.ㅋㅋ달달하니 맛나요^^~']
9,https://blog.naver.com/honeypigmom_?Redirect=Log&logNo=222264892544,"20210304앙금을 만들고 남은 흰자로 휘낭시에를 만들다가 욕심에 흰자가 더필요해서그래서 남게된 노른자...................결국 노른자도 아까우니까 베이킹하루종일 빵굽굽굽꼼지락걸 님 레시피크랙쿠키만들기과연 내과자도 예쁘게 크랙이 갈까?계속 의심하고 고민하고 구워지는 순간 희열이 느껴지는크랙쿠키만들기흐흐흐버터 150 설탕180 노른자3개 소금적당량 바닐라오일​반으로 나눠서​1 기본 박력분100 아몬드가루50 베이킹소다2 베이킹파우더5​2 초코박력분100 아몬드가루50 베이킹소다2 베이킹파우더5 초코파우더20(더넣었어야해.......)​밀가루넣다가 쏟아서2번은 사실 얼마가 들어간지 모르겠지만아마 더들어간듯한 반죽의 양 ㅋㅋㅋㅋㅋㅋㅋㅋㅋㅋㅋㅋㅋ​버터를 말랑하게 하랬는데나의 귀찮음이 전자렌지에 너무 돌려버림 어쩔수없지뭐설탕넣고 대충섞기​대충대충 섞어서돌돌 말아서 냉장고에서 30분대충 잘라서 동그랗게 말아서 살짝 눌러주고수저로 가운데 눌러주기구워진다..................대박진짜 갈라진다 쩍쩍대박신기해 ㅋㅋㅋㅋㅋㅋㅋ붙.......지마....메론빵같기도 하고 ㅋㅋㅋ​돌려가며 구워주기남은반죽 알뜰하게 ㅋㅋ 다 구워주기​오븐갖고싶어지는 요즘베이킹 배우고싶은 요즘빵집하고 싶어서 신랑이랑 계산기두드려본.......난 안되겠다 머리아파빵집하고싶다............제대로 배워서제대로..아까 마들렌만 포장했는데다넣어야지골고루 ㅋㅋㅋㅋㅋㅋ자기야 자기껄 이쁘게 하고김과장님을 지퍼백에 드려야하는거 아니야?뭔가 바꼈네 했더니잘보여야하잖아 ㅋㅋㅋㅋ란다그래 맛있게 먹기만 하믄 대지뭐하나 집어가서 먹는 아들맛있다는소리에 나도 한입 신랑도 한입맛있다:)그럼됬지뭐 ㅋㅋ첫째도 계랑 둘째도 계량 이지만오늘은 성공적ㅋㅋㅋㅋㅋㅋㅋㅋㅋㅋㅋㅋㅋㅋ​ 
 
 
",14,2,0,119,0,0,10091.2,1,,2021. 3. 5. 3:29,165,3020000,국내여행,0
10,https://blog.naver.com/honeypigmom_?Redirect=Log&logNo=222264889805,"20210304오늘 왜그랬지앙금만드느라 어깨가 분명 아픈데남은 흰자를 보니 아까워서흰자베이킹 으로 검색을 하고체리사랑님 레시피를 인용나도 휘낭시에를 해보겠다며그렇지만 나는 얼마전 구입한 마들렌틀이 있으니까뭐............해보자​버터 200 박력분100 아몬드가루100 계란흰자200 설탕100 꿀20 소금4 바닐라오일개시했다 크크코스트코 버터 개시하기칼로 딱 잘랐는데 딱 100 와......이런거에 재미느끼는 나도 참ㅋㅋㅋ​버터 끓이기많이 색이 변하기전 꺼주었는데도탄 가루가 많았다계란흰자는 거품 좀 생길때까지 쉐킷바닐라오일 산거 개시하기향이 좋아서 킁킁가루 체쳐서 넣고 섞어주기체치는거 너무너무 귀찮은데섞고나면 되게 잘섞임탄버터 ....... 체에 내렸는데도 가루가 보여서망했나......싶었는데짤주머니에 넣고 틀에 넣고 구우기180도 20분으하하하하하진짜 대박 맛있져...........​휘낭시에 레시피이지만나는 마들렌 틀에 구웠으니까 ㅋㅋㅋㅋ​신랑 도시락 이랑 김과장님 선물용이랑포장까지 끝내고세상 뿌듯함 ㅋㅋㅋㅋㅋㅋㅋ여지껏 만든거중에 일위인듯바삭 쫀득하기까지 ㅋㅋㅋ 대박맛나:)​​여기서 끝냈어야해.....여기서....​괜히 욕심부려서 흰자 더했다..그러니 자연스레 계란노른자가 3개가 남....았다그래서노른자베이킹을 하기로...크랙쿠키「&
22 ~
잘앨어~ ~

 
 
 
",9,2,0,98,0,0,10091.2,0,,2021. 3. 5. 3:19,165,3020000,국내여행,0
11,https://blog.naver.com/honeypigmom_?Redirect=Log&logNo=222264881847,"20210303흰강낭콩 앙금만들기간단한데 어려운 특이한 레시피껍질까는게 다 인 레시피흰강낭콩 불려서 껍질하나하나 까서갈아서 삶으면서 설탕넣으면 끝구리볼만들기앙금200 아몬드가루100 꿀대충우유대충 노른자2개​해야겠다는 생각이 들면 해야만 직성이 풀리는...언제까지 이럴런지냉동실에 있는 흰강낭콩을남은 분량을 모두 스뎅볼에 부을때 직감했다후회할것을그래도 우린 세식구잖아사람이 셋손은 여섯그래도 한시간이 족히 걸린흰강낭콩 불려서껍질까기삶고 갈아야 하나 한참이나 고민했지만갈고 삶기로.....사방에 튀고 난리......앙금다워질때 설탕을 넣어줌소금도 약간.다 계획은이것이었다구리볼 만들기너무 먹고 싶었는데나는.......평생을 구리볼은 밤빵인줄 알고 살았다그게 콩일줄이야........​​욕심이 과했다손이 큰건가​앙금이 저만큼이 또 있어서 냉동실행​거의 200 이라서 아몬드가루 100노른자만 두개우유 대충꿀도 넣기​​야무지고잘한다훗함께 짜낸 ㅋㅋ 앙금꽤 그럴듯해서다음 판은색소 넣기​녹차가루(라떼)물에 개어 넣으니좀 묽어졌다오모양이 그럴싸한데덜달아서인지그 빵집 맛이 아닌데맛은 있고일단 꿀돼지가 너무 잘먹으니 뭐 합격그 맛이 나려면 어찌해야하지 ?​ 
 
 
",22,2,0,93,1,0,10091.2,3,,2021. 3. 5. 2:52,165,3020000,국내여행,['우와 괜찮은데요 저도 한 번 해봐야겠어요!!!']
12,https://blog.naver.com/honeypigmom_?Redirect=Log&logNo=222252241467,"아이들이 참 좋아하는 돈까스 !꿀돼지도 참 좋아하는데요 ㅋㅋㅋ에어프라이어에 쏙 ! 넣으면돈까스 전문점 못지않은 우리집이 돈까스맛집으로 변신하는 !에어프라이어돈까스 문천식돈까스소개해볼게요 !앗 개그맨 문천식 씨 네요 ㅋㅋㅋ문천식씨를 알면... 연배가 나오나요꿀맘도 어느덧......하하에어프라이어돈까스 문천식돈까스는국내산 냉장 통등심을 천연재료와 올리브유로 숙성시켜서튀긴후에 구워서 나온 프리미엄 수제돈까스랍니다 !패키지도 예뻐서 ㅋㅋ우와~~ 이쁘다 ㅋㅋ이쁜 돈까스라니 ㅋㅋ종이호일깔고에어프라이어돈까스 문천식돈까스넣고에어프라이어에 180도에서 10분 굽고뒤집에서 5분 돌려주면끝:)대박쉽다요치즈파인 꿀돼지를 위해에어프라이어돈까스 문천식돈까스 치즈돈까스로 준비했는데요​파인애플소스와 클래식소스 토마토매콤소스까지 !소스도 다양해서맛별로 맛있게 다양하게 즐길수있답니다흐흐흐흐손꼽아 기다려온대망의 절단식이 있겠습니다아아아~~~!!치즈와 고기의 육즙이 사롸~있는에어프라이어돈까스 문천식돈까스주우우욱~~치즈와.....와.......장난아니쥬풍성해요 주욱~~ㅋㅋㅋ에어프라이어돈까스 문천식돈까스는믿을수있는 건강한 농산물을 원료로 재료를 아끼지 않고정성을 담아낸 돈가스랍니다 !분쇄육 돈까스와는 차원이 다른통등심 !! 그것도 국내산 !!!꽃사과효소등 건강한 재료로 20시간 이상 고유비법으로 숙성시킨에어프라이어돈까스 문천식돈까스 !!바삭~~ 하게 튀기고한번더 구워서 진짜 바삭해요두툼두툼하고 소스도 3가지라서 원하는 맛으로 ! 골라먹는 재미가 있는에어프라이어돈까스 문천식돈까스는합성보존료도 들어있지 않아서아이들 반찬으로도 안심하고 줄수있어서 너무 좋아요 !꿀돼지도 냠냠냠 ㅋㅋㅋ에어프라이어돈까스 문천식돈까스덕에오늘 저녁 상차림이 풍성해졌어요 ㅋㅋㅋ우리집이 돈까스 맛집이에요 !​​ 

얼체로부터 상품(서비스)만 제공받아 작성한 실제 후기임니다.
끼
 
 
 
",26,1,0,128,0,1,10091.2,1,text_ad,2021. 2. 22. 12:53,165,3020000,국내여행,0
13,https://blog.naver.com/honeypigmom_?Redirect=Log&logNo=222243339555,"흐흐흐흐......칭찬을 해야해 오늘은 꼭 기록해야겠다​전날 치아바타 반죽을 해두고 잤는데너무맛있었........우쥬레더 님의 레시피로성공적 ㅋㅋㅋ강력분200 이스트1 소금3 설탕10 물150 해야하는데 180...넣음올리브유10​나는 호두도 마음껏 부숴넣음ㅋㅋㅋㅋ몽땅 섞어서 랩씌우고거실한켠 안보이는척..........아침에 일어나서 실리콘 주걱으로 가스빼주고 1시간후질척여서..과연 이게 빵이 될까 싶음물을30을 더넣는바람에 걱정은 배가되고이미 뭐 ㅋㅋㅋㅋ물도 넣어주고와230도에 20분 구움빵칼사야겠다아....이게 기공이구나 이게 발효빵이구나호두가 들어서 더더더 맛있었음ㅋㅋㅋㅋㅋㅋ대박​​아침에 나만 6시반에 일어나서조용조용 모닝빵 만들기뽀돌누나 님의 레시피강력분310 이어야하는데 모자람.. 강력분135나머진박력분버터35 우유160 이스트5 계란1개 소금5 설탕 40​우유에 이스트넣고 5분대기​볼에 우유+이스트+설탕+소금+계란그리고 밀가루반죽시작.......밀가루 안보이면버터말랑한거 넣고 반죽....하..................손에서 질척이지 않을때까지 반죽했어야했는대그냥 발효를 한탓인가와발효는 짱잘됨아질다.....​이때부터 다시 반죽을 함...........담엔 처음반죽부터 잘해야지4덩이로 나누고20분 휴지​다시 40그람씩 나누고 40분 발효와..................결과는 성공적우유바르고 굽고 버터녹은거 발라주니뽕신하네크하너무기분조크든요생전 첨먹어본부리타 치즈속에 크림도 그렇고 나쁘지않은데음 맛도 있는데와맛있다는 아니라서 실망:)ㅋㅋㅋㅋㅋㅋㅋㅋㅋㅋㅋ그래도 빵이 너무너무 맛있어줘서오늘 브런치 성공적커피랑 ㅋㅋㅋ 일요일 브런치 맛있었음~
제  :
니
잘앨어~ ~

 
잘앨어~ ~

 
잘앨어~ ~

 
",11,1,0,109,0,2,10091.2,2,,2021. 2. 14. 20:50,165,3020000,국내여행,0
14,https://blog.naver.com/honeypigmom_?Redirect=Log&logNo=222366999032,"요즘은 카페에가기보다는 드라이브쓰루 ~ 를즐기는 꿀맘인데요혼자서 운전할때야 원래있던 컵홀더가 충분하지만아이와 함께 이동하게 되고여행가거나 장거리 갈때컵홀더가 너무너무 부족하더라구요들고있다가 방지턱이라도 넘게되면...헉그래서 준비하게된차량용 컵홀더 케이엠모터스 우드컵홀더요거 아주 꿀템이더라구요흐흐흐다된다 !! 이름부터가 왠지다될것같은 느낌의차량용 컵홀더 케이엠모터스 우드컵홀더조립식의 차량용 컵홀더 케이엠모터스 우드컵홀더사용할땐 조립해서 사용하고사용하지 않을땐해체해서 부지포더스트백에 싹 넣어두면 되니까구성이 정말 알차죠 !차량용 컵홀더 케이엠모터스 우드컵홀더는컵홀더 고정형과 시트틈새 고정형이 있는데요꿀맘은 컵홀더 고정형으로 ~ !!톱니 압축 스펀지를 꽂아서고정시키는 타입이라서차마다 다르게 생긴 컵홀더모양에 따라서도단단하게 고정할수있는차량용 컵홀더 케이엠모터스 우드컵홀더스펀지가 사이즈별로 있어서원하는 사이즈로 선택해서 끼울수있구요특수개발된 톱니압축 스펀지로차량 컵홀더에 안정적으로 고정해서 사용할수있는차량용 컵홀더 케이엠모터스 우드컵홀더설치방법이 쉽고 간단해서누구나 설치할수있어서 너무너무 좋은것 같아요차량용 컵홀더 케이엠모터스 우드컵홀더는1등급 자작나무로 제작된 친환경우드컵홀더랍니다 !성분도 착하니까 ~ 너무 좋아요 ㅋㅋ차량용 컵홀더 케이엠모터스 우드컵홀더 는네개의 컵홀더가 있어요 !각종 음료부터 텀블러까지 ~ ㅋㅋ모두모두 꽂아둘수있구요하단의 받침대가 내가 원하는 방향으로돌아가기 때문에음료가 어떤 모양의 병이더라도거치가 가능한차량용 컵홀더 케이엠모터스 우드컵홀더너무 좋죠:)친환경 제품이라서더욱 안심하고 쓸수있는차량용 컵홀더 케이엠모터스 우드컵홀더 !이동중에도 기어변속에 방해받지 않아서 좋더라구요강추해요:)​ 
 
 
",27,1,0,137,0,1,10091.4,2,revu,2021. 5. 25. 22:39,165,3020001,국내여행,0
15,https://blog.naver.com/honeypigmom_?Redirect=Log&logNo=222298502891,"컵홀더에 공기청정기에 건조한날엔 가습기도 꽂아두다보니신랑이랑 같이 커피한잔 하러 카페에 드라이브스루 ~하게되면손에 커피를 들고 ㅋㅋㅋ 꽂아둘곳이 없어서난감할때가 많더라구요차모아 차량용 클로버 멀티 컵홀더 설치했는데요식판까지 있고 무선충전도 된다고 하더라구요깔끔한 박스포장으로 선물하기도 좋은차모아 차량용 클로버 멀티 컵홀더컵홀더와 테이블 무선충전기능이 하나로 결합된 제품이라고 해요설치방법을 자세히 읽어보고 ㅋㅋㅋ짜잔ㅋㅋㅋㅋ누구나 손쉽게 조립할수있어요컵홀더가 4P 라서 클로버였군요 ㅋㅋㅋ뒷좌석에 있는 사람들까지4명의 음료를 ㅋㅋ 꽂아서 쓸수있는차모아 차량용 클로버 멀티 컵홀더컵홀더 안에 작은 컵이 있어서음료뿐만아니라잡동사니들 정리해서 탁탁 넣어두기도 좋은것 같더라구요차량 컵홀더에 넣고상단 다이얼을 시계방향으로 돌려주면차종에 단단하게 고정이 되요99%의 차종에 단단하게 고정이 된다고 해요요렇게 나오면서요 ㅋㅋ 마치 트랜스 포머같은 ㅋㅋㅋ360 회전방식에각도와 높낮이 까지 조절이되는차모아 차량용 클로버 멀티 컵홀더​설명서 찾으시는 분들 위해서이렇게 항상 저장해두는 습관의 꿀맘 ㅋㅋㅋFIX BODY 를 상단을 돌려서 일단꽉 ! 고정을하고차모아 차량용 클로버 멀티 컵홀더를 꽂아주면설치끝 ㅋㅋㅋ테이블도 함께 설치해봤어요 ㅋㅋ4개의 컵홀더가 개별적으로 360도 회전이 되고높이조절까지 되니까너무 편하더라구요수평이 유지가 잘되서음료뿐만아니라 간식도 테이블에 놓을수있고별매긴 하지만 무선충전도 가능한차모아 차량용 클로버 멀티 컵홀더고정력이 좋아서운행중에도 흔들리지 않아서 좋은차모아 차량용 클로버 멀티 컵홀더컵홀더의 컵트레이 겉면과 홀더안쪽면에 각각 특수설계된선모양의 결이있어요이결들이 서로 맞물리도록 끼워주면 단단하고 고정이되고튼튼해서 좋더라구요이젠 ㅋㅋㅋ 기어봉에 간섭없고차안에서 카페처럼 ㅋㅋ 편하게 즐길수있는차모아 차량용 클로버 멀티 컵홀더 설치했으니자동차 극장 놀러가야겠네요 ㅋㅋㅋ아주아주 꿀템이라며 신랑이 더더 좋아하더라구요 ㅋㅋㅋ​ 
 
 
",30,1,0,177,1,1,10091.4,1,revu,2021. 4. 4. 23:00,165,3020001,국내여행,['좋네요.컵 놓는게 한개 더있었으면 했는데  좋아보여유']
