,Post URL,Post,Image num,sticker num,gif num,Paragraph num,Comment num,Video num,weekly viewer mean,Sympathy num,AD,Posting Date,Buddy num,Total visit,Blog category,Comment detail
0,https://blog.naver.com/hrc2020?Redirect=Log&logNo=222140028279,"​​제가 마켓컬리를 이용하면서부터항상 살 때마다 장바구니에 빠지지않고항상 들어가는 품목이 있어요 ! ​바로 빵 입니다자주 만나는 언니들이 마켓컬리 빵 맛있다며추천해준 브랜드는 두 군데였어요​교토마블 & 깁펠​저는 처음부터 교토마블만 먹어서(하나 먹으면 그 브랜드만 먹는 스타일...)오늘은 교토마블 후기입니다!! ​​​마켓컬리[교토마블] 데니쉬식빵메이플맛​원래 교토마블 매장에서는 홀사이즈와 하프사이즈를 판매하는데요마켓컬리에는 하프사이즈만 팔아요 ㅠㅠ​교토마블 식빵은반죽을 자르고 접는 과정을 100번 넘게 반복해서64겹 이상의 결이 만들어지게 한대요그래서 먹다보면 보쇼숑하고 결대로 찢어져요마켓컬리에서는 세가지 맛을 고르실 수 있어요​플레인 / 메이플 / 삼색​플레인은 기본 식빵이구요메이플 데니쉬 식빵은 메이플 시럽이 들어간 것,삼색 데니쉬 식빵은 딸기맛과 녹차맛이 섞인거예요​​저는 메이플 맛을 시켜서이렇게 단풍나무색의 테두리 상자예요예전엔 맛에 따라 상자 색이 달랐는데요즘에도 그렇게 배송해주시나요?맨날 메이플만 시켜먹어서...맨날 빨간 상자만 와서요.....​​​상자 위에 메이플이라고 써있어요상자가 깔끔해서 그런지꺼내는 순간부터 기분이 좋아요 ♥︎ (저의 빵 창고가 차니까요! 캬캬캬)​​​상자 두 개를 모두 깠어요한번에 다 못먹으니까최대한 빨리 냉동시켜버려요 ㅋㅋ(가장 좋은 상태의 빵을 냉동시켜서.......)​냉동실 들어가기 전에다 잘라서 소분하면 한번 먹을 때쏙쏙 한번 분량만 꺼내 먹을 수 있어서 편해요​​봉투를 잘..부와왁 뜯어주시구​​맨날 긴 빵칼 산다고 해놓고작은 칼로 자르고 있네요 ㅋㅋㅋ언젠간 사겠죠 (귀찮)​3-4센치 두께로 잘라주세요​​본인이 드시고 싶으신 사이즈로 잘라주세요저는 보통 한입에 먹거나요거트를 찍어 먹어서긴 직사각형 모양으로 잘라놔요​​그리고 그 날의 기분에 따라서세 조각 느낌, 네 조각 느낌 다르잖아요?ㅋㅋㅋㅋㅋㅋ 조각의 수를 다양하게 넣어줍니다​​그리고 테이프로 붙여주세요끝! 입니다 ㅋㅋ​​냉동실에 차곡차곡 넣어주세요교토마블 빵이 그득하면아주 마음도 든든한 것이가볍게 한 끼 챙겨먹기 좋아요 ♥︎ ​​저는 에어프라이어에 구워먹어요촉촉보다는 바삭한걸 좋아해서요~ ​​오늘은 좀 오버쿡 되었습니다 하핫그래도 넘넘 맛있어요 ​교토마블 메이플 데니쉬 식빵은메이플 시럽이 들어가있어서고소하면서도 달콤하거든요!!그래서 요거트에 찍어먹기 딱 좋아요 ♥︎ ​여러분도 마켓컬리 이용하실 때한번 장바구니에 추가해보세요!플레인빵 좋아하시는 분들이면 아주아주 맛있게 드실 것 같아요(크림빵 좋아하는 남편은 안좋아하더라구요 ㅋㅋ)​내일 일 갔다와서도 먹을거예욤 헤헿제가 좋아하고 맛있어하는 빵 소개하니절로 신이 나네요(˃̶᷄‧̫ ˂̶᷅๑ )​그럼 지금까지 교토마블 메이플맛 후기였습니다!뿅 ♥︎ ​​​ 2
(개
",7,2,8,255,13,0,221.4,12,,2020. 11. 9. 23:02,774,245705,맛집,"['네일이 가을가을 하네요 ! ㅋㅋㅋ', '허허 그쵸? :-) 호박네일이예요~ 한번 해보세요 엄청 예뻐요 ㅋㅋㅋㅋ', '오 와니님 여기서 보니 반가워요🙂 호박네일 잘 어울리실 것 같아요!', '마켓컬리 빵 궁금했는데 맛있어보여용', '집에 가서 빵먹을 생각에 행복하네유 🤤🤤', '메이플 시럽이 들어간 빵이라니~ 달콤하니 정말 맛나겠네요. 저렇게 나눠서 냉동해두면 오래두고 먹을 수 있어 좋을 것 같아요. 멋진 빵커팅나이프 하나 구입하시면 되겠네요 ^_^', '교토마블 자를 때만 빵칼을 사용하다보니 맨날 ‘사야지~’하고 까먹어요 ㅎㅎ 에어프라이어가 있어서 항상 맛난 상태의 빵을 먹을 수 있는 것 같아요!', '교토마블 맛있죠~~ 한창 식빵에 빠졌을때 매주 컬리에 주문한거 같아요,,ㅋㅋ', '한동안 안먹다가 남편 아이디로 가입 후.. 계속 시키고 있네요 ㅎㅎㅎㅎ 🙄', '에프에 돌리면 오버쿡 되어도 그래도 맛있어요 ㅎㅎㅎㅎ 저두 나중에 이거 한번 시켜봐야겠네요 ㅎㅎ', '저는 살~짝 오버쿡 된게 더 고소하고 맛나더라구요 ㅎㅎ 에프 시대 전에는 어떻게 살았나몰라요 ㅎㅎㅎ', '에프로 구워먹는건 생각못해봤는데에!! 굿아이디어네요!!! 에프는 정말 만능이네요😁', '맞아요 ~~ 저는 겉바속촉을 좋아하는데 에어프라이어가 진짜 최적화되어있어요 ㅎㅎ 가끔 죽은빵 살리시려면 아래에 물을 살짝 깔고 위에서 빵을 구워주시면 완전촉촉하고 바삭한 빵이 된답니다 ♥︎']"
1,https://blog.naver.com/hrc2020?Redirect=Log&logNo=221824659144,"​​집콕 하다보니 맨날 밥해먹는것도 귀찮네요사실 저는 혼자있을 때는거의 밥을 안먹어서..​이번에 어머님이 시골에서 농사지은 고구마를 엄청 가져오셔서계속 어머님댁에서 받아오고 있어요​추울 때 통으로 에어프라이어에 돌려먹다가인스타에 잘라서 먹으면 더 맛있다고 해서껍질까는 것도 귀찮은 저에게딱이라고 생각해서! ​오늘은 에어프라이어 요리라기도 뭐한에어프라이어로 고구마 굽기? 정도 ㅋㅋ​​​겉바속촉에어프라이어 군고구마​​​우선 고구마를 껍질을 다 벗겨주세요껍질을 삭삭 닦은 다음에 벗긴거라대충 감자칼로 벗겼어요​보통 껍질 째로 돌리면고구마 끝부분까지는 못먹는데이렇게 하면 끝까지 깔끔하게 먹을 수 있어요​요렇게 도각도각 잘라주세요​​자르고 나니까 이렇게 많네요하지만 한번에 다 먹을 수 있어요이정도 고구마​​에어프라이어에 넣어줍니다납작하게 눕혀두면 많이 안들어가니까다 세워서 ㅋㅋ 넣어주세요​​에어프라이어180도 15분~20분돌려주세요​​접시가 저의 한 끼를 다 담아내지 못하네요 껄껄아 고구마 정말정말 좋아요♡​저는 캠핑가서 다 고기 구워먹을때도숯불에 고구마 넣어두고 고구마 기다리는 여자라서 ㅎㅎ진짜 고구마 좋아요!!! 꺅​더워진 날씨에 아이스아메리카노와고구마아아아아겉으로 하나도 안끈적거려서손으로 집어먹어도 되구요식어도 맛있구요바삭하고 촉촉하구요~​​ 한입 베어물면 이렇게 속에 촉촉한 고구마가!내일도 또 해먹을거예요.​여러분도 고구마 에어프라이어에 요렇게 해보세요한입 쏙쏙 넣기도 편하고진촤 맛있어요!​​아이들 간식으로도 강추입니다 '-'*​​[1
 
 
 
",7,1,1,131,3,0,221.4,8,,2020. 2. 25. 21:43,774,245705,맛집,"['노오랗게 먹음직스러워요 고구마!! 고구마의계절!! 해먹어봐야겠어요 간편하네용*.*', '네 맞아요! 손에 안묻어나서 아이들 간식으로도 정말 좋아요 ㅎㅎ']"
2,https://blog.naver.com/hrc2020?Redirect=Log&logNo=221812989033,"​​​눈이 와서 너무 좋아요겨울 같고남편이랑 눈길 산책도 하고참말로 좋습니다​또띠아 피자에 빠져서맨날맨날 간식으로 만들어먹었네요바질페스토가 있어서그냥 치즈만 넣어먹어도 맛있는데​오늘은 더 제대로 만들어 보았습니다​간단한 안주만들기또띠아 피자​- 1인분 간식 재료 -(간식이라 쓰고 안주라 읽음)바질페스토토마토소스또띠아모짜렐라치즈방울토마토(생략가능)생바질(생략가능)통모짜렐라치즈(생략가능)​​​이번에 산 통 모짜렐라는슬라이스 되어 있어서 사용하기 편했어요생바질은 향을 싫어하시는 분은그냥 바질베스토만으로도 충분합니다저는 이마트에서 생바질 구매했어요​​이번에는 잎이 엄청 크네요깨끗이 씻어줍니다2/17 포장이라고 쓰여있는 것집어와서 나름 싱싱하다 좋아하는중​이번 레시피는 특별히 거의 다 짤로 준비해보았어요저는 이게 포스팅하기도 편하고볼 때도 편하더라구요​또띠아 위에 바질페스토를 잘 펴줍니다끝부분은 남겨두는 것을 추천해요!구웠을 때 오일이 나와서전 쫌 냄겨놔요​그리고 위에 피자치즈를 포로로롱 눈처럼 내려주세요​​​그리고 저는 이걸로 부족해서 또띠아를 하나 더 덮어요​​​그리고 또띠아 2층에는 토마토소스를 발라줘요틈매이러 소스​그리고 똑같이 피자치즈를 뿌려줍니다(치즈를 좋아해서 이렇게 막 뿌리고 있어요...양 조절하셔도 됩니다 ㅋㅋ)​​그리고 모짜렐라를 작은 사이즈로도각도각 잘라줍니다이미 모짜렐라 치즈 많이 넣어놔서 다섯조각만 준비합니다 ㅎㅎ​​위에 토마토, 생바질, 통모짜렐라를올려주세요​이게 끝입니다정말 간단하죠?​저는 큰 토마토가 있어서그냥 그거 잘라 올렸어요.물컹이쪽 말고 그래도 좀 단단한 부분으로요​색깔이 정말 예쁘지 않나요? ​​​에어프라이어에 종이호일을 깔고또띠아피자를 넣어줍니다종이호일은 잠시뒤에뜨거운 피자를 편하게 꺼내기 위함입니다.​170도 또는 180도 5분!오늘은 혹시 태울까 싶어 170도로 5분했는데평소에는 끝에 바삭바삭하게 할라고180도 5분으로 합니다 :)​​에어프라이어 띵! 하고딱 열면~~문이 열리네요~피자가 나~오죠~​​​적당히 익었습니다.저는 작은 사이즈라그냥 가위로 쓱쓱 잘랐어요한입크기로 쏙쏙​​오늘도 이렇게 만들어 놓고~커피도 함께 마시면 정말 맛있어요​그리고 더 맛있는건맥주랑 먹을 때!!​진짜 맛있어요 ㅠㅠ​평소에 요렇게 조금 더 익혀서 먹기도 하구요​​이렇게 덮어서 퀘사디아처럼 먹기도 해요​​만들기 진짜 쉬우니까에어프라이어가 있으시다면한번 도전해보세요! ​​6
6
6
",9,1,10,199,2,0,221.4,5,,2020. 2. 18. 0:10,774,245705,맛집,[]
