,Post URL,Post,Image num,sticker num,gif num,Paragraph num,Comment num,Video num,weekly viewer mean,Sympathy num,AD,Posting Date,Buddy num,Total visit,Blog category,Comment detail
0,https://blog.naver.com/hyojinsae79?Redirect=Log&logNo=222084492904,"​언제까지 집콕놀이 하게 할거야~~~ (이거 따라 부르고 있는 당신은 이미 라떼세대 ㅋㅋㅋㅋㅋ) 대체 언제까지 방콕놀이를 해야할지 모르겠지만 뭐라도 해야 시간이 가니까 오늘도 고고~ ㅎㅎ​우리 지역에는 아이자람꿈터라는 육아지원사이트가 있고 각 지점마다 여러가지 오프라인 프로그램이 있었는데 코로나로 인해 오프라인으로 못하니 인터넷신청을 통해 집콕놀이키트를 집으로 보내주었다. 나도 1회차부터 신청하고 후기 쓰며 여러번 받아서 유용하게 놀이했다. 이번에는 집콕놀이키트로 받은 것 중에 패브릭물감으로 손수건  가방꾸미기 패키지를 갖고 놀았다. ​​보내주신 준비물은 바닥에 깔 비닐과 손수건(이라기엔 너무 두꺼움ㅠㅠ)과 에코백, 스텐실, 패브릭물감, 붓, 파레트, 페브릭펜 이었다. ​​​패브릭물감으로 티나 모자, 가방, 운동화 등에 그릴 수 있고 스텐실 하는 방법과 색상혼합 방법도 친절히 나와있더라. 인터넷에 보면 저렴한 것도 많으니 한번 사두면 유용할 거 같다. ​​​우선 연습삼아 손수건에 원하는 모양의 스텐실을 테이프로 고정하고 페브릭물감으로 채워본다. 원래 스폰지로 하라고 되있었지만 아이들이 하기엔 붓이 더 나을거 같아 붓을 주었더니 역시 슥슥 잘 칠한다.​​다른 모양스텐실도 원하는 위치에 붙여서 색칠하기~ 색상을 섞어도 되지만 아이들은 원색을 좋아하니까(섞어주기 귀찮은 건 안 비밀 ㅋㅋㅋ) 그냥 칠하게 했는데 집중해서 잘 하더라. (동생이 방해만 안 하면 뭐든 할텐데.. ㅠㅠ)​​색칠을 완성하고 스텐실 떼기 전과 후 모습~  빈 공간엔 외계인도 그려주었더라. 아이가 한거라 아주 깔끔하진 않지만 스스로 끝까지 했으니 칭찬 듬뿍 해주었다! ^^ (잘해쪄~ 궁디팡팡~ ㅋㅋㅋㅋㅋ)​​본인도 만족스러운지 흐믓한 표정으로 인증샷! ^^v​​며칠 후.. 이번에는 에코백꾸미기 하자! ㅎㅎ​​지난번엔 해봤으니 이번에는 한꺼번에 스텐실을 배치해서 붙여놓고 알아서 칠하기 시작~ ​​한번 해봤다고 자신감 있게 칠해나가는 딸램이.. ㅎㅎ 동영상에서 나오지만 동생은 못하는데 자기는 잘한다고 ㅋㅋㅋㅋㅋ 동영상 찍는데 아들램이 징징거려서 우린 거실로 놀러가고 혼자 알아서(천천히 해~ ㅎㅎ) 색칠하라고 했다. ^^​​스텐실 사이로 이번엔 꽃을 그렸더라. 이거 보고 나니 스텐실 하지 말고 맘대로 그림을 그리라고 할껄..그랬나 싶더라. 다음엔 뒷면에 패브릭펜으로 그림을 그리라고 해봐야겠다. ^^ (집콕놀이 또 할 수 있겠다~ ㅋㅋㅋ)​가장자리 빈 곳은 내가 좀 메꿔주고 스텐실을 떼니 나름  괜츈한(누가 봐도 아이가 만든ㅋㅋ) 에코백이 만들어졌다.  ㅎㅎㅎ​​잠깐 집앞에 나갈 때 기저귀, 물병, 간식 등을 넣어다니던 에코백이 더러워져서 빨고 여기에 기저귀 등을 넣어놨더니 봄이가 에코백을 매고 모델을 해주었다. 아들램이도 같이.. ^^​​멀쩡한 포즈로 서있다 갑자기 웃긴 포즈로 끼를 부려본다. 옆에 있던 동생도 안 되는 몸짓으로 따라하는게 더 웃김 ㅋㅋㅋㅋㅋㅋㅋ 덕분에 한참 웃었다! ^0^​​​패브릭물감이나 패브릭펜으로 가방 뿐 아니라 다른 페브릭 제품을 꾸며봐도 좋을 거 같다. 아이와 집콕하는 시간도 잘 가고(중요!ㅋㅋ) 스스로 만들었다는 뿌듯함과 본인 물건에 대한 애착이 생겨 더욱 아껴서 사용할 수도 있을듯.. ^^​​​​​​[ 아이와 함께 하기 좋은 집콕놀이 ]​​​​​#집콕놀이키트 #에코백꾸미기 #에코백만들기 #패브릭물감 #패브릭펜 #손수건꾸미기 #아이자람꿈터 #네이버부모i #집콕놀이 #방콕놀이 #이번주말 #뭐하고놀지 ​ 
 
 
",29,2,0,370,27,1,124.0,20,text_ad,2020. 9. 9. 11:06,2927,408540,,"['언제나 봐도 이쁜 두 남매들마지막 사진 빵~~터졌어요 ㅎㅎ', '마지막 사진 진짜 웃기죠? 저도 한참 웃었네요 ㅎㅎ', '언제까지~ 이거 시작되자마자 어깨 왔다갔다 움직였는데...... 라떼는 말이야!!! ㅋㅋㅋㅋ 이 가방 너무 귀여워요!!!! 봄이가 맬 때마다 뿌듯해 할 것 같아요. 저희 1호도 엄청 좋아할 거 같은데 ㅋㅋ 저도 한 번 만들어봐야겠어요!!:)', 'ㅋㅋㅋㅋㅋ 스마일제제님도 언제까지~ 세대셨군요 ㅎㅎㅎ 왠지 더 방갑.. ㅋㅋㅋ 우리는 라떼맘 ㅎㅎ 가방은 진짜 유용하게 쓰고 있어요 애들이랑 잠깐 나갈때 기저귀랑 챙겨나갈때 ㅎㅎ 1호랑 같이 해보셔요! 어떤 멋진 가방이 만들어질지 기대기대~ ^^♡', '정말로 스탠실 안하고 그냥 그리라고 했어도 너무 잘 그렸을 것 같아요!!! 색이 쨍하니 이뻐요!', '그니까요 이번 주말에 뒤에다가 그림 그리라고 해야겠어요.. 이러면서 주말 시간떼우기 하는거죠 ㅋㅋㅋㅋㅋ', '두 남매의 포즈가 한 두번 해본 게 아니네요~ㅎ사랑스런 아이들입니다 ~^^*', '딸래미도 웃기지만 옆에서 어설픈 포즈의 아들이 참 ㅋㅋㅋ', '남매가 참 귀엽고 예뻐요', '이쁘게 봐주셔서 항상 감사드려요~ ^^♡', '포즈 너무귀여운데요~ ^^ 저도 애들 아가 때 만들어준 에코팩 직장에서 까지 들고 가며 자랑했던 기억이 나네요^^', '귀엽게 봐주셔서 감사해요~ ^^직장까지요? 아기가 엄청 이쁘게 만들었나봐요.. 전 직장엔 못 가져갈거 같아요 ㅎㅎㅎㅎㅎ', 'ㅎㅎ 에코백 예뿌게 만들었네요~ 아이들이 정성들여가며 완성된 작품보고 뿌듯해했을것 같아요~', '그럴거 같아여 만드는 재미와 뿌듯함이 있는 놀이였어요 ^^', '언제까지 집콕놀 하게 할꺼야아 탈골됐자나 책임져 책임져 수리드러간다 쭊쭉쭉뚝 쭉쭉쭉쭉 사회적~ 거리두기~ 아카시아 꽃이 활짝퍘샷!', 'ㅋㅋㅋㅋㅋㅋㅋㅋㅋㅋㅋ 왜케 웃겨요 ㅋㅋㅋㅋ 탈골됐자나 ㅋㅋㅋㅋㅋ 수리드러간다 ㅎㅎㅎ 진짜 많이 했는데 ㅎㅎㅎ  아카시아꽃은 뭐지 ㅎㅎㅎ', '다시보고 또보는 봄이', '자꾸 봐주셔서 감사해요~ ^^', '봄이 웃는거 너무 이뻐요^^', '자연스럽게 웃는 건 이쁜데 포착하기 힘들어요 ㅎㅎ', '나만의 에코백 >< 너무 좋은 거 같아요 ㅎㅎ 아이들도 함께 즐기기 너무 좋은 집콕이벤트네요 :-)', '에코백 만들고 나니 은근 유용해요 ㅎㅎ 만드는 과정도 쉽고요 스텐실말고 내맘대로 그리기도 좋을거 같아요!', '봄이 미소는 백만불짜리 미소~~~ 아유 따님 미소가 아주 살인미소네요 ^^아드님도 넘 귀요미고 ㅎㅎㅎㅎ 정말 포즈 부자예요~ 보는 내내 빙그레 빙그레 웃었더니 제 볼이 얼얼 ㅎㅎㅎㅎ이렇게 사랑스런 아이들로 행복감 전해주셔서 너무 감사합니다!!!', '볼이 얼얼하게 웃어주시니 제가 더 기쁘네요 ㅎㅎㅎ댓글도 어쩜 이렇게 잘 쓰시는지 역시 글 잘 쓰시는 분은 다르네요~ ㅎㅎ 백만불짜리 댓글이예요! ^^♡', '여자애기가 참 이쁘네요~']"
1,https://blog.naver.com/hyojinsae79?Redirect=Log&logNo=222098094000,"​첫째가 4살 때부터 비 오면 신나게 들고다니던 유아 엘사 우산이 작아져 언젠가부터 어디선가 사은품으로 받은 반투명 비닐우산을 쓰고 다니더라. 알록달록한 걸 좋아하는데 아무 무늬도 없는 우산을 쓰고 다닐길래  예쁘게 그림 그려보자고 했다. 마침 최근에 패브릭펜이 생겨서 집콕놀이도 할 겸 봄이표 비닐 우산 꾸미기를 해보았다. ^^​​준비물은 무늬 없는 우산과 페브릭펜! 참 간단하다 ㅎㅎㅎ​​​난 원래 우산 바깥면에 그림을 그리게 하려고 했는데 딸램이가 안에 그리겠다고.. ㅎㅎ 생각해보니 안쪽에 그리는게 그리기 더 편하고 나중에 비올 때 아이가 우산 쓰고 그림을 볼 수 있으니 좋겠더라. 똘똘이 칭찬해~ ㅋㅋ​​그림을 그려볼까나~ 새침하게 하며 ㅎㅎ 한 면에 한가지 색으로 그리는 중.. 요즘은 그림을 그릴 때 내가 뭘 그리라고 하지 않아도 알아서 그리고 싶은걸 생각해서 그리더라. 그러니 내가 뭘 그리라고 주문하거나 주제를 제한하지 않고 아이가 그리고 싶은 걸 맘껏 그리게 하고 있다. (이렇게 하는게 맞는 건지는 모르겠..ㅋㅋㅋ)​​뭘 그릴까, 어떻게 그릴까 고민하는 듯한 표정.. ㅎㅎ 해맑게 웃는 모습도 너무 이쁘지만 이렇게 뭔가에 집중하며 진지한 표정을 짓는 모습도 사랑스럽다. 그런 고민을 통해 내가 하고 싶고 표현하고 싶은 걸 알아갈테니까.. ^^​​​​완성된? 비닐우산 꾸미기..라고 하기엔 뭔가 휑~하다. 아직 덜 그린 거 같은데 갑자기 여기까지만 그리겠단다. 하고 싶은 말은 많았지만(다른 면에도 더 그리고 노란색은 잘 안 보이니까 다시 그리고 초록이랑 파랑색도 써보고 어쩌고..;;) 목구멍으로 삼키며 꾹 참았다. 어른 눈엔 미완성처럼 보여도 아이에겐 완성작일 수 있으니 알겠다고 했다. 다음에 더 그리고 싶으면 그리고 비오면 이쁘게 쓰고 나가라고~ ㅎㅎㅎ (내가 웃는게 웃는게 아니야~ ㅋㅋ)​​​다시금 돌아보게 하는 하루였다. 그리곤 마음을 고쳐먹었다. 누구에게 평가받는 것도 아니고 어차피 내맘대로 하는 집콕놀이니까 덜 그려도 괜찮다고! 니맘대로 그리렴~ ^^/​​​​​​​​​​​​[ 함께 보면 좋은 글 ]​​​​​​#패브릭펜 #페브릭펜 #비닐우산꾸미기 #유아우산 #유아우산꾸미기 #패브릭펜그림 #내맘대로 #집콕놀이 #방콕놀이 #네이버부모i​",10,0,0,253,28,1,124.0,38,,2020. 9. 24. 8:23,2927,408540,,"['으규~~이뻐라^^', '이쁘게 봐주셔서 감사해요~ ^^', '예전에 어디에서 그랬는데,. 아이들이 그림그릴때 너무 꽉 채우지않는게 좋은거라고^^;;;;;  우산에 그림이라니, 비오는날이 기다려질것 같아요~~저희큰애는 초딩이린 안할거같구두찌 좀 크면 꼭 시켜주고퐈요^^', '그런 건가요? 꽉 채우지 않는 게 좋은 거라니 위안이 되네요 ㅎㅎㅎ우산 들고 나가야 하는데 저거 그린 날 이후에 비가 안 오네요 ㅋㅋㅋ둘째도 좀 크면 재밌어 할 거 같아요! ^^♡', '봄이는 정말 행복하겠어요. 비오는 날 우산 들고 얼마나 큰 행복감을 느낄까요! ㅎㅎ 정말 좋은엄마!!! 멋져요 지니님 :)', '아이들은 비 오는 날 우산 쓰고 장화 신고 나가는 걸 그렇게 좋아하더라구요 ㅋㅋㅋ 근데 저거 그린 후에 아직 비가 안와서 ㅎㅎ 우린 모두 좋은 엄마예요 (자화자찬 ㅋㅋㅋㅋㅋ)', '^^  좋은추억이겠어요', '네~ 재밌어하더라구요 ㅎㅎㅎ', '포스팅 보고 하트누르고 갑니다 ㅎ', '하트 감사해요~ㅎㅎㅎ ^^', '아이들은 행복한 기억이 많아지겠네요', '나중에 이런 일상들이 행복한 기억으로 남으면 좋겠어요~ ^^', '이제 9월도 중순이 지나가고 있습니다. 요즘 가을이 찾아오면서 날씨가 선선해지는 것 같습니다.9월의 탄생석은 사파이어 성질,진실을 뜻한다네요.목요일 하루 마무리 잘 하시고 좋은 하루 되셨으면 좋겠습니다 시간 되시면 저희 블로그도 한번 방문해주세요 ^_^~.https://blog.naver.com/mahnomed', '날씨가 많이 쌀쌀해지고 일교차도 커졌네요 감사합니다~ ^^', '공감가는 글이네요♡ 저도 제기준에 아이를 맞추려하지않기로 노력해야겠어요', '공감해 주셔서 감사해요 아이와 있을땐 눈높이를 낮춰야겠더라구요 저도 노력중이예요 ㅎㅎㅎ', '아이 기준에 맞추기가 쉽지않은데 기꺼이 맞춰주고 아이 눈높이로 대화하시려는 점에서 늘 배웁니당^^짱짱!!ㅎㅎ', '속으론 이게 뭥미..? 싶지만 아이에게 그런 모습 안 보이려고 노력중인데 잘 안 될때도 있어요 ㅎㅎㅎ', '오 우산에다가! 진짜 좋은 아이디어 같아요 ㅎㅎㅎ', '산 우산도 아니라서 하나 버린다 생각하고 맘편히 그리라고 했어요 ㅎㅎㅎ', '너무 예쁜데요~~?아이와 정말 잘 놀아주시네요대단하심~~', '너무 이쁘진 않지만 본인은 만족스러워하니까 ㅋㅋㅋㅋㅋ저도 만족하는 척 해봅니다 ㅎㅎㅎ 잘 놀아주는 건 아니고 놀거리를 던져주고 있어요 ㅋㅋㅋ', '봄햇살지니님, 아이를 위해 항상 새로운 놀이를 하시는 대단한 엄마세요. 저는 나중에 아이가 생기면 지니님 블로그 처음부터 정주행하며 따라하고 싶어요 ㅎㅎㅎ', '이런 거라도 안 하면 하루종일 역할놀이 해야 하니 넘 힘들어서요 ㅎㅎㅎ 뭐라도 끄적이고 만들고 해야해요 ㅋㅋ아이 생기면 제 블로그 정주행 해주신다니 너무 영광이예요! ^^♡', '우산 안에 그림을 그린다는 것이 새로웠어요~남에게 보이기 위함이 아닌자신을 소중히 여기는 아이의 마음이 느껴졌어요~^^*', '아.. 그렇게 생각할수도 있군요.. ^^저는 당연히 밖에 그려야한다 생각했는데.. 저는 남에게 보이는 걸 의식하는 사람인가바요 ㅎㅎㅎ']"
2,https://blog.naver.com/hyojinsae79?Redirect=Log&logNo=222210226225,"​23개월인데 아직도 자기전에 우유를 먹고 자는 둘째를 위해 오래 하고 있어도 축축하지 않고 산뜻한 밤기저귀를 찾다가 마미포코 에어핏공기솔솔팬티가 새로워졌다길래 사용해봤어요! ㅎㅎ​​새로워진 마미포코 에어핏공기솔솔팬티는 통기솔루션이 더 좋아졌대요. 통큰흡수솔루션으로 최대 12시간 흡수력으로 보송함이 업그레이드 됐다니 기대되요!둘째는 5단계 특대형을 사용해요. 특대형은 1팩에 28개가 담겨있답니다. ​ 열어보니 두께는 생각보다 두툼하더라구요. 그래도 통기성이 좋아졌다니 한번 살펴보기로 해요. ㅎㅎ​​마미포코기저귀 앞뒤 모습이예요. 아이들이 기저귀에 친근감을 갖게 만들어주는 귀여운 디자인이예요. ㅎㅎ​​소변 알림줄이 앞뒤로 넓게 그려져 있어서(지금은 노란 그림) 소변이나 대변을 보면 색상이 바뀌는 타입으로 변경되서 어디로 소변이 묻더라고 한층 보기 쉬워졌어요. ​​허리밴드를 자세히 보면 작은 구멍들이 보이는데요. 겉커버의 에어홀로 인해 통기성이 좋아져서 기저귀를 오래 차고 있어도 답답하지 않을 거 같아요. 샘방지를 위한 옆날개도 얇고 넓어서 밤새 뒤척여서 안심이네요. ^^​​뒤집어 보니 안커버에 물결무늬가 보이네요. 통기성이 강화된 에어물결 안커버를 만져보니 부들부들 해서 우리 아기들 예민한 부위에 피부자극 없이 쓸 수 있을 거 같아요. ​이렇게 좋은 마미포코 에어핏공기솔솔팬티를 기저귀바구니에 가득 담아두니 쌀독에 쌀 가득 채운 것처럼 든든하네요. ㅎㅎㅎㅎㅎ​​앞모습도 뒷모습도 엄청 편해보이구요. 기존 대비 10cm 넉넉해진 사이즈덕분에 둘째 엉덩이도 충분히 감싸주니 좋더라구요. 허리밴드도 신축성이 좋아서 밥 먹고 배 나와도 조이지 않을 거 같아요. ^^​​마음껏 돌아다니고 움직여도 너무 편한 마미포코기저귀! 옆샘방지밴드 덕분에 아무리 움직여도 샐 걱정도 없네요~ ^^​​전날 밤에 밤새 하고 잔 기저귀를 아침에 갈아주었어요. 자기전과 새벽에 우유를 먹어서 많이 쌌는데도 전혀 새지 않았고요. 아이 엉덩이도 축축함도 없이 산뜻해서 밤기저귀로 합격이다 싶었어요. 다 쓴 기저귀는 돌돌 말아서 뒤처리테이프로 붙여주면 깔끔하죠. ㅎㅎ​​​​​​​​​​​[ 함께 보면 좋은 글 ]​​​​​​ 
* 본 포스팅은 내당 업체조부터
제죽는 0008 브아

솔직워게 작성한 응기입니다.

만

 

 
* 본 포스팅은 내당 업체조부터
제죽는 0008 브아

솔직워게 작성한 응기입니다.

만

 

 
* 본 포스팅은 내당 업체조부터
제죽는 0008 브아

솔직워게 작성한 응기입니다.

만

 

 
",21,1,2,223,0,1,124.0,13,text_ad,2021. 1. 17. 15:24,2927,408540,,0
3,https://blog.naver.com/hyojinsae79?Redirect=Log&logNo=222178663911,"​내 인생에 기저귀 대체 언제 떼나~ 투정부리지만 22개월 둘째를 위해 오늘도 편한 기저귀 찾아 헤메는, 엄마역할 맡은 봄햇살지니입니다. ㅋㅋㅋ ​잘 먹는 아드님은 항상 배가 뽈록하고 허벅지는 튼실해서 왠만한 기저귀는 자기 몸무게 맞는 걸 해도 허리랑 허벅지가 쪼이더라구요. 보기와 다르게 예민한 피부를 소유하셔서 살에 닿는 부분이 엄청 부드러워야 하구요. 잘 먹고 잘 싸니 응가를 많이 하셔서 넘치지 않아야 해요. 참 어렵죠? ㅎㅎㅎㅎㅎ​그래서 이런 조건에 딱! 맞는 아기기저귀 오로라 스킨핏 팬티기저귀를 사용해 봤어요~ ^^​​오로라 스킨핏 팬티기저귀는 미국에서 새로 런칭한 프리미엄 기저귀 브랜드인데요. 패키지도 뭔가 미술작품인 듯 느낌 있더라구요. ㅎㅎ​​​오로라의 기원이 되는 AURORA는 라틴어로 새벽이라는 뜻이래요. ​​기저귀 옆에 적힌 문구가 이렇게 시적이어도 되는 건가요. 여러 번 읽게 되네요. ^^​참! 팬티기저귀 사이즈는 대형, 특대형, 점보가 있는데요. 아기 몸무게에 맞게 선택하시면 되고 15키로인 아들램이는 점보 사이즈예요. ㅎㅎ​​절취선을 따라 패키지를 열면 쪼로록~ 담겨있는 기저귀들.. 전 이순간이 참 흐믓하더라구요. ㅋㅋㅋ​점보사이즈는 1팩에 18개가 들어있는데요. 팩당 갯수가 아쉽더라구요. 사실 기저귀 18개 금방 쓰잖아요. 환경을 위해 대용량 포장이 있으면 좋겠다는 생각이 들었어요. ^^​​꺼내보니 너무 귀여운 노란 오렌지 그림의 기저귀예요. 앞뒤 모습이구요. 뒤에는 사용 후 깔끔하게 말아 접을 수 있는 테이프가 있어요.​그리고 뒤집어서 우리 아기 피부에 닿은 부분을 만져보는데 진심 깜놀!!!!! 지금까지 썼던 기저귀와 부드러움이 달라요~ 이런 부드러움 처음이예요!​​알고 보니 아기의 부드러운 피부를 닮은 베어스킨 원단을 사용했대요. 공기가 가볍게 순환되는 Air-through 원단을 앞면과 뒷면에 아낌없이 사용해서 부드러움도 보송보송함도 다른 거 였어요!사진엔 잘 안 보이지만 물결 무늬의 웨이브 흡수패드의 강력한 흡수력으로 밤새 뒤척여도 걱정이 없네요.​​허벅지 밴드는 2중으로 되어 있어 많이 싸도 새지 않게 샘방지가 되구요. 허리밴드는 충분히 길어서 역류방지가 되고 밴드 탄력이 좋아서 밥 먹고 배나와도 쪼이지 않겠어요. 유연하고 편안하게 360도 늘어서 맞춰주는 스트레칭 셔링으로 아기 체형에 맞게 밀착 피팅된답니다. 저희 둘째는 이게 젤 중요했어요! ㅋㅋㅋ ​​기저귀 바구니에 기저귀 가득 채워두면 곳간에 쌀 가득 채워둔 것처럼 얼마나 든든하게요~ ㅎㅎㅎ​​목욕 후 아이에게 오로라기저귀를 해보았어요. 허리밴드가 충분히 길어서 좋더라구요. 많이 움직여도 편하고 응가가 위로 올라올 일은 없을 거 같아요. ​​우리 아이 배 저렇게 나온 거 실화입니다! ㅋㅋㅋㅋㅋ 그래도 허리밴드가 충분히 늘어나니까 눌리지 않고 자국도 남지 않아요. 뒷모습도 보실께요~ ^^​​앉으나 일어서나 엎드리거나 어떤 자세를 해도 편하고요. 배가 나올때나 안 나올때나 허리밴드가 부드럽게 감싸주니 불편하지 않아요. 허리 뿐 아니라 허벅지도 자국이 남지 않더라구요.​​동영상에도 보시면 허리 부분이 정말 잘 늘어가서 편할 거 같았는데요. 실제로 입었을 때 어떤 자세를 해도 편해보이더라구요. ^^​​대소변을 보고 나면 기저귀 가운데 파란 선에 3개가 생기구요. 벗길 때는 옆부분을 뜯어주면 되요. 저희 아이는 힘이 좋아서 다른 기저귀는 혼자 뜯기도 하는데요;; 오로라 아기기저귀는 아기는 절대로 뜯을 수 없어서 이 점도 좋더라구요. ㅎㅎ​​처음엔 엄청 얇은데 몇 배가 될 정도로 두꺼워졌어요. 그래도 전혀 새거나 하지 않아서 밤기저귀로도 안심이예요! ^^​​만져보니 흡수성도 좋아서 예민한 아기피부 엉덩이 발진도 걱정도 덜었네요. 돌돌 접어서 테이프로 착~ 붙여주면 되니까 뒤처리도 깔끔하죠! ^^​​오늘도 오로라 덕분에 편하게 활동할 우리 아기!앞으로도 우리 아기 엉덩이를 부탁해요~^^​​​​​프리미엄 아기기저귀 오로라 보러 갈까요~​​​​​​​[ 함께 보면 좋은 글 ]처음부터 엄마되려고 태어나는 사람은 없습니다 feat.김미경​​동원 책꾸러기 무료그림책 신청 하셨나요? 아이가 있다면 무조건! 하세요~^^​​NOT A BOX 아이들의 상상력을 자극하는 엄마표 영어 그림책 닥터수스상​​​​​​-
* 본 포스팅은 내당 업체조부터
제죽는 0008 브아

솔직워게 작성한 응기입니다.

만

 

 
 
 
",28,2,0,460,6,1,124.0,16,text_ad,2020. 12. 19. 12:00,2927,408540,,"['와우 ㅎㅎ 밴드탄력 좋네요부드러운 원단이라고 하니 아이 있으신 분들께 유용한 정보가 될 것 같아요^^', '우왕 밴드력 좋네용 아이가편할것같아용', '왐마 노아 15kg!!!! 자이언트 베이비❤️❤️❤️한살 많은 형아는 13kg인데 ㅋㅋㅋㅋ이 기저귀 너무 좋네요❤️❤️저희 둘찌는 변기 거부해서 내년 봄까지 기저귀 쭉 채워야 할 듯 해요 흑흑 ㅋㅋㅋ기저귀 언제 끝나냐!!! ㅋㅋㅋ']"
4,https://blog.naver.com/hyojinsae79?Redirect=Log&logNo=222081407355,"​19개월 둘째는 당연히 아직 기저귀를 못 뗐는데 몸무게는 14키로가 넘고 허벅지도 아주 튼튼~ 먹는 양도 활동양도 많고 땀까지 많다. ^^;; 그러다 보니 몸무게에 맞는 특대형 기저귀를 해도 배나 허벅지가 자꾸 조여서 빨갛게 자국이 나거나 통기성이 좋지 않은 기저귀는 땀이 차기도 했다. 게다가 아직까지 자기전에 우유를 먹고 아침까지 자는데 밤새 소변을 얼마나 많이 보는지 아침에 보면 기저귀가 터질듯 뚱뚱해져 있거나 새서 옷이 젖어 있는 일도 잦았다. 얇고 신축성과 흡수력이 좋은 기저귀를 찾다가 나비잠 슈퍼드라이를 알게 되서 사용해봤다.​ 귀여운 사슴이 그려진 나비잠 슈퍼드라이.. 사이즈는 점보 되시겠다. 점보는 15kg부터 가능한 가장 큰 사이즈인데 꿀벅지인 둘째는 14kg대지만 요걸로 선택!​​쇼핑백형태의 기저귀팩을 열면 요렇게 22개의 기저귀가 가득 들어있다. 가득 찬 기저귀 보면 왠지 든든~ ^^​ 아이들이 좋아할 귀여운 캐릭터가 앞뒤에 있고 뒷부분엔 후처리 테잎이 있어서 앞뒤 구분하기 쉽다. 게다가 슈퍼슬립 기저귀답게 어찌나 얇은지 기존에 사용하는 여름기저귀보다 얇아서 깜놀했다.​ 아기들은 조금만 먹어도 배가 뽈록~ 나오기 때문에 기저귀의 허리밴드가 정말 중요하고 특히 울 아들은 엄청 먹어서 항상 배가 나와있으니 허리밴드에 특히나 신경이 쓰였다. 새로나온 나비잠슈퍼드라이팬티는 허리와 패드 일체형인 네오플렉스 프리미엄밴드가 적용되어 사방신축성이 너무 좋다. 내가 손으로 살짝 늘여봐도 쭉쭉~ 늘어나니 많이 먹어도 배가 조이지 않게 좋겠다. ​ 앞쪽 날개는 움직이는데 불편하지 않게 조금 작고 뒤쪽은 엉덩이를 충분히 감쌀 정도로 넓더라. 작던 크던 신축성이 좋아서 꿀벅지 아가들도 편하겠다. 허벅지 끼어서 자국남던 시절은 안녕~~ ^^/​​나비잠슈퍼드라이 뒤집어 보고 또 놀란 건 샘방지가 3중으로 되어있다는 거! 허벅지를 조이지 않는 2중 다리밴드에 흡수패드 양쪽면을 끝까지 붙이지 않아 자연스럽게 접혀짐으로 인해 샘방지 효과가 탁월하겠다. 첫째부터 여러 기저귀를 써왔지만 이렇게 3중으로 된 건 처음 본다.​​나비잠 드디어 울 아들에게 입혀봤다. 시키지도 않았는데 엉덩이 들이밀어 주시는 아들램이 쌩유~ ㅋㅋㅋ 가운데 패드 빼고는 엄청 얇아서 땀 많은 아들이  시원하니 너무 좋겠다. 허리밴드에 탄력이 좋아서 입힐때도 넘 편했다는 거! ​​게다가 네오플렉스 고탄력 밴드가 허리뿐 아니라 엉덩이 전체를 감싸주니까 응가가 새는(경험해본 사람만 아는 ㅠㅠ) 현상을 줄여주면서 용변 후에도 무거워진 기저귀가 쳐지지 않아 움직이는데 불편하지 않겠다. ​​기저귀만 입고 미끄럼틀 타면서 다리를 많이 움직여도 불편해하지 않고 신나게 노는 둘째.. ​​신축성이 좋아서 어떤 자세로 있더라도 불편하지 않고 허리밴드도 충분히 늘어나니 정말 배가 조이지 않더라. ㅎㅎ​​허벅지밴드도 다리에 조이지 않으면서 밀착되어 있어 소변이나 응가가 새지 않을 거 같다. 이렇게 봐도 꿀벅지 아들 ㅋㅋㅋ​​소변을 보면 만져보지 않아도 소변알림선의 색이 변하니까 갈아줄 시기를 바로 알 수 있다.​​쉬하고 혹시나 싶어 만져봤는데 축축하지가 않고 새 기저귀처럼 보송하니 부드럽다. 휴지로 눌러서 확인해봐도 물기가 묻어나오지 않는다!슈퍼드라이 흡수패드는 솜을 사용하지 않고 자체 생산한 Sap-Airlaid만 사용해서 뭉침이 없이 흡수가 잘되어 소변을 보더라도 착용감이 가볍고 움직임이 편안하다는 거~^^​​밤에 자고 일어나서 기저귀 갈아주는데 밤새 얼마나 많이 쌌는지 새 기저귀에 비해 저렇게나 두꺼워졌다. 그래도 옷이나 이불에 조금도 새지 않았으니 흡수력 좋은 밤기저귀 인정! ^^​​다 쓴 기저귀는 돌돌 말아 뒷면의 후처리 테잎을 떼어서 붙이면 깔끔하게 마무리~ ㅎㅎ​​기저귀함에 가득 채워두니 곶간에 쌀 채운듯 든든한 기분이 든다. 울 아들 팬티기저귀는 너로 정했다! ^^예쁜 쇼핑백 같은 기저귀 포장은 손잡이가 있어 비닐 모으는 용도로 주방에 걸어두었다. ​​​​​​​​​​​​​​​​#나비잠 #나비잠슈퍼드라이 #기저귀추천 #기저귀추천나비잠 #매직소프트팬티 # 팬티기저귀 #밤기저귀 #맘스다이어리 #별별체험단​​​ 
",29,0,4,456,10,1,124.0,21,suspect,2020. 9. 6. 8:20,2927,408540,,"['ㅋㅋㅋㅋ 요청하지 않았는데 엉덩이 들이밀어주는 둘째 너무 웃겨욬ㅋㅋㅋ', '엉덩이가 필요한 순간에 딱! 들이밀어줘서 어찌나 반갑던지요~ ㅋㅋㅋㅋㅋㅋㅋ', '엄마의 리뷰를 위해 미소를 날리는 모습~~~심쿵합니다!', '생각보다 잘 도와줘서 무사히 리뷰할 수 있었네요~ ^^(사진 수십장 찍은 건 안 비밀요 ㅋㅋㅋ)', '아이구~기저귀차고 엉덩이 내미는 모습이 너무 귀엽고 이뻐용~~', '저 엉덩이덕분에 리뷰 잘 끝냈어요 ㅋㅋㅋㅋㅋ']"
5,https://blog.naver.com/hyojinsae79?Redirect=Log&logNo=221609401967,"​아기들은 원래 땀이 많지만유난히 땀이 많은 거 같은 우리 둘째..그래서 지난 주말엔 얼굴까지 급땀띠..ㅠㅠ게다가 아기들은 계속 기저귀까지 차고 있으니얼마나 더울지 엄마들은 잘 알듯..;;그래서 여름이면 조금이나마 덜 더우라고얇은 #여름기저귀 를 찾게 되는데#밤보서커스 새로 나왔다고 해서 써봤다.​오자마자 박스 열었는데 패키지 넘나 귀여움!우리집 모델 토순이랑도 잘 어울리네~1팩에 50장이 들었는데 엄청 길쭉한 걸 보니기저귀가 얇다는 걸 직감! ㅋㅋ​궁금해하는 노아앞에 가져다주니만지작만지작~ 자기껀 줄 아나보다. ㅎㅎ1팩 더 쌓아주니 '엄마 이거 다 내꺼예요?' >0<​이 날 일부러 입힌 거 아닌데기저귀 뒷면이랑 노아옷이랑 깔맞춤 ㅋㅋㅋ​ 드디어 오픈! 노아는 9.4kg 으로 M사이즈..쪼로록~ 들어있는 기저귀 보면 뿌듯! ^^오~ 근데 내 예상대로 엄청 얇다!!!​핸드폰이랑 비교해봐도 두께가 얇고가벼운 밤보서커스!!!얇은데다 통기성도 좋다니​이래서 #여름기저귀추천 한건가보다~​ 기저귀 안쪽을 만져보니 부들부들~독일 피부자극테스트인 더마테스트 완료한기저귀니까 민감하고 땀많은 아기피부에도자극이 덜 한 거 같아서 안심!​사실 기저귀가 얇은 것도 좋지만가장 중요한 건 흡수력!밤보서커스는 3중 흡수통로의 파워흡수신기술로 소변을 빠르게 잡아주고고르게 흡수해서 흡수력이 뛰어나고보송보송함을 유지해준단다.​대소변이 새지 않도록 이중샘방지가되어있는 건 물론이고안쪽샘방지부분이 얇아서 좋더라.​게다가 등쪽에 주름이 없어서 자극이 덜 되고허리쪽 스트레치밴드에 탄력이 좋아서​아기 몸을 편안히 감싸주면서 활동은 편하게!​바로 노아에게 딱맞게 착용해봤다.​​요즘 엎드려 놓으면 기어가려고엄청 버둥대는데 두꺼운 허벅지도 배도편안해보여서 안심~ ^^​​잡고 서려고 연습중인데 서있을 때나앉아있을때나 착용감이 좋은지 기분 굿~^^​​잠시 후  노랗던 소변표시줄의 색이 바꼈다.밤보서커스는 꿀성분을 추출하여중금속 배제되어 안전한 소변표시줄이 있다니#친환경기저귀 맞다능~ ㅎㅎㅎ사용 전 기저귀와 두께를 비교해보니얼마나 소변을 많이 했는지..^^;​​펼쳐보니 소변이 어느 한곳에 몰리지 않고골고루 흡수된 걸 보니3중 흡수통로와 얇지만 강력한 4겹 흡수층이제 역할을 한 거 같아서 만족! ^^앞으로도 우리 노아 엉덩이를잘 부탁해~ ㅋㅋㅋㅋㅋ​​​이제 소중한 우리 아기 여름기저귀는여기서 사는 걸로~!!!http://bambonature.co.kr​​​​​​​​​​​​​​​​​​​​​#밤보기저귀 #밤보서커스기저귀 #여름용기저귀 #얇은기저귀 #기저귀추천 
 
84

에
 
",27,8,2,228,0,1,124.0,2,suspect,2019. 8. 8. 8:01,2927,408540,,0
6,https://blog.naver.com/hyojinsae79?Redirect=Log&logNo=221537063597,"​무럭무럭 자라고 있는 우리 둘째~^^한번에 먹는 분유량도 많고 허벅지도 남달라기존에 쓰던 기저귀가 작은 듯해서이참에 새로운 기저귀로 바꿔보기로 ㅎㅎ이름도 귀여운 밤보네이처!덴마크에서 왔다지요~​​덴마크친환경기저귀 밤보네이처는프랑스에서 선정하는 Meilleur ECO award에서베스트 친환경기저귀 부문 2019년 제품으로선정되어 믿고 사용할 수 있다능~^^​엄격한 유럽 친환경 인증기준을 통과한유럽 첫번째 기저귀라는 거! ㅎㅎ​햇살이가 사용할 기저귀는 4단계로7~18kg이 사용할 수 있다고 되어 있는데추천 사이즈는 7~12kg라고..같은 개월수, 몸무게라도 허벅지 등에 따라착용단계가 다를 수 있으니우리 아기 체형에 맞는 걸로 골라주면 되겠당.​4단계 아래 3개의 마크는피부자극테스트 라벨, 노르딕에코친환경 라벨,산림관리협의회 인증서 되시겠다.그만큼 인증된 안전한 기저귀라는 거겠지..​기저귀 바구니에 쏙! 들어가는 사이즈가 좋아~오픈하면 새기저귀 쪼르륵~~~언제 봐도 든든한 느낌적인 느낌 ㅋㅋㅋ​기저귀를 꺼내보니 구름 탄 곰이..앞뒤라고 쓰여있지 않아도 알 수 있는 모습ㅎㅎ꺼내보고 놀란 점은 왜케 얇아~기존에 쓰던 것보다 얇아서 깜딱 놀랬..점점 날씨도 더워지는데 통기성 좋은얇은 기저귀라 넘 좋다!​열어서 살펴보니 다리쪽 밴드가 이중으로넓은 샘방지가 되어있어 좋더라.쉬든 응가든 다 막아주겠구나~ ㅋㅋㅋ게다가 엄청 잘 늘어나서 활동하기도 편할듯..특히나 노아는 예민하진 않아서 응가해놓고울지도 않고 노는 경우가 있는데요건 쉬나 응가하고 활동해도 새지 않겠어..​또 한가지 맘에 들었던 건 바로~허리와 옆구리를 감싸는 찍찍이밴드가 몸에 맞게쭉쭉~ 늘어나는 스트레치밴드라는 거!다른 기저귀와 다르게 탄력좋은 밴드로 되어있어밥 먹고 배불러져도 조이지 않고편안하게 감싸줄 거 같으다. ㅎㅎㅎ​그리고 뒷쪽 허리밴드에 주름이 없다?!?밤보기저귀는 활동이 많은 아이의 움직임에따라 플랫형 디자인으로 설계되서아기 등과 허리에 꼭 맞아 피부가 짖눌리는자극을 최소화했단다. ㅎㅎ누워있는 시간이 많은 우리 아기들이라주름이 있으면 당연히 불편할텐데작은 것까지 세심하게 고려해서 만든 거 같다.뒷쪽 허리밴드는 주름없이도 살짝 탄력있고옆쪽 밴드에 탄력이 많으니활동하는데는 불편함이 없겠다. ㅎㅎ​​자고 일어난 우리 아기에게 언능 새 기저귀를..딱! 맞아~ 딱! 맞아~~~ ㅎㅎ다리 움직임에도 편해보이고뒤 밴드윗부분도 길어서 응가 넘칠 일도 없겠..이중 샘방지로 허벅지도 편안해보이고쭉쭉~ 늘어나는 허리밴드도 편하게 착용 완료!​기저귀 하고 3시간 정도 후 벗겨보니아들이라 앞부분이 집중적으로 노랗게 ㅋㅋ새기저귀와 비교해보니 저렇게 많이 쌌다;;​​휴지로 꾹~ 눌려서 만져보니묻어나오는 게 거의 없다. ㅎㅎㅎㅎㅎ얇지만 흡수력도 만족! ^^​ 쭉쭉이 스트레치밴드 덕에 다 쓴 기저귀를쌀 때도 아주 꼼꼼하고 작게 감싸져서부피 큰 기저귀쓰레기도 작게 만들어주니 굿!​친환경기저귀로 우리 아기 피부도 지키고쭉쭉밴드로 활동성은 살리고!친환경 밤보네이처 칭찬해~~~ ^^//​​​​​​​​밤보네이처 구매는 여기서 가능! ^^http://bambonature.co.kr​​​​​​#밤보네이처 #덴마크친환경기저귀 #친환경기저귀 #밤보기저귀 #신생아기저귀 #밤기저귀 #기저귀샘플 ​​​​​​​​​이 글은 위블을 통해 본 업체에서
제품 또는 서비스를 제공받아 작성된 글 입니다.

세
밤보네이처
」
공식 혼라인 쇼핑몰!

\\비.0011100170《/나0.00.1다
84

에
 
",25,13,2,298,0,0,124.0,4,text_ad,2019. 5. 14. 10:42,2927,408540,,0
7,https://blog.naver.com/hyojinsae79?Redirect=Log&logNo=221515718490,"​둘째이고 아들이라 맘편히 아무거나?!?대충 쓰려고 했는데;;;역시 엄마라 아무거나 쓸 수가 없다!엄마라서 선택한 케이맘 기저귀&물티슈~어서 오시개~~ ㅎㅎㅎ​​처음 만난 첫인상, 느낌은..?어머~ 패키지 디자인 왜케 귀여워~ ♡.♡아이도 엄마도 좋아할 캐릭터 굿!​​햇살이 기저귀 사이즈는 S (4~8kg)32개가 들었고 귀여운 치와와(맞나?) 캐릭터기저귀가 쇼핑백처럼 되어 있어서들기도 편하고 혹시나 여행갈때도 좋을 듯~​​어떤 건 절취선이 있어도 잘 안 뜯어지는데요건 잘 열리니 좋쿠나 ㅎㅎ안에는 알록달록 기저귀들이 차곡차곡~가득 찬 기저귀보면 왠지 뿌듯해 ^^​​처음기저귀 앞과 뒤 모습그림은 똑같고 뒤에는 엄청 짱짱해보이는 밴드!​​열어보니 엠보홀이 있는 안감이 보이고만져보니 너무 부드럽다아~요 엠보홀 사이로 소변 등이 빠르게 흡수되고2중 허벅지 밴드가 새는 걸 막아준다고!​​기저귀박스에 놨더니 사이즈가 맞춘듯 딱!ㅋㅋ이제 우리 아기에서 입혀볼까~ ^^​​2개월이 지나 나름 꿀벅지 자랑하는 햇살이이중샘방지 다리밴드로 쉬응가 샐 일 없고다리밴드가 쭉쭉~ 늘어나니다리 힘 좋은 울 아기 마구 움직여도 편하겠네!​그리고 사진엔 안 보이지만 테잎을 붙였을 때살과 직접 닫는 날개부분이 진짜 부드럽다~지금 쓰고 있던 기저귀는 그 부분이약간 부직포 느낌이라 아쉬웠는데처음기저귀는 엄청 부드러워서 마구 움직여도쓸리거나 하지 않을거 같다.​​뒷부분 광폭 허리밴드도 잘 늘어난다.허리밴드만 넓은게 아니고 밴드 윗부분도 넓어서엄마들은 누구나 경험해봤을 응가 넘침ㅋㅋ을막아줄 거 같아서 안심~ ㅎㅎ지금 쓰던 기저귀보다 약 0.7cm 정도 길더라.​​소변을 보고 나니 노란줄이 선명한 파란색으로바껴서 기저귀 갈아달라고 ㅎㅎ새 기저귀는 엄청 얇은데(2mm 초슬림패드)아들이라 앞부분에만 소변이 뭉쳐서잠깐 사이에 저렇게 두껍게 흡수가 되었다.​​하얗던 안쪽이 누렇게 변했다. ㅎㅎ소변이 흡수가 잘 되었을까? 손으로 만져봤다.엄마이기에 가능한 오줌기저귀 만지기~오잉? 물기가 느껴지지 않는다!​​혹시나 싶어 휴지로 꾸욱~ 눌러봐도소변이 묻어나지 않는다!그만큼 흡수가 잘 되었고 우리 아기 맨살은뽀송하게 유지된다는 거~ ㅎㅎ​발진없고 흡수력, 통기성 좋은믿고 쓰는 케이맘 처음기저귀 좋아요~♡​​이번엔 처음물티슈를 볼까..물티슈 종류가 3가지인데 두께, 무늬가 다름..​​레드패키지의 순수는 60g에 70매가 든엠보싱인데 살짝 얇은 두께..패키지 하단에 개봉일자를 적어놓는 칸이 있으니개봉 후 1달 이내에 사용하는게 좋겠다.​​블루패키지의 만남은 75g에 70매가 든엠보싱인데 도톰해서 응가를 닦아도 안심 ㅎㅎ​​브라운패키지의 약속은 60g에 40매가 든엠보싱없는 민무늬인데 만져보면실크처럼 엄청 부드럽다.게다가 적당히 얇아서 어디든 유용할 듯~패키지도 작아서 여행갈 때 가져가도 좋겠다.아.. 여행이 가고 싶은건가 ㅋㅋㅋ​​상황에 따라 골라쓰는 처음물티슈~우리아기 피부에 닿는 거니까 꼼꼼히 골라서피부트러블없이 깨끗하게 자라길!​케이맘 처음 기저귀와 물티슈로우리 아기 피부를 부드럽게 지켜주자구욧~​​​​​​​​​​#케이맘기저귀 #케이맘처음기저귀 #이런부드러움처음이야 #케이맘물티슈 #케이맘처음물티슈 #순수만남약속물티슈 #기저귀추천 #아기기저귀​​​​​업체로부터 제품만을 제공받아 사용 후 작성한 후기입니다.​ 
 
 
",27,1,2,305,0,0,124.0,4,text_ad,2019. 4. 17. 11:27,2927,408540,,0
8,https://blog.naver.com/hyojinsae79?Redirect=Log&logNo=222339690664,​​어린이날에도 바쁜 우리의 봄햇살파파 ㅎㅎ비 온다더니 날씨가 너무 좋아서 집에만 있기엔 아쉬우니 다같이 사무실로 출동! ^^/​​​점심도 먹고 아빠는 일 끝내고 근처 장난감마트에 가서 봄이 선물도 사구요~ 봄이는 너무 신난다며 얼굴에 미소가 떠나질 않더라구요.ㅎㅎㅎ 역시 어린이날 최고! ㅋㅋㅋ(어린이날이 뭔지 모르는 둘째는 선물 패쓰~ ^^;;) ​​그리고 근처 나이키 매장으로.. 항상 물려받은 운동화만 편하다고 신는 봄이가 안타까웠나봅니다. ㅎㅎ​빨간 나이키 로고가 들어간 나이키 코르테즈 여자 운동화 너무 이쁘더라구요. ㅎㅎ(사실 매장에서 나이키 키즈가 저거 밖에 없었.. ^^;;)​근데 정작 따님은그닥 반응이 없더라구요. 제가 '엄마랑 커플로 신을까?' 했는데도 신어보더니 불편하다고..애들 껀 찍찍이라 편할 거 같은데 역시 핑크가 아니라 그런가봅니다. ㅋㅋㅋㅋㅋ​​​신랑이 그냥 내 꺼만 사라고 해서 신어봅니다. ㅎㅎㅎㅎㅎ원래 나이키 코르테즈 흰빨파를 사려고 했는데 제 사이즈가 없대서 아쉬운대로 흰검으로..청바지 무릎뚝튀가 좀 웃기지만 신발은 이뻐요~ ㅋㅋㅋ​​​봄햇살파파가 결제하고 그대로 신고 나왔어요! ㅎㅎ마침 신고 간 운동화가 그 날 밑창이 떨어졌거든요. 사실 그래서 사준거 같아요. ㅎㅎㅎㅎㅎ나이스 타이밍~ ㅋㅋㅋㅋㅋㅋㅋ​어린이날도 아닌데 선물 받아서 신나요~ ^0^/​하루 신어봤지만 걸을 때 편해서 좋더라구요. 디자인도 심플하니 유행도 안 타고 질리지 않을 거 같아요. 여기저기 다 신을 수 있을 거 같아 여자 운동화로 딱이예요. ㅎㅎ ​​​나이키 코르테즈 여자 운동화 집에 와서 자세히 봐도 깔끔하니 이쁘네용~ ^^흰빨파가 아닌게 쫌 아쉽지만.. 힝..이거 떨어질 때쯤 봄이랑 흰빨파로 커플신발 해야겠어요. ㅎㅎㅎㅎㅎ​제가 어제 발목 좀 헐렁하게 신을까 싶어서 운동화끈 구멍 하나 빼놨는데 봄파파가 다시 끝까지 채워서 묶어놨더라구요. 구멍 끝까지 껴서 신어서 간지?!?인가 봅니다. ㅋㅋㅋㅋㅋ​​오늘도 새 신을 신고 신나게(는 아니고 피곤한 몸 겨우 일으켜) 출근했답니다! ㅎㅎㅎ​​​​​​​​​​[ 함께 하면 좋은 글 ]​​​​​아래 명함을 클릭 후 '팬하기' 꾸욱~ ㅎㅎ너무 감사합니당! ^^♡​,9,0,0,233,8,0,124.0,18,,2021. 5. 6. 7:46,2927,408540,,"['어머나! 코르테즈 너무 이뻐요~~ 어떤 옷에든 잘 어울리는 스타일이죠', ""봄햇살지니님 첨뵈어요 ㅎ  ㅎ\n'내돈내산/후기'게시판의 포스팅 보고 방문했는데 \n제 일상에 도움되는 좋은 포스팅들이 많아\n소통하고 지내고 싶어요 ㅎ \n서로이웃 신청 하고 갑니다 ㅎ.ㅎ"", '흰빨파보다 이게 무난하고 더 예쁜걸요? ^^ (제눈에는요, 저는 신발 무조건 검정아니면 흰색 스타일이라 ㅎㅎㅎ) 저희 두째도 어린이날 모르니까 패쓰했어욥 ㅎㅎㅎㅎㅎㅎ', '똑똑 ~ 안녕하세용  봄햇살지니님 ㅎ \n여기저기 보다보니 나이키 코르테즈 여자 운동화 어린이날인데 내가 득템! < 이 글 보고 방문했는데 넘나 친해지고 싶어서 서로이웃 신청드려요\n얼굴보는 사이는 아니지만 소통하고 싶네요 : )', '코르테즈 예뻐요.지니님 신으시니 간지나는데요?(저속한말 죄송 ㅋㅋ)저도 이거 신고 싶은데 저희 남편이 이거 싫어해여 ㅎㅎㅎ', '지니님~~바이윤기님 말씀대로 간지나네요 ㅋㅋㅋ저 신발...항상 넘 예뻐보였는데 발볼넓은 저는 눈물 머금고 패쓰 ㅠㅠ']"
9,https://blog.naver.com/hyojinsae79?Redirect=Log&logNo=222448161281,"마늘빵 좋아하시나요? 저는 있으면 먹고 없으면 말고~인데 딸램이가 아주 좋아해요. 아이들은 마늘 냄새땜에 안 좋아할 거 같은데 신기하게 좋아하더라구요. ㅎㅎㅎ​그래서 담에 한번 만들어보자~ 해놓고 주말마다 귀찮아져서 안 만들다가 얼마 전에 큰 맘?ㅋㅋ 먹고 만들었어요.​에어프라이어로 쉽게 만들고 나니 '이렇게 간단한 걸 그동안 왜 미뤘지?' 싶어서 아이에게 미안해지더라구요. ^^;;앞으론 더 자주 만들게 될 어린이간식 마늘빵만들기! ㅋㅋ마늘빵소스까지 직접 만들어서 더 맛있는 마늘빵 재료부터 알아볼께요~ ^^​​​재료 ​식빵 3쪽버터 3~4큰 술다진 마늘 2큰 술올리고당 2 큰 술 (설탕, 꿀 가능)파슬리 1 큰 술​​재료의 양은 입맛에 따라 가감하셔도 되요~^^더 달게 먹으면 올리고당을 더 넣거나 마늘향이 진한 게 싫다면 마늘을 줄이셔도 되고요. ㅎㅎ​​우선 마늘빵소스를 만들거예요. ^^버터를 전자렌지에 녹여주세요. 녹으며 튈 수 있으니 10~20초씩 짧게 끊어서 상태 보며 녹여주세요.​여기에 올리고당, 마늘, 파슬리를 넣어서 잘 섞어주시면 되요. ​이 부분은 저 혼자 후다닥~ 하려다 아이에게 들켜서 섞어주는 부분은 첫째가 했어요. ㅋㅋㅋㅋㅋ​​​빵은 원하시는 크기로 잘라주시면 되는데요.전 아이들이 잡고 먹기 편하게 3등분으로 길게 잘라주었어요.소스 색깔이 푸르딩딩해서 딸이 놀랬어요. ㅋㅋ 담에는 파슬리를 덜 넣어야겠어요;;​그리고 집에 바게트가 있다면 바게트를 잘라서 하셔도 되요.전 없어서 식빵마늘빵으로 했어요. 둘째가 같이 먹기에는 식빵이 더 나을 거 같아서요. ^^​​​이제 빵에 마늘빵소스를 발라주면 되는데요. 요건 딸램이가 다 했어요. 요거 하고 싶어서 언제 준비 다 되냐고 ㅋㅋㅋㅋㅋ옆에 있던 아들램이도 궁금해서 기웃거리다 식빵 한조각 득템~ ㅎㅎㅎㅎㅎ어릴 때부터 집에서 베이킹이나 요리 자주 해봐서 그런지 차분하게 잘 하더라구요. ^^​​​아주 넉넉~~하게 발랐네요. ㅋㅋㅋ 뒷부분도 바르고 싶다고 해서 철망 놓고 바르라고 했어요. ​​​저희는 앞뒤로 충분히 발라주었더니 나중엔 소스가 부족해서 버터를 추가했답니다. ㅋㅋㅋㅋㅋ위에 사진 보시면 오른쪽이 확연히 줄어든 거 보이시죠? ㅎㅎ ​사실 마늘빵만들기 할 때 소스를 한면만 발라도 되지만 이렇게 듬뿍 발랐더니 더 맛있는 건 안 비밀이예요~ ^^​​​요렇게 앞뒤로 잘 발려진 빵을 에프에 구워주면 끝입니당! ㅎㅎ에어프라이어에 마늘빵 굽는 시간은요? 저는 180도에 5분 굽고 뒤집어서 2~3분 정도 더 구웠는데요. 에프 사양에 따라 다를 수 있으니 색깔 보시면서 원하시는 색이 나왔을 때 꺼내시면 되요. ^^​​저는 좀 바싹 구워졌는데요. 왜냐면 원래 마늘빵이 바삭하잖아요. 근데 구웠는데 말랑하길래 망했나? 싶어서 1분 더 구웠더니 마늘 부분이 조금 탔어요. ^^;;​나중에 알고보니 방금 구운 마늘빵이 뜨거울 땐 좀 말랑한데 식으면서 바삭하게 굳어지더라구요.저처럼 에프에서 꺼낼 때 놀라실 분들이 없으시길 바래요. ㅋㅋ 전 다음엔 좀 덜 구우려구요. ㅎㅎㅎ​​​잘 구워진 마늘빵은 우유랑 같이 먹으면 더 맛있는 거 아시죠? ㅋㅋㅋ 저는 어린이간식으로 만든거라 우유를 대령했구요. 어른간식으로 드실 땐 취향에 따라 드세요~ 전 아아로 마실께요! ^^/​​​너무 구웠나? 싶었는데 막상 보니 노릇하게 잘 구워져서 먹음직스러워요~ 다시보니 그 맛이 생각나서 또 먹고 싶네요! 조만간 또 만들어야겠어요~ ^^​​​마늘빵 made by 봄이 ㅋㅋㅋㅋㅋ 라고 써줘야 할 인증샷 하나 찍구요~ ^^직접 만든거라 그런지 먹기도 전부터 신났네요 ㅎㅎ​​ 드디어 시식~! 첨에 한입 먹고 눈이 커지며 맛있어!!! 하고 소리치더라구요~ ㅋㅋㅋ이걸 영상으로 못 찍어서 아쉽.. ㅠㅠ동영상 찍으며 맛있냐고 물으니 꿀맛!이라고 대답하네요~ ㅎㅎ​​​자기가 만들고 엄지 척!을 날려주는 아이 ㅎㅎㅎ그만큼 맛있다는 거겠죠~ ^^​제가 먹어보니 진짜 맛있긴 하더라구요. 마늘소스를 앞뒤로 듬뿍 발랐더니 찐뜩하게 씹히는 맛이 진짜 사먹는 마늘빵에서는 느낄 수 없는 맛이었어요!이건 으른들이 먹어도 좋을 어른간식이더라구요. ㅋㅋ​​​우리 3살 둘째도 너무 잘 먹으니 유아간식으로도 손색이 없네요. ㅎㅎ 맨식빵보다 확실히 요게 더 맛있나바요 ㅋㅋㅋ​참.. 매운 거 1도 못 먹는 첫째는 2개 넘게 먹으니 좀 맵다고 하더라구요. 그래서 다음엔 마늘양을 좀 줄여서 넣으려구요. 유아간식으로 만드실 땐 마늘양을 조절하셔도 좋을 거 같아요. ^^​​​아이가 만드는 과정부터 먹는 순간까지 영상으로 남겨보았어요. ㅎㅎ​​아이와 같이 만들기에도 너무 쉬운 마늘빵만드는방법 정리해 볼께요~ ^^​1. 버터 3~4큰술을 전자렌지에 녹이고 다진마늘 1~2큰술, 올리고당 2큰술, 파슬리 0.5~1큰술을 넣고 섞어주세요.2. 마늘소스를 자른 식빵이나 바게트빵에 앞뒤로 충분히 발라주세요. 3. 에프에 180도로 5~7분 정도 구워주세요.​​​​아이도 어른도 좋아하는 식빵마늘빵 만드는법 참 쉽죠??? ㅎㅎㅎ저는 이번 주말에 또 만들어먹으려구요~ ^^이제 곧 방학이니 아이들간식으로 아이들과 같이 만들어보셔도 좋을 거 같아요! ㅎㅎ​​​​​​​​​​[ 아이와 함께 만들기 좋은 레시피 ]",31,1,0,556,19,1,124.0,14,,2021. 7. 28. 8:00,2927,408540,,"['와!!!!! 저 마늘빵 좋아하는데 ㅋㅋㅋ이렇게 만들기 쉬운건줄 모르고 만들 생각도 못하고 있었어요새로운 세상에 눈뜬기분이네요 ㅋㅋ감사해요 지니님 ♡', '오~ 마늘빵 좋아하신군요! ㅎㅎ 요거 진짜 쉬우니 좋아하신다면 꼭 만들어보세요~ ^^소스 바르는 거 아이들 하라고 하면 넘 좋아할거예요. ㅎㅎ', '오늘도 잘보고 가면서 공감댓글 남기고 갈게요~날씨가 많이 덥네요~건강조심하세요~', '감사해요~ 오늘은 덥고 습하기까지 하네요!해피바이러스님도 건강 챙기세요~ ^^/', '저렇게 맛있게먹으면  너무뿌듯하고 행복하겠어요ㅎㅎ잘보고갑니다^^', '직접 만들어 먹으니 재료를 아끼지 않아서 더 맛있더라구요 ㅎㅎ', '좋은글 잘보고 갑니다~~ 행복한 하루 보내시고 시간나실 때 제 블로그 구경오세요*^^*', '감사합니다~ ^^', '맛있어보여요!! 나중에 해먹어봐야겠어요 ^^ 좋은정보감사합니다~', '만들기도 쉽고 사먹는 거 보다 진짜 맛있어요~ ㅎㅎ꼭 해보시길 권해드려요! ^^', '오호~ 이렇게 만드는거군요!어제 버터 주문했는데 오면 도전! ㅎㅎㅎ', '버터 왔나요? ㅎㅎ 아이들과 같이 만들면 좋아할 거예요.맛있게 만들어 드세요~ 저도 주말에 한번 더 만들려구요. ^^', '오오 이 레시피 간단하고아이들 노동력을 빌리기도 넘 좋은데요? ㅋㅋㅋ재료가 다 있어서 조만간 만들어봐야겠어요!!!', '제제님~ 요거 만들어보셨나요? 애들이 마늘빵 먹는다면 꼭 같이 만들어보셔요~ ^^만들기도 쉬운데 애들도 만들면서 재밌어해서 놀이와 간식이 동시에 해결되요 ㅋㅋㅋㅋㅋ', '평소에 사먹던 마늘빵을 직접 만들면 좋아할 듯 해요~~^^']"
10,https://blog.naver.com/hyojinsae79?Redirect=Log&logNo=222245310006,"​설연휴 잘 보내셨나요? 전 아이들과 사흘동안 집콕하니  밥 차려주고 놀아주는 게 제일 힘들더라구요. 특히 첫째는 놀아줘도 심심하다고 계속 놀아달라고.. ㅠㅠ​그리고 아이들과 집에 있으면 식사와 놀이하는 사이 간식 챙겨주는 것도 일인데요. 저 가끔 놀이와 간식을 한방에 해결하기 위해 간식 만들기를 아이들과 함께 한답니다. 집콕놀이로도 엄마표간식으로도 딱!이거든요. 이거시 바로 1타 2피! ㅋㅋㅋㅋㅋ​얼마 전에 딸램이가 티비에서 봤는지 파인애플 피자릍 만들자고 하더라구요. 그래서 연휴라 시간도 많고 해서 에어프라이어 요리 재료 준비해서 파인애플 또띠아피자를 만들어보았어요~ ^^ ​[ 재 료 ]​​또띠아파인애플옥수수꿀 또는 딸기쨈(생략 가능)치즈​​​우선 후라이팬에 살짝 구운 또띠아에 꿀이나 딸기쨈을 발라주세요. ​​저는 통밀 또띠아로 준비했는데요. (왠지 이게 더 건강에 좋을 거 같은 기분이라 ㅋㅋㅋ) 당연히 그냥 또띠아도 가능해요. ㅎㅎ 바삭함을 위해 마른 후라이팬에 또띠아를 살짝 구웠어요. 꿀은 토핑 재료와 또띠아의 접착력을 높여주고 달달함을 살짝 주기 위한 거라 생략하셔도 되요. ^^​​​그 위에 파인애플과 옥수수 토핑을 올려주세요.​​파인애플과 옥수수는 생과일이면 좋겠지만 전 통조림으로 준비했어요. 토핑은 집에 있는 재료로 편하게 준비하시면 될 거 같아요. ㅎㅎ​여기서 소소한 팁​토핑 재료은 물기를 최대한 빼주셔야 해요~ 안 그럼 질척한 피자가 된답니다;; 전 파인애플은 키친타올로 물기 짜고 옥수수는 체에 받쳐서 한참 두었어요.​​토핑 위에 치즈를 골고루 뿌려주세요.​​치즈를 좋아하시면 토핑을 다 덮게 많이 뿌려주셔도 좋아요. 아이가 만든 건 아이 맘대로~ ㅎㅎㅎ​옆에서 24개월 둘째가 노아가노아가~ 하길래 같이 만들라고 재료를 주었어요. (요즘 한참 내가내가병에 빠졌답니다. ㅋㅋㅋㅋㅋ 뭐든지 다 자기가 한대.. ㅠㅠ)​​그랬더니 옥수수를 퍼서..... 열심히 먹고 있더라구요.. ㅎㅎㅎㅎㅎㅎㅎ ​준비한 옥수수 반은 먹은 거 같아요. 저렇게 먹고 피자도 먹은 건 안 비밀요 ㅋㅋㅋㅋㅋ​​그 사이 우리 딸램이는 파인애플 또띠아 피자를 완성했네요. ㅎㅎㅎ 요런 거 자주 해봐서 그런지 이제 뭐든 척척이네요! 엄지 척~ ㅋㅋ​​피자 위에 파인애플과 옥수수를 더 올린 봄이표 파인애플피자예요. ㅎㅎ​이제 또띠아피자를 에어프라이어에 180도로7~9분간 구워주세요. 에어프라이어 요리 할 때 에프 사양에 따라 시간은 조절해주시면 되요. ^^​​짜짠~~ 다 구워졌어요!!! 저는 딱 8분 구우니까 치즈도 다 녹고 적당히 구워졌더라구요. 체다와 모짜렐라 등 여러가지 치즈가 섞인 걸로 뿌려주었더니 노랗고 하얗고 색깔도 먹음직스럽네요. 엄마표간식 참 쉽죠? ㅎㅎㅎ​​파인애플 또띠아피자 사진 좀 이쁘게 찍고 싶었는데 아이들이 빨리 달라고 성화라 후다닥 찍었어요;; 애들은  우유랑 저는 아메리랑 같이 먹으려구요. ㅎㅎ​​딸램이가 스스로 만들어서 그런지 더 맛있게 잘 먹더라구요. 엄마도 먹어보라며 주기도 하구요. 맛있는 건 나눠먹는 기쁨을 아는 7짤이예요. ㅎㅎㅎ​​둘째가 만들다 또띠아 한입 베어문 걸 제가 마무리해서 커피랑 먹었구요. 아드님도 손맛 추가해서 ㅋㅋㅋ 맛나게 드셨네요.. ^^​​7살 아이와 파인애플 또띠아피자 만들기 동영상으로도 한번 보세요~ 너무 재밌어했답니다! ^^​​​근데 여기서 끝이 아닙니다!!! ​​그 다음날 이번엔 딸기피자를 해먹고 싶다고 해서 또 만들었어요! ㅋㅋㅋㅋㅋ 전날 재료에서 딸기가 추가했어요. ㅎㅎㅎ​​딸기와 파인애플로 꽃을 만들면서 오늘도 열심히 만들고 계시는 공주님~ ㅎㅎㅎ 저 공주옷은 이제 자주 봐서 익숙하시죠? ㅋㅋㅋㅋㅋㅋㅋ​​아드님은 오늘도 옥수수 먹기 삼매경에 빠지셨어요! 옥수수러버~♡ ㅋㅋㅋㅋㅋㅋㅋㅋㅋㅋ ​​색감도 이쁜 에어프라이어 요리 딸기 또띠아피자가 완성되었어요!​참~ 딸기는 수분이 많으니 조금만 올리시거나 수분을 날리기 위해선 좀더 오래 구우셔야 해요. 요 아이는 괜찮았는데 좀더 딸기 많이 올린 아이는 같은 시간을 구워도 또띠아가 축축하더라구요;;;​​아이는 딸기피자도 너무 맛있다며 잘 먹었구요. 저는 개인적으로 파인애플피자가 더 나은거 같아요. 딸기를 좋아하지만 따뜻한 딸기는 좀;; ㅋㅋㅋㅋㅋ 예전에 사과피자도 만들었었는데 그건 괜찮았어요. ㅎㅎ​​​​​​​​​​​​[ 함께 보면 좋은 글 ]​​​ .ㅋ경
 
 
 
",29,4,0,458,26,1,124.0,25,,2021. 2. 16. 12:30,2927,408540,,"['노아가 저와 취향이 같네요,옥수수 콘 퍼먹기~ㅎㅎㅎ봄이가 야무지게 잘 만드네요~^^', '저도 옥수수콘 진짜 좋아해요 ㅎㅎㅎㅎㅎ봄이는 이제 뭘해도 잘 하더라구요 ^^', '이웃님 유익한 글 너무 잘봤어요~^^또 놀러올께요 제 블로그도 구경오세요~!', '네~ 저도 놀러갈께요! ^^/', '만드는거 반 먹는거 반 ㅎㅎ딸아이 웃는거 넘 이뻐요~', '그니까요 ㅋㅋ 둘째는 먹으려고 만드는 거 같아요 ㅎㅎㅎ이쁘게 봐주셔서 감사해용! ^^', '아이들이 스스로 만들어 먹어서 더 맛있었을거 같아요~^^ 딸기 피자는 맛이 어떨지 궁금하네요ㅎㅎ수분을 빼는게 중요하겠네요~~^^ 아이들과 만들어 봐야겠네요~~', '딸기피자는 저에겐 새로운 맛이었어요 ㅎㅎㅎㅎㅎ아이들이 원하는 재료 넣고 같이 만들어보시면 좋을 거 같아요! ^^수분은 잘 빼주야 해요.. 안 그럼 질척한 피자가 ㅎㅎㅎ', '오오 또띠아로도 파인애플 피자 가능하군용 ~ 매번 고르곤졸라만 해봤는데 아이와 함께 도전해봐야겠어요', '파인애플 피자 갠적으로 맛있었어요~ ㅎㅎ저도 고르고졸라 피자만 하다가 이렇게 만드니 새롭더라구요. ^^', '오모나~노릇노릇 넘 맛나보여요~🤩 즐겁게 요리하는 따님 웃는 모습에 엄마미소 대방출됩니다:)', '기대 안 했는데 은근 맛나더라구요 ㅎㅎㅎ엄마미소 ㅎㅎ 이쁘게 봐주셔셔 감사해용~ ^^♡', '간단하고 맛있어보여요^^한번 해봐야지:)피자는 재료수분 안 날리면 완전 맛이 안드로메다로 가죠ㅋㅋㅋ수분 없애는게 관건이겠어요^^', '요거 진짜 쉽고 맛아요. 따님이랑 같이 만들어도 재밌어 할 거 같아요. 저희 딸은 과일로 그림그리더라구요 ㅋㅋㅋ맞아요.. 수분 날리는게 중요해요! 역시 잘 아시네요~^^', '맛있겠어요.^^', '요거 은근 맛나서 애들이랑 간식으로 먹기 좋아요~^^', '파프리카  또띠아 도전해보고싶네요']"
