,Post URL,Post,Image num,sticker num,gif num,Paragraph num,Comment num,Video num,weekly viewer mean,Sympathy num,AD,Posting Date,Buddy num,Total visit,Blog category,Comment detail
0,https://blog.naver.com/hyunjin0514?Redirect=Log&logNo=222037720859,"올여름은... 코로나도 코로나지만요..스타벅스 MD제품때문에 힘이 듭니다요 ㅎㅎㅎ​스타벅스 서머백과 서머체어 갱신히 다 채워두고 한숨 돌리고 있구만요..오늘은 스탁벅스코리아 21주년 기념 MD를 판매하는 날이었쥬~?​​​아침에 큰아이 라이드를 해주구요..급하게 서둘러서.. 아니 최대한 악셀을 밟아..도착했지요...헥헥.... 갱신히 갱신히 극적으로 하나를 얻어옵니다..1인당 2개로 한정이 되어 가능한 많은 분들이 구매할 수있도록 배려를 해주었는데요.하나밖에 안남았다며..그 하나가 제꺼가 될 줄이야..​이런 운이었으면 로또를 살걸 했어유...​​​집에 돌아오는길....급 현타가 옵니다...내가 다시는 스타벅스MD로 스트레스 받지말아야지.. 고만사야지..다짐을 했그등요?! 읭?! 근데 자동발사식으로 스벅으로 달려가고.. 하나남은 아이 데려온걸 왜이리 기뻐했냐며.. ㅋㅋㅋㅋ​이거슨 마치..만유인력의 법칙마냥...이쁜아이 출시만 되면 짜얀스레 스벅으로 끌려가게되는 고런 시스템인거 같아유..또다시 현타... ㅋㅋㅋㅋ이제는 이성적으로 판단하자며..얼마전 커피빈 우산도 두개나 안했냐며..​우산을 한번 살펴봅시다..​이번 우산의 가장 큰 특징은 우산케이스가 너무 고급지다는 거에유..어깨끈 장착, 금장, 우드손잡이, 자동우산!!!길이는 85센티 정도의 충분한 장우산이에요컬러마져 딥그린과 브라운 골드의 고급스런 조화!!비오는날 만 기다려야 할거 같쥬?​우드손잡이와 끈고리우산 손잡이와 지퍼모양은 사이렌금장으로 고급스러움 장착했네요.저 사이렌 로고가 1999년 한국에 개점당시의 사이렌 ( 신화속의 인어 ) 이라고 하니 더더 의미가 있네요~^^그리고 그립감도 좋았다는거!!​우산 한번 펼쳐볼께요~우산살도 튼튼해 보이고,우산주머니도 어깨끈 길이 조절이 가능하도록 만들어서 활용도도 좋을거 같아요.​주변 지인이나 친구들 구해주고 싶은 마음에 저녁에 혹시나 재입고 관련 물어보려 다시 한번 가봅니다..이젠 여유를 갖고 사진도 쫌 찍어봤어요 ㅎㅎ보이시나요?기본 텀블러만 두개 덩그러니 남았네요..​이번 여름 한정메뉴중 하나인 스위트멜론블렌디드이요~! 가격은 6,300원!멜론맛 듬뿍 넘 맛나서 순식간에 바닥을 보이고..스벅 언니에게 슬며시 물어봅니다..우산과 키링 재입고 계획이있나요?​확실하지 않다고 하네요..​다른 매장에선 품목별로 재입고 되는 품목도 있다고 하시고.. 기다려 봐야 할거 같아요.. 그쵸?​스타벅스코리아 마케팅여뤄부운~!!!제발 예쁜우산  추가 입고 부탁드립니다~ 네에?!​​이상 스타벅스를 사랑하는.. 아니 스타벅스 MD를 애정하는 zzin의 우산이야기였습니다. ㅎㅎ​#스타벅스 #스타벅스코리아21주년 #스타벅스21주년기념MD #스타벅스21주년우산 #스타벅스우산재입고 #스타벅스키링 #스타벅스여름시즌음료 #스위트멜론블렌디드 
 
6
",14,5,0,231,8,0,100.4,9,,2020. 7. 21. 23:02,1188,182878,맛집,"['', '어제 세군데나 갔는데 흔적도 없더라구요.... zzin님 여윽시 빠르시네요 👍🏻', '앗 ㅎㅎ 그러셨군요.. ㅜㅜ 저두 더 구매하고싶어 재입고믄 기다리고있어요', '더이상 입고 없대요ㅠㅠ 부린이는 슬퍼요 ㅠㅠㅠ', '하아.... 포기 합니다', '아 정말요?! ㅜㅜ 재입고 되야합니다 ㅎㅎ', '이걸 성공하시다니~ 부러울 따름입니다요~😂', '어머나 ㅜㅜ 제가 운이 좋았어요🙈😍']"
1,https://blog.naver.com/hyunjin0514?Redirect=Log&logNo=222402700849,"​​이웃님들 보고싶었어요~~!​어김없이 돌아온 코로나발 보름휴직이 돌아왔구만유..ㅎㅎㅎ​그동안 무수하게 많은 일들중에서도..그래도가장 큰 변화는! 이슈는!​대기걸어둔..코로나백신 아스트라제네카 1차 접종을 했다는 소식이어유..쉬는날 오후  병원에서 전화를 받자마자 뛰쳐나가 얼떨결에 맞고 왔습니다.그리곤..며칠을 반송장마냥 심각하게 앓았다는 슬픈이야기여유.ㅋㅋㅋ​정말 케바케라더니만..저에겐 상당한 아픔이었네유.앞으로 더 건강해야니께 우리 싸게싸게 백신 맞자구요~!​​​​올해 커피빈이 20주년 되었나봐요.어제부터 제품 소진시까지 진행중인,미니 블루투스 스피커 구입행사에 제가 빠지믄 안되잖아유..이벤트 소식보자마자..​어머~ 이건 꼭 사야해!!모드로 돌변!!​아침부터 집근처 매장을 찾았습니다.ㅋㅋㅋ​​새벽에 잠드는 요즘 새벽에 일어나는 일이 흔친찮은 일이그등요...버뜨!!요런 사랑스런 앙증맞은 아이를 위해서라면..그까이꺼 몇시간 잠은 포기하고 나와야지유.​세상에나~​제가 첫손님인거 있쥬?ㅋㅋㅋ​​이벤트내용은요.​ 제조음료 1잔+ 23,900원또는일반판매 - 29,000원​1인 1개 구매한정!​첫손님으로써 일반판매는 살짜기 부끄럽드만요..난 원래 모닝커퓌를 즐기는 사람마냥..헤이즐넛 아메리카노와 조용하게 스피커도 달라고 했습니다.​그옆에는 돗자리도 판매중이었는데요..돗자리는 이미 얼뤠디 진즉에 많이 있응께.. 패스 할께유~!​​그렇게 집으로 데려온 미니블루투스스피커!​​사이즈가 손바닥 1/3 사이즈 정도라고 해야하나..세상에나 이렇게 앙증맞은 사이즈에 디자인이라뇨!​​​패키지 뒷면엔,제품의 기본 스펙이 있습니다.​​박스를 개봉해보자구요~​​한손에 쏘옥 들어오고도 남는 고런 작은사이즈인데..여기서 소리가 난다구요?빨리 테스트를 해봐야겄어유.​​충전케이블은 5Pin 이네요.​장식인줄 알았던 커피빈 모양의 단추?는 볼륨그옆에 전원과 스위치와 곡넘김 레버까지필요한 기능은 모두 갖추었드라구요.​​대충 사이즈 가늠하시겄쥬?​​볼수록 넘 귀여워요~!​​충전을 안한 상태로 혹시나하여 전원을 켰거든요.​깜짝 놀랐습니다.ㅎㅎ​""전원이 켜졌습니다. 연결중입니다.""​​블루투스 기능 들어가셔서요.​'coffeebean BT'선택하시면 자동으로 연결됩니다.​​​바로 테스트 들어가볼께유~​비버 오라버니의  ' Peaches '잠시 감상하시구요..​​다음곡으론,장범준의 신곡  ' 추적이는 여름 비가 되어 '감상하실께유~!​​어떠세요?​작지만 사운드 괜찮지 않나유?​한강 나들이나, 캠핑등 요긴하게 사용가능할 거 같구요..그냥 소장용, 인테리어용으로도 ㅎㅎㅎ넘 귀엽잖아요.​​​오랜만에 커피빈에서 사랑스런 아이가 나온거 같구만요.​음질도 개안코..디자인은 말해뭐해유..레트로 갬성에 라이트퍼블과 베이지 컬러의 귀여움까지!​아직 매장에 있을지 모르겠어요..요런 귀여운 아이템 좋아하시는 분들에게 적극 추천합니다.​자주 뵈어요 우리~! ^^​​#커피빈20주년기념 #커피빈미니블루투스스피커 #커피빈미니블루투스 #커피빈미니스피커 #zzin리뷰 #커피빈행사6
",13,5,0,219,11,4,100.4,17,,2021. 6. 18. 23:20,1188,182878,맛집,"['꺅~~~!!!!너무너무너무 귀엽고 예뻐용~~~♡♡♡', '이리 작고 예쁜애가 성능도 좋아 놀랐어요 ㅎㅎ', '즐거운 하루되세요~^^잘 보고 갑니다', '감사합니다~ 행복한 주말 되세요🤩🙏🏻', '헉 이거 너무 귀여운데요 ㅠㅠㅠㅠ저희 지역은 커피빈이 없어서 슬퍼요,,ㅠㅠㅠ', '앗 정말요 ㅜㅜ 이번 md넘 귀엽고 개안터라구여', 'deeply loved님 행복으로 가득한 하루 되시길 바랍니다.포스팅도 잘 봤어요! 또 올께요~!', '감사합니다~ 행복한 일요일되세요🤩🙏🏻🙏🏻', '오랜만에 포스팅 했네요~관심좀 가져주십쇼 ^^', '방문 감사합니다🙏🏻🙏🏻', '햇살이 뜨겁네요오늘도 건강하게 하시는 일화이팅 입니다~']"
2,https://blog.naver.com/hyunjin0514?Redirect=Log&logNo=222445518554,"올여름은 30도가 안넘으면 여름이 아닌가봐요..오늘도 36도에..내일 예보는 37도..?까지 오른다고하네유..​이웃님들 더위조심..햇빛조심..기미조심..썬번 조심하세요~!​오늘은 제가 10년넘게 사랑해온 자외선차단제 소개할까합니다.​​​​제 지난 포스팅중 라메르 틴트 포스팅을 기억하시는 분 계실랑가 모르겄어유..​​​https://m.blog.naver.com/hyunjin0514/222081393940​스킨케어중에 기초제품만큼  중요하게 여기는 부분이 자외선차단과 틴트종류거든요..여러가지 제품들을 사용해본 결과,제 피부에 잘 맞고,제가 원하는 피부표현이 잘되어 정말 꾸준하게 사용중인 제품이에요..​브랜드자체가 저가브랜드가 아닌 고가의 럭셔리 브랜드다보니..설마 제가 전부 라메르 제품 쓰겠냐며..ㅎㅎㅎ​꼭!안되겠다 싶은.. 아이들만 꾸준히 라메르 제품을 애정하고 있습니다.​오늘은 저의 라메르 제품중 원픽!​​자외선 차단제 소개할께요^^​​현대무역점에서 구입했구요.​정식명칭은요​라메르 SPF 50 UV 프로텍트 플로이드 PA+++​입니다.​​​홈페이지에도 소개되어 있네요.​피부손상으로부터 보호하는 데일리 안티에이징 자외선 차단제!!​자외선 차단뿐만아닌 안티에이징 기능도 있는 기능성 스킨케어 제품이란거쥬..​전성분 궁금하신분 계실까하여 참고하시라고 올려드려요^^​​특히나,​자외선차단제는 끊어지면 안되는 제품이잖아요.다쓰기전..들어봐서..​아.. 이제 이아이가 상당히 가벼워졌구나..엥꼬나기 일보직전이구나..할즈음..​꼭 쟁여놔야 하거든요.ㅋㅋㅋ​​​드디어 제할일을 마친..뒤집어 꾹꾹 눌러보아도..한방울도 안나오는 상태이기에 새제품을 열었습니다.​다 쓴 용기와 새용기의 컬러차이가 나는구만요..​손떼인가....ㅎㅎㅎ​​딱봐도 어떤제품이 쌤삥인지 아시겄쥬?​​용량은 50ML이구요.사용기한도 친절하게 표기되어있습니다.​개봉후 24개월!​​뚜껑을 열면 요렇게 생겼습니다.적당량을 덜어 얼굴에 바르시는건 아시쥬?​​한방울 짜서 컬러 보여드릴께요.​살짝 블루컬러의 로션타입으로 흐를정도의 점성은 아니랍니다.​​발림성 보여드리려..아끼는 자외선 차단제를..​이밤에..손등에 발라볼께유.ㅎㅎㅎ​​​급 동영상만 찍고..사진이 없어,컴터앞에서 사진을 찍어봅니다.​어라..사진찍고 보니..​골프 라운딩후라 그런가유?아님 라메를 바른부분만 밝아진걸까유? ㅎㅎㅎ설마..조명탓일거야..ㅜㅜ​사진을 보정도..그렇다고 필터를 넣은것도 아닌데..왜이럴까유..​이유야 어찌됐건,​자외선자단제를 바른 상태임에도 하얗게 백탁현상이나,끈적임같은건 하나도 없구요.오히려 적당한 수분감에 촉촉한 느낌이랍니다.​​​제가 좋아하는 가장 큰 이유는 바른후 피부가 더 건강해 보인다는 거에요.거기에 SPF 50 PA+++ 이니,기능면에서..그 어떤 뙤약볕에도 당당하게 얼굴을 내밀고 다닐 수 있다는 겁니다.흐흐흐..​제 쌩얼은요.라메르 자외선차단제와 스킨틴트가 담당하고 있어요.​아 이쯤되면 라메르에서 저 칭찬해야는 거 맞쥬?이리도 셀프 홍보를 해주고 있구만요.​좋으면 저는 셀프로 나서서 이렇게 이웃님들에게 소개를 해드린다는거..아시겄쥬? ^^​가격면에선 경쟁력이 떨어지지만요.기능과 피부에게 상당히 경쟁력있는 저의 최애 스킨케어 제품이랍니다.​이상..ZZIN뷰티의 애정하는 아이템 소개였습니다.​​#라메르자외선차단제 #라메르선크림 #라메르화장품추천 #LAMER #라메르SPF50UV프로텍팅플루이드 #ZZIN리뷰 #ZZIN뷰티 #서이추 #자외선차단체추천주리
맘에드셨다면
고

하트 북&미웃추가

이 개트터

부탁느려프
 
",11,4,0,235,5,3,100.4,17,,2021. 7. 26. 0:14,1188,182878,맛집,"['오 라메르 쿠션은 들어본거 같은데 !!!썬크림도 괜찮나봐요 ㅎㅎ', '네에 전 넘 좋아요 히히😍😍']"
3,https://blog.naver.com/hyunjin0514?Redirect=Log&logNo=222121080632,"10월 21일자 가을하늘도 정말 러블리 하구만요..햇살좋은날 이불도 탈탈 털구요..이불빨래 돌려놓고..청소기돌리니..오늘은 완전 주부모드 열일중이네유 ㅋㅋ​지난주 주문해서 정말 잘 사용중인 가습기 포스팅하려고 해요..​https://m.smartstore.naver.com/becorelab/products/5131626755?NaPm=ct%3Dkghh3prb%7Cci%3Dcheckout%7Ctr%3Dppc%7Ctrx%3D%7Chk%3D9bbd7b87ac310ff99cc6a6aef291c8a3abb3dcb6​요즘 사무실이 너무 건조해서 미니 가습기를 검색하던중..제 레이다망에 뙇~! 걸려 들었어요.​구입은 네이버 스마트스토어에서 구입!깨알 구마 적립금도 챙겼어요 흐흐.​​박스포장도 군더더기없이심플하구만요.제품이미지 보이시나유?사용중 상부 급수가 가능하다는 점!아주 큰 매력 중 하나에요.​​#뮤란드모이스트 미니가습기의 구성품이에요.본체에 장착되어있는 필터와,여분의 필터 두개충전케이블, 세라믹볼​​충전케이블을 보고 바로 후추냥이 올라와 물어가려고 하네유~안도ㅑ.... 후추...​​세라믹볼 이에요.세라믹볼을 본체 수조안에 장착하여,1차로 물속 중금속이나 유해물질을 흡착하여 더 깨끗한 물이 된다고 하네유~!​​세라믹볼은 아래 홈에 있는곳에 맞추어 간단하게 끼울수 있어요..저는 한손엔 핸폰을 들고 하느라..버벅였구만요 ㅎㅎ​제가 #뮤란드가습기 에 반한 또 다른 이유!요렇게 이동이 편리하다는 점이에유.거실.. 침실.. 사무실.. 캠핑등..필요에따라 들고다니기에 참 편해요.​​​상부 가습분출구쪽을 열면,아로마오일 패드가 있어..은은한 항과 가습을 원하시는 분은 좋아하는 아로마향으로 같이 사용하시면 될 거 같아요.​처음엔 요기가 충천단자인줄은 알았는데요..도대체 어떻게 여는거지..?한참을 고민했어유..버튼을 누르는건가.. ㅋㅋㅋ넘 꼭맞게 붙어있어 저게 열릴줄이야..충전단자는 C타입으로 특정 휴대폰 충천기와 함께 사용가능합니다.. (아이폰X)​​요렇게 처음엔 케이블을 꽂아 충천을 하면 사용해볼께유.처음엔 초록불이 깜박이다 완충되면 깜박이지 않아요.​​전원은 오른쪽 전원 버튼을 2초이상 누르시면..처음엔 듀얼로 가습이 됩니다.전원버튼으로 왼쪽/오른쪽 싱글 가습으로 변경가능!​왼쪽 버튼은 타이머버튼이에요.1/2/4시간 가능해요.​​침실옆에 두고 자면..밤새 얼굴이 건조하지 않겄지유~?^^너무 건조할땐 듀얼로..평상시엔 한쪽만 나오게 사용하시면 좋을거 같아요.​가습량이 많아 침실에선 요아이 하나로 충분하니..작년에 구입한 에어레스트는 거실로 가야겠어요.ㅎㅎㅎ​​요즘 사무실이 너무 건조하거든요..하루는 사무실로 들고와 데스크앞에두고 사용하니.그르케 땡기던 얼굴이 안땡기는걸 보면 성능이좋다는 거겠지유?​​사무실용을 찾다가 구입하고..너무 예쁘고 아까운거 같아..오늘부턴.. 우선 집에서 사용하려구요.ㅋㅋㅋ​사무실용 저렴한 아이 다시찾아봐야 겄어유..​#뮤란드가습기​넘 갬춘한거 같아 아이들방에도 따로 두어야 겠어요.​인스타그램 하시는분들 계신가유?저는 인스타를 해서 제품 후기 이벤트도 했어요.선물이 자그마치 백상이거든요 ^^​인스타그램에 포스팅하시고,좋아요 100개이상시..백상 10만원 증정이벤트라하니 안할이유 없잖아유..​뮤란드 가습기 추천 꾹~ 합니다^^#가습기추천 #뮤란드모이스트미니가습기 #무선가습기 #뮤란드듀얼가습기 #내돈내산후기 #미니가습기추천 #캠핑용가습기 #사무실가습기 #침실영가습기 
 
소     ㅁ

을 직린뷰7
맘에 드신다면
공감 (우 우추가

고 틴트ㄷ
)부탁드려요
100%9편:

ㄷㅅ 2\ㅁ
내도나""은 린듀
",14,6,0,243,26,5,100.4,28,,2020. 10. 20. 14:54,1188,182878,맛집,"['오오 이거 무선이라 맘에 들고 디자인도 깔끔하니♡ 넘 맘에 드는데요? ㅋ 거기에  또 가격도 저렴하다니^^ 대박상품', '드디어 정착할 가습기를 찾은거 같아유.. 가격도 착하고 기능도 맘에들어요~😍😍👍🏻', '헉 무선이라니!!!넘 좋은데요 ㅠㅠㅠ진짜 겨울 되가니까 넘 건조해져요,,', '그쵸? 코가 쏙쏙 건조하거 불편했어여 ㅋㅋ', '손잡이가 있어서 이동도편하고 무선이라뇨 ㅜㅜ진짜 탐나는 아이템이에유', '네 완전 신박템이라 요즘 너무 애정중이에요 ㅎㅎ😍', '안녕하세용😊블로그 잘 둘러보고 갑니당😆다시 코로나가 난리인데😭코로나 조심하시궁 아침에 일어나면 진짜 온도차가 🥶🥶감기 안걸리게 조심하세용 시간되실때 제 블로그도 한번 빼꼼 들려주세용😉❤', '네에 감사합니다💙💙', '우와 방가워요 진짜 이쁜 냥이네요 무선이라 더 좋을듯 합니당', '네에 무선에 혹하고 디자인에 훅해서 주문했어요 ㅎㅎ😍', '너무 깔끔하고 예쁜데용?:)', '그쵸? 한눈에 반해버렸어요🙈😍', '반가워요 deeply loved님 ^.^\n제 블로그의 서로이웃이 되어주세요 ㅎㅎ♥\n부족하지만 열심히 소통하겠습니다 ~!', '반갑습니다~~^^ 저두 블로거초딩이어유 우리 서루 도우며 지내요 ㅎㅎ 감사합니다😍😍', '가습기의 계절이 돌아왔네요!!작년에..싼 맛에 샀던 가습기는..이미 고장나 버렸답니다ㅠㅠ..다시 사야되는데.. 후기보니 정말 좋네요!!!:)', '그쵸? 저두 작년에 산 가습기는 작동이 안되네요 ㅜㅜ 요아인 내년에도 쌩쌩할거 같아 기대하는중이에요 ㅎㅎ😍👍🏻', '가을하늘뿐 아니라 냥이도 러블리하네용~손으로 가습기 든거 보니까 가습기 작은게 확 느껴지네요!!세라믹볼로 중금속 유해물질 흡착하여 기존의 물을 더 깨끗한물로 해준다니 더 좋네용 :-)', '네에 2단계라는 생각에 더 믿음이 갔어요 흐흐😍😍 공감 감사합니다🙏🏻🙏🏻', '정성스러운 포스팅...나누어 주셔서 감사합니다.항상 행복하시구요.~~', '공감해주셔서 감사합니다~🙈😍😍', '요즘은 무선가습기도 잘 나온다니ㅎㅎㅎ집에다가 큰 가습기 놓기 투머치였는데 요고 좋네요:)', '네에 저두 작년에 구입한 가습기는... ㅋㅋ 가격대비 짱인거 같아요🤩👍🏻', '후앙 썸네일에 고양이보고 들어왔어요 ㅠㅠ 너무 기엽네요❤️ 서이추 감사합니다 자주 소통해요😍', '서이추 감사드립니다~^^ 냥이를 좋아하는 이웃님 너무 좋습니다 ㅎㅎ 행복한 화요일 되세요😍💙💙']"
