,Post URL,Post,Image num,sticker num,gif num,Paragraph num,Comment num,Video num,weekly viewer mean,Sympathy num,AD,Posting Date,Buddy num,Total visit,Blog category,Comment detail
0,https://blog.naver.com/jdbri1130?Redirect=Log&logNo=222427835870," 오래오래 씹는 간식을 좋아하지만 딱딱한 건 잘 못먹는 우리 강아지. 가장 좋아하는 간식이 터키츄고 오래 씹는 장점 때문에 외출 시 하나씩 주고 간지 오랜 시간이 흘렀다. 아직도 좋아하긴 하지만 기왕 주는 것이면 조금 더 다양한 영양분을 포함하고 있고 더욱 깨끗하게, 첨가물 없는 간식이 있으면 좋겠다고 찾아보던 중 밸런스펫의 <프리미엄 애견수제간식 파우치 3PACK>을 급여해보기로 했다.  표백제나 식품보존제, 색소를 사용하지 않는 밸런스펫의 수제간식 파우치는 말 그대로 수제간식이다. 사실  수제간식은 이렇게 기계화된 공정을 거친 파우치에 담겨 나오는 걸 본 적이 없는데 참 반려동물 수제간식에 대한 수요가 높아지면서 점점 더 진화하고 있구나 싶었다.  한우&치킨스틱 파우치. 사람이 먹는 깨끗하고 신선한 닭가슴살을 잘 세척한 한우우피에 돌돌 말아 만든 개껌 형태이다. 평소에는 우피껌을 잘 주지 않는데 나름 절절한 사연이 있다.   우선 굳이 세상에 많고 많은 고기간식 중에 굳이 소가죽을 강아지가 씹어야 하는 이유를 몰랐다. 가장 큰 이유는 시중에 판매되는 새하얀 개껌이 문제였는데 소가죽을 하얗게 만들기 위해 표백의 과정을 거친다는 것이다..! 강아지가 입으로 오랜시간 씹고 놀아야 하는데 어떠한 형태로든 약품이 포함되었다면 구매할 이유가 없다 . 반면, 밸런스펫의 <한우&치킨스틱>은 표백제를 일체 사용하지 않기 때문에 우피껌의 색깔도 자연스러운 누리끼리함(?)이 있다. 한 파우치에 7개가 들었고 두껍지 않아 소형견들도 턱뼈에 무리 없이 잘근잘근 가지고 놀 수 있겠다.  우리 강아지는 우피껌은 한번도 먹어 없애 본 적이 없고, 고기가 말려있지 않으면 입에 대지도 않았다. 적당히 씹다 버려두었는데 요번에는 어떻게 반응할지 기대 중! 그러나 이번에는 불의의 사고(오리치즈스틱을 하나 훔쳐먹어 급여량 초과)로 한우&치킨스틱을 시식할 자격을 박탈당했다.  세 파우치 중 가장 마음에 들었던, 쟁여두고 싶을만큼 마음에 쏙 든 밸러스펫 강아지 수제간식 <오리&치즈스틱>. 100% 국내산 오리고기로 만들었을 뿐만 아니라, 두툼하고 큼직해 오랜 시간 강아지가 놀 수있다.  사람 엄지손가락 만한 큼직한 한 조각이 6개 들어 있다. 패키지를 열자 마자 ""와~"" 하고 감탄사를 내뿜을 만큼 반려인에게도 맛있는 냄새가 났다. 딱 원하던 간식이 이거였다! 다른 첨가제가 없는 원재료 그대로를 건조했으면서 육류만이 아닌, 한두가지 다른 재료가 첨가된 간식. 파우치형이라 보관도 쉽고 잘 건조되어 상온보관도 가능한 제품.  감탄하며 살펴보는 동안 우리 강아지가 하나 훔쳐 갔다. 처음 보는 간식이지만 경계도 없이 냅다 물고 도망갈 만큼 기호성도 좋은 강아지 수제간식. 소프트한 제형이면서도 두툼해 소형견 강아지가 한두번 씹어서는 잘리지 않아 오래오래 두고 즐길 수 있다. 1-3kg대의 초소형견들에게는 크고 굵다고 느낄 수도 있겠다. ​100% 국내 공정으로 만들어진 <소프트 밸런스 트릿>은 딱 봐도 저렴한 저키류와 시각적으로 차이가 있다.  13가지 자연재료로 쪄서 만들었다는 부드러운 저키간식은 95% 수제 국내 생산을 했다는데 다른 파우치는 100% 수제 국내 생산인 것을 보면 5%는 어디로 간걸까? ​아마 혼합 분말 중 원산지가 외국산인게 있겠지? 알록달록한 저키 색깔은 제마다 다른 재료의 천연 색감으로 나타났다. 또 각각의 저키는 연어, 오리고기, 황태, 소고기 등 각자 다른 종류의 육류단백질 베이스로 구성되었다 .밸런스펫 <소프트밸런스 트릿> 한 봉지면 강아지 칭찬간식, 노즈워크 등 조금씩 자주 먹는 활동에 오래 두고 활용할 수 있겠다.    알록달록하고 조그마하고 너무 귀엽다.  천연 원재료만으로도 충분히 알록달록 예쁜 색깔을 낼 수 있다니. 소프트 트릿은 말랑한 저키류라 꼭 공기가 닿지 않게 보관해야해 지퍼백이 있는 파우치라 좋았다.  저키류는 어쩔 수 없이 고기 육포 간식보다는 기호성이 떨어지는데 한치의 경계없이 바로 받아먹는 강아지다.그러나 살짝.. 오리&치즈스틱으로 몸이 기울어버린 솔직함.  반려동물 간식이 시중에 다양화되면서 그만큼 중국산 제품도 많아졌다. 하지만 밸런스펫의 강아지 간식 전 상품은 100% 국내 생산에 천연성분 그대로 가공해 만든 수제간식이다.  ​그 흔한 식품보존제나  밀가루, 인공향료, 인공색소, 글루텐, GMO 등의 유해 성분이 전혀 들어가지 않은, ZERO 상품이며, 3개월만 지나만 모든 강아지들이 맛있게 뜯을 수 있는 전연령을 위한 강아지 수제 간식. 우리는 특히 <오리&치즈스틱> 상품이 만족스러워 추가주문의향 200%! 혼자 두고 외출할 때 하나 주고 가는 용도로 주어도 성분이 좋고 잘 만들어져 많이 먹어도 걱정되지 않을 건강한 수제간식이다. 그 중 소프트 트릿은 기존 150g 파우치에서  500g 대용량이 출시되었다. 30% 저렴한 가격으로 구매가 가능하니 칭찬간식이나 노즈워크용 저키를 찾으시는 반려인들은 꼭 한번 둘러보고 더 건강하고 더 깨끗한, 많이 주어도 걱정없는 강아지간식 선택하면 좋겠다. ​PRos and Cons more info​ 

-
트 086비610
04066

본 포스팅은 실제 상품이나 서비스를 제공받아
건강한 리뷰문화를 만들기위해 작성한 진솔한 후기입니다.

 

 
",30,0,3,600,4,0,484.0,9,text_ad,2021. 7. 11. 20:15,644,431575,애완·반려동물,"['자알 보고 갑니다 ~!!', '아고ㅠㅠㅠ 까득까득 씹는 거 너무 귀여워용ㅎㅎ 어쩜 저렇게 천사같은지ㅎㅎㅎ', '재밌게 보고 갑니당~~']"
