,Post URL,Post,Image num,sticker num,gif num,Paragraph num,Comment num,Video num,weekly viewer mean,Sympathy num,AD,Posting Date,Buddy num,Total visit,Blog category,Comment detail
0,https://blog.naver.com/jihye_726?Redirect=Log&logNo=222390311318,"​​​집에서 혼자 시간 떼울 때 하기 좋은 것을 찾았어요.개인적으로는 시간 버리고 헛되게 쓰는걸 좋아하질 않는지라 뭔갈 하고 싶어서 찾은 보석십자수!​11번가에서 이번트 금액으로 약! 만원 정도에 샀어요.어짜피 중간에 포기 할거 ㅋㅋㅋㅋㅋㅋㅋ싸게싸게 사자 해서 싸게 구매완료!​그런데 생각보다 너무 저하고 잘 맞아서 완성까지 하고!1개 도 사서 그거마저 끝장을 봤다는 사실!ㅋㅋㅋ​​​​​​​그래도 이벤트 참여를 하면 음료 쿠폰 준대서빠르게 참여 후에 음료쿠폰 다 쓰고!불로그 리뷰도 남겨본다 ㅋㅋㅋㅋㅋ​​​​​​​​아름다운해변 이러는 보석십자수인데….으음…… 음……​​​​저 비즈가 한 쪽은 볼록하게 굴곡이 져 있고반대편은 편평해요.그래서 캔버스에는 편평한 부분을 붙이면 되요.그렇게 다양한 색들이 완성!!!그런데 첫번째 이미지의 저 진한 핫핑크는 다시 봐도 쌩뚱 맞음ㅋㅋㅋㅋㅋㅋㅋㅋㅋ​​​​​개인적으로는 아트조이 의 보석십자수는 색상의 다양성이 없달까요?제한적인 색상이라서 그런지 조금은 밋밋했어요.나름의 포인트는 파란색?23가지 색상만 있던지라 조금은 아쉬웠어요.​제가 이 브랜드 이후에 다른 브랜드의 제품을 했는데 그건 색상이 거의 60가지더라구요.​​​​​​​재택기간도 아니었고 주말에 본가도 안 내려간지라집에서 심심해서 2일동안 끈덕지게 하니 반은 하더라구요.보석십자수가 힐링이 되냐고 주변 사람들이 묻던데,힐링이 되는건 아니고 제가 얼마나 집착이 쩌는지를 알게 해주고!그리고 그냥 잡 생각이 사라져서 좋아요.그리고 하나씩 색을 채울때마다 기분이 좋더라구요.​대신에 목을 잃었다………​​​이번에 집 이사 가면 다른 디자인으로 보석십자수를 또 하나 더 할 생각인데.. 빨리 이사 가서 또 하고 싶네요!​​​​#보석십자수 #아트조이 #시간때우기용 #잡생각없애기용 #그림그리기 #아름다운해변은친구집에 #다음인어공주는우리집에 
 
 

 

포스팀은 [『돈사/산리뷰입니다
리뷰 시작합니다
571/싸1
",7,3,0,175,1,1,1040.4,0,,2021. 6. 8. 22:38,2034,2148166,패션·미용,['시간 때우기로 딱이네요 ㅎㅎ자주 소통해요!']
1,https://blog.naver.com/jihye_726?Redirect=Log&logNo=222008011636,"​​​저는 정말 매일매일이 너무 더워서 힘들어요.거기다가 마스크까지 끼고 있어서 더 덥더라구요.그러다보니 마스크 안으로는 땀이 빨리 차더라구요.이럴 때 제일 필요한 선풍기!!!!!휴대하고 다니기 좋은 휴대용선풍기 를 소개 해 드릴게요.​인토픽 FAN-01 7컬러 LED 무드등 거치대 휴대용선풍기 - 다나와 최저가 12,900원​​​​​​​책상 위에 올려두기에도 좋은 선풍기이자손선풍기로 사용하기 좋아요.거기다가 USB충전까지 가능하기에 사용하기에는 아주 편하답니다.책상 위에 올려 두는 거치대는 무드등 기능까지 있어서 조금 더 분위기 있게 사용하기 좋답니다.​​​​​​​박스 안에는 선풍기 와 LED거치대, 설명서, 손목스트랩, 5PIN충전케이블까지 들어 있어요.​​​​​​​​그립감 좋은 고급 손잡이 라서 이용하기에 편해요.한손에 쏙 들어와서 그립감도 좋고디자인이 좋은 손잡이에요.이 손잡이에 귀여운 손목스트랩까지 걸어서 사용하면 딱이라는거!ㅋㅋㅋ​​​​​​​무드등을 작동시키기 위해서는 방향을 잘 찾아서 꽂으셔야 해요.무드등과 선풍기의 전원버튼이 같은 곳을 바라보게만 꽂는다면 성공!무드등 전원을 한번 누르게 되면 나이트 라이트닝이 켜지고2번 연속 누르게 된다면 여러가지 컬러의 라이팅이 자동으로 켜지며 변환 되요.그 중에서 마음에 드는 색상을 발견하게 된다면? 다시 한 번 더 눌러주면 그 색상이 고정이 된답니다.​​​​​​​손선풍기로도 사용이 가능하지만 무드등이 있는지라데스크 선풍기로도 사용이 가능한 다용도 선풍기에요.사이즈 가 적당하기에 가지고 다니기에도 좋고,탁상에 두고 사용 하더라도 시원하게 이용이 가능해요.​​​​​​​약간 영상에서는 색상 변환이 부자연스럽지만 실제로는 정말 부드럽게 색상이 변환이 되요.색상 선택에 제일 필요한 것은 스피드 뿐입니닼ㅋㅋㅋㅋㅋㅋㅋ빠르게 눌러서 고정 해야 하거든요.​​​​​​​전원을 켜게 되면 이렇게 파란 불이 들어 온답니다.불이 들어 온 전원버튼은 큼직하기 때문에 누르기에도 아주 편해요.바람세기는 3단으로 조절이 가능 해요.거기다가 모터는 20,000시간 사용이 가능한 튼튼한 모터라서 오랫동안 사용하기 좋아요.​​​​​​​http://prod.danawa.com/info/?pcode=11396367점점점 더워져서..................매일매일 선풍기가 필요한 시기이기에가볍게 들고 다니기 좋고 사용하기 편한 선풍기 찾는다면인토픽 휴대용선풍기 어떠세요!!ㅋㅋㅋㅋㅋㅋㅋㅋ강추합니다요!!​​​​​​​​020242""~

글은 제휴사와 다나와 체험단글 통해
제품 또는 서비스를 제공받아 작성하였습니다.

                                                                                                                      
우게
",17,0,0,215,0,1,1040.6,0,text_ad,2020. 6. 21. 21:22,2034,2148167,패션·미용,0
2,https://blog.naver.com/jihye_726?Redirect=Log&logNo=221437370944,"​​지금은 비록 비가 많이 안 와서 건조함이 많이 느껴지고....비가 오더라도 내리기도 전에 바로 눈으로 내리는 겨울이지요~늘 비가 오거나 눈이 오면 다들 비슷한 땡땡이 우산을 꺼내게 되면 내 우산은어떤건가 하고 자주 찾아 다니게 되는데요.남들과 똑같지 않고 크고 야무지게 만들어진 우산이 있더라구요.​​여우우산 3단우산 - 45,000원​​​​​​주황색 여우 우산을 했어요.파란색과 노란색까지 해서 3가지 색상이 있는 우산 이에요.다른 색상들도 이뿌더라구요. 선택하기 힘들었음ㅋㅋㅋㅋㅋ​​​​​​​​색상은 밝은 느낌의 파랑과 노랑까지 같이 있었답니다.조금은 주황보다는 빨강에 가깝게 여겨질수도 있지만주황색이에요~~~~~​​​​​​​​어딘가에 걸 수 있는 고리도 있구요.손잡이는 무광으로 해서 정말 부드럽고 큼직하게 되어 있어요.우산을 감싸서 정리 할수 있는 끈은 아주 튼튼 하게 마감 처리가 되어 있더라구요.저는 저 끈이..... 나중에 보면 없는 제품도 있거든요ㅠ길가에서 저렴한거 사서 그런가ㅠ 똑딱이도 사라진게 있어요ㅠㅠ​​​​​​​우산 대는 8개의 살로 되어 있어요.우산살 자체가 엄청 굵직 하면서 튼튼 하더라구요. 힘이 있어서 좋아요.쉽게 뒤집어 지지 않게끔 굵어요.​우산을 펴고 접을 때 튀어나온 부분에 손이 다치거나 끼이지 않게끔하얗게 해서 마감 처리가 되어 있어요.손을 보호 해 주게끔 처리가 되어 있으니 이 제품을 사용 하는 동안은손을 다칠 염려는 없는듯 해요~~~​​​​​​​​정말 시선 강탈 되는게 우산 정 중앙쪽에는 날이 추워서그런지 여우들이 가운데에 다 모여 있어요.옹기종기 이뿌게 모여 있으면서 한마리 한마리가 다른 자세로 그려져 있답니다.똬리를 틀고 눈 뜨고 있거나 주변을 보고 있거나 똬리를 틀고 자고 있는 여우까지!​​​​​​​가운데 쪽에만 여우그림이 그려진게 아니라우산 끝쪽에도 여우들이 정말 귀엽게 그림이 다 그려져 있었어요.면면 마다 다 다르게 해서 그림이 있더라구요.우산 중심으로 가는 가운데 부분은 연하고 작게 그려진 여우들도 있구요~이 와중에 여우 귀에 까만 포인트 귀엽당ㅋㅋㅋㅋㅋ​​​​​​​​조금은 특이하면서 너무 흔하지 않은 디자인이라우산을 잃어버릴 염려도 없이 관리가 될거 같아서 좋아요.여우들이 다 뛰어갈 준비도 하고 달려 가고 있는 여우도 있고~~~~아주아주 다양한게 보이시죠?​​​​​3단 우산 치고는 정말 저의 양쪽 어깨를 다 가려 줄 만큼 크더라구요.1단 우산이 아니고선 거의 보면 2명이서 우산을 쓰면 꼭2명 모두 양쪽 어깨가 젖게 되는데이 우산은 2명이서 써도 젖질 않겠더라구요.일단 3단 우산보다는 사이즈가 커요! 정말 좋음!!!!​​​​​​​​우산 끝에 마감 처리까지 아주 알차게 잘 되어 있기까지 한 우정양산 .우산이 정말 마감처리나 이런게 너무 잘 되어있어서 가성비가 좋은거 같아요.오랫동안 이용이 가능한 우산인듯 해요.​​​​​​https://smartstore.naver.com/wj_parasol지금은 비가 많이 오는 시기가 아니라서 아직 까지는 밖에 가지고 나가질못하고 있지만 빨리 비가 좀 왔으면 좋겠단 생각이 들어요.모두에게 우산을 보여 주고 자랑 하고 싶더라구요 ㅋㅋㅋㅋㅋㅋㅋ3단 우산 정말 이뿌고 크다고 나만 이런거 있다고~ 자랑질ㅋㅋㅋㅋㅋ​흔하지 않으면서 가성비 좋은 우산을 찾으신다면 여기 둘러 보세요~​​​​​​​* 본 포스팅은 제 지갑과 함께 합니다. *",18,0,0,349,2,0,1040.6,8,,2019. 1. 8. 21:18,2034,2148167,패션·미용,[]
3,https://blog.naver.com/jihye_726?Redirect=Log&logNo=221432806350,"​​이젠 건기 로 비가 많이 안 오는 시기이긴 하지만바람이 제 양 쪽 볼따구를 싸다구를 때리는 시기에요.그러다보면 비가 한 번 씩 오면 제 어깨는 물론 앞 뒤로 다 젖음.하......................... 글 쓰는데 급 짜증 났음ㅋㅋㅋㅋㅋㅋㅋ​눈 올때는 뭐............... 별로 불편한걸 모르겠어요.부산은 눈이 잘 안 오거든요.그저 한 번씩 오면 출퇴근은 글렀음 ㅋㅋㅋㅋㅋㅋㅋ눈은 그저 예쁜 쓰레기 라는거 밖에..............죄송해요.............. 눈님~ 스노우~사실 내릴때는 겁나 이뿌고 와~~~~ 렛잇고~ 렛잇고~하게 되지만 눈 다 내리고 집 갈 때나 이동 할때눈 때문에  아~놔~ 오르막 가다가 아~놔!외치게 됨ㅋㅋㅋㅋㅋㅋㅋㅋㅋㅋㅋㅋ나만 그런거 아니겠지? 본론으로 넘어가서~ㅋㅋㅋ​​​우정양산 동경 컬렉션 - 31,500원​​​​​​​이 우산은 한쪽은 꽃이 많이 그려져 있고 한쪽은 연하게 그려져 있다보니까우산 껍데기도 아래는 진하게~ 위에는 연하게 그림이 새겨져 있어요.겉만 보고도 저희 엄니는 색이 참 곱다고 맘에 들어 하심....엄니 껀가 이젠?​​​​​​​어딘가에 걸 수 있게끔 고리도 있어요. 다른 우산들과 동일 ㅋㅋㅋ우산 중앙에는 그냥 어느 우산과 동일 함돠 ㅋㅋㅋㅋㅋㅋㅋ​​​​​​​제가 전에 길가 에서 산 우산은 저기 똑딱이만 떨어져 나간것도 있고동여매는 저 끈이 떨어져 나간 것도 있어요.이건 그렇게 쉽게 떨어져 나갈거 같진 않아서 다행쓰 ㅋㅋㅋㅋㅋㅋㅋ​​​​​​​우산 살은 8개로 되어 있는 제품이에요. 헿ㅋㅋㅋㅋㅋㅋㅋ한쪽은 벚꽃이 많이 그려져 있고 한 쪽은 벚꽂이 미세하게 있죠?아주아주 색도 고우면서 정말 이뻐요~​​​​​​​​제가 3단 우산이 있긴 한데2명이서 간혹 쓴다던가 아니면 바람이 많이 불때 쓰면왜 내 어깨는 다 젖어 있는가............왜 내 앞뒤로는 다 젖어 있는가............우산을 쓴것인가 만것인가........... 싶어요.그래서 구매 하게 되었는데 ㅋㅋㅋㅋㅋㅋㅋㅋㅋ색이 아주 참 곱죠~~~~?​​​​​​​제가 늘 밖에서 급하게 산 2~3000원 짜리는 꼭 보면저기 우산 살 쪽이 분리가 되어서 다시 꼽고 빠지고 다시 꼽고 무한 반복ㅋㅋㅋㅋ조금 가격 준 2단이나 3단은 저 부분이 찢어져서 꼬매고 꼬매고 꼬매고~​이건 아주아주 튼튼하게 실로 마감되어 있더라구요.한동안은 꼬매고 꼬매고 할 일은 없을듯 ㅋㅋㅋㅋ​​​​​​​​우산 을 편다고 올렸을 적에 손가락이 끼이거나 아니면 뾰족한 면에손가락이 다치지 않게끔 보호 캡 같이 하얀색 마개가 있어요.대도 아주아주 튼튼하게 두텁하게 되어있어서 쉽게 뒤집어 지지도 않을듯 ㅋㅋㅋㅋㅋ​​​​https://smartstore.naver.com/wj_parasol아직 제가 집에서 잠깐 사용 해 본게 다지만 실제로 밖에비 올때 써보고 싶네요~ㅋㅋㅋㅋㅋㅋㅋ 존예 일듯 ㅋㅋㅋ3단 우산 임에도 불구 하고 크기도 크고대도 튼튼하고 색도 곱고 디자인도 이뿐 우산여기 우정양산에서 구경해 보세요~​​​​​* 본 포스팅은 제 지갑과 함께 합니다. *~
",16,0,0,308,0,0,1040.6,8,,2019. 1. 2. 21:44,2034,2148167,패션·미용,0
4,https://blog.naver.com/jihye_726?Redirect=Log&logNo=222008011636,"​​​저는 정말 매일매일이 너무 더워서 힘들어요.거기다가 마스크까지 끼고 있어서 더 덥더라구요.그러다보니 마스크 안으로는 땀이 빨리 차더라구요.이럴 때 제일 필요한 선풍기!!!!!휴대하고 다니기 좋은 휴대용선풍기 를 소개 해 드릴게요.​인토픽 FAN-01 7컬러 LED 무드등 거치대 휴대용선풍기 - 다나와 최저가 12,900원​​​​​​​책상 위에 올려두기에도 좋은 선풍기이자손선풍기로 사용하기 좋아요.거기다가 USB충전까지 가능하기에 사용하기에는 아주 편하답니다.책상 위에 올려 두는 거치대는 무드등 기능까지 있어서 조금 더 분위기 있게 사용하기 좋답니다.​​​​​​​박스 안에는 선풍기 와 LED거치대, 설명서, 손목스트랩, 5PIN충전케이블까지 들어 있어요.​​​​​​​​그립감 좋은 고급 손잡이 라서 이용하기에 편해요.한손에 쏙 들어와서 그립감도 좋고디자인이 좋은 손잡이에요.이 손잡이에 귀여운 손목스트랩까지 걸어서 사용하면 딱이라는거!ㅋㅋㅋ​​​​​​​무드등을 작동시키기 위해서는 방향을 잘 찾아서 꽂으셔야 해요.무드등과 선풍기의 전원버튼이 같은 곳을 바라보게만 꽂는다면 성공!무드등 전원을 한번 누르게 되면 나이트 라이트닝이 켜지고2번 연속 누르게 된다면 여러가지 컬러의 라이팅이 자동으로 켜지며 변환 되요.그 중에서 마음에 드는 색상을 발견하게 된다면? 다시 한 번 더 눌러주면 그 색상이 고정이 된답니다.​​​​​​​손선풍기로도 사용이 가능하지만 무드등이 있는지라데스크 선풍기로도 사용이 가능한 다용도 선풍기에요.사이즈 가 적당하기에 가지고 다니기에도 좋고,탁상에 두고 사용 하더라도 시원하게 이용이 가능해요.​​​​​​​약간 영상에서는 색상 변환이 부자연스럽지만 실제로는 정말 부드럽게 색상이 변환이 되요.색상 선택에 제일 필요한 것은 스피드 뿐입니닼ㅋㅋㅋㅋㅋㅋㅋ빠르게 눌러서 고정 해야 하거든요.​​​​​​​전원을 켜게 되면 이렇게 파란 불이 들어 온답니다.불이 들어 온 전원버튼은 큼직하기 때문에 누르기에도 아주 편해요.바람세기는 3단으로 조절이 가능 해요.거기다가 모터는 20,000시간 사용이 가능한 튼튼한 모터라서 오랫동안 사용하기 좋아요.​​​​​​​http://prod.danawa.com/info/?pcode=11396367점점점 더워져서..................매일매일 선풍기가 필요한 시기이기에가볍게 들고 다니기 좋고 사용하기 편한 선풍기 찾는다면인토픽 휴대용선풍기 어떠세요!!ㅋㅋㅋㅋㅋㅋㅋㅋ강추합니다요!!​​​​​​​​020242""~

글은 제휴사와 다나와 체험단글 통해
제품 또는 서비스를 제공받아 작성하였습니다.

                                                                                                                      
우게
",17,0,0,215,0,1,1040.6,0,text_ad,2020. 6. 21. 21:22,2034,2148167,패션·미용,0
5,https://blog.naver.com/jihye_726?Redirect=Log&logNo=221555961341,"​​​​이젠 매일매일이 더워져요.오늘은 더워요. 오늘은 더 더워요. 오늘은 더더더더더 더워요.라는 뉴스를 매일매일 접하게 되네요.저처럼 더위를 많이 타는 경우에는 손선풍기가 필수에요.가지고 다니기 좋은 손선풍기가 있더라구요.가방에 쏘옥 들어가서 잃어버릴 염려도 없고 자리차지도 덜 하면서사용하기도 좋은 제품을 보여드릴게요.​​250 디자인 트윈팬(TwIn-Fan) 휴대용 선풍기 - 25,000원​​​​​​​본체, 충전케이블, 메뉴얼, 손목스트랩, 크래들 로 구성 되어있어요.제품 구성은 박스에서 확인이 가능 해요.​사용시간이나 배터리사용 등도 박스에서 확인이 가능 하답니다.​​​​​​​​제가 사용한 색상은 샌드 핑크 색상이에요.이 색상 말고도 총 3가지가 있답니다.​​​​​스톤 그레이, 샌드 핑크, 빈티지 화이트 이렇게 총 3가지가 있답니다.그레이 색상도 이뿌고 핑크 색상도 이뿌면서화이트는 화이트대로 깔끔한게 이뻐요.전체적으로 깔끔한 디자인에 색상도 너무 이뿐거 같아요.​​​​​​​​박스를 개봉 해 보니 박스에 적혀 있던대로구성품이 뙇 하고 있더라구요.그런데 충전 케이블은 생각보다 짧다는거 ㅋㅋㅋㅋㅋㅋ컴퓨터에서 충전하기에 딱 좋은 길이랄까요?​​​​​​​크레들은 정말 마음에 들었던게 바닥에 고무마감처리가 되어 있어서제가 책상이나 어디에 두더라도 미끄러지거나선풍기 무게에 의해서 뒤집어 지거나 하질 않겠더라구요.너무 탄탄하게 고정이 되어서 좋았어요.​저희 엄니는 밤에 갑자기 더워지고 하면 선풍기 대신에 이 손선풍기를 써야겠다면서잘 고정이 되어서 마음이 되어서 든다고 하더라구요.​​​​​​손목스트랩과 충전케이블!충전케이블은 생각보다 길이가 짧아서 저는 이것 말고집에 있는걸로 쓸거 같아요.​​​​​​​​트윈팬 구조라서 팬이 2개가 있어요.트윈팬이면서 이 위 아래 팬을 따로따로 해서 사용이 가능해요.바람이 너무 강하다던지 한다면 조정해서 사용하시면 되요.​가로 58mm, 두께 21mm 로 한손에 딱 맞게 들어 오는 사이즈에요.버튼의 위치는 엄지 손가락이 안정적으로 누를수 있는 위치에 있고하단에 라운드는 손에 안정적 그립감을 주는 디자인이에요.​​​​​​​​팬에서 보면 숫자가 쓰인게 보이시나요?팬 1개만 이용한다면 아래쪽에 있는 2번팬이 작동을 해요.팬 1개를 이용 할때는 꼭 2번 팬만 작동을 한다는거 ㅋㅋㅋㅋ이건 조절하기가 아주 쉬워요 ㅋㅋㅋㅋ​​​​​​​​​제품 뒷면에는 충전 할 수 있는 구멍이 있어요.거기다가 이 트윈팬 휴대용선풍기 같은 경우에는 국내에서 제작하여안심하고 오래 사용 할수 있어요.​2년의 기간동안 대한민국의 기술력으로 연구 개발된 트윈팬은자체 선풍기 날개 개발로 새로운 휴대용 선풍기의 신규 플랫폼을 만들었어요.51mm 사이즈 날개는 강력한 바람과 슬림한 디자인을 가지고 있답니다.​​​​​​​팬 아래에 있는 버튼으로 조절을 하면 된답니다.원팬모드로 하려면 전원을 켠 후에 3초동안 다시 누르고 있으면2번팬인 하단 팬만 작동을 해요.전원을 끄더라도 원팬모드를 하면 그 뒤로도 계속 하나의 팬만 사용이 가능해요.원팬 모드에서도 바람세기는 3가지 모드로 사용이 가능해요.​원팬모드를 해지 하려면 다시 전원 버튼을 3초동안 누르고 있으면상/하단 팬이 모두 작동 한답니다.​​​​​​​3단계로 바람 세기를 조절 할 수 있기 때문에사용 할때 그때그때 모드를 바꿔가면서 사용 하시면 되요.​​​​​​​손목스트렙을 끼우게 되면 조금은 크레들에 빡빡하게 꽂히긴 하지만스트렙 없이 끼우면 안정감있게 꽂혀요.​크레들이 있어서 손 없이도 사용하기에 좋으면서사무실에서 일을 할때 책상 위에 얹어 놓고 사용 하기 좋아요.​​​​​​​​일반적인 휴대용선풍기보다 부피감이 작아서 휴대가 간편 해요.부드러운 표면 마감처리가 되어서 밀리거나 하는 게 없었어요.그나마 손에 안정감 있게 고정되어 있어서 질감까지도 좋았던 제품이에요.​​​​​이건 원팬모드로 해서 바람 세기를 보여 주는 건데요.투팬으로 돌릴때보다는 조금은 바람이 약하긴 하더라구요.그래도 그때그때 상황에 따라서 사용 하시면 되요.원팬모드와 투팬모드 전체적으로 보면 바람 세기를 6가지로 선택이 가능하다는거지요~​​​​​​투팬모드를 하게 되면 제가 일반적으로 사용 하는 손선풍기의 바람 세기처럼 작동 하더라구요.바람세기가 6가지로 조절이 되기 때문에 마음에 들면서한국에서 만들어졌기 때문에 더 마음에 들었답니다.​​​​​​https://bit.ly/2WdQaQg가지고 다니기에도 좋으면서 슬림해서 어디에도 넣어 두기에도 좋은 제품이에요.색상도 다양하고 손에서 밀림 없이 그립감도 좋았던 트윈팬 휴대용선풍기에요.손선풍기 찾는 분이라면 이용 해보세요~​​​​​​​이 글은 위블을 통해 본 업체에서
제품 또는 서비스를 제공받아 작성된 글 입니다.

세
",19,0,0,438,0,3,1040.6,7,text_ad,2019. 6. 6. 19:41,2034,2148167,패션·미용,0
6,https://blog.naver.com/jihye_726?Redirect=Log&logNo=221518000137,"​​​집에 각종의 다양한 냄새를 없애기 위해서 저희는 디퓨져를 자주 사용 해요.간혹 주변 집에서 피는 담배냄새가 열어 놓은 창문으로 들어 오면서 담배향이 그득 해지고강아지 응가와 쉬냄새 도 가득 하기도 하니까디퓨져로 집의 향을 바꾸려고 한다지요.이렇게 좋은 향이 난다면 기분도 좋아지게 된다지요.​발향 기능을 가진 프리저브드플라워 발명 특허를 가지고 있으면서발향 기능을 가진 코르크 방향제 발명 특허를 보여한 예스 제이 에요.돌 과 웨딩 때 답례품으로 사용 하기 좋으면서프리저브드플라워 수업을 다수 진행 하며 모든 제품을 직접 디자인 하여 판매 하는프리저브드플라워, 디퓨져, 캔들 전문샵인 예스 제이!이렇게 향도 좋으면서 눈으로도 호강하는 꽃과 함께 하는 디퓨져 를 소개 해 드릴게요.​꽃과함께하는 하루 디퓨져 세트 - 45,000​​​​​​​제가 이용한 향은 싱그러운하루 라는 이름을 가진 향이에요.일랑일랑 & 자스민 향이지요.이 향 말고도 더 다양한 향이 있어요.​​​​​​​저희가 흔하게 생각 하기 좋은 블랙체리 향부터청포도 향으로 시원 달콤한 향까지 있답니다.​​​​​​​​​주문을 하게 되면 이렇게 커다란 박스에디퓨저 용기와 함께 아주 잘 포장 되어 왔더라구요.​​​​​​​디퓨저 용기는 정말 이뿐게 보이시나요?디퓨텨 용기 자체는 투명도를 위해서 일본 고가의 하바리움 전용 용기를 사용 했데요.용기 자체가 조금은 두텁 하면서 모양이 너무 이뻤어요.거기다가 속에는 투명 자갈과 함께 꽃과 함께 있었어요.​이 자갈이나 꽃은 향에 따라서 색도 달라지고 그때그때 디자인 등이 다 달라 진데요.하나하나 손으로 만들기 때문에 모두가 디자인들이 다 다르다는거~ㅋㅋㅋ​​​​​​​​이 꽃과 함께 하는 하루 디퓨져 세트를 구매 하게 되면LED램프도 같이 온답니다.이 램프 같은 경우에는 아래 쪽에는 바닥에서 밀리지 않게 해 주는 마감처리까지 되어 있어요.LED램프를 넣고 디퓨져를 고정 할수 있는 나무판까지 같이 있다지요~​​​​​​예스재이 플라워 디퓨져를 집에서 인테리어 소품으로 분위기를 위해서 사용 하기 에는이렇게 램프에 불을 켜고 디퓨져를 올려 두면 분위기 쩔어요!!!진짜 이뻣어요!!!거기다가 불 켜진 램프 위에 올라간 디퓨져를 보고 나서는그냥 디퓨져만 창가에 뒀더니 뭔가 무난한게 심플 하면서 그렇더라구요!!!램프 위가 이뻐요~~~~~​​​​​​​​디퓨져는 처음 사용 할 때에는 리드 스틱에 천천히 스며들기 때문에발향까지 하루 정도의 시간이 필요해요.향이 진하다고 느낄시에는 스틱 개수를 줄여 주는게 좋아요.2주에 한번씩 리드 스틱을 뒤집어 주는게 좋아요.향이 작다고 느껴지시면 스틱 개수를 늘리시면 발향이 다시 조금 더 진하게 된답니다!​​​​​​​램프 켜졌을때 얼마나 이뿐지 빛을 줄여서 어둡게 찍으니까 잘 보이죠?안에 있는 투명자갈과 함께 꽃이나 이파리 들이조명과 함께 아주아주 잘 어울리더라구요.더무 이뿐 디자인이기에 저희는 저희가 제일 시간을 잘 보내는 거실에 두기로 했어요.거기다가 저희 강아지가 제일 다가오기 힘들게 조금 높은 위치에 두었답니다!​​​​​​​https://bit.ly/2FwBMIm디자인도 이뿌면서 향도 정말 너무 좋았던지라기분이 정말 좋아지더라구요.향은 꽃향이 은은하게 나면서 자극적으로 쏘는 향이나새그러운 향이 아니라서 마음에 들었어요.정말 부드러우면서 달달하고 부드러워서 집에 두어도 부담스럽지 않아서 좋은거 같아요.주변에 이번에 신혼집이나 자취를 시작한 친구들에게인테리어 소품으로 선물하기 좋은아로마디퓨져 인거 같아요.정말 향이 모두가 다 사용하기 좋은거 같아요.​​​​​​​​어
 
",19,0,0,370,1,0,1040.8,13,,2019. 4. 19. 22:42,2034,2148168,패션·미용,['센터에도 디퓨져 다되가는데 ᆢ이거 불들어오고 이쁘네요 ㅋ좋은 내용 보고갑니다오늘만 지나면 주말이네요하루 마무리 잘하세요~~']
7,https://blog.naver.com/jihye_726?Redirect=Log&logNo=221458011149,"​​​​요즘에 날이 너무 추워서 늘 집에 환기를 잠깐만 하고 창문을 자주 닫고 지내요.그러면 나중에 또 집 안에 안 좋은 냄새가 베겨 있는거 같고......그렇다해서 창문을 열자니 너무 바람도 세고 날은 춥고 ㅠㅠㅠㅠㅠㅠㅠ​집에 정말 이런 날에는 디퓨저를 하나 두는게 좋더라구요.향이 그득 한게 아주 좋음ㅋㅋㅋㅋ​​블랑 천연 아로마 디퓨저 - 17,500원​​​​​​​송은이 김숙 의 언니네라디오에 협찬을 하고 있는 블랑 디퓨저 제품이에요.​​​​​​​제가 사용한 제품은 100ml 랍니다.사실 이렇게 박스만 보고 100ml 가 왜 이렇게 큰가... 했는데 이 박스 안에 디퓨저액과 함께 우드스틱, 유리병이 있더라구요.​​​​​​​​이렇게 아주 이쁘고 심플한 병과 함께 우드스틱이 같이 들어있었어요.​​​​​​​​제품 박스에는 100ml 라고 표기는 되어 있지만실제로 제가 받는 제품은 120ml더라구요.너무 인기가 많은데다가 소비자의 요구에 맞게 용량이 늘어났다더라구요.​​​​​​제가 사용 한 향은 플로럴 가든 향이에요.이 제품을 만든 제조일지까지 적혀있더라구요.만들고 나서 바로 판매까지!​​​​​이렇게 향은 다양하게 있어요.향 밑에 적혀 있는 별 갯수는 향의 세기를 나타내더라구요.사실 향이라는건 맡아보지 않는 이상 어떠한 향인지 정확하게 모르니 어떠한 향을 사야 하나 고민하게 되요.여기 블랑 에서는 향들을 조금은 이해도가 높게끔 정리를 해주셨더라구요.​​​​​​​이렇게!꽃향은 어떠한간지? 비누향은 어떠한 종류가 있는지 등등을 정말 자세하게 정리까지 되어있어요.​​​​​​​제가 이 디퓨저를 어디 두냐에 따라 어떠한 향이 좋은지 까지도 추천을 해주니까 블랑 홈페이지에서제가 어떠한 향을 좋아하는지, 어디에 둘지만 결정을 해서 디퓨져 향을 선택 하면 되겠더라구요.​​​​​​​우드 스틱은 7개가 들어있어요.우드스틱은 기존에 3mm 제품이었으나이번에 리뉴얼이 되면서 두께가 4mm 로 변경이 되었어요. 조금 더 두꺼워지면서 스틱을 작게 꽂아도 향이 더 멀리 진하게 발향이 되요.​저희는 4개 꽂았는데 향이 너무 강해서 요즘에는1개만 꽂고 지내고 있답니다 ㅋㅋㅋㅋㅋㅋ​​​​​​​디퓨저를 담는 유리병은 입구 쪽에는 노끈으로 살짝 포인트를 줬어요. 입구 쪽에는 스티커가 아주 살짝 붙어 있으니까 스티커를 제거 하고 디퓨저 액을 부어 주면 되요.​​​​​​​디퓨저 액은 이렇게 밀봉 되어서 오기 때문에씰은 제거 해서 바로 사용 하심 되요.​​​​​​​아주아주 병에 가득가득 담기더라구요.향이 아주 진하고 좋았어요.너무 연하지도 않은지라 아주 마음에 듬!​​​​​​​​저는 우드스틱울 4개를 꽂았지만 4개면 아주 향이 강하기에 1개까지 줄였답니다!이게 우드스틱이 두껍기도 하고 향 도 조금은 다른 제품들에 비해서 진하다보니까 적당히 우드스틱을 꽂으시길 바래요~​​​​​​​어디에 둘까 하다가 저희는 거실에 입구쪽에 두었답니다.사람들이 제일 많이 오가는 장소 이면서제가 제일 많은 시간을 보내는 곳으로!​​​향이 정말 좋은 데다가 다른 제품들과 차이가 있는게 유해성분은 전혀 없으면서천연곡물에서 추출한 순수 발효주정만 사용하였기 때문에 더 믿고 사용 할 수 있는 제품이었어요.사람들에게 마음을 표현하기 위해 산물할 제품을 칮으신다면 이 블랑 디퓨저는 어떠한가요?난 좋아 ㅋㅋㅋㅋㅋㅋㅋㅋ​​​​​​​* 본 포스팅은 제 지갑과 함께 합니다. *",22,0,0,344,0,0,1040.8,10,text_ad,2019. 2. 3. 23:02,2034,2148168,패션·미용,0
8,https://blog.naver.com/jihye_726?Redirect=Log&logNo=222353154161,"​​​​더페이스샵 피지잡는 수분 기름종이 팩트(9g) & 사우더(7g) - 9,000원/7,000원​​​​​​​여름만 되면 피지가 더 많이 올라와요.평소에도 T존에 많이 올라 오지만 여름만 되면얼굴 전체에서 광이 어마어마 하다지요.​이런 저의 광 나는 얼굴을 관리 해 줄!더페이스샵 의 파우치필수템 을 소개 해 드릴게요.​​​​​​​제일 먼저 팩트에 대해서 보여 드릴게요.끈적임과 번들거림을 산뜻하게 잡아주는 유분 킬러 팩트 에요.건조하지 않으면서 유분기는 잡아주는가볍고 편안한 제형의 팩트 제품이에요.​​​​​​​​컴팩트한 사이즈로 가볍게 파우치에 쏙! 하고들고 다닐수 있는 휴대성이 좋은 피니싱 파우더에요.번들거림과 다크닝을 한번에 순삭! 하여보송한 피부로 만들어주는 유분 흡착 파우더에요.​​​​​​파우더는 하얀색이라서 어떠한 톤의 피부가 바르더라도무난하게 사용이 가능 하답니다.유분기 많은 얼굴 부위에 사용하면 번들거리는 피부결 정리가 가능 하고정수리와 앞머리 쪽에 살짝 바르고 털어내면 산뜻한 머리결 유지가 가능 하며아이메이크업 전에 사용하면 오래오래 지속되는 아이메이크업을 완성 할 수 잇는멀티 유즈 파우더팩트 에요.​​​​​​​입자가 정말 가늘고 고와요.초미세 입자 파우더로 뭉침 없이 유분기를 잡아주겠더라구요.​​​​​​​앞에서 소개한 팩트와 동일하지만파우더 형태라서 사람에 따라서 어떠한 걸 좋아라 하는지에 따라이용하기 좋아요.팩트는 거울이 있지만 이 파우더는 거울이 없어요.팩트 보다는 조금은 사이즈가 작은 편이에요.​​​​​​​​팩트처럼 컴팩트한 사이즈라서 가볍게 들고 다닐 수 있어요.하지만 파우더다보니 가방에 넣어 다니면 파우더들이 우르르 나와서뚜껑을 열자마자 놀랄 가능성이 있으니까 개인적으론가지고 다니기에는 조금은 팩트형태가 더 좋지 않나~ 싶어요.​​​​​​​팩트 보다는 파우더의 스펀지가 더 도톰했어요.더 빵빵한 느낌이 들어서 손으로 계속 만지게 되던 ㅋㅋㅋㅋ사용 할 때는 살짝 뚜껑에 파우더를 덜어서 양을 조절 해서 쓰거나아니면 뚜껑을 닫은 채로 흔들어 사용하는 것을 추천 합니다요~​​​​​​​팩트처럼 파우더 형태도 정말 입자가 곱더라구요.뭉침없이 발려질 초미세 입자 파우더였어요.정말 고운 형태라서 뭉침 없이 발려지더라구요.​​​​​​​​​​파운데이션을 바른 후에는 유분감이 많이 느껴지기에휴대폰에도 많이 묻어 나올 것이고 바람에 의해서 파운데이션이긁혀서 메이크업이 쉽게 무너질 수 있어요.그리고 파운데이션을 바른 직후에 바로 얼굴에 파우더를 살짝 얹어주면평소보다는 유분기가 작게 올라오니까 메이크업 후에 바로 파우더를 올려 줄게요.​​​​​​​​처음에는 얼굴 곳곳에 광이 많이 올라왔었지만파우더팩트를 발라 주니까 바로 유분감이 많이 내려 간게 보이죠?번들거림이 많이 줄었어요.이 번들거림이 과하게 죽은게 아니라 유분감만 잡아주어서건조하지 않았고메이크업이 모공사이사이에 끼임도 없었어요.​​​​​​​​파우더도 얼굴에 올려서 발라 보았죠!개인적으로는 파우더 형태가 팩트에 비해서는 조금은 가지고 다니기엔불편할 순 있겠지만사용 후 만족감이 제일 좋았던거 같아요.​​​​​​​​파우더 형태 같은 경우에는 뚜껑에 살짝 파우더를 덜어내서 사용 할때그 파우더를 눈 두덩이와 눈 꼬리쪽에 살짝 얹어 주면메이크업오 오래 지속이 되니까 저처럼 눈 꼬리 메이크업이 잘 지워 진다면 꼭! 눈 꼬리 쪽과 눈 두덩에도 발라 주셔야 해요~​​​​​​​​이렇게 파우더와 팩트를 얼굴에 얹어 주니까 번들거림이 많이 줄어서 보송보송해 졌어요.휴대폰에도 묻어남이 적었고시간이 지났을 때 유분기도 얼굴에 많이 안 올라 와서 좋았어요.기름종이를 늘 2장을 사용 하는데 이렇게 파우더로 유분감을 잡아 주면정말 1장 반 정도로 줄어 들어요.너무 좋은거 있죵~ㅋㅋㅋㅋㅋㅋㅋㅋㅋㅋ특히나 여름이 되면 더 많이 올라 올텐데수분감은 유지하고 유분감을 잡아 주는더페이스샵 유분순삭팩트 와 유분순삭파우더 꼭 이용해 보세요!​​​​​​​https://www.naturecollection.com/mall/product/product-view.jsp?dpid=AF013555https://www.naturecollection.com/mall/product/product-view.jsp?dpid=AF013554#제품무료제공 #뷰티테스터 #LG생활건강 #fmgt #더페이스샵 #피지잡는수분파우더 #피지잡는수분팩트 #기름종이팩트 #기름종이파우더 #유분순삭파우더 #유분순삭팩트 #파우치필수템 #팩트추천 #파우더추천​보 포스팅

며 10한 경제:

은
|적
더
보 포스팅

며 10한 경제:

은
|적
더
보 포스팅

며 10한 경제:

은
|적
더
",34,1,0,397,0,0,1040.8,0,text_ad,2021. 5. 16. 15:14,2034,2148168,패션·미용,0
9,https://blog.naver.com/jihye_726?Redirect=Log&logNo=221778434593,"​​​​​​아라리 애플 에어팟 케이스 키링 펠리스 토스 - 29,000원​​​​​​​선물 하기 좋게끔 이쁘게 포장이 되어서 나와요.이쁘게 각져 있는 케이스에 담겨져 나오는아라리 에어팟 가죽 케이스 에요.​​​​​​​100% 핸드메이드 가죽케이스 에요.아라리 만의 특별한 디자인 케이스 에요.조금은 특별하면서도 색감이 너무 이뻐요.​​​​​​​핸드스트랩이 같이 제공되는 아라리 케이스 에요.핸드스트랩도 가죽으로 제작되어 있었고케이스와 동일한 색상으로 만들어져 있는 스트랩이에요.​스트랩은 튼튼하게 제작되어 있더라구요.​​​​​​​프리미엄 가죽 느낌을 그대로 재현해서 고급스러운 느낌을 주더라구요.제가 사용한 색상은 토프 라서 조금은 부드러우면서도 따스한 느낌이 나는 색상이에요.​​​​​블랙색상과 함께 포레스트그린 색상도 있어요.저는 포레스트 그린 색상도 이쁘더라구요.요즘에 저런 그린 색상이 너무 좋아요!!ㅋㅋㅋ​​​​​​​무선충전도 쉽게 되는 케이스에요.하지만 저희 집에는 무선충전기가 없는 관계로 사용은 못 해봤어요ㅠㅠㅠ케이블 충전구멍도 에어팟 의 충전 단자 구멍과 동일한 위치에 나 있어서충전도 불편함 없이 이용이 가능 하더라구요.​​​​​​​​스트랩 고리를 달 수 있는부분에는 단단하게 마감 처리를 했어요.그렇기에 스트랩을 달아서 이용 하더라도 가죽이 늘어나거나가죽이 떨어질 염려는 없이 튼튼하게 제작이 되어 있어요.​​​​​​내측 안 감은 부드러워서 기기를 보호하기 좋게 되어 있어요.특히나 똑딱이 버튼이 에어팟 본체에 닿지 않게끔케이스가 꼼꼼하게 만들어져 있었어요.마감 장식이 닿지 않게 디자인이 되어 있기 때문에스크래치 등에 대한 신경을 많이 쓴게 보이더라구요.​​​​​​​​이렇게 스트랩을 고리에 걸어서 이렇게 들고 다니면 되지만 저는.....뭔가 손에 들고 다니면 잃어 버릴 염려가 있다보니까가방에 넣어두고 가방에 살짝 걸어놔야겠더라구요.​​​​​​​저는 가방이 버킷백 형태의 가방이에요.쪼을 수 있는 줄이 있는 복조리 형태라서이 줄에다가 고리를 살짝 걸어서 눈에 보이는 곳에 두고 있답니다.디자인보다도 색상이 이뻤고 에어팟 모던파우치가 에어팟을 잘 보호 해 주기 위해세심하게 디자인 되어 있던게 보여서 아주 좋았어요.​​​​​​​https://smartstore.naver.com/araree/products/4762992552조금 더 많은 디자인이 나오고스트랩 대신에 다른 커다란 고리가 있었다면다시 한 번 더 이용 해보고 싶더라구요.에어팟 케이스 로 가방 에서 쉽게 찾아서 이용 하세요!​​​​​​​​",25,0,0,236,13,0,1040.8,20,text_ad,2020. 1. 20. 8:26,2034,2148168,패션·미용,"['뷰스타 지혜님 항상 좋은 글 잘 보고 있습니다.', '되게 깔끔하고 고급스럽게 예쁘네요! 소비욕구 뿜뿜,,', '공감누르고 갑니다요 ㅎ', '에어팟케이스 너무고급인대요?', '와  예뻐요!!!!', '잘보고 갑니다 ^.~', '고급스럽고 예쁘네요!!', '오늘도 활기찬 하루 되세요  \n좋은 글 잘보고 갑니다', '고급스럽고 이쁘네요~', '진짜 고급스럽다 실물 보고싶네요', '깔끔하네요~~~좋은정보 보고 갑니다']"
10,https://blog.naver.com/jihye_726?Redirect=Log&logNo=221423501438,"​​제 노트북은 약 8년 전 쯤 구매 해서 겨우겨우 작동 을 해요.대신에 많이 기다려 주는게 있어야 하죠....기다림의 미덕이랄까 ㅋㅋㅋㅋㅋ​이런 저의 모습을 보고 엄니가 노트북을 1대 사주셨다죠 ㅋㅋㅋㅋ노트북이 새거라서 애지중지 하면서 암 것도 안 깔고 소중히 다루고 있어요.완전 소중한 내새찌 ㅠㅠ이런 저의 소중한 내새찌에 케이스를 이뿐걸 씌우고 싶더라구요.다양한 노트북케이스가 있지만요즘에 다들 뽀송뽀송한 양털? 푸들털? 같이 꼬실꼬실한 털옷 많이 입으시죠?그런 꼬실꼬실한 털로 만든 노브북케이스 가 있어서 소개 해 드릴라구요.​​​커버엠 Fluffy beige - 39,000원​​​​​​​​꼬실꼬실한게 저희 멍이가 생각나는 털이에요.외부 털 색은 제가 베이지 색으로 선택을 했어요.색상은 베이지 말고도 핑크. 블루색상도 있어요.저는 베이지 색상은 저희 멍이가 생각이 나서 우리 멍이에 가까운색으로 선택!​​​​​​​​​앞에 커다란 와펜은 3가지 중에서 선택이 가능하더라구요.저는 일단 외부 색상도 저희 멍이를 보고 골랐기에와펜도 멍이로 선택했어요.흰멍이~ㅋㅋㅋㅋㅋㅋㅋ​​​​​​갬성 넘치는 여성분도 있고 멍이도 있고 감튀도 있어요.사이즈는 다 다르더라구요.이런 큰 와펜 말고도 작은 와펜은 따로 판매 하니까 같이 구매 하시면 되요.​​​​​​​혹시라도 저는 와펜을 조금은 부실하게 박음질 했을라나? 했는데정말 아주 튼튼하게 박아 놓으셨더라구요 ㅋㅋㅋㅋㅋㅋ떨어질 염려는 하나도 없음ㅋㅋㅋㅋ원래 이렇게 나온 천마냥 붙어있어요.​​​​​제품 한 켠에는 커버엠 택이 붙어 있어요.커버엠에는 휴대폰 케이스도 있고 파우치도 있고 다양하더라구요.​​​​​​사실 이렇게 큰 파우치니까 지퍼도 이렇게까지 큰걸 했을거라곤생각하지도 못했어요.인터넷에서 팔아서 그런가 그냥 대충 암거나 달아놨겄지 했는데...정말 지퍼도 부드럽고 크기도 커서 사용하기 딱 좋더라구요.손잡이도 손가락이 들어갈 크기로 해서 잘 만들어져있는!ㅋㅋㅋㅋㅋ​​​​​​​내피 같은 경우에는 색상이 4가지 중에서 선택이 가능하더라구요.노트북을 제대로 잘 보호할수 있게끔 정말 보드라븐 천이었어요.안에도 같이 베이지 할까 하다가분홍색으로 선택ㅋㅋㅋㅋㅋㅋㅋㅋㅋㅋㅋㅋㅋㅋ색상은 노랑노랑도 맑은게 이뿌네요 ㅋㅋㅋㅋㅋㅋ​​​​​​​​​제가 내피가 얼마나 두껍게 잘 제작되어있나를 보여주기 위해 열심히 찍어보려고 했는데사진에선 잘 안나타 나네요 ㅋㅋㅋㅋㅋㅋㅋㅋ내피가 부드럽고 두꺼워서 엄청 노트북이 잘 보관되겠더라구요.​​​​​​​​뭐 글 쓸건 없지만 괜히 들고 나와봤어요 ㅋㅋㅋㅋㅋㅋㅋㅋ제가 요즘에 배우고 싶은게 있어서 의욕적이게 들고 나왔다가 쓰지도 않고 다시들고 들어 갔다는 이야기가 있지요.​​​​​​​​정말 똘망똘망한 강아지가 파우치 정 가운데에 박혀서꼬실꼬실하고 복실복실한 천에 노트북이 있는건지를 전혀 모르게끔 잘 만들어졌어요.개인적으로는 정말 만족하는 디자인이에요.보호도 잘 해주고 ㅋㅋ 만족만족!!ㅋㅋㅋㅋㅋㅋㅋㅋㅋㅋㅋㅋ​​​​​http://coverm.co.kr/index.html제품은 여기에서 구매가 가능해요.회원가입하고 할인 받고 요래요래 조래조래 하니까저렴하게 구매가 가능해요.저렴하게 구매 해서 인싸 되어 다니시길ㅋㅋㅋ저거 귀염 터져서 다들 쳐다는 보더라구요 ㅋㅋㅋㅋ​​​​​​​* 본 포스팅은 제 지갑과 함께 합니다. *",15,0,0,305,1,0,1040.8,15,text_ad,2018. 12. 20. 17:03,2034,2148168,패션·미용,['우와 하나하나 다 고를 수 있다니 너무 좋은 것같아요 ㅠㅠ 저도 파우치살때 여기서 하나하나 골라야겠어요 ㅎㅎ']
11,https://blog.naver.com/jihye_726?Redirect=Log&logNo=222375433711,"​​​월프라이어 자이글 원큐 만능 적외선 에어프라이어 - 249,000원​​​​​​​이번에 #자이글 에서 새로 나온 #자이글신제품원큐 에요.특허받은 #적외선 #복사열로 속부터 익혀주는 에어프라이어 에요.튀김 요리만 되는 에어프라이어가 아닌 구이, 볶음, 찜까지 모두 가능한 자이글의 노하우로 만든신개념의 만능 조리 기구 에요.​​​​​​​처음에는 이 뚜껑을 어떻게 여냐? 하고 있었는데 #에어프라이어 자이글 #웍프라이어 원큐 의 제품 앞 면에 손잡이 아래쪽에 뚜껑을 여는 버튼이 있어요.이 뚜껑을 여는 버튼을 눌러 오픈이 가능 했었어요.​​​​​​​​​바닥에는 음식을 할 때 고정이 가능한 고무패킹 이 있어요.제품 전체 바디를 고정 해 주는 고무패킹이 6개가 있어서 아주 안정적으로사용이 가능한 느낌 이었어요.기기의 흔들림이나 작동 실수로 인한 추락방지를 위한 고무패킹이 아주 단단하게바닥을 잡고 있으니 여기서 또 요알못은 감동쓰.....​​그리고 자이글로 #삼겹살 을 굽게 된다면 삼겹살에서 나온 기름을빠지게 해 주는 내솥에 달린 고무패킹을 보관할수 있는센스 터지는 보관공간!ㅋㅋㅋㅋ하얀 바디 중간에 까만 기름받이 서랍 보이시나요?기름은 줄여주고 맛은 향상되는 웰빙조리가 가능하게외부기름을 배출 할 수 있는 기름받이 서랍이 있어요.그렇기에 더 건강하게 음식을 먹을 수 있어서 좋아요.​​​​​​​​저는 개인적으로 에어프라이어의 제일 단점이 그거에요.굽고 나서 뚜껑 열어 음식을 다 뒤집어 주거나, 아니면 전체적으로흔들어서 다시 뒷면을 익혀 주는거에요.그러나 이 자이글 원큐 같은 경우에는 내솥이 통으로 회전 하기에 재료의 회전이 되면서 음식물이 균일하게 조리가 된다는 거에요.​​​​​​​​거기에 저는 에어프라이어의 단점 중에 1개가 더 있다면내부에서 어떻게 얼마나 익어가는지를 체크가 안 된다는 거에요.하지만 #구이와 볶음, 찜까지 가능한 자이글의 원큐 는투명 파노라마창이 있어서 내부가 다 보여요. 이 파노라마창으로 음식이 얼마나 익었는지 눈으로 체크가 가능하단거에요.고온화상주의라는 글자 안으로 그릴망이 보이시죠?저같은 요알못들은 이렇게 요리를 눈으로 확인이 가능해서편하고 유용하답니다.​​​​​​​내솥만 사용 할 때는 볶음요리 할 때나,삼겹살 같은 기름기를 빼주는 요리를 할 때 유용해요.​그릴망 같은 경우에는 간식류나, 돈까스 같은 튀김류 에도 적합하지만바닥까지 더 바삭하게 즐기고 싶다면! 그릴망이 좋겠더라구요.​그리고 생선처럼 익으면 부서지는 류는 구이조리판을그릴망 위에 올려 사용 하면 되요. 그릴망이 조금은 더 안정적으로 바닥을 고정해주기에꼭! 그릴망 위에 구이조리판을 올려서 사용 하시면 되요.​​​​​​​​​추가로 별도 분리형 조립 손잡이가 있어서뜨거운 내솥을 잡을 때 아주 편리 해요.내솥과 별도 분리 사용 하기에 편의성이 극대화 되더라구요.​​​​​​​​사용하는건 쉬워요.전원만 연결하면 저 상태로 된답니다.​​​​​​​전원/시작 버튼을 눌러 온도와 조리 시간을 설정 후에전원/시작 버튼을 누르면 조리중이라는 글자 밑에 화살표가 하나씩 생겨요.그러면서 조리가 된답니다.그러면서 자이글 원큐 의 오른쪽과 왼쪽으로 뜨거운 김이 나오니까 조심 하셔야 해요.저희집에 자이글 초반 제품이 있는데 그 제품은 고기 굽기에는 편하지만 주변이 너무 뜨겁더라구요.하지만 이 원큐 같은 경우에는 외부로 뜨거운 열이 나오지 않아서 사용 할 때 아주 편해요.철저하게 열차폐 조립 기술을 적용해서 주변까지 안전 하고고온에도 절저히 열차폐가 가능하도록 2중 커버로 되어 있어 안전하답니다.​​​​​​​​주말 아침은 뭐다? 빵이다~~~~~~~~~집에서 먹으려고 주문한 갈릭 크로와상 이에요.​​​​​​​​에어프라이어에 4분간 넣으라고 하셨지만 저는 ㅋㅋㅋㅋㅋㅋㅋ원큐의 냉동식품이 170도에 15분을 추천 주셨기에 15분으로 구웠답니다.말 잘 듣는 블로거 ㅋㅋㅋㅋㅋㅋㅋㅋㅋㅋㅋㅋ산소를 태우지 않는 카본 램프가 달려 있어서 적외선 직화열을 활용 하여 속부터 익혀 주어요.​​​​​​​적당히 익어가는거 같아서 작동중에 개방을 했답니다.터지면 어쩌지? 했지만 이 자이글 같은 경우에는 작동 중에 개방 하더라도 자동으로 작동 중지 했어요.그리고 작동중에 상시로 개폐가 가능 했기에 안심하고 이용이 가능 해요.​​​​​​​적외선 복사열과 열풍으로 고르게 조리가 되고 있어요.그릴망으로 조리를 한지라 아래쪽까지 바삭해지겠지요~?기존 에어프라이어는 200도까지만 조리 온도가 설정이 가능하지만자이글 원큐는 최고 조리온도가 250도로 고온에서 조리가 가능 해서 좋아요.이 고온을 견디는 고열 내성 엔지니어링 플라스틱을 사용해서 만들어진원큐 는 내구성이 아주 튼튼 했답니다.​​​​​​​색만 보더라도 아주 바삭 하게 조리 된게 보이시나요?과하게 발려져 있던 버터는 그릴망을 타고 흘러내렸었고내솥은 따로 분리가 되기에 세척이 아주 용이 해요.​​​​​​저는 15분을 궄을 때 이렇게 정말 겉이 바삭 바삭하고 속은 촉촉한#겉바속촉 의 갈릭 크로와상이 완성 되었어요.처음에는 얼마나 잘 구워지려나? 했는데 정말 잘 구워졌어요.그릴망을 이용한지라 바닥까지 바삭 바삭 하면서모양은 망가지지 않았답니다.​​​​개인적으로는 손님들에게 음식 대접 할 때완벽하게 음식을 제공하기 위해서라면이 #자이글원큐 로 제공하는 것도 좋겠더라구요.​저는 자이글 원큐로 냉동식품을 먹었지만다음은 대패삼겹과 냉동삼겹, 그리고 칠리새우 를 만들어서 먹는 모습을 보여 드릴게요!웍요리가 가능한 자이글 에어프라이어 이기에다양한 요리가 가능해서 저같은 요알못들에게 아주 좋다는 것!!ㅋㅋㅋㅋ자이글이 있어서 행복한 졔졔는 이만 총총~​​​​​​https://www.zaigle.com​#자이글원큐 #자이글 #웍프라이어 #적워선특허기술 #적외선 #복사열 #강력한화력 #3가지열원 #강력한화력 #웍요리 #볶음요리 #찜요리 #틸팅구조 #최고온도 #250도 #고온 #적외선직화열 #적외선 복사열 #열풍 #자이글특허기술 #자이글신제품 #자이글신제품원큐 #볶음까지되는에어프라이어 #편하게볶음요리하기 #자이글볶음요리 #맛있게고기굽기 #자이글요리 #자이글삼겹살 #자이글그릴 #자이글고기 #자이글소고기 #냄새안나게생선굽기 #자이글고등어 #삼겹살은 #역시 #자이글 #구이판 #기름받이 #자이글DNA #기울임구조 #내솥회전 #틸팅구조 #겉바속촉 #단단한구조 #자이글디자인​​보 포스팅

며 10한 경제:

은
|적
더
보 포스팅

며 10한 경제:

은
|적
더
보 포스팅

며 10한 경제:

은
|적
더
",32,1,0,603,1,0,1040.8,1,text_ad,2021. 5. 30. 20:07,2034,2148168,패션·미용,['좋은포스팅 잘 구경하고 갑니다^^ 항상 건강하세요^^']
12,https://blog.naver.com/jihye_726?Redirect=Log&logNo=221429480211,"​제가 약 3년전부터 알레르기비염이 너무 강해졌어요.그러면서 환절기때는 물론이고 늘 바람이 강할때는재채기를 자주 하고... 콧구멍은 간질간질.....너무너무 힘들어요 지금 같이 미세먼지가 심할 때는....​정말 매일매일 재채기를 연속 2번~3번 하게 되면목도 쉬어 버리고 지치기도 빨리 지치게 되요.....ㅠ저처럼 이렇게 알레르기비염이 있으시고미세먼지가 심할때는 정말 공기청정기가 필수인거 같아요.비록 작지만 정말 가성비 갑쓰 제품이 있어서 보여 드릴게요.​​테스 미소 미니 공기청정기 - 39,900원​​​​​​전체적인 크기는 크기가 크질 않아요.크기가 정말 사무실이나 방에 딱 두기 좋은 사이즈라서집에서나 사무실에서 가볍게 사용하기 좋은거 같아요.​미니 이면서 약풍/강풍 선택이 가능 하고, 취침기능에 야간무드 기능까지있는 정말 저렴하면서 기능은 너무너무 좋은 제품이에요.​​​​​​​저는 4가지 색상 중에서 핑크 색상으로 선택 했어요.색상은 흰색 노랑 민트 핑크 색상으로 4가지가 있어요.​​​​​​저는 정말 민트색상을 좋아해서 민트색상으로 할까 하다가너무 민트로 전체 통일한 기분이라서노랑을 할까 하다가 급 변경 해서 핑크로 변경ㅋㅋㅋㅋ흰색은 때 타면 너무 튈까봐 분홍으로 했다지요 ㅋㅋㅋ노랑이 조금은 아쉽긴 하지만....ㅠ​​​​​​​미소 미니 공기청정기는 테스 제품 이에요.제가 사용 하고 있는 USB 선풍기도 테스 제품이에요.미니 가습기도 테스 제품이에요...................음~ 저 그냥 테스 빠순이인가봐요 ㅋㅋㅋㅋㅋㅋㅋㅋㅋㅋㅋ테스가 은근 가격은 저렴한데 가성비가 최고 갑쓰거든요.​이런 가성비 좋은 테스에서 공기청정기가 나왔더라구요.초미세필터로 공기를 정화 시켜 주면서 이온청정 기능이 있어요.약풍, 강풍 선택이 가능하며 초절전형 기능으로 전기료 걱정도 없고야간 사용시 은은한 무드램프 선택도 되고, 공간절약으로 개인 공간 사용에 적한 한 제품이에요.​​​​​​​한국에서 만들어진 제품이기에 한국어 설명서가 있어요.어떠한 기능을 사용 하기 위해서는 어떠한 버튼으로 어떻게 작동 시키면 되는지자세하게 적혀 있어요.​​​​​​​공기 청정 해주는 구멍이 아주아주 특이하더라구요.더하기더하기더하기 무늬가 있고 이꼴이꼴이꼴(=) 무늬가 앞뒤로 있더라구요.분홍도 아주아주 여리여리한 연분홍 색이에요.​​​​​​​영어로 이 공기청정기의 기능이 적혀 있어요.아래에는 이 제품의 인증번호와 제조번호가 같이 쓰여 있으면서소비전력이 2.5W 로 아주아주 작다는걸 알수가 있어요.전력이 아주아주 작은편이기에 가정집에서 사용하기 좋아요.제 손에 잡혀 있는 모습만 보더라도 작은게 보이죠?사무실이나 독서실, 작은공간에서 사용하기 편리한 사이즈에요.​​​​​​​위쪽에는 무드램프와 이온청정, 전원 버튼이 있어요.그리고 버튼은 딱 모양만 보면 어떠한 기능을 하는지 알 수 있겠더라구요.​​​​​​​​제품 뒷면에는 필터를 변경 할수 있는 곳이 있더라구요.조금은 살살 다뤄서 열면 안에는 필터가 있어요.새하얀 필터는 나중에 변경 할수가 있어요.H13등급 헤파필터 를 사용 하여 아주아주 강력하게 정화 시켜 줘요.​​​​​​​필터를 쉽게 꺼내기 쉽게 되어 있고두께도 아주아주 두껍더라구요.필터는 따로 같이 판매 하고 있기 때문에나중에 주기적으로 변경 해 주시면 될거 같아요.​​​​​​​​버튼을 누르면 정말 불이 이뿌게 들어와서 이뿌더라구요.전원을 처음에 한번 누르면 약풍, 2번 누르면 강풍으로 작동을 해요.​​​​​​영상에서 확인 해 보시면 정말 작동 하는 소리가 작죠?정말 작동 하는 소리가 너무 작아서 마음에 들었어요.특히나 취침모드 하면 아예 거의 소리가 없으니까 잠귀가 밝으신 분들도사용하기에 정말 부담 없을거 같아요.​사용 해보니까 정말 많은 공기가 정화 되는걸 눈으로까지는 확인 안되지만조금은 저의 재채기가 많이 줄더라구요.지금은 저의 거실에만 두고 잘때는 방에 두고 사용 하는데나중에는 방에 1개, 거실에 1개 두고 사용 하고 싶어요.대형을 집에 두고 전체를 공기 정화 하는거보다는 미니 공기청정기가 더 좋은거 같아요.​​​​​​​https://smartstore.naver.com/magicloom/products/2793752846지금은 할인 하고 있더라구요.할인 하고 있을때 하나 더 구매 할까봐요.................저 정말 공기청정기 없이 못 살거 같아요 ㅋㅋㅋㅋㅋㅋㅋㅋㅋㅋㅋㅋㅋㅋㅋㅋㅋ공기 청정기 만든사람 우쭈쭈 해 드려야 겠어요.궁디 팡팡!ㅋㅋㅋㅋㅋㅋ 제가 공기가 얼마나 깨끗해진지는 눈으로 확인은 되질 않지만그래도 기침이 많이 줄어 들어서 저는 공기청정기가 꼭 필요한 필수품이 되어 버렸어요.저처럼 알레르기 심하고 미세먼지로 고생 하시는 분이라면바로바로 공기청정기 꼭 필수 구매템으로 챙기세요~~~~​​​​​​이 글은 위블을 통해 본 업체에서
제품 또는 서비스를 제공받아 작성된 글 입니다.

세
",19,0,0,447,1,1,1040.8,10,text_ad,2018. 12. 28. 22:51,2034,2148168,패션·미용,['미니멀한게 침실에 놓고쓰기 딱이네요']
13,https://blog.naver.com/jihye_726?Redirect=Log&logNo=221529162384,"​​​작년에 여름에 유럽 여행을 가고 올해 봄에 베트남에 갔을 적에너무너무 더운지라 제 피부를 너무 까맣게 태웠더라구요.은근 저는 흰 피부라서 안 탈거란 생각 하고은근히 자외선차단제를 안 발랐다지요 ㅋㅋㅋㅋㅋ그랬더니 탔다는.............................ㅠ여름 뿐 아니라 겨울에도 써야 하는 제품이 자외선차단제에요.그만큼 자외선이 중요하지요.​이 자외선차단제를 여름에 정말 바르기 좋은 제품이 있어요.피부의 온도를 내려주어서 쿨링감을 주는 키엘 쿨링 자외선차단제 입니다.​​키엘 쿨링 자외선 차단제 30ml - 31,000원​​​​​​제가 사용한 용량은 30ml 제품이지만이것보다 더 큰 용량인 60ml 제품도 있어요.대용량이 있기에 용량을 적절히 골라서 사용하심 되요.​​​​​​뒤쪽에는 사용 방법이라던지 용량과 사용기한이 적혀 있어요.피부 온도를 즉각적으로 낮춰주는 강력한 차단력의 쿨링 자외선 차단제 는울트라 라이트 데일리 UV 디펜스 아쿠아 젤 이 원래 이름 인가봐요.​​​​​​​옆으로 통토아면서 살짝 납작한 형태에요.가방에 넣어다니기에 편한 모양과 사이즈에요.그렇기에 나중에 저는 여행 할때 꼭 넣어 다니면서 사용 할라구요~ㅋㅋㅋㅋㅋ픽픽!​​​​​​​외부 자극으로 피부를 지켜 주는 키엘 선크림은 PA++++ 의 강력한 차단을 해줘요.장파 UVA 까지 차단 해 주기에 하나만 발라줘도 아주아주 잘 차단 해줘서 좋다는!​봄부터 여름까지 높아지는 일사량과 자외선 지수에피부의 적정 온도를 지켜줘요.바르면 바로 피부 온도를 3도를 낮춰주는 쿨링 자외선 차단제에요.​​​​​​​피부 적정 온도보다 피부 온도가 올라가면 나타나는 증상이 있어요.​하나! 피부 유분이 증가 해요.피부의 유수분 밸런스가 깨지면서피부 표면의 과도한 피지로 번들번들 거리는 피부가... 된답니다ㅠ​둘! 피부 노화가 촉진이 되요.수분 부족으로 피부 탄력이 저하되어 피부 노화를 촉진 시킬 수도 있어요.그렇기에 피부의 적정온도를 지켜줘야 해요.​​​​​​​​색상은 아주 하얀 빛 보다는 조금은 노란빛이 느껴졌어요.발랐을 적에 뭉침이 있거나 하질 않고 백탁까지 없더라구요.자외선 차단제를 바르고 메이크업을 한 이후에땀을 흘려도 하얀 땀을 흘릴 일이 없겠네요!!ㅋㅋㅋㅋㅋㅋ데이트 할때 발라도 문제 없습니다!ㅋㅋㅋㅋㅋ​거기다가 남자분들이 발라도 좋은 제품이에요.​​​​​​​​선크림 보다는 선로션 같다고 해야 하나요?정말 부드러우면서 흡수력이 너무 좋았어요.발랐을 적에 썬크림 같다는 느낌이 전혀 없으면서 보송하게 마무리가 되어서 좋았어요.거기다가 자연스러운 윤광까지 보여주니까메이크업 할때 발라도 아주 피부에서 광이 나겠어요.​​​​​발림성이 영상에서 느껴지나요?정말 부드럽게 발려지면서 백탁현상이 느껴지지 않게끔로션처럼 발려 지더라구요.그러면서 피부에 착 흡수가 되어서 잔여감 없이 보송하게 마무리가 되더라구요.끈적임이 없다보니까 정말 너무 좋았어요.​​​​​​​딱 피부에는 스킨케어만 한 피부에요.키엘 썬크림 을 피부에 올렸더니 제형이 가벼워서 그런가갑갑함이나 무거운 느낌이 없었답니다.​​​​​​​바르니까 시원함이 느껴졌어요.거기다가 자외선차단제를 안 바르더라도 제 얼굴 T존에는 도그기름이 넘쳐 나는데자외선 차단제를 바르면 더 많이 올라왔거든요.이 키엘 제품을 바르니까 그나마! 조금 줄어든게 보였어요.얇고 가볍게 마무리가 되면서제 모공에도 끼임이 전혀 없어서 좋아요.데일리로 얼굴에 바르기 짱 좋ㅋㅋㅋㅋㅋㅋㅋㅋ백탁 현상도 없기에 남자가 바르기에도 좋은 템 이네요.​​​​​​​ 

 

~
780 ㄷ70나86407                                          또   @

60\0680000 6 ㅇㅇ

파우더룸을 통해 키엘로부터 제품을 무료로 제공받아:

  

입니다

 

 
1
",17,0,0,334,0,1,1040.8,7,text_ad,2019. 5. 3. 23:37,2034,2148168,패션·미용,0
14,https://blog.naver.com/jihye_726?Redirect=Log&logNo=221493188287,"​​​​겨울만 되면 늘 가방 안에 넣을까 말까 고민 하는게 미스트 제품이에요.미스트는 사이즈 큰 것과 작은 것의 금액 차이는 거의 없으면서...금액을 따지면 큰 사이즈 이고,가방에 챙겨 다니기 위해서는 작은 사이즈 이고....생각을 많이 하게 하는게 미스트에요.​그러다보니 미스트 앞에서는 정말 많은 고민을 하게 되요.1+1 으로 판매 하는 제품을 큰 것과 작은 것을 준다면 바로 구매 하겠죠,친구와 함께 구매하면 좋지만 그런 동일한 생각을 가진 친구가 있는 것도 아니다보니....​이렇게 생각이 많아지는 미스트를 정말 쉽게 제가 원하는 향과제가 원하는 제품으로 사용하면서가방에 아주 쉽고 가볍게 넣어 다닐 수 있는 제품이 있다고 하더라구요.알리오 모이스쳐캣 제품을 보여 드릴게요.​알리오 충전식 수분 미스트 모이스쳐캣 - 29,000원​​​​​​​모이스쳐캣은 수분 공급을 해 주는 자동 미스트 제품이에요.건조함을 느낄때마다 촥촥 하고 뿌려주면 된다는거~​​​​​​​박스를 개봉 해 보면 다양한 제품이 있었어요.파우치 부터 제품과 함께 미스트통, USB케이블까지 있어요.​​​​​​​파우치 같은 경우에는 모이스쳐캣을 넣어 다니는 용도로 들어있어요.조금은 모이스쳐캣 보다는 조금은 크기 때문에 다른 미스트통 도 넣어 다니기 좋겠더라구요.​우리가 흔하게 쓰기 쉽고 접하는 USB케이블도 같이 있어요.이 케이블로 충전을 해야만 자동충전기를 사용 할 수 있답니다.​​​​​​손에 아주 딱 하고 들어 오는 사이즈에요.휴대가 가능한 미니사이즈의 제품이지만 작지만 강력한 파워 안개 분사 하는 자동미스트에요.컴팩트한 사이즈로 어디서나 사용 할 수 있으면서작고 귀여운 디자인이기에 다들 무엇이냐고 많이 물어 볼 듯한 디자인이에요~인싸각임 ㅋㅋㅋㅋㅋㅋㅋㅋㅋㅋㅋㅋㅋ​발자국이 있는 부분은 나중에 미스트 통을 변경 해서 사용 하는 부분이에요.중간에 줄이 있으면서 모이스쳐 라는 영어 글자가 새겨져 있는 공간은아래 쪽으로 내리게 되면 미스트가 촥 하고 나온답니다.​알리오 충전식 수분미스트 제품은나노 미스트 수분 공급으로 촉촉한 피부 보습이 가능해요.​​​​​​편리한 UBS충전식이기에충전도 쉽고 아주아주 사용하기 좋아요.​​​​​​​전용물탱크를 3가지를 주더라구요.1개는 물을 담고 에센스를 담고 화장수를 담고 한다면딱딱딱 거기에 맞춰서 정해 놓고 쓴다면 좋을거 같아요.​물을 넣어 피부에 수분을 공급 하고스킨 또는 화장수를 넣어 피부결을 정리 하면서에센스를 넣어서 피부에 영양을 공급하기에 좋답니다.용도에 따라 사용이 가능 하기에 꿀이에요.​하지만 물이 아닌 에센스나 미스트를 담아서 사용 하게 되면수분미스트 기계는 살짝 세척 후에 사용 하셔야 해요.물을 담아서 여러번 촥촥 뿌리게 된다면 세척이 된답니다.​​​​​​​​에센스나 미스트를 담기 쉽게 작은 물통이 하나 있어요.이렇게 꽂아서 리필 해서 사용 하심 된답니다.​미스트를 여름에 사용 하게 된다면 피부 진정효과가 있으니까여름에도 사용하기 아주아주 좋아요.​​​​​​​어떻게 분무되는지 보이시나요?정말 안개처럼 촥 하고 퍼져요.약간 무대 위에 안개 퍼지듯이 퍼져요.​​​​​​​정말 안개 미스트에요. 부드럽게 뿌려지기에 피부 에 물방울이 생기지 않게끔 뿌려져요.그렇기에 손으로 흡수 시켜 줄 필요가 없어요.​​​​​​​https://smartstore.naver.com/aliomall/products/4016106207제가 사용 한 색상은 흰색이지만 정말 코랄빛이 많이 보이는핑크색상도 있어요.여름은 물론이고 겨울에도 정말 사용 하기 미스트를자동으로 사용 하면서 제가 원하는 제품으로 제가 원하는 향으로 선택 해서가방에 가볍게 넣어서 사용 해 보세요.​​​​​​​​이 글은 위블을 통해 본 업체에서
제품 또는 서비스를 제공받아 작성된 글 입니다.

세
",14,0,0,364,3,2,1040.8,11,text_ad,2019. 3. 20. 21:09,2034,2148168,패션·미용,"['지혜님 항상 좋은 글 잘 보고 있습니다.', '반가워용 : )\n잘보고갑니당']"
15,https://blog.naver.com/jihye_726?Redirect=Log&logNo=221729696268,"​​​​​무선충전의 시대를 멋지게 장식하는 데스크테리어 필수템을 가져 왔어요.요즘에 무선충전 제품들이 더 많은 편이에요.저는 무선충전 에어팟2 와 함께 갤럭시9 노트 가 있다지요.무선충전이 가능한 제품들이지만 집에는 무선충전패드가 없어요.저는 마우스패드와 무선충전기까지 달려 있는 제품들이 예전에 사용해 보니그렇게 세상 편한 제품이 없더라구요.컴퓨터로 작업을 하다보면 휴대폰 충전도 필요한데 휴대폰도 중간중간에 확인도 해야 하다보니 무선충전 마우스 패드가 제일 딱 이더라구요.​제가 사용 해 본 에이프릴스톤 의 무선충전 마우스 패드 를 보여 드릴게요.​에이프릴스톤 P20, 무선충전 마우스 패드 (일러스트 에디션) - 45,900원​​​​​​​​박스는 아주 커다랗더라구요 ㅋㅋㅋㅋㅋㅋㅋ꺼내보면 엄청 크다는 느낌이 안 들지만 박스는 꽤 큼.그리고 박스 겉에는 제품의 디자인 에 대해서 소개 되어 있어요.​​​​​​​​​개봉을 해 보면 C-type 의 전원 케이블 과무선충전 패드와 마우스 패드, 사용설명서 가 같이 있어요.​전체적인 사이즈는 높이는 215mm 이고 마우스패드 가로 24mm 무선충전패드 100mm에요.사용하기 아주 편한 사이즈 랍니다.​​​​​​​​사용 설명서는 한국어 설명이 적혀 있어요.케이블 같은 경우에는 갤럭시 와 동일 하기에 같이 사용하기에도 좋아요.저 패드에 이 케이블을 꽂아서 사용을 해 주어야 한답니다.​​​​​​​​​일러스가 그려진 마우스 패드와 무선충전 패드는0.5mm 의 아주 슬림한 디자인이에요.​거기다가 무선충전패드와 마우스패드는 분리형 디자인이라서그때 그때 상황에 따라서 사용하시면 되요.분리 해서 위치를 다르게 해서 사용 하시면 되요.거기다가 양쪽에는 네오디뮴자석이 있어서 패드가 붙어서 고정이 되더라구요.​​​​​​​​여기 마우스패드에 그려진 일러스트는 일러스트레이터로 유명한 김현주 작가가 그려낸 그림 이에요.다양한 브랜드와 협업으로 명성이 옾지만 꾸준히 캔버스에 그림을 그리는 작가로유명한 작가 분이세요.이 디자인 말고도 분홍분홍한 디자인도 있답니다.​​​​​​​​​바닥에는 전체적으로 밀림 방지 플린넬릿 베이스가 있어서밀림이 없어서 아주 편해요.​​​​​​​​빠르고 정확한 충전영역을 가지고 있어요.이 넓디 넓은 공간에 어디에 두면 충전이 가능한지 표기를 해 놓았더라구요.충전패드의 중심부에 ""O"" 디자인을 해 놓아서한눈에 무선 충전 영역을 알 수 있어요.넓은 충전 패드라서 안정감 있는 충전이 가능 해요.​​​​​​​고성능 USB C타입 전원 연결 방식이라서 안정적이고 편리하게 전원 입력이 가능 해요.이 전용 케이블은 일반 충전보다 1.7배 빠른 고속 충전이 가능 하답니다.충전 하는 케이블 구멍은 위 쪽에 위치 하고 있어요.​​​​​​​​​평소 제가 작업 하는 공간이에요.작업 이라고 할게 없긴 하지만................작은 테이블 위에 노트북을 하나 두고위에 마우스 패으만 나두면 적당한 넓이를 가진 테이블 이에요.거기에 조그마한 무선충전 패드를 위에 둬서 사용하기에도 좋고마우스패드 옆에 두고 사용하기에도 좋아요.​​​​​​​무선충전 에어팟2 도 충전이 바로 되는게 보이시죠?가운데 동그라미 위에 바로 올려만 놓으면 빠르고 정확하게 인식 해서 충전이 되더라구요.​​​​​​​​갤럭시 휴대폰도 충전이 바로 빠르게 되었어요.스마트 기기에 적합한 충전을 위해 케이스가 있어도 자동 감지 해서 충전이 가능 하더라구요.과전압, 과전류, 과열보호 기능으로 무선 충전을 지원하는 모든 스마트 기기를안전하게 보호하면서 충전 해 줘요.​​​​​​​안전하게 충전도 가능 하면서 고속 충전이 가능 한 무천 충전 패드!아루 중에 오랜 시간을 보내는 사무실과 PC 앞에 P20 으로 내 책상을 더 편한 나만의 공간으로 만들어 주었어요.어떻게 보면 나무 느낌 강하고 안 이쁜 제 테이블 위에 정말 색상 이쁘고 귀염 터지는일러스트가 그려진 마우스 패드를 올려 놓으니까화사해 지면서 이용하기에도 아주 편하더라구요.​​​​​​- https://smartstore.naver.com/monsterheadphone/products/4722368956제가 자주 사용하는 에어팟과 휴대폰을 바로 주변에 놓고 충전도 하면서 확인이 바로바로 가능 했던 무선 충전 패드에요.컴퓨터 본체에 꽂아 놓고 사용하게 되면 제가 허리를 숙여야 하거나 세우거나....그 휴대폰이 있는 곳을 보기 위해 조금이라도 움직여야 하는데마우스패드와 무선충전이 가능한에이프릴스톤 P20 은 동시에 모든걸 다 같이 가능 해서 편했답니다.이걸 왜 이제서야 또 알았을까요!!!!ㅋㅋㅋㅋㅋㅋ모두모두 편하게 삽시당~~~~~~​​​​​​​​​​​",28,0,0,451,0,0,1040.8,5,text_ad,2019. 12. 7. 10:51,2034,2148168,패션·미용,0
