,Post URL,Post,Image num,sticker num,gif num,Paragraph num,Comment num,Video num,weekly viewer mean,Sympathy num,AD,Posting Date,Buddy num,Total visit,Blog category,Comment detail
0,https://blog.naver.com/jinus001?Redirect=Log&logNo=222163256430,"동계 캠핑을 준비하면서, 필수 준비물을 알아보고 있었는데, 아무래도 난로를 켜다보니, 좀 건조하다고 해서, 캠핑용 가습기를 찾아봤습니다.​또한 집 안이나 캠핑장에서 온열기로 인한 건조한 실내 공기는, 바이러스 전파 유리한 환경이라고 하네요.요즘같은 코로나 시대에 가습기 사용이 중요한것 같습니다!​그리고 캠핑장에서 제일 중요한 포인트는 바로 무선! 무선 가습기를 찾던중, 무드등 으로도 사용 하능한, 퓨어코치 LED 무선 가습기를 발견했습니다.​​너무 귀엽고 깜찍한, 퓨어코치 무선 가습기!​퓨어코치 무선가습기를 선택한 이유는,첫째, 고용량 배터리! 완충 후에, 5-10시간 정도 넉넉한 시간동안 사용 가능하다는점!둘째, 작은 사이즈이지만 1000ml의 대용량 수조로 넉넉하게 가습이 가능하다는 점!셋째, LED 무드등으로 집에서 사용 가능하고, 캠핑장에서도 갬성 조명으로 사용 가능하다는 점!넷째, 2단계 가습 조절이 가능하여, 연속분사 & 간헐적 분사가 가능한 점!다섯째, 최대 10시간 가습으로, 수면시간동안 가습이 가능한 점!여섯째, 풍부한 분사향으로 시간당 50ml 분사가 가능한 점!​가습기의 뚜껑에는, 분무기 / 손잡이 / 버튼 2개가 있습니다!왼쪽 버튼으로 무드등 조명을 켤 수 있고, 오른쪽 버튼으로 가습 모드를 선택할 수 있습니다.손잡이도 너무 귀욥..무드등을 켜면, 귀여운 손잡이에서 불이 켜집니다 ㅎ​퓨어코치 무선 가습기는, USB 충전 케이블으로 충전 후 사용 가능합니다.가습기의 후면에는 충전단자와 전원 on/off 버튼이 존재합니다.​분체와 뚜껑을 분리하면, 필터를 연결하는 부분을 확인할 수 있습니다.물통과 조절부 결합이 견고하여, 넘어지더라도 물이 흐르지 않습니다!물을 담은 상태에서 이동하더라고 흐르지 않아서, 이동하며 사용하기에 편리합니다.​충전하고, 물채우고, 필터끼우고, 버튼누르면 끝~너무 간단하고, 깔끔한 디자인이 예쁜 퓨어코치 LED 무드등 가습기 입니다!구성품으로는 필터 2개, USB 충전 케이블 그리고 설명서가 있습니다.가습기 필터 부분에 스프링을 넣고, 필터를 끼우면 사용 가능합니다.단, 사용 전에 2분정도 필터를 물에 담궈주세요!12월 동계 캠핑을 가면서, 필수품으로 챙겨가게 된 가습기!우리의 마스코트~ 위베어베어스와도 잘 어울리고, 캠핑 감성 아이템으로도 너무 잘어울리네요.​불멍 할때나, 취침 할때나 언디든지 이동하기 좋아서캠핑용품으로 매우 편리합니다 ㅎㅎ해질녘에 무드등으로 사용하며 감성캠핑이 완성되었습니다!! ㅎㅎ 이소가스 램프를 더 구매할까 고민 했는데,합기적인 가격의 퓨어코치 LED 무드등 무선 가습기 덕분에 가습과 갬성을 한번에 잡았습니다!덕스가 들고 있으니, 더~욱 귀여운 미니 가습기 ㅎㅎ  캠핑 필수품으로 추천합니다~​​​​​​▼▼▼ 퓨어코치 LED 무드등 무선가습기 ▼▼▼​  http://fusionfnc.mynet.co.kr/board/article/7302​​​​#캠핑필수품 #캠핑용품 #가습기 #무선가습기 #무드등가습기 #LED가습기 #퓨어코치가습기 #퓨어코치LED무드등무선가습기 #가습기추천 #무선가습기추천 #무드등가습기추천 #미니가습기 #캠핑가습기 #차박가습기 #가정용가습기 #원룸가습기 #자취방가습기",17,0,0,298,4,1,1035.6,7,revu,2020. 12. 4. 22:59,696,1441798,맛집,"['공감하고 갑니다 ㅎ.ㅎ', '안녕하세요~ 실내가 건조해져서 알아보는 중이었는데, 좋은 정보 얻었어요!감사합니다~👍🏻감기조심, 코로나조심 하시구요!심각해져가는 코로나로 외출도 힘든데 어디가지 마시고, 저의 블로그로 삼남매 보러 오실래요?^-^']"
1,https://blog.naver.com/jinus001?Redirect=Log&logNo=221972485179,"네이버 클로바와이파이 없으 블루투스 사용하는 방법~!!!!!​​캠핑장에서 블루투스 스피커로 사용하기 위해서 클로바를 챙겨갔는데이놈이... 자꾸 와이파이를 연결하라고 하네..​캠핑장에서 공용와이파이 연결이 가능하지만, 클로바는 공용 와이파이를 잘 못잡는다ㅠㅠ​​참고로 나는 유튜브 뮤직 이용중이고, 인공지능 역할을 하는 클로바는 네이버 뮤직(VIBE)으로 음악을 검색한다.. ​그래서 나의 클로바는 반드시!  인공지능 역할 X  ->  ONLY  블루투스 스피커 역할 만 되어야 했다.​​​분명 클로바는 블루투스 스피커를 지원하는,,, 음성인식 AI 인공지능 스피커가 아니던가...!한참을 검색한 후에야, 와이파이 없이 블루투스 스피커만 사용하는 방법을 찾아냈다!!​​​​​​<< 실제 연결 후기 >>​1. 클로바 뒷면의 블루투스 버튼을 3초이상 누르고, ""연결할 준비가 되었습니다"" 라는 안내음이 나오면 끝! 하지만, 실제론 되지 않았다. ㅜㅜ​2. 휴대폰 설정 - 블루투스에서 클로바 목록을 삭제하고, 클로바를 재부팅 하기.그리고 다시 휴대폰 설정-블루투스에서 클로바를 연결 해줬다.​그리고 나의 클로바는... 와이파이 연결 없이 블루투스 스피커 몫을 해냈다~​​덕분에 2박 3일 동안 신나는 음악과 함께 캠핑을 즐길 수 있었다 ㅎㅎ​나의 귀여운 클로바.. ​캠핑 2일차 점심 준비할 때도, 클로바와 함께.메뉴는 칼칼~한 어묵우동!​​2일차 저녁에도 클로바와 함께~!소주뒤에 숨어있는 클로바.​​난로 멍~  클로바와 함께 ㅎㅎ​귀여운 클로바..다음 캠핑에도 데리고 가야지!​​​​#클로바 #네이버클로바 #네이버클로바음악 #네이버클로바노래 #클로바음악 #클로바노래 #클로바블루투스스피커 #네이버클로바블루투스스피커 #클로바와이파이없이 #클로바와이파이없이음악듣기 #클로바와이파이없이노래듣기 #네이버클로바와이파이없이음악듣기 #네이버클로바와이파이없이노래듣기 #클로바와이파이없이작동 #클로바와이파이없이노래 #클로바와이파이없이음악 #클로바와이파이없이블루투스 #클로바와이파이없이블루투스스피커 ​​ ! ""| |

=

 
",6,0,0,174,4,0,1035.6,13,text_ad,2020. 5. 21. 15:30,696,1441798,맛집,['포스트 잘 읽었습니다']
2,https://blog.naver.com/jinus001?Redirect=Log&logNo=221752111607,"겨울간식 #삼립호빵 ~~​원래 호빵을 좋아하진 않는데, 덕스는 #야채호빵 , 나는 #이천쌀호빵 이 궁금해서 구매했다! 즐겨보는 신서유기~아이슬란드간 세끼에서 삼립호빵 PPL 해서 이천쌀호빵을 알게되엇지#삼립호빵이천쌀이천쌀로 만든 쌍 카스타드로 고소하고 달콤한 맛겉도 속도 하얗다#삼립호빵야채토종효모 생생야채 ​덕스는 피자호빵이 먹고싶어했다.왜 요즘엔 피자호빵이 안나올까? ㅠㅠ 삼립호빵 맛있게 먹는 방법​1. 찜솥 : 부드럽고 촉촉하게 되지만, 설거지 귀츈 ㅋ2. 보온밥솥 : 밥위에 얹으면 된다는데, 밥솥에 밥이 없어서 패스 ㅋ 3. 에어프라이어 : 기름발라서 겉바속촉 호빵 가능4. 전자렌지 : 초초초 간단 ​​우리는 에어프라이어에 돌리기로 결정! 겉은 바삭 속은 촉촉 호빵을 만들자​뽀오얀 호빵들​윗줄은 야채호빵밑줄은 이천쌀호빵#에어프라이어호빵 #호빵에어프라이어 #에어프라이어요리 #에어프라이어간식​1) 호빵 위에 식용유를 살짝 바르고, ( 귀찮아서 그냥 호빵위에 살짝 부엇다 ㅋㅋ 그리고 숟가락으로 치덕치덕 )​2) 에어프라이어에 종이호일 깔고 호빵 눕방.​3) 180도에 10분 돌려주기! (예열없이 돌림~)​4) 에어프라이어 조리 꿀팁.. 아래에...짜잔 하얀 호빵에서, 노릇노릇 맛있게 익은 호빵으로 변신구운 만두 스멜.겉이 정말 바삭하게 익었다근데.. 밑에 종이가 잘 안떨어짐 ㅠㅠ ​#에어프라이어호빵조리꿀팁 에어프라이 조리 전에, 호빵 종이는 먼저 제거하고 돌리자! 빵을 한움큼 뜯어가는.. 종이놈..!!​바삭 촉촉한 이천쌀 호빵!커스터드 크림이 달콤하고 부드럽다! ​붕어빵도 슈크림붕어빵만 먹기때문에, 이천쌀 호빵 완전 취향저격이다! 찐군만두 야채호빵!겉이 바삭해서, 다양한 식감을 느낄수 있다 ㅋㅋ 씹는 재미가 있음.생각보다 야채가 가아득 들어있어서 풍성한 느낌.​​오랜만에 집에서 호빵 먹어서 너무 맛있다에어프라이어에 돌려먹으니 겉바속촉 다양하게 즐길수 있어서, 앞으로도 에어프라이어에 호빵 자주 돌려먹을듯 하다! ​​​#삼립호빵 #호빵 #호빵조리 #호빵에어프라이어 #호빵에어프라이 #호빵찌기 #호빵요리 #이천쌀호빵 #삼립호빵이천쌀 #삼립호빵야채 #야채호빵 #겨울간식 #간식추천​​​",10,0,0,205,1,0,1035.6,8,,2019. 12. 28. 12:39,696,1441798,맛집,[]
3,https://blog.naver.com/jinus001?Redirect=Log&logNo=221442065339,"​트레이더스 에어프라이어 구매했으니 열심히 돌려먹어야지!​첫반째로, 오빠에게 추천받은코스트코 아지노모토 카라아게!치킨시켜먹을 필요가 없을 정도로 맛있다고 한다​마침 엄마가 코스트코 간다고해서 부탁드렸다!​14,290원​에어프라이어로 해먹고 싶은 재료들새우, 닭날개 그리고 아지노모토 치킨 카라아게​​오늘은 메뉴는코스트크 아지노모토 전자렌지용 치킨 카라아게​​전자렌지, 후라이팬, 오븐으로도 간편하게 먹을수 있다.오븐은 200도에서 10분!​​1kg 에 14000원 정도.조각도 꽤 큰편이다​​일단 맛보기로 조금만 ^^^^​​트레이더스 에어프라이어 + 코스트코 아지노모토 카아라게 : 180도 , 20분 조리​​주방에 치킨향 가득!노릇노릇 맛있게 조리 되었다.​​짭조롬하게 양념이 되어있어서소스에 찍어먹지 않아도 너무 맛있다.​맥주 1캔이랑 먹으니 맥주도 카라아게도 술술 넘어간다​​​순살치킨이나 카라아게는 퍽퍽하다는 생각에 손이 잘 안가게 되는데, 아지노모토 카라아게는 너무 촉촉하고 반으로 잘라보니 육즙을 머금고 있다!!!겉은 바삭바삭 하고 식어도 맛있다!​​​저녁 먹어서 엄청 배 부르지만, 카라아게에 맥주 두어잔 더 먹고싶을 정도로 너무 맛있다! 최고의 안주!!!​에어프라이어 요리 강추!​​​​#트레이더스에어프라이어 #에어프라이어 #에어프라이어요리 #에어프라이어냉동치킨 #에어프라이어요리추천 #에어프라이어재료 #에어프라이어치킨 #에어프라이어코스트코재료 #아지노모토 #아지노모토카아라게 #치킨카라아게 #카라아게 #에어프라이어카라아게 #에어프라이어냉동요리 #코스트코추천 #코스트코냉동추천 #코스트코아지노모토카라아게 #맥주안주추천 
기 테:  넘
",12,0,0,126,0,0,1035.6,5,,2019. 1. 14. 22:35,696,1441798,맛집,0
4,https://blog.naver.com/jinus001?Redirect=Log&logNo=221438892142,"10만원 안쪽으로 명절선물을 준비하는데,이번 설날 선물은 에어프라이어로 결정!여태까지 명절에 술, 건강음료 등등 사드렸는데 이번 선물이 제일 맘에든다 ㅋㅋ 대용량 가성비 갑! 트레이더스 에어프라이어일렉트로맨 에어프라이어이미트에도 재고가 없어서 ㅠㅠ SSG에 재입고 알림 설정 해뒀다!1월 8일 일렉트로맨 에어프라이어 1개 ㅋㅋ 입고 되어서 바로 주문 ㄱㄱ 1월 10일 트레이더스 (부산 서면) 에어프라이어 20개 입고되어 방금 주문 넣었다 ㅜㅜ 쿠폰+카드 청구할인까지 해서 각 75,000원 정도에 결제,  설날전에 다 구매해서 증말 다행이다 ㅎ에어프라이어 받으면 감자튀김&군고구마 먼저 해봐야딩~일렉트로맨 에어프라이어 / 덕스네 드릴 선물http://ssg.li/PNs42트레이더스 에어프라이어 / 우리엄마꺼http://ssg.li/QvmFX#설날선물 #명절선물 #트레이더스에어프라이어 #일렉트로맨에어프라이어 #에어프라이어 #에어프라이어추천 #가성비에어프라이어 #설날선물추천 #엄마선물 
",2,0,0,88,8,0,1035.8,3,,2019. 1. 10. 17:14,696,1441799,맛집,"['저는 재입고 알림이 안되던데 ㅠㅠㅠ 어떻게 하신걸까요?', '저도 궁금해요 어찌하신거예용?부탁드립니다ㅋ']"
5,https://blog.naver.com/jinus001?Redirect=Log&logNo=222163256430,"동계 캠핑을 준비하면서, 필수 준비물을 알아보고 있었는데, 아무래도 난로를 켜다보니, 좀 건조하다고 해서, 캠핑용 가습기를 찾아봤습니다.​또한 집 안이나 캠핑장에서 온열기로 인한 건조한 실내 공기는, 바이러스 전파 유리한 환경이라고 하네요.요즘같은 코로나 시대에 가습기 사용이 중요한것 같습니다!​그리고 캠핑장에서 제일 중요한 포인트는 바로 무선! 무선 가습기를 찾던중, 무드등 으로도 사용 하능한, 퓨어코치 LED 무선 가습기를 발견했습니다.​​너무 귀엽고 깜찍한, 퓨어코치 무선 가습기!​퓨어코치 무선가습기를 선택한 이유는,첫째, 고용량 배터리! 완충 후에, 5-10시간 정도 넉넉한 시간동안 사용 가능하다는점!둘째, 작은 사이즈이지만 1000ml의 대용량 수조로 넉넉하게 가습이 가능하다는 점!셋째, LED 무드등으로 집에서 사용 가능하고, 캠핑장에서도 갬성 조명으로 사용 가능하다는 점!넷째, 2단계 가습 조절이 가능하여, 연속분사 & 간헐적 분사가 가능한 점!다섯째, 최대 10시간 가습으로, 수면시간동안 가습이 가능한 점!여섯째, 풍부한 분사향으로 시간당 50ml 분사가 가능한 점!​가습기의 뚜껑에는, 분무기 / 손잡이 / 버튼 2개가 있습니다!왼쪽 버튼으로 무드등 조명을 켤 수 있고, 오른쪽 버튼으로 가습 모드를 선택할 수 있습니다.손잡이도 너무 귀욥..무드등을 켜면, 귀여운 손잡이에서 불이 켜집니다 ㅎ​퓨어코치 무선 가습기는, USB 충전 케이블으로 충전 후 사용 가능합니다.가습기의 후면에는 충전단자와 전원 on/off 버튼이 존재합니다.​분체와 뚜껑을 분리하면, 필터를 연결하는 부분을 확인할 수 있습니다.물통과 조절부 결합이 견고하여, 넘어지더라도 물이 흐르지 않습니다!물을 담은 상태에서 이동하더라고 흐르지 않아서, 이동하며 사용하기에 편리합니다.​충전하고, 물채우고, 필터끼우고, 버튼누르면 끝~너무 간단하고, 깔끔한 디자인이 예쁜 퓨어코치 LED 무드등 가습기 입니다!구성품으로는 필터 2개, USB 충전 케이블 그리고 설명서가 있습니다.가습기 필터 부분에 스프링을 넣고, 필터를 끼우면 사용 가능합니다.단, 사용 전에 2분정도 필터를 물에 담궈주세요!12월 동계 캠핑을 가면서, 필수품으로 챙겨가게 된 가습기!우리의 마스코트~ 위베어베어스와도 잘 어울리고, 캠핑 감성 아이템으로도 너무 잘어울리네요.​불멍 할때나, 취침 할때나 언디든지 이동하기 좋아서캠핑용품으로 매우 편리합니다 ㅎㅎ해질녘에 무드등으로 사용하며 감성캠핑이 완성되었습니다!! ㅎㅎ 이소가스 램프를 더 구매할까 고민 했는데,합기적인 가격의 퓨어코치 LED 무드등 무선 가습기 덕분에 가습과 갬성을 한번에 잡았습니다!덕스가 들고 있으니, 더~욱 귀여운 미니 가습기 ㅎㅎ  캠핑 필수품으로 추천합니다~​​​​​​▼▼▼ 퓨어코치 LED 무드등 무선가습기 ▼▼▼​  http://fusionfnc.mynet.co.kr/board/article/7302​​​​#캠핑필수품 #캠핑용품 #가습기 #무선가습기 #무드등가습기 #LED가습기 #퓨어코치가습기 #퓨어코치LED무드등무선가습기 #가습기추천 #무선가습기추천 #무드등가습기추천 #미니가습기 #캠핑가습기 #차박가습기 #가정용가습기 #원룸가습기 #자취방가습기",17,0,0,298,4,1,1036.0,7,revu,2020. 12. 4. 22:59,696,1441800,맛집,"['공감하고 갑니다 ㅎ.ㅎ', '안녕하세요~ 실내가 건조해져서 알아보는 중이었는데, 좋은 정보 얻었어요!감사합니다~👍🏻감기조심, 코로나조심 하시구요!심각해져가는 코로나로 외출도 힘든데 어디가지 마시고, 저의 블로그로 삼남매 보러 오실래요?^-^']"
