,Post URL,Post,Image num,sticker num,gif num,Paragraph num,Comment num,Video num,weekly viewer mean,Sympathy num,AD,Posting Date,Buddy num,Total visit,Blog category,Comment detail
0,https://blog.naver.com/jisu_0210?Redirect=Log&logNo=221425139305,"[ 프랑스자수패키지DIY ] 천가게X체리쉬 프랑스자수 독학했어요! 여러분 안녕하세요 지쭈입니다^^저는 아무래도 가만히 쉬지 못하는 성격인가봐요..제가 또 요번에 새로운 취미생활을 갖고 싶어서 프랑스자수를 시작했어요!그것두 무려 독학으로!!!!여러분들도 프랑스자수 쉽게 보셨을텐데요!이번기회에 저랑 천천히 시작해보시는건 어떠세요?제가 진짜 독학으로 하는데도 어려움없이 했거든요~저는 천가게에서 플로립 그림이 예뻐서 이 그림으로 선택을 했는데,쬐꼼 어려웠어요 ㅠ....수틀은 DIY에 포함되어 있지 않아요.참고하셔요수틀이 없이도 하시는 분들 많다는데,,저는 개인적으로 수틀이 너무 큰 역할을 해주어서.. 수틀이 있으면 좋은거 같기는 해요!수틀을 제외한 나머지는 모두 DIY 구성품이에요!저는 여수여행갈때 3시간정도 걸리니까 가면서 조금 수를 놓아보려고 함께했어요!처음부터 난관에 봉착 ㅠ..수틀을 어떻게 사용해야하는지 몰라서 헤맸어요ㅜㅜ모르시는분들 주목하셔요!수틀의 윗부분 나사를 풀어서동그라미 두개가 되면!작은 동그라미를 도안 뒷면에 두고그 위에 큰 동그라미를 위에 놓고 맞춘 후 팽팽하게 나사를 다시 조여주면 됩니다!이렇게요~~~저도 이렇게 수 정말 놓아보고 싶었는데, 드디어 프랑스자수를 독학으로다가 해봅니다 ㅎㅎ이렇게 종이 도안도 함께 오는데 그림마다 프랑수자수의 기법이 다 쓰여져 있어욬간단하게 그림으로 쉽게 설명되어있는 프랑스자수 기법 설명서(프리스티치, 아웃라인스티치, 롱앤쇼트스티치, 피쉬본스티치, 새틴스티치, 백스티치...)플로립은 난이도가 높은 자수에 속했어요..처음부터 욕심을 부렸나 싶었지만, 열심히 해볼게요!포기란 없습니다!!실도 하나하나 뭘 써야하는지 알려줘서 간편하고 쉽게 프랑스자수를 하는데 무리가 없었어요.실도 어떤 길이로 해야하나 너무 길면 엉키고, 짧으면 실을 빨리 바꿔야하는데..딱 알맞은 길이로 엉키지않게 되어있어서 너무 좋았어요!!제일 쉬워보이는 백스티치로 줄기? 표현을 해봤어요생각보다 정말 오래걸리더라구요!!..!!!이렇게만 하는데 몇시간은 걸린거같아요..워낙 완벽주의자라.. 풀고 다시하고 풀고 다시하고를 반복했어요저녁에 새벽까지 잠을 못자게 만든 프랑스자수..정말 생각 많을때 그냥 생각하면서 자수 놓으니까 너무 좋더라구요,,제가 완성본을 올려서 자랑하고 싶었지만, 시간이 조금 걸릴것 같아요~ 기다려주실꺼죠? 히히여러분들도 재밌는 프랑스자수로 취미해보세요!!​​​​​​​​제가 하고 있는 천가게 프랑스자수패키지 DIY 키트 구매하시고 싶으시다면 링크통해 들어가셔요^^20%할인중이랍니다!​​​​​​​​#프랑스자수#프랑스자수패키지#프랑스자수공방#프랑스자수재료#프랑스자수도안#천가게#체리쉬#체리쉬프랑스자수 ​​​​​​​​♡ 포스팅을 읽고 눌러주신 공감과 남겨주시는 댓글은 저에게 많은 힘이 됩니다 ♡​​​​​​이 글은 위블을 통해 본 업체에서
제품 또는 서비스를 제공받아 작성된 글 입니다.

세
 
",17,0,0,238,4,1,279.2,7,text_ad,2018. 12. 22. 23:39,784,1335890,취미,['안녕하세요? 글 잘보고 가요~^^ 즐거운 하루 되세요']
1,https://blog.naver.com/jisu_0210?Redirect=Log&logNo=222284308327,"​여러분 안녕하세요 :D날씨가 따뜻해지나 싶었더니 오늘도 바람이 차갑더라구요이 추위가 바로 꽃샘추위라는데요꽃샘추위 지나면 봄오고 여름오는건 정말 시간문제인거 아시죠?? 히히​사실 사계절 내내 자외선차단은 피부미용에 있어 신경을 계속계속 많이 써야하지만특히 여름철은 자외선이 더 심하기때문에 미리미리 준비를 해야해요​그래서 오늘은!여름에 장기간동안 야외활동을 할때 정말 추천드리고 싶은자외선차단제 선스틱 소개시켜드리려고 합니다 💙​​여름에는 코로나가 없어져 있겠죠?아니 없어져야 합니다 !!!!!😭여름하면 바다고 바다하면 물놀이잖아요 ㅠ ㅠ아직 물놀이가 너무 좋은 29....​제가 오늘 소개시켜드리는 스콧해미쉬 클래식 선스틱은 워터프루프 기능까지 있어서 물놀이에 사용하시는것도 강추에요!​​스콧해미쉬 클래식 골프 선스틱은일단 말그대로 골프치실때 이용하시면 제일 좋겠어요골프는 정말 장시간 야외활동의 대표적인 운동인데요한번 치고나면 팔 어깨 다리가 빨갛게 달아오른다고 하는데요​스콧해미쉬 클래식 골프 선스틱은SPF가 50+ 이고PA++++ !! 아니 +가 이렇게 많은건 처음봤어요..!!​​사용하실때는 이렇게 아랫부분을 돌려서 사용하시면 되어요마치 립밤형식 선스틱인데요향도 어찌나 좋은지요~~~~​​✔자외선 차단 기능성화장품✔지속 내수성 임상완료✔피부자극 테스트 완료​이 모든 테스트를 거친 대단한 선스틱이라구요~~​​제가 한번 발라보겠습니다~백탁현상이 전혀 없어서 부담스러움이 전혀 없더라구요선크림 바르고 땀흘리면 하얀국물(?) 나오는거 싫은데백탁현상이 없으니 그런 걱정도 하지 않으셔도 됩니다!​모든 사람들은 아니겠지만 제 남자분들은 얼굴이 하얗게 되는걸 부담스러워하더라구요그래서 그냥 자외선차단제를 바르지않고 자외선에 노출시키는데이거 정말 피부에 안좋은거 아시죠주름과 기미 주근깨의 원인이 됩니다!!!!​백탁현상이 부담스러운 분들에게 강추💙​​스콧해미쉬 클래식 골프 선스틱 바르기 전​아주 손이 푸석푸석하네요...겨울에 손이 다 터서 그런지 쉽게 돌아오지 않아요​​스콧해미쉬 클래식 골프 선스틱 바른후​아까 푸석했던 손 어디갔죠정말 부드럽고 마일드한 사용감으로 정말 가볍게 발려요​여름철 장시간 야외활동 하시는 분들백탁현상이 부담스러우신 분들강력하게 UV를 차단하고 싶으신 분들​아래 사이트 링트 들어가셔서 구경해보세요💙​​#골프선크림 #골프선스틱 #유가지차선스틱 #자외선차단 #스콧해미쉬 #스콧해미쉬골프선스틱 #스콧해미쉬골프 선크림 #클래식골프선스틱 #선스틱​​​​​​해당 포스팅은 업체로부터 제품을 제공받아 작성된 포스팅입니다. ​이
",14,0,5,221,0,1,279.2,4,text_ad,2021. 3. 23. 0:23,784,1335890,취미,0
