,Post URL,Post,Image num,sticker num,gif num,Paragraph num,Comment num,Video num,weekly viewer mean,Sympathy num,AD,Posting Date,Buddy num,Total visit,Blog category,Comment detail
0,https://blog.naver.com/jnr702?Redirect=Log&logNo=222342238334,​​이번 어버이날도 뭘해드릴까 고민고민끝에그때마다 찾아가는 아이디어스로 접속해봄!액자같은거로도 고민을 많이 했는데내 사진첩에 시부모님 같이있는 사진이 너무 없었음​​​​​그래서 오래 못가는 생화보다 디퓨저로 선택!​​​​​​카네이션 뿐 아니라 일반 꽃모양도 있었음​​​​​​아무래도 어버이날 선물이다보니포장상태가 당연히 신경쓰였는데포장 상태도 완벽하게 와 다행이었음​​​​​​아이디어스에서 같이 주문한 용돈봉투랑 함께​​​​​​센스있는 작은 엽서까지 있는 점도 굿​​​​​​굳이 용돈봉투까지 예쁜거 안하더라도딱 봉투랑 세트로 주기 좋은 카네이션이었음​꽂아둔것까지 봤는데꽃이 정말 생화처럼 싱싱한 모양이라금방 시들해지는 생화다발보다 훨씬 낫다고 생각함​​​​​​​​​,18,0,0,61,0,0,153.4,0,,2021. 5. 8. 3:06,129,194604,맛집,0
1,https://blog.naver.com/jnr702?Redirect=Log&logNo=221751543539,"​​크리스마스가 생일인 내남편ㅋㅋㅋㅋㅋㅋㅋㅋ친구가 생일선물을 줬는데 졸지에 내 선물이 됐다고 한다완전 내취향을 주었기 때문​​​​​​​​​디퓨저를 사야하긴 하는데디자인도 요새 거기서 거기~오래가는지 어떤지도 모르겠고~제대로 사지도 못하고 망설이던 참에강제로 사용하게 됨ㅋㅋㅋㅋㅋㅋㅋㅋ하지만 만족도 짱짱이라 다행임​​​​​​​​​차곡차곡 알차게도 들어가 있음단순한 구성을 생각했던 나는 혼란​​​​​​​​​​뭐가 이렇게 많이 필요한거지...?당황ㅋㅋㅋㅋㅋㅋㅋ​​​​​​​​​​나는 문과형 인간이라 이런거 봐도 잘 모른다삘대로 꽂는게 더 쉬움​​​​​​​​​우리는 순록을 받았는데 그림을 보아하니 고양이도 있는듯​​​​​​​​​제일 중요한 조명이 비추는 순록부분​​​​​​​​디퓨저 리드스틱에 꽂히는 부분이라고 함나중에 꽂아놓고 사용하면 분홍색으로 물든다​​​​​​​​조명 순록 뒷부분에 놓고 향을 내는 부분그냥 이렇게만 놔둬도 예쁘고 향도 좋음​​​​​​​오랜만에 TV 옆을 치워보고 놔둠ㅋㅋㅋㅋㅋㅋㅋㅋㅋㅋ원래 온갖 잡동사니가 다있었음​​​​​​​​불끄고 봐도 너무 예뿜ㅠㅠ진짜 딱 적절한 시기에 맘에드는 향 레드프룻향!!!맘에드는 디자인이라 너무너무 고맙게 잘쓰는중신혼부부 집들이 선물이나 친구 자취방 선물로 좋을듯​​​​​​​위는 사용방법터치형식이고 꾹 누르면 조명이 꺼짐​​​​​1
",19,0,0,108,0,1,153.4,0,,2019. 12. 27. 21:06,129,194604,맛집,0
2,https://blog.naver.com/jnr702?Redirect=Log&logNo=222161639482,"​요즘 가방에 손소독제를 필수로 챙겨다니는 편인데뚱뚱하고 못생긴 손소독제는 또 들고다니기가 싫음손소독제도 예쁘고 힙한 아이템 없을까 찾던 참에눈에 확 띈게 쿼시(Quash) 세니타이저 스프레이​​​​​뭔가 타투샵느낌도 나고글씨체부터 패키지가 힙한 느낌 뿜뿜내가 찾던 트렌디한 손소독제​​​​​에탄을 68%로 청결한 손 관리에 효과적임은 물론글리세린, 알라토인, 히알루론산으로 수분공급+부드러운 사용감에 도움을 주고알로에추출물, 병풀추출물로 피부보호막 형성에티트리오일, 유칼리오일로 항염, 진정과 심리적 안정에 도움까지 주는만능 손소독제 쿼시 세니타이저 스프레이​​​​​​굿즈스티커도 함께 왔는데디자인이 독특하고 예뻐서어디에 붙일까 굉장히 고민중캐리어가 예쁘지 않을까?아니면 손거울?​​​​​​예쁜 디자인과 손에 쏙 들어오는 사이즈로들고다니기 편하기도 하고 센스는 덤으로 얻음​​​​​​본품 자체 디자인도 심플하고반투명 케이스라 더더욱 본새남​​​​​​스프레이 분사형이라짜서 쓰는 손소독제보다 훨씬 사용하기 편리​​​​​​안개분사같은 부드러운 분사라본품 닿을때 느낌이 부드럽고 찝찝하지 않았고일반 짜서쓰는 손소독제 사용시 날아가는느낌?이라고 해야하나손소독 후에 순식간에 건조해지는게 있었는데쿼시 소독스프레이는 촉촉함이 오래 남아있었음​처음엔 알콜향이 나는듯하면서은은하고 시원한 향이 남뭔가 특정 향으로 표현할 수 없는유니크한 향인데 부담스럽지 않고 은은해서뭔가 사람들이 잘 모르는 나만의 향수 뿌린듯함​​​가방 안에 쏙 들어가고도 남는휴대하기 딱 좋은 사이즈!괜히 뽐내고싶은 디자인으로다른건 다까먹어도 쿼시 손소독제는 꼭 챙겨나감​​​​​30일 정식 출시한 신상중의신상템!트렌디한 휴대용손소독제 필요하시면쿼시(Quash) 세니타이저 스프레이 추천!​​​​​​​​​​​ 
 
 
",22,2,8,151,0,1,153.4,0,revu,2020. 12. 3. 15:13,129,194604,맛집,0
3,https://blog.naver.com/jnr702?Redirect=Log&logNo=222406886427,"​​​에어프라이어로 기름기 있는 거 돌리는 건 별로 안좋아해거의 간식종류만 돌리는 편인데그 중에서도 제일 좋아하는 꿀호떡!​브랜드는 중요하지 않고딱 에어프라이어 공간 안에 들어가는 양이면 좋음​​​​​​이번엔 딱 적당한 크기에 적당한 양의 꿀호떡 요요​​​​​​에어프라이어에 딱 꽉차는 양과 크기라 마음에 들었음다음에도 이거 주문할 것 같음​​​​​​170도에서 8분정도 돌렸음겉면이 좀 더 바삭하고 잼은 적당히 따듯한걸 좋아함우유랑 같이 먹으면 간식으로 딱!​다른분들은 오일도 뿌려주고 디테일하게 하시던데나는 귀찮은거 딱질색,기름기도 딱 질색이라 그냥 쌩 호떡으로 돌려버림​아이들 간식이나 신혼부부 영화간식으로도 강추! 
",3,0,0,69,0,0,153.4,1,,2021. 6. 22. 23:59,129,194604,맛집,0
4,https://blog.naver.com/jnr702?Redirect=Log&logNo=222226641993,​이번에 롯데마트 장보면서 같이 주문한 간편두툼양꼬치가격은 7천원대였나 8천원대였나 싶은데집에서 편하게 먹기 좋을것 같아 주문​​​​​에어프라이어에 그냥 간편히 돌리기만 하면 된다니세상 참 좋아졌음​​​​​​프라이팬이나 숯불요리도 가능하다고 하는데나혼자산다에 박세리님이 꼬치구워드신숯불기계가 필요한 시간이었음아마 숯불이 제일 맛있지않을까싶음양꼬치임에도 넉넉한 유통기한도 덤​​​​​​이것도 중간에 꼬치개수로 낚시가 있었던게로고부분을 떼어내니 그 사이에 한개정도 띄워져있는 공간이 발견됨ㅋㅋㅋㅋㅋㅋㅋㅋㅋㅋ그래서 총 7개!​​​​​​에어프라이어에 꼬치가 다 들어갈까 싶었는데낚시가 있었던게 다행이다 싶게 딱맞음​160~170에서 10~15분이라길래나는 165도에 13분을 돌렸음​​​​​​​솔트랑 쯔란이 같이 들어있는데양꼬치=쯔란이라고 생각하는 나를 바꿔준 허브솔트!뭔가 두꺼운 느낌이었는데 맛있었음​​​​​​그리고 내가 오래두고 있다가 먹어서혹시 역한 향이 나지않을까 걱정했는데다행히 생각보다는 훨씬 덜했음!고기 질도 나쁘지 않았고한번 간식정도로 먹기에는 딱이었음​​​​,13,0,0,86,0,0,153.4,0,,2021. 1. 31. 19:34,129,194604,맛집,0
5,https://blog.naver.com/jnr702?Redirect=Log&logNo=221803835733,​사실 팬케익믹스로 팬케익을 도전하였으나나한텐 타이밍이 너무 어려움해결할 방법 없을까싶어 검색하니에어프라이어로 계란빵 만드는 법이 나옴​​​​​정말 조촐한 준비과정ㅋㅋㅋㅋㅋㅋㅋㅋㅋㅋㅋㅋ​​​​​​우유 200ml+핫케이크가루200g을 쉐킷쉐킷더 적게먹거나 많이 먹고싶으면1:1 비율로 똑같이 섞으면 됨​​​종이컵 아래쪽에 미리 잘 떼어질 수 있도록식용류를 얇게 발라주고종이컵의 1/3만큼씩 부어줌나는 딱 5컵이 나옴​​​​​​그리고 컵 한개당 계란 하나씩을 부어줌노른자는 바로 다 터뜨려주기!취향 아님 에어프라이어 더럽혀지지않게 꼭 터뜨려주기!​​​​​​그 위에 소금을 한꼬집정도씩 뿌려준후추가 토핑은 자유!!나는 피자치즈를 조금씩 뿌려주었고베이컨이나 사각치즈를 올려주기도 한다 함​​​​​​에어프라이어에 잘 세워 160도로 15분 기다리면 완성!​​​​​​너무너무 간편한 방법이라 리뷰도 민망하지만그만큼 간편하게 간식으로 챙겨먹기도 좋아계란이랑 팬케이크가루가 있으면 자주 해먹는편​​​​,7,0,0,82,0,0,153.4,0,,2020. 2. 10. 22:28,129,194604,맛집,0
6,https://blog.naver.com/jnr702?Redirect=Log&logNo=222187745950,"​이전부터 가습기며 공기청정기 같은 삶의 질 올려주는 부가 제품들은웬만하면 작고 귀여운 제품으로 선택함!​하도 여기저기 이동이 많은 편이라집 안에 컴퓨터방, 거실, 안방 그리고 사무실까지나는 하도 많이 돌아다니는데큰 제품을 사용하면 그때마다 이동할 수도 없고쓸모가 없어져 항상 작은 걸 선호!​가습기도 같은 이유로 미니가습기를 찾았는데미니미니할수록 디자인은 더 따지게 되는게 여자마음ㅋㅋ​​​​​​내 맘에 쏙 들어오는 디자인과내가 딱 찾던 사용방법이었던 오소니미니가습기​무드등 기능까지 있으면 좋겠는데..없으면 어쩔 수 없지 라는 마음이었는데딱 무드등 기능까지 찰떡​​​​​​집에서는 물론 차에서, 사무실에서USB만 있으면 어디서든지 사용 가능해활용도가 너무너무 높았음운전 시간도 꽤 되는 나이기 때문에차에 두고 사용하는 것도 괜찮겠다 싶었음​​​​​​구성품도 너무너무 간단예쁜 본품에 스틱 여분 하나, 설명서까지 들어있음​​​​​​내가 무엇보다도 마음에 들어서 샀던 디자인심플하고 작고 가벼움!​무거운걸 못들어서 커다란 가습기를 더더욱 싫어하는 것도 있음USB가 일체형이라 잃어버릴 염려도 없고꽂기만 하면 되니 그 점도 편리​​​​​​설명서도 자세히 나와있는데사용법도 너무 쉬워 나같은 기계치들한테도 딱​미니가습기인데 430ML인 큰 용량이라매번 번거롭게 물 다시 채우는 횟수도 훨씬 적어게으른 나에게 딱이었음ㅋㅋ​​​​​​뚜껑은 어떻게 여는걸까 싶었는데간편히 선부분을 살짝 들어올리니 문제없이 열렸음​​​​​​작동버튼을 누르자마자 예쁘게 뿜어나오기 시작​​​​​​무드등 기능이 있어 취침등이나 수유등으로 쓰기도 좋겠고무드등+가습기 기능 동시에도 사용 가능해평소 불끄고 잘 못자는 스타일인데건조함때문에 코가 잘 마르는 편인데두배로 편리함 만끽중​​​​​​끄는 것도 간편한데 4시간 자동 OFF 기능이 있어잘때 켜놓고 자도 딱 좋음아이 방에 켜놓고 자는것도 안심​​​​​​어두운 데서 보니 더더욱 예쁜 오소니미니가습기사진상엔 좀 더 밝게 나왔는데은은한 밝기라 자는데 시야에 거슬리거나이런 느낌도 전혀 없음분무량도 과하지 않아 정말 인테리어용+가습용+무드용 전부 가능했음​​​​​신혼집 안방에서도 예쁘게 무드등으로우리 부부 건조함 관리하기♥남편이 너무 예쁜거 잘 골랐다고 칭찬함ㅋㅋ​​​​요즘 여기저기서 우리집 무드와 내 건조함책임지고 있는 오소니미니가습기!​​​​​​ 
 
 
",27,1,13,221,0,1,153.4,1,revu,2020. 12. 28. 10:38,129,194604,맛집,0
7,https://blog.naver.com/jnr702?Redirect=Log&logNo=221558400913,"이번에 이벤트성으로 플친 추가 후 구매할 수 있는엑셀 마우스패드에 선착순으로 들어 구매를 했어요!!첨에는 품절이어서 못샀는데ㅠㅠ재입고가 됐더라구요!!자주 확인하길 다행​배송은 좀 오래 걸리긴 했지만다이소에서 이미 흥한 엑셀 마우스패드를마이크로소프트 로고가 박힌걸로 살 수 있다니기다려도 좋았어요ㅋㅋㅋㅋㅋㅋㅋㅋㅋㅋㅋㅋㅋㅋㅋㅋㅋ그리고 지극히 개인적인 생각이지만 다이소 마우스패드는 좀..아기자기하게 이쁜 느낌은 있는데조~금 가벼운 느낌이 있더라구요 ㅠㅠ​​​​깔끔하게 포장되어서 와요!!전체적으로는 어두운 편이지만로고가 뙇!!!!예뻐라​​​​재질은 마우스패드에 제일 흔한 그..느낌아시죠 그 느낌?​​​​여느 마우스패드와 같이 뒷면은 아무것도 안쓰여 있어요전 저기에 벌써 매직으로 이름을 적었어욬ㅋㅋㅋㅋ아무도가져가지마ㅠㅠ​​앞면이 어두운 색이라 매직으로 이름을 써도 비칠걱정 노노!!!​​​​제 삼실에서 쓰는 무선 마우스랑 같이!마우스 이동 반응 속도도 좋고 만족해용사실 정말 이걸 볼까 싶긴 하지만ㅋㅋㅋㅋㅋㅋㅋㅋㅋㅋㅋㅋㅋㅋㅋㅋㅋㅋㅋ​구매는 마이크로 소프트를 카톡 플친하시고스토어톡에서 구매할수 있어요!​​1. 마이크로소프트 브랜드관 플친 검색!​​2. 스토어로 들어가기​​(2019.6.10)현재 가격은 5,000원이네요.​이벤트를 또 할진 모르겠지만마우스패드치곤 정가는 살짝 비싼 느낌도 있네요그래도 멋짐☆을 택하실 분들은 다이소 말고마이크로소프트걸로 구매 고고하세용|
",8,0,0,118,0,0,153.4,1,,2019. 6. 10. 9:48,129,194604,맛집,0
