,Post URL,Post,Image num,sticker num,gif num,Paragraph num,Comment num,Video num,weekly viewer mean,Sympathy num,AD,Posting Date,Buddy num,Total visit,Blog category,Comment detail
0,https://blog.naver.com/jopop7777777?Redirect=Log&logNo=221373938423,"​​서점가는거 좋아하는 건달프랑 교보문고갔어요.​갈때마다 오르골보면서 갖고싶다는거 안사준다고 했더니, 커서 용돈모아 산다고 하는군요.오르골 앞에 한참 서있네요.오르골 소리 좋긴해요.​​​보석 십자수 처음 봤어요.2.000원으로 가격 저렴해서 사보았어요.​스티커에 도안이 되어있고, 도안따라 보석만 얹어주면 되는거랍니다.​색깔별로 넉넉히 들어있어요.같이 들어있는 작은 트레이에 쏟아줘요.이 펜에 비즈를 묻혀, 붙이면되는거예요.심혈을 기울여 놓고있어요은근 집중하게되는 보석십자수예요.트레이에 한색깔씩 쏟았어요.하나 완성하는데 40분걸린거같아요.6살 아이 혼자하기엔 많은 집중력을 요했고, 중간에 전 딱 2번 조금 도와줬어요.​​​완성하고 떼어내면 스티커라 가방에 붙히고 다니고있어요. 울퉁불퉁한 가방이라 오랜시간 붙어있을거 같지는않아요.​​​​​​제작년에 사두고. 도담이가 생기면서 근2년을 못탄 자전거예요. 그때보다 오히려 지금이 딱 맞는거 같아요.​​자전거 타고 근처 공원갔어요.열심히 페달을 밟아봅니다.그때보다 커서 안장과 손잡이를 더 올렸어요.​서서도 타보더라구요.​​​​​몇일 있다가도 자전거 타고싶다고해서 집앞으로 나갔어요.  자저건 타는거 너무 좋아라하네요.도담이가 자꾸 쫓아와서 결국 자전거에 내려서 놀아주네요.​​​​​다시는 안된다고 했는데.  실패하고나니 성공해보고 싶다고 남편이 만반의 준비를 하고 시작했어요.기존에 있던 물풀.리뉴.면도크림이예요. 푸른색을 띄고있어서 슬라임이 하늘색이 되어버렸어요.​​​집안 일만 하고나면 남편이랑 건달프랑 새로운걸 하고있네요.ㅡㅡ​​​지난번보다 훨씬 낫네요.근데 양이 너무 많은거 아닌지ㅠ면도크림 냄새도 심하게 나는데, 건달프는 좋다고 몇분을 만지네요.​​캐리티비에서 봤던대로 풍선만들어보겠다고 계속 시도하는데 잘 안되요. 쫀득쫀득한건 아닌데, 보들보들했어요.큰 그릇에 한건아닌데 양이 많았어요.​​담을통이 있었던게 아니라 버렸답니다.그러고 다이소가서 통사서 대기중이네요.ㅠ치우는거 힘들옹. 
니
니
니
",22,1,1,162,2,1,499.4,7,,2018. 10. 9. 12:01,1563,1083773,일상·생각,[]
1,https://blog.naver.com/jopop7777777?Redirect=Log&logNo=221554650687,"매년 날이 더워지는거 같아요. 올해들어 처음 에어컨 켰는데 송풍바람만 나오드라구요. 건달프,도담이 새벽에 땀 너무 흘려서, 얼른 출장서비스신청해서 보니 실외기쪽 배관이 부서져서 가스가 새고 있더라구요. 배관업체 불러 교체하고나서 에어컨 정상가동되어, 밤에 자려고 켜니 다시 송풍바람이... 다시 업체 불러야되요.... 대환장.​​​이렇게 에어컨 없을 때 필수아이템은 선풍기죠.특히 바깥활동하고 실내건물 들어갔을 때 예전만큼 에어컨 빵빵하게 틀지않아, 휴대용 선풍기 꼭 들고다녀야되더라구요. 선풍기 사용 후, 좀 지나면 괜찮아져서 적정온도 유지하는거 참 좋은거같아요.​​​​꼼꼼하게 설명서 읽지않아도 휴대용 선풍기 어떻게 사용하는지 다 알잖아요? 그런데 주파집 휴대용 선풍기는 기능이 많아서 설명서를 꼭 읽어야되더라구요. 안읽으면 좋은 기능들 못 써요~​​​충전은 포함되어있는 선으로 해주면되는데요,배터리 용량은 2000 mAh, 사용시간은 3~100시간이나 되더라구요한번 충전한 후, 3~4일 정도 사용하는거 같아요.​​​부드러운 느낌의 질리지않는 파스텔톤 컬러인 핑크,민트,화이트로 구성되어있어요.제가 좋아하는 민트색하려다 화이트에 노란날개가 더 이뻐서 화이트로 선택했어요. 주파집 휴대용 선풍기는 내부조립설계로 손에 감기는 그립감이 부드럽더라구요.​​​​회전수가 높고 안정적인 DC5V4W모터를 사용해서, 브러쉬가 없는 DC모터로 브러쉬 마찰로 인한 발열,소음,짧은수명 등의 문제를 해결한 고성능 모터더라구요. 착한 가격에 성능도 좋은 주파집 휴대용 선풍기예요. 여기에 5겹 날개라 순식간에 땀을 식혀주는 강한바람이 나오더라구요. 버튼으로 3단계까지 가능한데, 바람이 강해 1단계이상 올린적이 없어요.​​​직경 28mm의 손잡이는 인체공학적으로 설계되어 그립감이 확실히 남달라요. 주파집은 핸드폰 필름 만드는 곳으로 알고있는데, 휴대용선풍기 알짜베기로 잘 만든거 같아요.바람세기를 결정하는 버튼이 세련됐어요.​​​주파집 1단계 바람세기 소리 들어보세요.1단계인데 바람이 이렇게 세답니다. 쉽게 삼각대로 사용할 수 있어요.삼각대 모드 시 바닥 미끄럼방지 실리콘처리가 되어 있어 흔들림이나 소음이 없더라구요.​​​​​주파집 휴대용 선풍기는 24시간 어디서든 간편하게 삼각대로 세워 강한바람을 느낄수있는데요. 이 기능은 진짜 야외활동이나 사무실에서 최고예요. 아이 데리고 바깥활동하는데  안고 있는 사이 아이가 품에서 잠든 경우 종종 있잖아요. 아이 머리에서 덥다고 땀은 나는데, 휴대용 선풍기 들고 아이 안고 불편했거든요.  그럴 때 주파집 휴대용 선풍기 삼각대 기능이 정말 유용하게 사용되더라구요.​​​휴대성이 극대화되어 있는 주파집 휴대용 선풍기인데요.위아래  쉬운각도조절로 자유로운 바람을 느낄 수 있고, 전면 안전팩을 통과하는 바람을 더 강력하고 풍성하게 만들기 위해 사선형(32도) 써큘레이터 구조로 특수 설계되었다고 해요. 여기다 선풍기 헤드 부분을 열어 핸드폰 거치대로도 사용할 수 있더라구요.이건 정말 유레카!!!​​​​​이것이 올바른 주파집 삼각대 사용방법이예요.선풍기 목부분을 끄집어 내서 펼쳐야되는데, 삼각대만 열었으니 어쩐지 잘 안서있더라구요;;;​​선풍기는 바람을 순환시키는 장치라 오랜 시간 사용하다보면 프로펠러에 먼지가 쌓이는데요. 주파집 휴대용선풍기는 안전망분리가 가능해서 세척이 가능하더라구요. 전면 안전망을 시계반대방향으로 회전시키면 잠금 해제가 되어서 열리더라구요.​​​​​​​​평일 오후2시이전 주문 당일출고​​새매티06
00

(2
 
",16,3,0,334,1,2,499.4,3,text_ad,2019. 6. 5. 1:27,1563,1083773,일상·생각,[]
2,https://blog.naver.com/jopop7777777?Redirect=Log&logNo=222404448614,"​차 구입하고 양*캔들 종이 디퓨저  사용하고 디퓨저 구입을 안했는데요,  차량 타면 꼼꼼한 냄새가 나는거 같아서 디퓨저 넣어야겠더라구요. 차량용 디퓨저 검색하다 발향력이 좋아 차량내부의 냄새제거 및 정화에 도움이 되는, 인공색소를 사용하지 않은 (주) 제로캔들 제품으로 들여보았어요.​​​​​​​​​향은 포도향, 블랙베리향, 다우니향, 사케향이 있는데요.전 그 중에서 섬유유연제 향 생각하고 에서 다우니 에이프릴로 선택했는데요.향기 괜찮더라구요.​​​​​​​​사탕수수를 으깨어 즙을 짜고 미생물 효소에 의해 발효시켜 증류로 얻은 깨끗하고 순수한 에탄올을 사용했는데요.알코올 향이 적고, 자극이 적은 식물성 에탄올을 사용했다고해요, 비닐포장 뜯으면서 다우니의 향이 은은하게 나더라구요.​어린시절 차량디퓨저는 향이 너무 독해서 안하던 차멀미도 하고, 그랬는데 요즘 디퓨저는 향이 독하지 않아 좋으네요.​​​​​​​​​​제로복권이 들어가 있어 긁었는보았는데요. 꽝이었어요.복권 되면 너무 좋을거 같은데, 돼지꿈 한번 꾸면 당첨될거 같은데 돼지꿈 좀 꾸게해주세요.​​​​​​​​​​1. 실버캡을 돌려 열어주세요,  하얀색 속캡을 위로 올려 열어준답니다.   안 열리면 가위로 열면 되는데, 전 손으로 쉽게 열렸어요.​​​​​​2.  우드봉에 있는 실리콘을 빼서, 병에 꽂아주면 되는데요.    결합할 때에 힘을 주면서 끼면 파손이 될 수 있으므로 살살 키워야 되는데요,     힘줘서 끼우지 않아도 잘 들어가더라구요.​​​​​​3. 실리콘을 넣은 후 처음 빼뒀던 실버캡을 돌려 닫아줘요.   우드봉에서 빼낸 실리콘을 잘 맞춰서 넣어야 실버캡 돌려닫고 나서도 겉돌지 않더라구요.​​​​​​* 차량에서 사용 시 대쉬보드나 에어백이 위치한 곳에는 절대 올려두지 말아야되는데요.   누수 시 대쉬보드 손상 및 오일의 색상이 변할 수 있다고 해요.   차량에서 사용 시 앞, 뒷자리 컵 홀더에 넣어서 사용하는 것을 권장하구요, 컵홀더 사용 시 우드볼 위에 물건이 닿지 않도록 주의해줘야되요.​촬영만 컵홀더에 넣어뒀답니다.​​​​​​​​4. 캡 안으로 우드봉을 0.5cm정도 띄어서 장착시켜줬어요.​내가 밝는게 엑셀인지 브레이크인지 정신이 혼미한 초보 운전자의 마음을 진정시킬 수 있는 향근핫 제로 디퓨저, 다우니 에이프릴이예요.빨래를 하고 난 뒤 은은하게 퍼지는 산뜻하면서 기분좋은 향인데요, 섬유유연제 향을 좋아한다면 완전 추천해주는 향이랍니다.​글 귀를 보니, 연수받아야지 하고서는 받지 않고,  장롱면허로 지내고 있는데요. 지금은 아이들 데리고 멀리 못가는게 불편하기는 하지만 코로나 이전에는 기차타고 버스타고 여기저기 잔잔하게 다녔거든요.조만간 연수받고 살살 차 몰고 다녀봐야겠어요.​​​​​​​​​​사용 시 향이 약해지거나 디퓨저 액상이 더이상 흡수가 안될 경우에는 새 스틱으로 교체해주는데요.여분으로 스틱이랑 우드봉이 한개씩 더 들어가 있더라구요.​​​​​​​​제로캔들 차량용 디퓨저#차량용디퓨저 #차량용디퓨져 #차량용방향제​​​​​​​​​​향기롭게, 때론 재미있고 아늑한 공간으로 머물러야 하는 차 안인데요.첫 차와의 여정을 시작하는 분에게는 소중한 선물로, 소중한 분에게는 센스있게 선물하기 좋은 향기로운 차량용 방향제랍니다.​​​​​​​​​​닥닥체험단을 통해 업체훈부터 제품 두는 서비스를
무혼 제공 받아 작성한 압니다
(넓
0009 86104
",15,5,0,337,0,0,499.4,3,text_ad,2021. 6. 20. 21:26,1563,1083773,일상·생각,0
3,https://blog.naver.com/jopop7777777?Redirect=Log&logNo=222081501559,"너무 갖고싶었던 에어프라이어를 드디어 구입하게되었어요. 에어프라이어 초창기때는 튀김기랑 고민하다 튀김기 구입했었는데, 기름감당도 안되고, 세척하는것도 힘들더라구요.딱 한번 사용하고 튀김기 방치하다 버렸네요.​에어프라이기 검색만 오백번 넘게하고 고른 [매직쉐프 대용량 듀얼쿡 에어프라이어]예요.구입하면서 종이호일이랑 오일스프레이도 함께했죠.​​​​도착하기 전에 어떤 음식을 할까 찾아보니 매직쉐프 대용량 듀얼쿡 에어프라이어는 2가지 음식을 동시에 할 수 있더라구요. 감자튀김이랑 바베큐 엄청 땡기네요.​에어프라이어 들이면서 제일 좋았던 건 햄버거세트사서 남는 감자튀김 갖고오면 눅눅하게 먹었는데 이제는 안그래도된다는거였어요. 튀김도 말이죠.​​​꼬치구이랑 통삼겹, 윙? 고기좋아하는 남편에게 깔끔하고 담백한 고기요리를 해줄수있어, 오기 전부터 기대가 엄청되더라구요.​​​​도착하자마자 냉동고에 있던 피자부터 해먹었어요.그전에는 전자레인지에 해먹어서 공간 좁았는데 에어프라이어에  사이즈가 딱이네요.​구입해서 흔들리는 감 있다는 후기봤는데, 바로 사용해서 몰랐는데 좀 흔들리던데 이거 as나 교환해야되는걸까요?​​​​​음식 돌아가는 모습이 보이고, 넓어서 구입했는데,밥솥처럼되어있어 음식물 꺼낼때 조금 불편해요.​​​​​전자레인지 돌렸을 때는 치즈가 흘러내리고 기름이나 짠 맛이 갇혀있는 맛이였는데, 에어프라이어에 돌린 피자는 치즈도 흘러내리지않고 기름과 짠맛은 공기중에 다 날아건거같이 담백하더라구요. 총2판있었는데 남은 한판도 돌려먹었어요.​​​뒤이어 냉동만두랑 피얇은 김치만두는 종이호일 밑에 깔고 오일스프레이  뿌려서 먹었는데 후라이팬에 굽는거랑 완전 다르게 담백했어요.​새로운 가전이 들어올 때마다 설명서 읽고 숙지하는게 어려워서 에어프라이기도 걱정했는데 쉽게 해먹을 수 있어 좋았답니다.16
 
",7,2,0,162,3,0,499.4,9,,2020. 9. 6. 4:36,1563,1083773,일상·생각,[]
4,https://blog.naver.com/jopop7777777?Redirect=Log&logNo=221674277552,"제습기의 계절이 가고, 가습기의 계절이 오고 있어요.아이들 낳기 전까지는 가습기, 제습기에 대한 생각없이 살았었는데, 결혼하고 아이들 낳아 살림을 살다보니 제습기과 가습기가 참 필수템이더라구요. 제습기는 장마철 빨랫감 말릴 때 꼭 필요하고, 가습기는 아이들 호흡기와 쾌적한 환경을 위해 꼭 필요하더라구요.​건달프 어릴 때부터 사용하던 윤*택 가습기는 8년이 다 되어가서 새로운 가습기를 장만해야됐었는데, 감성을 더하는 감각적인 디자인과 산뜻한 3가지 컬러로 일상에 활력을 더할 수 있는 미니가습기 원더스리빙 무선 듀얼 미니가습기 H3를 보고 이거 꼭 갖고 싶다는 생각이 들더라구요.화이트 색상의 LED 무드등과 3가지 색상의 미니 가습기로 쾌적한 환경을 가져보도록 하겠어요.한 손에 들어오는 미니멀한 사이즈와 420g의 가벼운 무게로 어디든 가볍게 휴대가 가능하겠더라구요.아이들이랑 이곳저곳 다니다보면, 휴대용가습기가 항상 아쉬웠는데, 자유로운 무선 방식으로 쾌적한 환경과 깨끗한 사용이 가능할 거 같아요.사무실, 집, 외출 시에도 장소에 구애받지 않고, 사용할 수 있어 대호감인 원더스리빙 무선 듀얼 미니가습기 H3랍니다.​​​두 개의 분사구로 더 풍부한 가습량을 느낄 수 있어 건조한 환경을 촉촉하게 만들 수 있는데요, 건달프랑 도담이 낳고 조리원에서 배웠던 이상적인 실내 온도와 습도는요 하절기와 동절기로 나뉘더라구요. 하절기는 23~28도, 습도 4~50%이고, 동절기는 18~25도, 습도는 5~60%라고 해요.지금 동절기에 가까운데, 습도기 보면 55정도되서 아직은 사용하지 않고 장만만 해뒀어요.​​​충전 및 유선 사용을 위해 상품 구성품으로 USB 케이블은 물통 안에 들어 있는데요.USB to 마이크로 5핀 케이블의 경우 모두 사용이 가능해요.USB 케이블 동봉으로 물통 안쪽에 약간의 스크레치가 생길 수 있는데, 요건 교환/반품 조건에서는 제외된답니다.​​​3600mAh의 대용량 배터리를 내장하여 한 번 충전하면 용량 걱정 없이 충전 케이블 없이도 원하는 장소에서 이동 및 사용이 가능한대요.USB 케이블을 활용하여 보조 배터리나 컴퓨터, 어댑터에 연결 후 충전이 가능해서 편리하게 사용할 수 있어요.PC, 노트북, 보조배터리, 5Pin 충전기와 연결하여 사용이 가능하답니다.​​​미세한 입자의 초음파 방식을 사용하여 솟아오르는 풍부한 미스트가 바닥으로 떨어지지 않고,  공기 중에 확산되어 가습기와 가습기의 주변에 맺히지 않아 깨끗한 관리가 가능하겠어요.  자는 도중에 물 부족한데 계속 작동하면 어쩌지하는 걱정은 하지 않으셔도 되는데요,  사진에 동그라미 처진 수위 감지 센서를 내장하여 물 부족 시 자동으로 전원이 차단된답니다.​​​단순한 구조와 한 손으로 잡히는 미니한 사이즈라 구석구석 꼼꼼한 세척이 가능해 쾌적하게 사용할 수 있는데요.처음부터 단순한 구조의 가습기를 사용해서, 복잡한 구조였다면 갖고 싶은 생각이 들지 않았을 거 같아요.​​​필터 권장 교체 주기는 1개월로 전용필터 10개입 들어가 있고, 원더스리빙 무선 듀얼 미니가습기 H3 상자안에도 2개 들어가 있어 습도 떨어지는 계절에 사용할 반년정도의 필터가 확보되었어요. 사용하지 않을 때는 필터를 본체에서 분리하여 건조해주지 않으면 냄새의 원인이 될 수 있다고 하네요.​​​가습기 기능 없이도 단독 무드등으로 사용할 수 있어 실용적인데요. 건달프가 아기아기할 때는 불 다끄고 재우면 숙면하던 아이인데, 어느 순간부터 자기 전에 불 끄는 걸 싫어하더라구요.그럴 때 LED 무드등을 켜두면 눈부심 없이 잘 수 있어 분위기는 물론, 수유등으로도 좋을거 같구요.  야간에 가습기 수위 확인에도 편하겠어요.​​​미니 가습기이지만, 500ml 대용량 수조로 오래오래 편리하게 사용할 수 있는데요, MAX 선 이하로 뜨거운 물을 제외한 미지근하거나 차가운 물을 채우면, 최대 15시간까지 사용이 가능하다고 해요. ​​​​​제품 뚜겅을 열어 상부에 바로 부어 제품 본체에 바로 흘러들어가게 해도 되고, 전 가습기 뚜껑에 바로 물받아서 본체를 끼워줬어요.필터에 물이 완전히 흡수 될때까지 3~5분간 기다려 줍니다.​​[원더스리빙 무선 듀얼 미니가습기 H3]#미니가습기#미니가습기추천#LED가습기#휴대용가습기​​​​​​​​​​1번 누르면 듀얼 분사 모드로 작동되며 분무구가에서 분사되는데요. 앙증맞은 가습기의 두 개 분사구에서 풍부한 미스트가 뿌려져 뽀얗게 날리는 걸 보니 제 콧구멍이 쾌적해지는 기분이예요. 시간당 최대 70ml 분사량으로 환절기 및 겨울철의 실내 온도를 4~60%수준으로 유지하여 더 부드럽게 더 풍부하게 건강한 수분밸런스를 유지할 수 있겠어요.​​전원버튼 1번 - 듀얼분사모드​​​전원버튼 2번 - 싱글분사모드 / 전원버튼 3번 - 싱글분사모드 / 전원버튼 4번 교차분사모드인데요.취짐 중에는 2,3,4번 싱글분사와 교차분사모드가 유용할 거 같더라구요. 자는 도중에 물 보충이 안되기도 하고, 분사량이 풍부해서 한 개의 분사구에서 나오는 미스트로도 충분할 거 같아서요. 전원버튼을 5번 누르면 가습기의 전원이 꺼진답니다.​​​​​38dB 저소음 설계로 소음을 줄여, 사무실, 도서관, 아기방처럼 조용한 공간에서도 문제없이 사용할 수 있겠어요.오래된 가습기에서는 물 떨어지는 소리가 나서 아이들은 잘 자던데, 전 가끔 그 소리에 꽂혀서 못 잘 때가 있었거든요.​이동 중 물 새는 것을 방지하기 위해 실링 기능을 강화해서  사용한 후 약간의 진공상태가 발생하는데요, 이럴 때는 천천히 당겨주면 빠진답니다.​​​​[본 후기는 업체로부터 제품을 무상제공받아 솔직하게 작성하였습니다.]",21,0,0,597,1,3,499.4,5,text_ad,2019. 10. 11. 1:11,1563,1083773,일상·생각,[]
