,Post URL,Post,Image num,sticker num,gif num,Paragraph num,Comment num,Video num,weekly viewer mean,Sympathy num,AD,Posting Date,Buddy num,Total visit,Blog category,Comment detail
0,https://blog.naver.com/jung114865?Redirect=Log&logNo=222406880660,"​​집에 있는 시간이 많아진 요즘무료한 집콕생활을 달래줄 수 있는 취미하나 추천할려구요^^​집안일,육아로도 벅차지만 가끔은 혼자만의 시간..저는 무언가 몰두해서 하고나면 스트레스가 풀리더라구요ㅎ 재미있기도 하고~ 😁​​​실로만 하는 십자수는 해봤지만 보석십자수는 처음인데요처음 접하는건 언제나 설레는 일🥰​​​​​​행가득 보석십자수는 말그대로 보석처럼 반짝반짝한비즈를 도안에 맞춰 붙여주면 되는 작업이에요~실로 하는 십자수처럼 일일이 실 끼우는 번거로움없어 너무 재미있게 취미생활 즐길수 있을거 같아요!​​​​​도안과 다양한 색의 비즈들, 트레이,비즈펜,고체풀구성이구요 ~  돌돌말아 언제 어디서든 펼쳐서 작업할 수 있어 좋았어요 !​​​​비즈들도 모자라지 않게 들어있어서  여유있게 사용할수 있었고 , 남은 비즈들 따로 보관할 수 있게 비닐지퍼팩도 따로 챙겨 주셨어요~  (센스 ^^)​​​​​프린트도 너무 선명해서  붙일때 헷갈일 일도 전혀 없었어요~ ​​도안에 적힌 기호와 숫자를 대조해서 차근차근 붙여주시면 되요 ! 너무 쉽죠~​​트레이에 적당한 부어서 흔들흔들 해주면저렇게 정렬된 비즈모습을 보실 수 있답니다~​비즈펜은 하나만 찍는곳,그리고 여러개 찍을수 있는곳양쪽으로 되어있어요~​​고체풀 먼저 콕 찍어 비즈 붙인다음 천천히 작업 해주시면 되구요 ~  이어서 여러개 붙일 경우엔  넓은쪽(4개)으로  해주시면 깔끔하게 붙일수 있어요!!​​​​집중해서 하다보니 시간가는줄 모르겠더라구요~한 곳에만 집중하게 되니 가끔 복잡한생각 떨쳐내고 싶을때 이만한 취미가 있을까 싶었어요~ 😆😆​​​​한번 손대니 멈추지 않고 계속 하게 되더라구요ㅋㅋ이거 은근 중독입니다 🤭🤭🤭​​​​ 재물운을 부르는 청사과와 부엉이♡완성 후  액자에 넣어서 선물해도 너무 좋을거 같구요~​집안 인테리어 소품으로도 너무 고급지네요♡​​​​​​​​ 
",17,1,0,185,10,1,26.4,6,suspect,2021. 6. 22. 23:53,207,23924,육아·결혼,"['뽀송비니님~~벌써 또 금요일이 되었어요 ㅎㅎ주말에 좋은 계획있으신가요~?오늘도 즐거운 하루 되시고틈틈히 다녀 가겠습니다!주말도 잘 보내세요^^', '감사합니다 좋은하루되세요:)', '잘 만들수 있을까?? 갑자기 나도 하고 싶지만 참아야 겠지', '저도 태교로 요거한번해볼까 했었는데 ㅎㅎ']"
1,https://blog.naver.com/jung114865?Redirect=Log&logNo=222128580607,"​요즘들어 더더욱 친정엄마가  하는말이 시집 안 간다던 애어디갔냐고ㅎ그렇게이쁘냐고ㅎ네~제 눈엔 천사네요♡​​오늘도 아침부터 전쟁ᆢㅎ뭐 입히지 부터가 아침시작~저만 그런거 아니죠?😆😆😆😆​일교차가 커서 요즘 아침마다옷 입히기가 애매해서9월에 미리 사두었던조던후드 개시​호피레깅스ᆢ너무 엄마스탈인가ㅎㅎ애들은 멀 입어두 이쁘네용~ 제 눈에는..하하😅😅​​​​늦잠자서 뛰자하니 아주 열심히ㅋㅋㅋ​​​​​오늘은 역할놀이 가르쳐준보람있는ㅋㅋ수첩보니 오늘 하루종일 음모~~음머~~했다던데ㅋㅋㅋ​​​​하원하구오늘은 시댁에 잠시 다녀왔어요추석이후 안간지가 쫌된듯하여😉가자마자 아주 편하게 한자리 차지하고티비시청 중인 상전님ᆢ​​​​​​시댁거실에 조명빨 과시하며 비니랑한컷ㅎ비니의 깨알 표정~요즘 사진좀 찍을줄 아네요? 저랑 닮았는가ᆢㅎㅎ누가봐도​​​​​​이건 신랑이 어제 퇴근하는길에 사온 마카롱인데요ㅎ이마트24에서 샀다는데 가성비 최고인듯해요당 땡길까봐 사왔다는데 마음이 고맙네요~​달달하게 하나만 먹고양심상ᆢㅎㅎ잠을 청합니다..​“%
~
>
다음에 마나으
2
하세요
너경

았
으으
0『6바끈방이
#더콩고0 0
",8,6,0,76,2,1,26.4,4,,2020. 10. 28. 1:30,207,23924,육아·결혼,[]
