,Post URL,Post,Image num,sticker num,gif num,Paragraph num,Comment num,Video num,weekly viewer mean,Sympathy num,AD,Posting Date,Buddy num,Total visit,Blog category,Comment detail
0,https://blog.naver.com/justaday1256?Redirect=Log&logNo=222426932633,"https://blog.naver.com/justaday1256/222392803344저번에 건강검진을 받고 그 자리에서 당장 힐스 사료를 샀었습니다.하지만 전 몰랐죠... 기호성은 똥망이라는 것을...인간적으로 살때 말해줘야 하는 것 아닙니까 ㅠㅠ​​보통 겨울이는 계절에 따라 그날그날 컨디션에 따라먹는 양이 차이가 있긴 한데요. 대체적으로 6키로 정도의 사료를3-4개월에 걸쳐서 소비하니까 한달에 1.5-2키로 정도 먹는거죠. ​근데 ..... 힐스 유리너리 c/d 1.5kg는 한달이 지나도록반 가까이 남아있습니다. 그 말은 즉슨 겨울이가 빼빼 말라간다는 소리...어쩔 수 없이 기존에 먹이던 뉴트로 초이스 연어맛과같이 급여하니까 조금 먹더라고요.​근데 저는 세균성 방광염을 빨리 잡고 싶었고,로얄캐닌 유리너리 s/o 캣도 힐스 사료랑 거의 동일하다고들 하더군요.그래서 지푸라기 잡는 심정으로 건강검진을 본 수의사 분께 물어봤습니다.​​로얄 캐닌 유리너리 s/o 사료 먹여도 된다고 하셨어요.그래서 당장 해당 병원에 사러 갔지만 그 사료만 다 나가고 없는 상태..주문하면 3일 정도 걸린다길래 굳이 병원에 주문할 필요가 없으므로 직접 시켰습니다.​동물 병원 같은데는 3만원 넘게 주고 사야하는데 인터넷은 확실히 싸죠?최근엔 23000원 하는 곳도 떴으니 최저가 잘 노려서 사시길 바랍니다.​물건은 무사하게 잘 도착했는데 설명서 중간중간 보이는 중국어... 요새 사료나 캔 등 중국짝퉁이 많다고 해서 집사님들 사이에서 경계령이 내렸는데요.진품 가품 구별법이 딱히 없어서 좀 의심했거든요.근데 아시아 계열은 중국어나 일본어가 포함될수 있다고 하네요.(공식 사이트가 아닌 일반 쇼핑몰 답변)그래도 찝찝한건 마찬가지.​그래도 로얄캐닌이 인제 한국에 들어오는 제품은 프랑스제가 아닌 국내생산 제품으로 바꾼다고합니다.(해당 제품도 국내생산)겨울이 처럼 처방식을 꼭 먹어야하는 거 말고는 굳이로얄캐닌 먹일 이유가 있을까 싶네요.​​대략의 성분표입니다. 왼쪽이 힐스, 오른쪽이 로얄캐닌인데요.힐스가 많은 것 : 탄수화물로얄캐닌이 많은 것 : 조섬유 (2배이상), 칼륨 (2배 가까이), 나트륨 (4배이상)​정도네요. 고양이 사료는 탄수화물이 적고, 조섬유, 단백질 등의 성분이 높은게 좋다는 점에서는 로얄캐닌 승리네요.근데 로얄캐닌은 나트륨이 4배이상이라는 점에서 상당히 마음이 쓰입니다. 신장 사료가 좀 짜게 만들어서 물을 많이 먹이게 한다는원리인 것 같긴하지만....​​기존의 힐스 유리너리랑 로얄캐닌 유리너리랑 섞여있는데 구분이 가시나요?거의 색깔이나 형태가 비슷하더라고요.제 손에 올려진 사진에서 왼쪽이 로얄캐닌, 오른쪽이 힐스예요.​기호성은 무난한 편입니다. 힐스보다 그렇게 싫어하지 않는다는 느낌이예요.많이 먹고 빨리 나았으면 합니다.저번 게시물에서도 말했지만 힐스 처방식 받을 때 로얄캐닌 유리너리 S/o습식 파우치도 같이 사서 급여했었어요.근데 페르시안 특유의 눌린 주둥이 때문인지 건더기를 잘 먹지 못해서 갈아서 급여하는데 그 내용을 기록해볼까 합니다.​로얄캐닌 유리너리 S/o 습식 파우치의 건더기는 사료를 물에 불린 것 처럼 흐물거리지 않고 단단해서 사람이 칼로 쪼개기도 힘들더라고요.그렇다고 믹서기로 갈자니 틈 사이사이에 건더기가 껴서뒷처리가 어려웠어요.이럴때는 역시 도깨비 방망이 만한게 없죠 ^^​저는 보통 습식 2봉지를 갈아 놓으면 이틀~ 이틀반 안에 다 먹으니그렇게 하고 있습니다. (하루씩은 제가 힘들어서.. ㅋㅋ)​​왼쪽 위 사진이 갈은 거 그대로 담은 사진.오른쪽 위사진은 도깨비 방망이 갈고 난뒤물을 조금 담아 건더기 잔여물 모은거예요.조금이라도 음수량을 늘려주기 위해 두개를 합쳐주고 밑의 계량 눈금이 있는 약병으로 20ml 씩 물을 타서 하루에 3-4번씩 습식 급여를 하고 있어요.25, 30ml 로 물을 타면 아예 안먹어요...​​그래서 한번에 먹을 분량 = 습식 20g + 물 20ml  정도랍니다.보통 1g= 1ml 으로 놓고 보니까 (사실은 다릅니다.)대략 하루에 물 160ml  정도 먹는게 되네요.​겨울이는 5kg 라서 고양이 체중 * 50ml= 하루 음수량이니까하루필요한 음수량은 250ml인데요 겨울이는 64%의 음수량 밖에 채우지 못하는 거예요  ㅜㅜ​그래도 예전엔 오줌 2-3개 싸던거 5개씩 만들고피부의 탄성 테스트 (피부를 잡아당기면 얼마나 빠르게 돌아오는지 보는것) 도많이 좋아져서 늘어지지 않으니 약간 안심입니다.다음 9월달 검진까지 많이 나아졌으면 해요.아픈 애들 돌보는 집사님들 화이팅 하시길 바랍니다.​ 
 
 
 
",15,3,0,466,11,1,265.4,19,,2021. 7. 10. 20:44,325,60344,,"['아이고ㅠㅠ정말 잘 먹고 나아지면 좋겠어요..!!', '감사합니다 ㅎㅎ 집사가 쉽지 않군요...', '랜선집사라서 어떤 아이와 미래를 함께 하고 싶은지 궁금해서 보게 되었어요\n자주 올께요', '이런 사랑과 정성을 주인님들이 꼭 알아줄겁니다!! 어서 나아져야 할텐데...', '감사합니다 ㅎㅎ 그래도 먹는거 나름 협조적이라 다행이예요..', '다음 9월까지 많이 신경쓰이시겠어요. 아픈 애들이 집에 있으면 키우는 주인의 입장으로서 마음이 많이 안좋겠어요.여름엔님이 마음 쓰시는 만큼 빨리 낫길 기도합니다..!', '감사합니다 바니님 ㅠㅠ 쉽지 않은 길인걸 알았지만 몸과 마음과 온 정성 (?)을 넣게되네요 ㅎ응원 정말 감사드립니다..', '아이구 겨울이 밥 잘 먹고 건강 회복하기를!사료가 완전 구분이 잘 안되네요강쥐 친구들은 아주 먹고싶은것만 쏙쏙 골라서 잘 먹는데 겨울이는 어떨지 모르겠네요제발 잘 먹어주기를^^', '감사합니다 낑깡님어제까지만 해도 잘먹었는데 오늘 골라내기 시작했어요 ㅋㅋㅋㅋ뒷통수 맞은 느낌이여유 ㅋㅋ', '안녕하세요 집사님  저희애기도 갑자기 방광염이라ㅠㅠㅠ 같은 로캐 파우치 먹이는데요 혹시 갈아서 어떻게 보관하시나요? 냉장하시나요??', '저는 1일 1파우치 급여라 하루치 갈아서 파우치:물 =1:1 비율로 섞어서 냉장보관하고 하루 3번 나눠서 (아침 저녁 밤) 먹이고 있습니다. 만약 1파우치가 너무 많다하면 얼음트레이에 조금씩 나눠 얼려서 먹이는것도 괜찮습니다. 저희 애는 이틀 정도 얼려놓은것도 잘 먹어서요. 냥바냥이겠지만요. 집사님 힘내시길 바랍니다. 저희 애 많이 좋아졌어요']"
1,https://blog.naver.com/justaday1256?Redirect=Log&logNo=222392803344,"https://blog.naver.com/justaday1256/222391095682​지난번에 동물병원 갔다가 겨울이가 방광염 직전이라는 진단을 받고병원에서 힐스 c/d multicare stress 사료를 구입해왔습니다.1.5키로에 3만원이예요.평소에 먹던 사료가 2.27키로에 27300원이니 좀 비싼 편이죠? 근데 금사료 (= 비싼 사료)들은이것보다 훨씬 비쌉니다. 괜히 가슴으로 낳아 지갑으로 키운다는 말이 있는게 아니예요 ㅎㅎ.(입양은 신중히!)​왼쪽 사진에서 기존의 뉴트로 초이스 연어 사료 (길쭉하고 짙은 갈색)보다큰 크기입니다. 뉴트로 초이스도 사료들 중에 큰 크기인데 이것보다 커요.겨울이는 급하게 먹는 스타일이라서 작은 사료들은 삼키는데이거는 까득까득 씹어먹더라고요.만약 이까지 안 좋은 친구들이라면 다른 사료를 알아보시는게 좋습니다.​​겨울이는 비록 결석이 없어서 이걸 먹는게 맞나 싶었지만다른 분들은 세균성 방광염이나 예방 차원에서도많이 급여하신다고 합니다.​​원장님이 건사료랑 습식 병행하길 추천했습니다.신장, 방광에는 음수량이 필수거든요.12개가 한 박스 라서 12개 마다 배송비 붙는데도 많고요.아닌곳도 있어요.저렇게 한 박스로 오면 관리가 용이할 것 같아서 1박스 시켰습니다.전 파우치 1개당 1900원 주고 샀는데최저 1800-1750원 선도 있습니다.정확한 기전은 잘 모르지만 원장님이 꼭 먹이라고 !!강추 하셔서 꼬박꼬박 아침에는 처방받은 아모크라 건조시럽,클라바목손을 섞어서 급여하고요.저녁에는 기존의 영양제 (타우린, 유산균, 베타시스테롤)를 급여합니다.이렇게 쓰고 보니 좀 많네요. ​이것 역시 알갱이가 상당히 큰편이예요.왼편 사진에 숟가락 안에 있는게 한덩어리예요.이상하게 겨울이는 큰 건식 알갱이는 먹는데 큰 습식 덩어리들은 못 먹고 자꾸 혀로 밀어대서1/5정도 밖에 못 먹더라고요. 그래서 다져주고 물이랑 섞어주니 찹찹 잘 먹어요손 많이 가는 고양이로소이다... 집사의 관심을 요구하는 만 3세 추정, 무직 김겨울씨​​",10,0,0,189,6,0,265.4,10,,2021. 6. 10. 17:40,325,60344,,"['ㅋㅋ집사의 관심을 요구하는!!! (이 부분 넘귀여워요)', 'ㅋㅋㅋ 1분 1초라도 더 같이 싶어하는 겨울이랍니다 ~', '애기 겨울이..맛난 사료길만 걸어라... ⭐', 'ㅎㅎㅎ 감사합니다', '김겨울씨 귀엽네요.', '감사합니다 ㅎㅎ']"
