,Post URL,Post,Image num,sticker num,gif num,Paragraph num,Comment num,Video num,weekly viewer mean,Sympathy num,AD,Posting Date,Buddy num,Total visit,Blog category,Comment detail
0,https://blog.naver.com/kafer?Redirect=Log&logNo=222431249047,"안녕하세요.요즘 아이들과 밖에 나가기 힘들고, 집에서 시간 보내자니 그 것도 힘들고..고민이 많으시죠?​​아이들과 시간 순삭 할 수 있는 미술놀이 준비해 왔습니다.​​저는 아이들 수업시간에 진행했던 것인데요, 바로바로 요즘 유행하는 보석십자수 입니다.이걸 아이들이 할 수 있을까? 걱정되시는 분들 많으시죠.​집중력이 약한 어린아이들도 할 수 있는 어린이용 보석 십자수!완성하면 스티커가 되어서 아이들이 더더욱 흥미를 가지고 진행하게 되더라구요.​​​저는 초등학교 저학년 수준의 아이들과 진행했었는데요.수업 할 때 마다, 아이들의 취향을 고려해서 선택하면 반응이 좋더라구요. (단, 막상 그림을 보고 싸움이 날 수 있으니 주의해 주세요.)​​지루해하면 어쩌나 했는데, 꼼꼼하게 잘 진행해 주었어요.시간은 1시간 내로 완료되었던 것 같아요.​​​​시작 전에, 구성품을 확인해 주세요.구성품은 아래와 같습니다. 별거 없어용. 간단해서 너무나 좋아요.​​​​1.  사용할 색상의 비즈를 트레이에 덜어주세요. 도변의 숫자와, 포장지의 숫자를 참고해 주시면 됩니다.담은 후 트레이를 한번 흔들어주시면 잘 정렬되용​​​​2. 펜에 고체풀을 찍어주세요.​​​3.(비즈의 궁근면이 위로 가게 붙여주세요)​​​​너무나 쉽죠? 날도 덥고, 외출도 힘든 요즘..집에서 아이들과 어린이 비즈십자수 스티커 예쁘게 만들어보세요.​​​​ 
 
 
",10,2,0,136,0,0,95.4,2,,2021. 7. 14. 13:28,299,160683,,0
1,https://blog.naver.com/kafer?Redirect=Log&logNo=222283614610,"안녕하세요.다들 쿠쿠라는 이름만 들어도 딱 아시죠?밥솥으로 알아주는 그 브랜드!!​믿고 쓸 수 있는 cuckoo에서 에어프라이어 신제품이 나와체험단을 모집합니다.​​1집 1에어프라이어 요즘 필수죠?근데 저가제품은 불안하고, 종류는 너무 많고..​그래서 믿을 수 있는 쿠쿠의 에어프라이어를 체험 할 수 있는 기회를 소개해드고자 합니다.​모집인원은 총 5명을 뽑는다고 합니다.​모집기간은 3월 25일(목)요일 까지얼마 안남았으니 서두르세요!​​간단한 미션 수행 후!홈페이지에 회원가입 하시고, 댓글로 작성해 주시면 됩니다.(아래 링크를 참고해주세요)​https://www.cuckoo.co.kr/event/eventListDetail?eventIdx=11&eventState=1&prodPage=1&repPage=3&tabIndex=all​체험단 미션이 있는데요.. 간단합니다.미션 기간에 맞춰서 사용 후기 업로드 3회!!​유튜브 이용자께서는 영상 1회만 업로드 해주시면 됩니다.​​날이 갈수록 발전하는 에어프라이어네요.평소에 아쉽던 모든것이 보완되었어요.​​전에 쓰던 제품은 금방 고장나서 나빼고 다 있는 그 에어프라이어..이번 기회에 좋은 쿠쿠 에어프라이어 신제품을 만나게 되면 참 좋겠습니다.​아참참,,​미션 수행시에 , #쿠쿠에어프라이어#에어프라이어#냉동빵#홈쿡​해시태그 잊지 말아주세요.​“

1

~
에
86
6
",5,3,0,101,0,0,95.4,2,text_ad,2021. 3. 22. 13:50,299,160683,,0
2,https://blog.naver.com/kafer?Redirect=Log&logNo=222283571428,"좋은 이벤트 소식 하나 소개해드립니다.공기청정기.. 요즘 다들 쓰고 제품도 많이 나오는데어떤걸 써야하나 고민이 많으시죠? 그렇다고 아무거나 살 수도 없고..​​워셔블에 UV살균까지 더한3분에 1대식 판매 되는 제품 이라고 합니다.​요즘같이 병균에 예민할 때, 공기속 세균은 물론 바이러스까지 살균해 준다고 하니너무나도 끌리는 제품입니다.​​​​​21년 3월 12일부터 4월 1일까지 응모할 수 있으며블로그 25명, 유튜브 5명의 체험단을 모집한데요.​​제품을 체험하고 후기를 업로드 하는 활동이 필요한데요.무려 제품 1대를 무료로 주는 활동이랍니다!​활동기간은 4월부터 5월까지!!​​​응모자 전원에게는 공식몰 10만원 할인쿠폰에추첨을 통해 커피 기프티콘을 준다고 하니, 더욱 지원할 맛이 나네요.​​​​신청  방법은 위와 같은데요​첫째, 체험단 소식을 나의 SNS에 공유 한다!둘째, 신청 양식에 정보를 입력한다.셋째, 공유한 게시글 URL과 함께 지원 완료!!​​필수 해시태그#SK매직 #SK공기청정기 #올클린공기청정기바이러스핏 #공기청정기 #공기청정기추천꼭 잊지 말고 넣어주세요.​​https://www.skmagic.com/event/preuserEvent/3608#none​​디자인이 정말 어디에 둬도 잘 어울리네요.​여기까지 SK매직 올클린 공기청정기 바이러스핏체험단 모집 소식이었습니다.​​​모두 발표 결과 기대해 보아요 :)1 @
=
",7,1,0,121,1,0,95.4,0,text_ad,2021. 3. 22. 13:03,299,160683,,['']
