,Post URL,Post,Image num,sticker num,gif num,Paragraph num,Comment num,Video num,weekly viewer mean,Sympathy num,AD,Posting Date,Buddy num,Total visit,Blog category,Comment detail
0,https://blog.naver.com/kies1614?Redirect=Log&logNo=221775154624,"안녕하세요 봄엔입니다제가 글은 많이 안올리고 있지만 열심히 칼림바 연습을 하고 있었는데요최근에 사고가 나면서 재활 문제로 연주를 못하기도 했고,루아우 칼림바를 길들이고 싶어서 네코즈는 케이스에 넣어서 잘 보관해둔 상태였는데요​며칠 전에 확인하려고 잠시 꺼냈다가 뭔가 바디가 이상하다 싶어서 살펴봤더니....이렇게 크랙이 발생했더라구요저는 악기의 크랙에 대한 상식이 전혀 없던 상태여서 왜 이러지 왜 깨진거지하고 너무 당황하고 있었는데검색을 해보니까 보통은 관리시의 습도가 문제라고 하더라구요​집에 온습도계를 사용하고 있는데 최근에 습도가 37%정도로 유지되고 있었는데보통 40%~45%까지 지켜주는게 가장 좋다고 하구요...​속상하긴 하지만...정말 큰 가르침을 얻었죠...문제는 제일 아끼는 칼림바가 깨진 건데...​사실 연주해보니까 별로 크게 달라진 것도 모르겠고, 고치면 되지 않을까했거든요하지만 방법을 몰라서 갈팡질팡하다가 인스타에 일단 크랙이 생겼다고 피드를 올렸더니위키위키에서 고객센터로 문의를 달라고 댓글을 남겨주셨어요ㅜㅜ​당연히 수리나 차액 지불한 교환 등의 설명을 해주실 거라고 생각해서크랙이 보이는 사진과 함께 문의를 드렸더니 아주 친절하게 새 제품으로 교환을 해주신다고 하셨습니다​교품 해주실 거라고 생각해서 깨진 칼림바는 보내드리면 되느냐 했더니 연습용으로 사용하라고 해주셨고저는 제가 구매했던 제품과 비슷한 시기에 나온 무광 제품의 칼림바만 받기로 했는데요시간이 걸릴 줄 알았더니 다음날 바로 도착해서 받을 수 있었어요​칼림바 구매할 때도 느낀 점인데 위키위키... 배송 엄청 빠릅니다ㅠㅠ어쨌든 이렇게 예쁜 네코즈 박스에 담겨서 도착한 칼림바를 열어봤는데...띠용...?칼림바가 바로 보일 줄 알았더니 네코즈 케이스가 보였어요네코즈 케이스가 왜 들어있지... 나는 제품만 받기로 했는데...?라는 생각에 너무 당황해서열어도 되나 안되나 하다가 일단 제품을 확인하고 연락드리는 게 맞을 것 같아서 케이스를 열었어요그랬더니 2차 띠용..... 친구야... 안녕? 예쁜데... 넌 무광이 아니라 유광이로구나...?​무광제품이 오기로 했는데 유광제품이 도착했다는 걸 확인하자마자,이거 배송이 잘못된 것 같다 하고 다시 포장하고 위키위키로 연락을 드렸어요​확인하시고는 배송이 잘못 되었다고 사과를 해주셨는데제가 받기로 한 시기의 무광 제품이 재고가 없기도 하고,혹시 받으신 제품이 마음에 드신가면 그냥 쓰셔도 괜찮으시겠냐고 물어보셔서 저는 그냥 그대로 쓰기로 했어요!케이스의 경우도 그냥 사용하라고 해주셔서 어떨결에 예쁜 네코즈 케이스도 생겼네요!일단 두 칼림바를 비교해보자면.... 외형은 똑같고요무광과 유광의 차이가 제일 큰데 사진 상으로는 크게 차이가 없어보이죠?실제로 보면 반짝반짝 매끈 매끈하답니다 개인적으로 질감은 역시 무광이 더 마음에 들긴해요생산 시기별로의 나무나 마감 등의 이유로 같은 마호가니지만 색감의 차이도 조금 있는 편이에요!루아우 대나무 유광, 네코즈 마호가니 무광, 네코즈 마호가니 유광세 종류의 칼림바 모두 다 개성이 넘쳐서 너무 너무 좋아요^^!!​같은 마호가니지만 아직 길이 들지 않아서 끝 부분은 틱틱 거리기도 하는데얼른 연습하면서 새로온 냥림바도, 대림바도 길들여줘야겠습니다~물론 관리도 제대로 해주려고 합니다 이제 크랙 생기지 않게 해줄게ㅠㅠ​소듕한 나의 칼림바들....그리고 얼른 치료와 재활이 끝나면 칼림바 연습해서 영상도 가지고 올게요!!​그럼 다른 포스팅으로 찾아오겠습니다!!​제가 구매한 곳은 바로 위키위키구요!다양한 리퍼 제품들을 저렴하게 구매할 수 있는 뮤지션 마켓도 함께 운영되고 있어요 :-D​관심 있으신 분들은 아래 링크에 한 번 들려보세요!!!​https://smartstore.naver.com/wikiwiki/https://musicianmarket.co.kr/​ 
 
 
",6,2,0,376,9,0,414.2,1,,2020. 1. 17. 12:01,367,832210,문학·책,"['오늘 주문하려고 하는데ㅋ_ㅋ 각인이 되어서 오는 것인가요? 상세에는 각인이 없는 것 같은데 따로 요청하는 페이지도 없는 것 같아서ㅠ_ㅠ', '음계 각인이라면 기본으로 되어져 있어요!!!', '저는 살때부터 크랙이 있었는데 교환 가능하겠죠..? 사용하는데는 아무 상관없다 고 답변을 들었지만 뭔가 찜찜하네요', '네 위키위키 카톡으로 연락해보시면 해주실 거에요!!', '감사합니다!']"
1,https://blog.naver.com/kies1614?Redirect=Log&logNo=221641067700,"봄엔이에요칼림바에 입문한지 얼마 안되었는데~두번째 칼림바를 들이게 되었어요!!​바로 네코즈 칼림바를 제작했던 위키위키에서 새롭게 나온 루아우 칼림바인데요바디의 목재는 마호가니, 캄포우드, 대나무 등 다양한 종류가 있었는데저한테 있는 마호가니를 제외한 친구 중에 대나무가 칼림바가 두번째 칼림바로 오게 되었답니다명절 물량 대란이라 명절 전에 도착할까 걱정했는데 하루만에 도착한 이쁜 루아우 칼림바!!색상도 밝고, 깔끔하게 생겼어요 중앙의 원형 홀이 기본적인 칼림바의 모습 같아서 좋네요​네코즈 칼림바도 그렇지만 루아우 칼림바도 음색이 좋고 울림이 깊어서 초보분들이 연주하기에 참 좋을 것 같아요키부분은 처음엔 많이 짱짱한데 자주 연주하고 조금 만지다보면 길들어져서 더 부드럽게 연주하실 수 있을 것 같고요원형홀 주위로 자개가 박혀있는데 진짜 고급스러워 보이기도 하고 어찌나 이쁜지 몰라요~제가 가지고 있는 콤보세트의 구성을 살펴볼게요구성품은 예쁜 대나무 루아우 칼림바 본체와 루아우 전용 하드 케이스튜닝헤머, 파우치, 설명서, 음계스티커와 시트지입니다튜닝헤머는 저렇게 키를 톡톡 치면서 튜닝을 하는 거라고 하는데일단 저는 초보라서 튜닝을 하다가 실수 할 수 있으니까 가만히 넣어둡니다ㅋㅋㅋㅋ시트지로는 저렇게 표시를 할 수 있어요 연주하기 편하게 해준다고 하고요실제로 악보보고 연주할 때도 도움이 많이 되더라구요​네코즈 칼림바는 녹색을 붙였으니까 루아우 칼림바는 빨간색을 붙여줍니다!!네코즈 칼림바랑 비교해보면 색상도 밝고 키두께나 음계각인 방식 등의 차이가 있어요​크기는 루아우 칼림바가 살짝 더 크고,두께는 루아우가 3CM, 네코즈가 3.5CM 정도로 네코즈가 살짝 더 두껍네요같이 붙여두지 않는 한은 연주할 때는 크게 차이를 느낄 수는 없어요​각인 같은 경우는 네코즈는 파여있고 루아우는 레이저 각인으로 파임이 없어요~~~무게는 루아우 칼림바가 조금 더 커서 그런지 살짝 더 묵직한 느낌이네요 :-)키판은 네코즈가 살짝 더 두껍고요 루아우는 얇고 무광택 느낌?​아직 소리 차이는 크게 느끼지 못하는 초보지만네코즈보다 루아우 칼림바의 울림이 조금 더 좋다고 느껴졌어요네코즈는 맑고 가벼운 울림이라면 루아우는 맑으면서 네코즈보다 깊은 울림?​제가 연주를 계속 해서 약간  길들여진 탓인지는 모르겠는데 소리는 네코즈가 더 크네요 ㅋㅋ어쩜 이렇게 차이가 있는지... 연주하고 알면 알 수록 신기해요~~​두 제품 모두 구매는 위키위키에서 하실 수 있는데 지금 명절도 끼어있고 물량 대란인지 둘 다 품절상태에요네코즈의 경우는 추석 이후에 추가 판매한다는 것 같긴하던데 어떻게 될지 모르겠어요ㅠㅠ​다만 루아우 칼림바는 리퍼 제품이 뮤지션 마켓에서 판매 중이네요!리퍼라고 해도 별로 티가 안나서 민감하지 않은 분들은 리퍼 제품으로 저렴하게 구매하셔도 괜찮을 것 같아요리퍼 제품은 제가 구매한 것처럼 콤보 세트라 더 좋은 것 같습니다​일단 링크는 아래쪽에 놔둘게요 :-)​나중에 두 제품으로 합주도 하면 좋을 거 같아서 식구들도 시켜보려고요!!음색 비교와 연주 영상은 촬영용 거치대가 도착하면 찍어서 올려보겠습니다~~​초보도 누구나 쉽게 할 수 있는 즐거운 칼림바 세상~관심있는 분들 다들 같이 해봐요~~http://musicianmarket.co.kr/https://smartstore.naver.com/wikiwiki/​×…=0 서언 선언 언성 언어
도

은

[세요
",7,4,0,347,0,0,414.2,2,,2019. 9. 6. 20:37,367,832210,문학·책,0
2,https://blog.naver.com/kies1614?Redirect=Log&logNo=221628283083,안녕하세요 봄엔이에요저는 칼림바 입문을 하고 열심히 연습 중이랍니다^^!​지금 연습 중인 곡은 왕후여생이라는 곡이에요곡명을 자꾸 까먹어서...ㅎㅎ​어쨌든 숫자 악보를 외워서 맹 연습 중인데걱정인 건 이곡을 다 외우고 다른 곡을 연주하다가 까먹진 않을까...하는?​일단 함께 들어보세요 ㅋㅋ어색하지만 나름... 열심히 연주하는 부끄러운 제 손....촬영용 삼각대가  파손되서 ㅠㅠ 겨우 찍은 사진인데요​엄지손톱을 보면 아시겠지만 짧은 상태라서 맑은 소리가 안나요ㅠㅠ원래 손톱이 좀 길어야 더 맑고 깨끗한 소리가 나는데 깎은지 얼마 안되가지고 아쉬울 뿐이네요​촬영용 거치대 다시 구매하면서 손톱도 길게 관리해서 깔끔하게 연주하는 모습을 가지고 올게요일단 코드는 다 외웠으니 이제 열심히~ 타이밍 맞춰서 제대로 연주하는 게 관건이네요​즐거운 칼림바 세상 :-)​예쁘고 다양한 칼림바들이 많고연주하기도 어렵지 않으니까 궁금한 분들은 검색을 통해서 알아보세요~~​제목에도 있지만 저의 첫칼림바~ 일명 냥림바는 '네코즈 칼림바 마호가니 17M'이구요위키위키에서 판매했는데 품절상태라 저는 뮤지션마켓에서 리퍼제품으로 구매했어요 :-)​(+)​물어보시는 분들이 계셔서 적어두자면 일단 제가 구매한 건 케이스까지 있는 콤보 제품이고요네코즈 칼림바는 위키위키에서 판매되었다가 품절 상태고뮤지션 마켓에서 리퍼 제품을 구매할 수 있었는데 지금 뮤지션 마켓에서도 품절인 걸로 나와요ㅠㅠ​네코즈 칼림바의 형제격인 루아우 칼림바가 최근 위키위키에서 구매가능했는데 이것도 품절 대란이네요ㅠㅠ아직 뮤지션 마켓에서 리퍼제품을 구매할 수 있는 것 같으니 루아우 칼림바를 구매하실 분들은 서두르시기 바랄게요​칼림바의 인기가 높아지는지정말 품절 대란이네요!!,0,0,0,173,0,1,414.4,1,,2019. 8. 25. 23:50,367,832211,문학·책,0
3,https://blog.naver.com/kies1614?Redirect=Log&logNo=221627198959,"안녕하세요 봄엔입니다!​저는 어제 인친분들의 피드에서 '칼림바'라는 악기의 연주를 보게 되었어요!칼림바는 아프리카 전통 악기인데 손가락 하프나 엄지 피아노 등으로도 불리는 악기라고 해요~​사실 지인분들을 통해서 이름은 들어봤었기 때문에 피드를 보면서 오! 이게 칼림바!!구나하고굉장히 관심있게 지켜봤는데요 소리도 너무 예쁘고 배우기도 좋다고해서​뭐... 사버렸죠...사실 어렸을 때 피아노를 배웠지만 기억도 안나고ㅠㅠ악보는 음계 밖에 못 읽는....사람인지라 항상 음악 시간에 연주를 해야하면 무조건 달달 외웠어요;;진짜 악보고 뭐고 모르니까 그냥 외우는게 속 편하더라고요 (그런 실력으로 합주부 들어서 상도 타고 그랬음;;)​어쨌든 그래서 조금 걱정은 되었지만 오르골 같은 음색이 너무 너무 좋아서.... 혹해버렸는데요...그렇게 하루만에 도착한 저의 첫 칼림바입니다!!​다양한 칼림바들이 너무 많아서 어떤 걸 사야할지 몰랐는데 요즘은 유튜브라는 좋은 정보의 공간이 있잖아요 ㅋㅋ유튜브에서 칼림바로 검색해 보니까 다양한 종류의 칼림바를 비교하는 영상들이 많이 있더라구요​그 영상들의 도움을 받아서 제가 봤을 때 가장 마음에 드는 음색을 지닌 아이로 선택했어요제목에도 있지만 '네코즈 칼림바 마호가니 17M'입니다!!!​중앙에 홀이 고양이 모양인 것도 좋긴 했지만, 무엇보다 음색이나 울림이 너무 좋더라구요그래서 기본으로 시작하기엔 딱 알맞겠다 싶어서 이 친구로 선택했는데 다음엔 다른 종류의 칼림바도 한 번 만나보고 싶어요어쨌든 칼림바를 샀으니까 한 번 쳐봐야지 싶어서 어디선가 들었던 칼림바 곡을 연습하기 시작했어요영상은 악보를 정확히 알기 전에 들었던 소리로 얼핏 따라서 쳐본 건데요​엄지손톱이 길어야 좋다고 하는데 제가 며칠 전에 깎아버려서 ㅠㅠ 팅팅거리는 소리가 많이 나요그래도 음색이 너무 맑고 이뻐서 손에서 놓을 수가 없더라구요​칼림바의 장점 중의 하나가 밤에도 연주할 수 있는 거라고 하는데확실히 조금 살살 치면 울림이 약해서 소리가 작아지고 조용해서 밤에도 연습을 할 수 있었어요!!​영상 속의 소리보다 더 맑고 울림도 좋아요 제대로 연주하시는 분들꺼 들어보면 진짜 깔끔하고 좋던데...ㅜㅜ연습하다보면 저도 늘겠죠? 진짜 너무 매력적이라서 매일 매일 연습할 것 같아요​연주하면 손가락이 아프다는 분들이 있어서 걱정했는데 전혀 아프지도 않고몇 번 만져보니까 쉽게 다양하게 치고 연주할 수 있을 것 같았어요​그리고 몰랐는데 이시영씨가 무슨 프로그램에서 나와서 칼림바 연주를 했다고 하더라구요어쩐지 갑자기 인기가 많아졌다고 품절 대란 이러더니.... 난 왜 몰랐....???​어쨌든 즐거운 취미가 생겨서 너무 좋네요~ 피아노는 못쳐도 노력하면 칼림바는 할 수 있숴~~!!​가격도 저렴한 제품부터 고가의 제품까지 다양하고, 홀 모양도 다양하니...악기 연주의 취미가 가지고 싶으셨던 분들에게는 추천해요!!​저는 뮤지션 마켓에서 리퍼 제품으로 구매했는데 어디가 문제가 있는지 전혀 모르겠더라구요 ㅋㅋ​그리고 마호가니 말고도 다른 종류의 나무를 이용해서 다양한 칼림바들이 만들어지는데음색도 그렇구 많이 달라지니까 다양한 칼림바 비교 영상 보면서 마음에 드는 칼림바를 찾아보세요~따로 문의 해주시는 분들이 계셔서 제가 구매한 뮤지션 마켓과 위키위키 링크를 걸어둘게요네코즈 칼림바는 두 곳 모두 품절 상태입니다ㅠㅠ 판매처를 제외한 다른 곳에서는 제가 찾아드릴 순 없어요...ㅠㅠ​https://smartstore.naver.com/wikiwiki/https://musicianmarket.co.kr/​:-열
30

는

너
",1,2,0,362,11,1,414.4,9,,2019. 8. 24. 20:59,367,832211,문학·책,['저 이거 샀어요 드디어 오늘 출고됐답니다 내일이 너무 기다려짐ㅠㅠ']
4,https://blog.naver.com/kies1614?Redirect=Log&logNo=221863893610,"봄엔입니다얼마전에 저희 메인보컬인 욱진이의 생일이 있었어요~서울에서 행사가 진행되었는데 안타깝게도 저는 갈 수가 없었지만​지인 찬스로 이렇게 욱진이 생일 굿즈를 받을 수 있었는데요!!어떤 게 있었는지 함께 살펴보도록 하겠습니다!짠 이 구성이 바로 실장님 세트를 주문하면 받을 수 있는 선착순 특전 풀세트입니다!컵홀더 2개 + 포카 4종+ 스티커 1종 + 핀버튼 + 욱진이 사탕 인데요​너무 구성이 탄탄하지 않나요~무엇보다 하나같이 다 예뻐요ㅠㅠ욱진이 컵홀더! 욱진이의 색상과 맞는 푸른빛이 너무 예쁘고 찬란합니다ㅠㅠ욱진이 사진도 너무 이쁘죠? ㅠㅠ 안받았으면 정말 속상했을 것 같아요너무 아까워서 뜯지 못하는 ㅠㅠ 핀버튼도 예쁘고 스티커도 귀엽답니다!!사탕은 진짜 귀여워요 ㅋㅋㅋㅋㅋㅋㅋㅋㅋ지인분이 이렇게 영수증까지 챙겨주셨는데요영수증에도 이렇게 생일 축하 문구가 적혀져 있습니다 센스돋죠ㅠㅠ​진짜 라이징 스타 조욱진 27번째 생일 축하해!!!컵홀더를 제외한 굿즈는 이렇게 파우치에 들어있더라구요저는 지인분이 구매해서 넣어주신 줄 알았더니 원래 저렇게 들어있는 거 였다고!!!​거기다 사진엔 안 나왔지만 굿즈 세트에 알콜 소독솜도 들어있었어요코로나 때문에 불안한 시기에 맞춰서 배려가 가득한 진행팀분들의 마음에 감동을 받았습니다!!마지막으로 한 번 더 욱진이 컵홀더 보고............힐링....하아... 너무 예뻐요ㅠㅠ​그럼 저는 다른 포스팅으로 또 찾아올게요~ 감사합니다~​​욱진이는 진정령에서 금자헌 역할을 맡았던 배우 입니다 :-)도

은

[세요
도

은

[세요
도

은

[세요
",6,1,0,154,0,0,414.4,1,,2020. 3. 20. 17:55,367,832211,문학·책,0
5,https://blog.naver.com/kies1614?Redirect=Log&logNo=221854001832,"봄엔입니다!​오늘은 배우이자, 진정소년의 메인 보컬인 욱진이의 스물일곱번째 생일이에요욱진이는 진정령에서 금자헌 역할을 맡았던 배우로, 1993년 3월 15일에 태어났답니다!!​언제나 진중하고, 진지하고, 든든하고, 따뜻한 욱진이♥우빈이나 박문이에게는 든든한 동생이, 기리, 지양이,번성이에게는 든든하고 자상한 형그리고 팬들에게도 자상하고 멋진 배우랍니다~​정말 너무 예쁜 진정소년의 셋째 욱진이의 스물일곱번째 생일을 축하하며,앞으로도 지금처럼 반짝 반짝 빛나는 너이기를 바래 욱진아!진정소년 처음 준비할 때 가장 걱정이 많았던 욱진이자기는 춤도 못추고, 노래도 못부른다고 했던 욱진이​하지만 누구보다 노래를 멋지게 불러서 진짜 우리 메인보컬이 된 욱진이앞으로도 멋진 노래 많이 많이 불러주고 차기작도 잘 준비하길 바래♥​#조실장님_27번째_생일축하해#반짝반짝_빛나는_라이징스타#HAPPYCAOYUCHENDAY​*​그리고 욱진이 생일을 기념해서 컵홀더 이벤트가 진행 중이에요!!!​기간은 3월 14일부터 3월 20일까지장소는 홍대 달꽃크레페​이벤트 기간동안 모둔 음료를 주문하시면 컵홀더와All Day Gift를 선착순 한정으로,​3월 15일날 이벤트 메뉴인 실장님 세트(크레페+홍차라떼)를 주문하시면 컵홀더와CAO YU CHEN DAY GIFT를 선착순 (40세트) 한정으로 받을 수 있습니다!​*영수증에도 생일 문구가 나오기 때문에 영수증도 꼭 챙겨주세요*​자세한 이벤트 정보는 아래의 이미지를 확인하시면 될 것 같구요그 외에도 팬분들이 개인적으로 준비하신 선착순 선물들이 있으니까욱진이를 좋아하는 많은 분들이 꼭 가서 예쁜 컵홀더와 기프트들 받아오셨으면 좋겠어요​오늘 벌써 다녀오신 분들이 계신데인증샷으로만 봤지만 컵홀더가 너무 너무 예뻐요!!꼭들 받아가세요​저도 대리로 받아주실 분을 찾아서 부탁했답니다^^컵홀더를 받게 되면 후기글 올릴게요!!​*컵홀더만 받으실 분들은 주문시 컵홀더만 받는다고 말씀하시면 음료, 세트 금액 결제 후 컵홀더와 기프트만 챙겨주신다고 합니다**음료를 받아가서 버리는 행위는 절대 하지 말아주세요* 
|
도

은

[세요
도

은

[세요
도

은

[세요
",3,1,0,191,0,0,414.4,5,,2020. 3. 15. 0:46,367,832211,문학·책,0
