,Post URL,Post,Image num,sticker num,gif num,Paragraph num,Comment num,Video num,weekly viewer mean,Sympathy num,AD,Posting Date,Buddy num,Total visit,Blog category,Comment detail
0,https://blog.naver.com/kindmiso89?Redirect=Log&logNo=221727135060,"[공기청정기 추천]신상 제스파 리프에어퓨로 공기청정기침실 인테리어로 딱인 공기청정기​​​​우리집 침실에 놓은스마트하면서 예쁜 공기청정기를 찾던중내가 애정하는 제스파 공기청정기 검색 !!​이번에 나온 신상스마트한 센서 작동 / H13 헤파필터 / 360도 공기흡입구외에도 제일 마음에 드는 건,침실 인테리어와 찰떡!이라는 점!!​아무리 기능좋아도 침실에 둘거니까 무조건 예쁜 걸로!대박대박!하루만에 배송 !!!!!!배송 완전 빠름*.*​네이버검색제스파 공기청정기제스파 리프 에어퓨로 공기청정기H13 미세먼지헤파필터원룸 공기청정기 소형 공기청정기​위 링크에서 구입(제스파)하니담날 도착함.. ㅎㄷㄷNEW 제스파 리프 에어퓨로H13 미세먼지 헤파필터 소형 공기청정기79,000원어머,.. 침실에 둘 건데가격도 넘나 딱이당*_*제스파 에어퓨로사용설명서 참고​사용하기 전, 먼저 사용설명서부터 읽어보기!​품질인증서 관리방법 사용방법1년간 무상 A/S처음에 필터는 비닐덮개로 감싸져있음!필터 비닐 제거하고 전원 ON앗, 처음에는 ㅋㅋ 걍 돌렸다가..응? 뭐지 하고..옆에 보니까 필터에 보호비닐 제거하고 사용하라고..ㅋㅋㅋㅋ오호호!너가 3단계 필터링해주는 헤파필터구나><좋아좋아~!딸깍!쉽게 열리고 닫힌다~^^와아아작은 미세먼지까지 제거해주는3단계 필터링​제스파에서 워낙 설명을 잘해놓음!프리필터 > 마이크로 집진필터 > 카본탈취필터넘나 강추하는,인테리어로도 한몫하는,중소형 공기청정기 추천​제스파 리프 에어퓨로 공기청정기​기능이 장난아님!!!!! 굉장함!!!​미세먼지 스마트 자동 센서4계절내내 청정사용3단계 필터링 시스템360도 공기순환필터교체 알림 시스템타이머 기능 2H/4H/8H보호 비닐 제거했으니,이제 전원 연결하기!!요리보고 조리봐도 넘나 예뽀*.*뭔가 쓰담쓰담해주고 싶은 ..!각도까지 신경쓴 스마트한 제스파 공기청정기S10 5g와 크기비교!!!침대 옆 테이블 위에 두기로 함^^볼수록 예쁘다 예뻐!PM2.5 초미세먼지 스마트 센서 탑재공기상태에 따라 3가지 LED 표시등 변화함​지금 공기질은 초록!빨강 노랑 초록으로 바뀜!​풍량속도 조절AUTO H L​AUTO로 맞춰놓음^^​시간설정도 2H/4H/8H​출근하면서 8H 맞춰놓음! 굿굿!풍량속도를 AUTO로 설정해두며공기 상태에 따라 스마트하게~ 자동으로 풍량속도 바뀜!제스파 리프 에어퓨로 공기청정기H13 미세먼지헤파필터원룸 공기청정기 소형 공기청정기​제스파에 나온 영상오오오 내부 영상까지 !믿고쓸수있겠다!설명을 참 잘해놓은 제스파 공기청정기칭찬해><완전 찰떡이다우드 프레임 침대 옆 우드 테이블에하양하양 브릭가습기와 공기청정기흐뭇하넹 *_*​우리집 침실에는내가 아쥬 애정하는 아이템들이 있다!​제스파 리프 에어퓨로 공기청정기 / 제스파 브릭 가습기​제스파 에어퓨로 공기청정기 ><​​실은 ㅋㅋ 사무실에도 있음아래 인증 사진ㅋㅋㅋㅋㅋㅋㅋ우리 사무실 미세먼지 없애고청정한 공기를 위해책상 왼편에 모셔둔제스파 퓨어윈드 에어퓨로 공기청정기​요즘에 제스파 제품들 다 마음에 든다!!!가격 가성비도 좋고, 상품들도 좋고!!제스파 리프 에어퓨로 공기청정기중형 소형 공기청정기 추천​대형 공기청정기보다방마다 소형 공기청정기 놓는게공기정화에 더 좋다고 들었는데!안심이 된당><​겨울엔 추워서더욱이 실내에 자주 있으니미세먼지없이 깨끗한 공기로 !​​어다어다
 

바 머「
머 따
",48,12,1,271,15,2,502.2,8,,2019. 12. 4. 20:30,1458,1403671,일상·생각,"['공기청정기 고민하고 있었는데, 좋은 후기인거같다!! 사이트가서 한번 봐야겠다 !! ㅋㅋㅋㅋ', '블로그 소통하러 왔어요 ㅎ \n자주뵈어요 ^^', '네 감사합니다~^^', '네 감사합니다~^^', '포스팅 구경왔습니다 ^^', '', ""블로그 구독하고 갑니다 \n미쏘님 힘찬 하루 되세요 ^^'\n제주도놀러오세요^^"", '안녕하세요.사무실 용으로 쓰고 계신 작은 녀석은 정말 청정 기능을 하는지, 직접 확인(측정) 하신 게 혹시 있으세요?요즘 사무실 책상에 개인용 제품 두려고 제품 고민이 많은지라.. ㅠㅠ', '측정하는 건 따로 없네요~!', '답변 감사 드립니다 ^^']"
1,https://blog.naver.com/kindmiso89?Redirect=Log&logNo=221642697881,"친환경 탈취제 나노캐치 에어디퓨져뿌리는 공기청정기♡​​​짠!숲속 공기처럼 맑고 상쾌한 향​포장 엄청 튼튼하다!!!!뽁뽁이 세번 돌돌 말아주시는 센스!!!^^환경부 친환경 코리아에코-라벨은 나노캐치 제품의 정직함!​나노캐치는 향으로냄새를 덮지 않고항균 . 탈취 근본적인원인을 해결해준다고 한다^^나노캐치 친환경인증 탈취제(새집/ 섬유/ 차량/ 애견탈취)​나노캐치 친환경 탈취제에어디퓨저집안 곳곳, 차량에 다 뿌려야징​환경부 인증 친환경제품이렇게 인증받아야 안심이 된다는*_*기관지 안 좋은 남편ㅠ친환경 나노캐치 에어디퓨저 굿굿!환경부 환경표지인증 제품나노캐치 에어디퓨저EcoFrance스프레이로 칙칙-!!우리집 곳곳에 뿌리기 전 테스트!내가 좋아하는~늘 돌돌 몸에 감싸고있는 싸롱에 테스트분사력이 좋구낭먼저, 거실 커튼부터^^찰랑거리며 뿌려주기!!음~~ 벌써 상쾌하다!!요즘 태풍도 오고ㅠ너무 눅눅했는데 상쾌해짐우리 침실에도♡세탁하고 건조기에 돌려도자다가 땀날 때 있으니..듬뿍 뿌려줌 ㅎㅎㅎ많이 뿌려도 향이 독하지않아 좋당시간이 지날수록 은은해져서 좋음챳쨧~ 흔들어서 뿌려주세요~!모셔두는 내 안락의자에도*.*남편손 출연ㅎㅎ옷방에도 뿌려줌섬유제품 다 뿌릴 수 있고냄새나는 곳 화장실, 주방, 차량에도뿌릴수있으니 다용도 에어디퓨저!친환경탈취제라 안심하고 뿌린당​음식물 냄새 눅눅한 냄새차량내부 쾌쾌한 냄새옷장 섬유 끕끕한냄새근본적으로 제거해주는똑똑하고 안전한 제품!나노캐치 친환경탈취제 에어디퓨저남편 겨울코트, 점퍼, 니트에뿌려주고 살짝 환기^^향이 좋아서 부담없다!화장실에도 전체적으로 뿌려줌가끔 하수구냄새 괴로움ㅜㅜ뿌리고나니 악취안남!!!즉시 효과 좋군전체적으로 쭉~~ 뿌려주기*.*우리집 안방에, 침대옆상쾌한 향 뿜뿜><향긋해~^^ 천연유래 성분으로 만들어진나노캐치 천연 탈취제는악취원인 분자와 중화 후 분해함으로써 악취의 원인제거 및 탈취 지속성이 뛰어나다고함!! 결론적으로 냄새를 잡을 수 있는 제품이어야 지속성과 향이 같이 갈 수 있음!​​\
세,
 
 
 
",21,8,0,160,1,5,502.2,4,,2019. 9. 8. 17:57,1458,1403671,일상·생각,[]
