,Post URL,Post,Image num,sticker num,gif num,Paragraph num,Comment num,Video num,weekly viewer mean,Sympathy num,AD,Posting Date,Buddy num,Total visit,Blog category,Comment detail
0,https://blog.naver.com/ktaru?Redirect=Log&logNo=221730312150,"친구가 새소년의 엄청난 팬이어서 홍대쪽 온김에 새소년의 소속사인 매직스트로베리사운드앞에서사진을 찍고 싶다고 해서 새소년 사진 밑에서 사진 몇방 찍고 나서이제 할 일은 모두 마쳤으니 너 하고싶은거 하라길래...피맥먹자...ㅋㅋㅋㅋㅋ 이러고 피맥 먹으러 우산으로 갔다.일전에도 한번 갔었는데 여기 도우가 일반 도우가 아니라 페스츄리라서 진짜 좋아함​​​​​​​​​​​​세트로 하면 할인되는 메뉴도 있고...! 홍대 유일한 (사장님피셜ㅋㅋ) 페스츄리 피자 맛집!!!나도 우산만 알고 있었지 새소년 소속사는 생각도 못했었는데진짜 너무 초 가까워서...ㅋ 사진 찍고 바로 먹으러 갈 수 있었다.​​​​​​​​​​​​​우산 내부. 분위기가 딱 피맥하기 좋은 분위기...! 저녁시간을 한참 넘겨서 손님이 없었는데 우리 앉고서 얼마 안있어서또 손님 몰아쳐서 들어옴... 홍대피맥 하기 딱 좋은데라 그런가젊은(?) 친구들이 우루루... ​​​​​​​​​​​​가게 내부에 화장실도 있어서 밖으로 안나가도 되서 좋았다.한쪽 벽면에는 영화를 틀어줌...!피맥 먹으며 멍때리며 먹기 좋았다 ㅋㅋ​​​​​​​​​​​​​​홍대피맥 맛집 우산은 영업시간이 오후3시부터 새벽1시까지!사장님 혼자 운영하시는 매장이라 음식준비에 조금 시간이 걸리지만그만큼 맛이 좋다...! 미리 만들어놓고 데워 주는 그런 피자가 아님​​​​​​​​​​​​​피제 실제 사이즈에 괜히 내 손 얹어보기... 손이 조금 더 앞으로 나와서 손이 좀 커보이는데 피자 사이즈가 꽤나 크다.​​​​​​​​​​​​​​사람없을 때 매장 좀 찍으려다가 우루루 몰려오는 손님에조용히 앉아서 메뉴 고르기...ㅋㅋ 친구랑 세트메뉴인 페퍼로니 피자에 갈릭치즈감자,그리고 맥주는 둘 다 마실까 하다가 친구가 집이 멀었어서맥주 마시면 기절할지도 모른대서 맥주는 한잔만...!​​​​​​​​​​​​목이 말라서 맥주 먼저 부탁드렸다.잔 너무 마음에 드는거...! 안쪽은 손님들이 많아서 바깥쪽으로 어떻게든 찍어보기..!맥주 정말 맛있었다... 지금 딱 필요한데..ㅠ ㅋㅋ​​​​​​​​​​​​​주문하고 친구의 새소년 단콘에 대한 이야기를 듣는 도중에 나온 피맥세트양 어마무시하다...! 피자도 정말 크고, 갈릭감자도 산더미여!​​​​​​​​​​​​​페퍼로니 양도 어마무시하다..!이렇게 듬뿍 올려주시다니 ㅠㅠ 너무 행복함...! 그리고 도우 잘봐야함... 도우가 페스츄리여서 진짜 베이커리 빵을 먹는 기분이라 최고..친구도 피자 뒷부분 안먹는데 이건 다 먹었다​​​​​​​​​​​​사진도 어쩜 이렇게 잘 받는지..! ㅋㅋㅋㅋ진짜 너무 맛있음...피자가 도우부터 부드럽고, 페퍼로니가 너무 강렬하게 짜지 않으며, 치즈와 딱 궁합이 챡챡챡이라... 환상... 이거 한입 썰어먹고 맥주 한모금 마시면 환상!​​​​​​​​​​​​​​​그리고 갈릭 감자튀김도 존맛...! 감자튀김 자체에 시즈닝? 이 되어 있는지감자튀김 자체로도 맛있는데 거기에 갈릭소스까지 뿌려져서 진짜 이건 맥주를 안마실 수가 없는 맛...!친구 완전 너무 괴로워했다 ㅋㅋㅋㅋㅋ 이걸 맥주 없이 마시다니..!​​​​​​​​​마지막으로 괜히 피자 한번 들어올리는거 광고처럼 해본다고...찍어 본 영상 ㅋㅋㅋ광고처럼 멋있는 영상은 마음처럼 안되는구나 싶었다 ㅋㅋ​​​​​​​​​​​​​​홍대피맥 맛집 우산은 경의선 홍대입구역에서 진짜 가깝다.7번 출구로 나와서 가는 방법이 제일 쉬움!​​​​​​​​​​​​​​에
",17,0,0,316,0,1,139.8,0,suspect,2019. 12. 8. 1:48,159,614958,,0
1,https://blog.naver.com/ktaru?Redirect=Log&logNo=221932873251,"스웨이드 운동화관리!콜로닐 운동화 스웨이드지우개평소 잘 신고 다니는 아디다스 가젤...! 다 좋은데 이게 겉이 스웨이드 재질이라 진짜 조심조심 심어도 때가 금방 타곤한다ㅠㅠ색깔로 밝은 회색이라.. 점점 앞코가 까맣게 변해가는걸 보며 새로 살 때가 됐나 하다가 스웨이드 운동화관리에 편한 운동화 스웨이드지우개가 있다길래 사용해봄!내가 사용한 운동화 스웨이드 지우개는 콜로닐 카본랩 스웨이드 지우개...! 약간 반신반의 하면서 밑져야 본전이다! 하는 느낌으로 주문해봤는데 결과부터 말하자면 효과좋음...!  새 운동화 쓸 돈 아꼈다는 이야기...! 이 브랜드 이름을 처음 들어봐서 좀 알아봤더니 1909년 독일에서 만들어진 슈케어 브랜드 콜로닐사의 스니커즈 케어 브랜드라고...! 제품력 독일 끝내주는거 잘 알지요... 대박적... 스니커즈 매니아가 한둘이 아니니 이런 제품군을 새롭게 런칭해 독일에서 미국, 유럽, 아시아등으로 쭉쭉 인기가 퍼지고 있는 브랜드라고 한다.​​​​​​​​​​​​​콜로닐 카본랩 운동화 스웨이드지우개는 손안에 쏙 들어오는 사이즈의 조그만 사이즈인데, 박스를 열어보니 진짜 이게 웬 스펀지야..? 하는 생각이 들었었다. 근데 이 스펀지의 효과가 너무나 대박적....ㅋㅋㅋ​​​​​​​​​​​​앞면과 뒷면의 재질이 다른데, 약간 고무스펀지 같은 느낌의 부분은 스웨이드 운동화의 얼룩을 지워줄 수 있고, 거친 스펀지 같은 부분은 진한 얼룩과 스웨이드 상처를 복원, 기모를 살려주는 역할을 한다고 한다. 콜로닐 카본랩 운동화 스니커즈지우개가 좋은점은 스웨이드 재질 뿐만 아니라 누벅재질에도 사용할 수 있는 전용 제품이라는 것...!​​​​​​​​​​​​​밝은데서 보니 더 꼬질한 내 아디다스 가젤.. 오래도 신었지만 조심조심 심었는데도 앞코가 새까맣다ㅠㅠ 맑은날 신고 나갔는데 갑자기 비가 내려서 꼬질한 얼룩이 생긴것도 있고...거의 앞코 부분이 심각하게 꼬질쓰...​​​​​​​​​​​​비교를 위해 한쪽만 사용해보기로 했다. 이게 되긴 하는걸까..? 하면서 쓱싹쓱싹 빗질하듯, 그리고 지우개질 하듯 닦아주는데... 오...! 점점 효과가 보이기 시작...! 진짜 짱 신기함... ​​​​​​​​​​​왼쪽이 사용전, 오른쪽이 사용 후... 어떻게 이게 가능하지 싶을 정도로 때가 벗겨진다. 워낙 험하게 신은지라 스펀지 사용하다가 안그래도 일어난 스웨이드 기모 다 뜯기는거 아닌가 했는데 별로 뜯기지도 않고요...?​​​​​​​​​​​​​​나머지 한쪽도 쓱싹쓱싹 닦은 결과...! 아주 깔끔해짐...! ㅠㅠ 대박적 진짜 버리고 새로 사려고 했는데 운동화값 굳음...! 스펀지도 사용 후 앞, 뒷면을 찍어봤는데 때가 좀 묻었을 뿐 크게 닳지도 않아서 오래 쓸 수 있을 것 같다.​​​​​​​​​​​​가족들 다 스웨이드 재질의 운동화가 있으므로... 다 같이 쓰라고 신발장 안에다가 세워 놓음...! 구경하던 엄마도 그게 되겠냐고 웃더니만 결과물 보고 진짜 놀라심...ㅋㅋ 본인것도 나중에 해달라며...ㅋㅋㅋ​​​​​​​​​​​콜로닐 카본랜 운동화 스웨이드지우개 1개 값으로 운동화 하나 살렸으니 진짜.. 돈굳었다..^^ 게다가 가격도 저렴한데다 크기도 적당해서 진짜 오래 쓸 것 같고요...! 진짜 효과 좋으니 집에 때탄 스웨이드 재질의 운동화가 있다면 완전 추천...! ​​​​​​​​​#스웨이드지우개 #콜로닐 #카본랩스웨이드지우개 #운동화얼룩제거 #스웨이드얼룩제거이 글은 서울오빠를 통해 본 업체의 이용권을 제공받아 솔직하게 작성하였습니다.
흑도
",16,0,0,344,0,1,139.8,1,text_ad,2020. 4. 27. 22:55,159,614958,,0
2,https://blog.naver.com/ktaru?Redirect=Log&logNo=221770541807,"저번에도 한번 올렸었던 이온세이 광촉매 음파 전동칫솔. 사실 거의 방안에 두거나 찬장에 놓는데, 배터리 충전량이 한칸이면 이렇게 다시 꽂아 놓는다. 한번 풀 충전하면 며칠동안은 쓰는듯...! ​​​​​​​​​​​​​​​​​​​​​평소에는 이렇게 세워 놓는데, 세워 밑이 둥그렇고 닿는면이 넓은 편이라 세워놔도 쓰러질 일이 없어 좋았다. 전에 엄마한테 다른 브랜드의 전동칫솔을 선물했었는데 그거는 이렇게 세워 놓을 수가 없어서 항상 칫솔꽂이에만 있어야 했는데, 이온세이 전동칫솔은 세워 놓을 수 있는게 마음에 든다.​​​​​​​​​​​​​​​​​​요새 자주 쓰는 숯이 들어간 치약을 새끼손까락 한마디 정도만 짜서 양치 시작...! 예전에 양치를 하면 후다닥 대충 하느라고 퉤 하고 뱉으면 치약이 그래도 나올 때도 있었는데(ㅋㅋ) 이온세이 음파 전동칫솔은 30초마다 진동이 멈춰서 구역을 나눠 얼마동안 이를 닦을지 정할 수 있어서 좋았다. 나는 입안을 4구역으로 나눴을 때 한구역당 2분씩 닦는것으로 정했다. 잇몸과 치아의 경계, 치아 양 옆, 씹는면 등을 꼼꼼히 닦으려니까 그정도 걸리는 듯....! 그리고 마지막으로는 혀도 닦기!​​​​​​​​​​​​​​​​이온세이 음파 전동칫솔만의 특허기술인 광촉매 작용도 매번 쓸 때마다 신기한다. 치아건강에 도움이 된다니까 꾸준히 써보는 걸로~!​​​​​​​​​​​​​​​​​​확실히 이온세이 음파 전동칫솔을 쓰고 난 뒤에 칫솔질이 좀 더 꼼꼼해진 것 같다. 30초 리마인더 기능이 있는 것도 그렇고, 31,000회 진동이라니까 왠지 한 치아당 더 꼼꼼히 닦고 싶은 기분...? 이전에 치아건강 강연에서도 전동칫솔의 진동을 잘 이용하는 방법은 문지르는 것 보다 한치아씩 꼼꼼히 대서 살살 돌려 닦는거라고 들어서 그렇게 하는 중..!​​​​​​​​​​​​​​​​​​​요렇게 연필잡들이 잡되 힘은 주지 않고 살살 회전하듯이 이빨 닦기...! 치아건강에는 진짜 제대로 된 칫솔질만한게 없다고 하니까 전동칫솔로 꼼꼼하게 닦아서 나이 들어서도 내 이빨로 열심히 꼬약꼬약 씹어 먹고 싶다.​​​​​​​​​​​​​​​​​​이온세이 광촉매 음파 전동칫솔을 스마트 스토어에서 판매하고, 상세페이지에 다양한 기능에 대한 설명이 있으니 참고하기!​​​​​​​​​​​​​​​​​​",10,0,0,235,0,1,139.8,0,revu,2020. 1. 13. 22:13,159,614958,,0
3,https://blog.naver.com/ktaru?Redirect=Log&logNo=221762180604,"전부터 전동칫솔을 하나 갖고 싶었는데, 정작 내건 사지 못하고 엄마 생일선물로 전동칫솔을 하나 사드렸었다. 만족하시면서 쓰는 엄마를 보면서 나도 빨리 하나 장만해야 하는데... 하고 생각하다가 이왕이면 디자인도 예쁘고, 기능도 좋은걸로 골라야지 하도 고르고 고르다 결정한 이온세이 광촉매 음파 전동칫솔! 민트 덕후는 일단 컬러에서 꽂혀버린 것...!​​​​​​​​​​​​​​​​패키지 디자인도 너무나 마음에 들고...디자인도 디자인이지만 31,000회 미세 진동과 진동세기를 3단계로 나뉘어서 선택할 수 있다는 점이 마음에 들었다. 잇몸이 약한편이고 골이 울리는 강력한 진동타입의 전동칫솔은 별로라서, 미세진동의 이온세이 광촉매 음파 전동칫솔로 선택한 것.​​​​​​​​​​​​​​​​​​​​구성품은 이렇게 되어있다. 전동칫솔 본체와 충전기, 칫솔모 크기가 다른 3개의 헤드.  ​​​​​​​​​​​​​​​​​​총 3단계의 진동으로 첫번째가 제일 약하고 버튼을 누를수록 세진다. 나는 잇몸도 약한편이고 골이 울리는걸 별로 좋아하지 않아서 1단계로 사용하고 있다. 워낙에 이온세이 광촉매 음파 전동칫솔이 강력한 진동은 아니어서 골이 크게 울리지는 않지만 3단계를 모두 사용해본 결과 1단계가 가장 마음에 들었고, 잇몸에도 부담이 없어서 좋았다.​​​​​​​​​​​​​​이렇게 버튼을 꾸욱 꾹 누르면 변하는 진동세기. 버튼식이라서 좋고, 무엇보다 좋은점은 30초 리마인더 기능으로, 입안을 네영역으로 나우었을때 30초가 경과할 때마다 진동을 멈춰서 네 구역을 동일한 시간으로 닦을 수 있다, 나는 한구역당 1분이상 닦기 때문에 진동이 2회 멈추는 것을 한구역 기준으로 잡았다.​​​​​​​​​​​​​​​헤드도 종류가 다양한데 내가 선택한 헤드는 컴팩트 소프트 타입으로 부드러운 칫솔모와 작은 헤드로 치아 안쪽까지 닦을 수 있는 헤드이다. 어린이도 사용할 수 있는 헤드.​​​​​​​​​​​​​​​​​헤드를 끼울때에는 칫솔모 방향이 버튼 방향과 일치하게 끼우면 된다 끝까지 끼워지게 꾸욱 눌러줘야함. ​​​​​​​​​​​​​​​​​올바른 양치 방법은 헤드를 45도 각도로 기울어 칫솔모가 잇몸과 치아 사이의 틈에 들어간다고 생각되도록 밀착 시켜 닦는건데, 이게 처음엔 느낌이 좀 불편할 수도 있는 양치지만 충치를 예방하는데 가장 좋은 양치 방법이라고 한다. 치아표면보다 잇몸과 치아 사이가 더 중요!​​​​​​​​​​​​​​​​​다 쓰고 난 후에는 충전시키기...! 스탠드 타입으로 충전단자까지 디자인이 예뻐서  책상위나 화장대 위에 올려 놓기에도 너무 예쁘다. 사용해보니 진동세기도 너무 마음에 들고, 헤드도 3개나 들어있고 양치 시간을 알려주는 기능까지 있어 너무 마음에 드는 이온세이 광촉매 음파 전동칫솔! 아직은 일주일 정도 써봐서 더 써보고 마음에 들면 2차후기로! ​​​​​​https://smartstore.naver.com/incusys/products/4769209309이온세이 광촉매 음파 전동칫솔은 네이버 스마트 스토어에서도 판매중인데 상세페이지에 더 자세한 설명이 있으니 꼼꼼히 확인해보고 사는것을 추천~!​​​​​​​​​​​​",21,0,0,308,0,1,139.8,1,revu,2020. 1. 6. 23:07,159,614958,,0
4,https://blog.naver.com/ktaru?Redirect=Log&logNo=221927520058,"에어프라이어 초간단레시피에어마켓 마늘빵!빵순이는 늘 빵을 달고 사는데...! 한때는 베이킹에 꽂혀서 온갖 빵을 조그마한 미니오븐에서 뚝딱 뚝딱 만들고는 했었다. 하지만 그 열정 다 사라지고...^^; 간편하게 먹는것을 더 선호하게 되서..! 그렇게 좋아하던 마늘빵도 요새는 에어프라이어에 굽기만 하면 되는 초간단한 제품으로 나온다길래 빵순이 그냥 지나치지 못하고 결국 에어마켓에서 마늘빵 주문...!근데 마늘빵만 담기가 영 아쉬워서... 마침 쓰다가 와장창 깨져버린 오일스프레이도 새로 구입! 그리고 맛있는 녀석들 한입만 고로케도 추가 주문...! 이렇게 담아서 2만원 조금 넘었다. 3만원 이상은 무료배송이라길래 더 꽉꽉 채울까 하다가 이빨 꽉 깨물고 참음...ㅋㅋㅋ​​​​​​​​​​​​요렇게 세가지 제품이  배송됐는데, 그중에서 꺼내자마자 바로 뚝딱 해먹은 것이...! 바로 에어마켓 마늘빵...! 에어프라이어로 간편하게 먹을 수 있다고 하니 오븐은 없지만 에어프라이어는 있는 가정에서도 손쉽게 먹을 수 있는 제품!​​​​​​​​​​​사실 후라이팬에 구워도 되지만 왠지 빵은.. 오븐류에 구워야 제맛일 것 같은 느낌적 느낌...! 에어프라이어도 열공기로 굽는 오븐같은 거니까...!​​​​​​​​​​​​​에어마켓 마늘빵은 앞 뒤가 다른데, 앞에는 갈릭소스가 고르게 묻어 있고, 뒷면은 소스가 없다. 먹을만치 해동해서 소분하고 그때 그때 해동해서 먹으면 딱 좋은...! 나는 지퍼백 대형으로 두봉지가 나왔었다. ​​​​​​​​​​​​알맞게 해동됐길래 먹어보려고...! 설명에 나와있는대로, 180도에 앞면 3~4분으로 맞춰놨다. 마늘빵 냄새가 은은하게 퍼지는게 이때부터 침고임!​​​​​​​​​​​​너무 예쁘게 구워진 앞면...! 이제 이걸 다시 뒤집어서 2~3분 구워주면 된다. 나는 턱디스크 때문에 너무 빠삭한건 먹기 힘들어서 더 노릇노릇하게는 굽지 않았음...! 에어프라이어 기종에 따라 약간 열이 더 세고 약하고가 있는 것 같은데 중간에 봐가면서 본인 취향에 맞게 굽는 것도 좋을듯​​​​​​​​​​​​​​뒷면도 왼쪽이 굽기전, 오른쪽이 구운 후...! 살짝 노릇노릇하게 구워진 정도가 딱 마음에 들어서 나는 여기서 스탑...! ​​​​​​​​​​​​그리고 전에 만들어 뒀었던 참나물+계란+감자 샐러드를 한스쿱 떠서 오늘 저녁은 에어프라이어 초간단레시피로 에어마켓 마늘빵과 샐러드로 때우기로 했다. 갓 구워낸 따끈한 마늘빵에 아이스아메리카노까지 완벽하게 준비...!​​​​​​​​​​​샐러드를 마늘바게트 위에 척척 얹어서 약간 야매 오픈샌드위치 같은 느낌으로다가...! 맛있는 저녁한끼 먹기...! 따뜻한 마늘빵에 차갑고 고소한 샐러드가 너무 잘 어울렸다 :) 이거 한봉지 순삭할 거 같은데 다음에 또 재주문해야지...!​​​​​​​​​​​​​에어마켓에는 에어프라이어로  간단하게 먹을 수 있는 간편식품들이 정말 많아서, 구경하는 재미도 있고 고르는 재미도 쏠쏠...! 마음같아서는 다 하나씩 주문해보고 싶지만...내통장 눈감아...^^;  간편하고 정말 맛있으니 꼭 한번 주문해보기 추천!​​​​​​​​​​​​​​​​​​​​​본 리뷰는 티블을 통해 받은 업체의 상품/서비스 외 별도의 대가 없이
건강한 리뷰문화를 만들기 위해 작성한 솔직한 리뷰입니다

606
",17,0,0,305,0,1,139.8,0,text_ad,2020. 4. 24. 23:42,159,614958,,0
5,https://blog.naver.com/ktaru?Redirect=Log&logNo=221821566983,"에어프라이어호일로 좋은 종이호일로이스 연기 나지 않는 요리지집에서 사용하는 에어프라이어가 초기에 산 모델이라 용량이 정말 작은데, 일반 종이호일 쓰다가 몇번 까맣게 타고 연기가 엄청났었어서 그 뒤로는 겁이나서 종이호일을 쓰지 않고 있었는데, 에어프라이어호일 중에 연기 나지 않는 종이호일이 있다길래 한번 써봤다.로이스 연기 나지 않는 요리지가 그 제품인데, 기름이 흐르는 요리를 할 때 특히 연기가 나지 않아서 좋고, 프라이팬이나 에어프라이어나 조리도구에 기름이 묻지 않고 종이호일만 버리면 되기 때문에 설거지도 간편해진다길래 호다닥 써봄...​​​​​​​​​​​​​​​에어프라이어, 프라이팬, 전자레인지, 그릴 등등 다양하게 사용할 수 있어 활용도가 굉장히 높았던 제품. 게다가 음식이나 야채등을 포장할 때 사용해도 된다고 한다. 특히 원적외선 효과로 육즙이 보존될 수 있는 제품이라 육류를 조리할 때 사용하기 넘 좋아보이는 것...!​​​​​​​​​​​​​​​​​게다가 종이호일과는 달리 양면이 재질이 달랐었는데, 광택이 나지 않는 면이 황토가 코팅되어 있는면이라고 한다. 황토가 코팅된 종이호일이라니 진짜 무슨 요리를 해도 맛있어질 것 같은 느낌..!​​​​​​​​​​​​​​​확실히 만져보면 앞 뒤의 느낌이 다르다. 그리고 뭔가 일반 종이호일과 다르게 그... 얇고 잘 구겨지는 느낌? 이 없고 견고한 느낌...?​​​​​​​​​​​​​​​​육류를 해먹고 싶지만 요새 코로나 때문에 장을 제대로 보질 못해서....ㅠㅋ 동네 마트에 확진자가 다녀가서 난리도 아님.... 무튼 황토 종이호일과 무엇이 잘 어울릴까 하다가 딱 떠오른게 고구마! 왠지 황토 종이호일로 감싸서 구우면 더 맛있어질 것 같은 느낌이 들어서 에어프라이어에 넣고 돌려봤다.​​​​​​​​​​​​​진짜.. 너무 촉촉하고 잘 익어서 껍질이 그냥 잡아당겨도 벗겨지는 군고구마 완성....! 사진 찍자마자 앗뜨뜨 해가면서 순삭해버렸다.ㅋㅋ​​​​​​​정말 신기했던게 전에 쓰던 종이 호일은 아무리 에어프라이어 열선에 닿게 하지 않아도 까맣게 그을음이 생겼었는데 로이스 연기 나지 않는 요리지는 그런것도 없어서 너무 마음에 들었다. 고기 사오는 날 고기도 꼭 해먹어 볼 생각...! 로이스 연기 나지 않는 요리지는 스마트스토어에서도 판매중!​​​​​​​​​​​​ 

미      불을 통해 본 업체로부터
제품 또는 서비스를제공받마 작성된 리뷰입니다
「,】

 
",12,0,0,240,1,1,139.8,0,text_ad,2020. 2. 23. 23:09,159,614958,,[]
6,https://blog.naver.com/ktaru?Redirect=Log&logNo=222144381749,"내방은 유독 환기가 안되는데다 부엌 옆이라 공기청정기가 꼭 필요한데, 가져다 놓은지 조금 오래 되다보니... 필터 교체시기가 와버렸고 어려우면 어쩌지.. 가격이 비싸면 어쩌지 하다가 필터포유 호환필터를 발견...! 잘 알아보니 필터청교체가 그렇게 어려운 것도 아니어서 이번에 뚝딱 갈아버렸다!​​​​​​​​​​필터포유의 더스트세이버와 탈취,헤파필터 세트...! 더스트세이버는 필터성능을 한번 더 증가시켜주고 필터 교체주기를 늘려주는데 가격도 저렴해서 같이 사용해주면 좋은 제품...! 탈취필터는 최고급 활성탄을 아주 넉넉하게 넣은데다 마감도 깔끔하게 되어 있고 OIT 무검출로 안심하고 사용할 수 있어 정품과 비교해도 손색이 없다고한다. 헤파필터도 가장 중요한 국산 H13등급으로 미세먼지 99.95%를 제거해주니 안심하고 쓸 수 있음...! 호환필터 중에서는 필터포유의 성능이 가장 뛰어난 것 같다. 마감도 깔끔한데다 호환이 잘되고 무엇보다 가성비가 뛰어남...!​​​​​​​​​처음으로 열어본 나의 삼성공기청정기.. 먼지가 이렇게 쌓여있을 줄 정말 몰랐다;;; 물로 가볍게 씻어 준 뒤 12시간 말리기...! 말린 후에 여기에다 더스트세이버를 붙여주기로!​​​​​​​​그리고 안쪽의 탈취필터와 헤파필터의 상태도 완전...ㅠㅠ; 새 헤파필터와 기존 헤파필터의 컬러차이보소... 진짜 극명하다;;; 이렇게 까말줄은 정말 몰랐고요....​​​​​​​​​그리고 필터포유의 필터세이버 보조필터...! 난 이모델을 구입했을때 필터세이버를 안줬기 때문에... 원래 있는건데 안준건지.. 아니면 추가구매를 해야했던건지... 알 수 없다..;  이게 있으면 필터 수명이 길어진다고 해서 필터포유의 보조필터를 사용하려고 어디다 붙일까 하다가 사이에 끼워넣어 놓음...! ​​​​​​​​​​​​​​새로운 필터를 갈아 넣으니 필터 상태가 다시 4칸으로 살아남...! 그리고 깔끔한 파란불! 삼성공기청정기는 필터를 갈아 준 뒤에 필터리셋을 3초 눌러줘야 필터 상태가 새로 리셋된다. 가성비 좋은 호환필터로 필터교체를 너무 쉽게해서 대만족...!​​​​​​​​​​​​​​​​​​​​​#상상그램 #상상그램공기청정기필터 #공기청정기필터 #공기청정기필터교체 #공기청정기필터교환, #공기청정기호환필터 #환절기공기청정기관리 #손쉬운필터교체븐 포스팅은 리열리뷰를 동해 이용권을 제공받아
소비자가 직접 이용해보고 작성한 실제 후기입니다
",18,0,0,209,0,1,139.8,0,text_ad,2020. 11. 14. 22:53,159,614958,,0
