,Post URL,Post,Image num,sticker num,gif num,Paragraph num,Comment num,Video num,weekly viewer mean,Sympathy num,AD,Posting Date,Buddy num,Total visit,Blog category,Comment detail
0,https://blog.naver.com/ktarumi819?Redirect=Log&logNo=222317608220,"​요 며칠 몸이 안좋아서 회사도 일주일정도 쉬면서 몸 재정비도 하고 푹~ 쉬었는데요! 계속 일하다가 쉬니까  잡생각도 많이들고 우울감도 들더라구요!잡생각들때! 생각정리하기 딱 좋은 아이템을 소개해드릴께요~!​​#아이러브페인팅 #보석십자수최근에 코로나로인해 집콕이 늘면서 집에서 할 수 있는 #취미생추천 으로도 많이 찾는! #보석십자수세트 에요~​​기존에도 #아이러브페인팅보석십자수 하고있던게 거의다 끝나던 참이였고~새롭게~ 집에 #인테리어소품 으로도 사용가능할것같은  #보석비즈십자수 를 준비했어요~그중에서도 #재물 을 불러다주는 동물  G18번 #행운의돼지 에요!​​히트, 러블리, 동물, 명화, 인물 등 다양한 보석십자수가 있어요~!각자 본인이 원하는 #보석십자수세트 를 선택하면 된답니다 :)​​짜자잔~아직 #보석비즈십자수 를 붙이기 전이에요~도안표를 보고 그에 맞게 #보석비즈 를 붙이기만 하면 끝!굉장히 간단하죠!​​함께 동봉된 제품 구성이에요~!색깔별 비즈, 펜, 고체풀 등 필요한 도구와 재료가 모두 들어있는 #보석십자수세트 랍니다:)​​행운의돼지 #보석십자수 는 총 26가지의 색상으로 이루어져있어요!전에는 한 5가지? 색상으로 이루어진 보석십자수를 했었는데 색이 종류가 많이없어서 그런지 심심(?)하더라구요!  근데 이번에 선택한 아이러브페인팅 보석십자수 행운의돼지는 다양한 색상이 있어서 재밌을것같아요!!​​비슷한 색상의 보석비즈도 있어서 헷갈리면 어쩌나 싶기도한데 비즈파우치앞에도 번호가 써있어서 헷갈리거나 실수할 걱정이 없답니다 :)또한 필요한 비즈보다 20% 더 넉넉하게 준비된 비즈덕분에 부족함 없이 충분히 사용할 수 있어요~​​고체풀도 넉넉하게 세개나 들어있어요!벽에 못 뚫는거 안좋아하시는 분들도 걱정없게끔!꼭꼬핀?구성도 준비되어있답니다 :)​​펜도 세개나 들어있어서 사이즈에 맞는걸로 선택해서 사용하면돼요!저는 보통 3개짜리만 사용했었는데 6개짜리 사용하니까 정말 편해요!삐뚤빼뚤하지않고 일자로 비즈를 잘 잡아주어서 보석십자수 작업할 때도 틀어짐없이 이쁘게 고정된답니다~​​고체풀을 콕! 찍어주면 펜에 고체풀이 들어가요~고체풀을 넣고 보석비즈를 고체풀이 들어있는 펜에 붙여주면 된답니다!​​#보석비즈트레이 에 내가 사용할 비즈를 조금 부어줘요!많이 부으면 정리가 안되고 쏟아져서 줍줍하느라 고생꽤나 하거든요!ㅋㅋㅋ​​트레이에 비즈를 부어 살살 흔들어주면 깔끔하게 정렬된 비즈를 확인 할 수 있어요!펜으로 비즈를 콕! 찍어주면 장전완료!​​캔버스의 투명필름을 다 떼지말고 붙일 부분만 조금씩 조금씩 떼내어주는게 좋아요~캔버스 도안에도 접착제가 붙어있어 먼지가 붙게되면 보석비즈가 잘 안붙거든요! TIP사용할만큼의 투명필름만 떼어 사용해주세요!​​도안표 번호에 맞게 보석비즈를 붙여주면 끝~6살, 7살 조카들도 보석십자수를 할만큼 아이들 또는 초보자가 해도 쉽게 완성 할 수 있어요!저같은 똥손도! 아이러브페인팅 보석십자수 완성할 수 있답니다!!!​​뭔가 다르게 보이시나요~?투명필름을 붙여놔서 확! 티는 안나지만 대략 3분의 1정도는 완성한것 같네요!남편은 힘들게 왜하냐고하지만 저는 생각정리하는데도 좋고, 취미도 즐기며 조금씩 완성돼가는 모습을 보면서 성취감도 느껴서 좋더라구요~!​​#캔버스액자 로 되어있어서 완성하고 바로!#인테리어소품 으로 사용할 수 있어서 참 좋더라구요!​ 집에서 쉬면서 소소한 #취미생활 갖고싶은 분들에게 추천하는아이러브페인딩 보석십자수!여러분도 해보세요 ~^^​",23,0,2,320,0,1,3173.6,3,revu,2021. 4. 21. 10:24,536,1515824,상품리뷰,0
1,https://blog.naver.com/ktarumi819?Redirect=Log&logNo=221477032021,"안녕하세요 여러분~~~🙌천용마미에요👼오늘 리뷰할 제품은#이태리캡슐세제 #유럽직수입 #비비베르데 #에코세제 입니다얼마전에 우리 천용이 물건들을 다 빨아버려서...이불빨래를 해봤어요!겉에만 봤을땐 섬유유연제같은 느낌이 나요.분명 밀봉되있어서 향은 안날텐데 향도 좀느껴지는거같구...기분탓인갘ㅋㅋㅋㅋㅋㅋㅋ뒷면에는 블라블라블라~~~~~이탈리아어로 써있고 한글로도 친절하게 설명스티커가 붙어있네용👍뜯을때는 가위찾아 삼만리 안하게끔 손으로 쉽게뜯을수있게 해놓은 저 세심한배렼ㅋㅋㅋ뜯으면 지퍼로도 밀봉이 되어있어요!열었더니 몽글몽글 젤리같이 생긴게 들어있어요!향은 막 진하지도 그렇다고 밍밍하게 약하지도 않고딱! 적당한거같아요!(알로에향)한 팩에 20개의 캡슐이 들어있어서 세탁량 4~5kg에 캡슐 하나 사용이라 적어도 15번 이상은 사용가능하다는 점~말캉몰캉한 느낌이에요!터질까봐 조심조심😅세제투입구 말고 세탁기 속에 세제를 쏘-옥세탁물을 넣기전에 세제를 먼저 넣어줘야해요!세제를 먼저 세탁도 바닥 위에 놓은 후 빨랫감을 넣어야 물이 채워지면서 수용성필름이 빠르게 용해되어 세탁력을 극대화 해준다고해요!이제 빨래를 해볼까요!???빨래 돌리다가 빨래추가할게 생겨서 잠깐 멈췄는데세제가 요렇게 올라와있더라구요ㅋㅋㅋㅋㅋ물에 녹고있는지캡슐이 쭈글쭈글 흐물흐물ㅋㅋㅋㅋㅋㅋㅋㅋ.결혼하고나서 집안일을 처음해봐요....그래서 저는 세탁기 돌릴때 세제양을 어떻게해야하나...그냥 좀 들이붓는 식이거든욬ㅋㅋㅋㅋㅋㅋㅋ근데 캡슐세제는 세탁량에 맞춰서캡슐 1~2개만 넣으면 되니까 너무 편했어요....섬유유연제를 따로 사용하지않아도빨래에서 은은하게 향도 나고아주 굳입니다요 굳굳굳온가족이 믿고 사용할 수 있는 비비베르데추천합니당👍​👇클맄click👇 
 
 
 
",12,2,0,134,0,1,3173.6,1,suspect,2019. 2. 28. 15:37,536,1515824,상품리뷰,0
2,https://blog.naver.com/ktarumi819?Redirect=Log&logNo=222147681678,"​​슈퍼맨이 돌아왔다 벤틀리 기저귀로 유명한  미스터펭 매직슬림이 새롭게 업그레이드가 되었다고해요! 그래서 제가 한번 사용해봤습니다!아 제가 아니고.. 우리딸이... 사용해봤답니다 :0​​저 진짜 기저귀 유목민이였나봐요..슈퍼대디 미스터펭 기저귀 처음 써봅니다...ㅋ이제 슬슬 기저귀 떼려고하는지 울애기는 18개월쯤부터 변기가서 소변, 대변을 보는데요.아직 완벽한게아니라.. 아마 미스터펭 기저귀가 마지막 기저귀가 되지않을까 싶네요.엄마 바람이기도 하구요ㅎㅎㅎ​​업그레이드 된 매직슬림 기저귀는 기존 제품보다 17% 얇아진 슬림코어 패드로아이가 활동량이 많거나 자는동안 뒤척임에도 가볍고 편안한 착용감을 선사해준다고해요.또한 초 슬림패드로 땀을 많이 흘리는 아이들도 땀띠나 발진걱정이 없다고하네요~​​얇기의 한계를 뛰어넘은 '매직슬림'의가볍고 편안한 착용감을 경험할 수 있다고 하는데 우리아이에게 얼마나 편한 착용감을 선사해줄지 제가 다 기대가 되네요~ ^^​​옆면에는 미스터펭 시놉시스가 적혀있는데 귀엽게 읽을만한 얘기더라구요~하트박스몰 회원에게만 적용되는 하트포인트 혜택도 놓칠 수 없겠죠~?알뜰한 엄마에겐 필수인 하트포인트 :)​이번에는 밴드가 아닌 팬티기저귀로 팬티기저귀 사용방법과 베이비마사지도 알아두면 좋을것같아요~​​미스터펭 매직슬림 기저귀는 여행시에도 간편하게 들고다닐 수 있게 손잡이 부분이 있어요!우리아이는 어깨에 걸치며 아가 가방~ 이라면서 엄청 좋아하더라구요ㅎㅎ색상도 아이가 좋아하는 노란색이라서 그런지 더욱 마음에 들어했어요 :)​​부드러운 고탄력 허리밴딩으로 평균 아기 허리사이즈보다 2배이상 늘어나기때문에 어떤포즈에도 아이의 활발한 활동을 가능하게해주고 부드러운 재질로 가공되어있어 꽉끼는 자국 없이 편안한 착용감을 느끼게 해준답니다 :)​​진짜 활동량 어마무시한 비글공주인데미스터펭 기저귀는 엉덩이부분을 싸악~ 감싸주어서사용하면서 한번도 샌 적이 없는 기저귀에요.​​기저귀의 앞뒷면으로 귀여운 펭귄녀석이 그려져 있어요!여자아이라서 재질에있어 더욱 민감한 편인데 재질도 뻣뻣하지 않고 부드러워서 아이가 착용하는데도 부담이 없겠더라구요~​​미스터팽 매직슬림 기저귀와 타사의 기저귀에요.흡수력과 두께차이를 봐도 개인적으로 미스터펭이 더 좋은것같더라구요~아이마다 맞는 기저귀가 있듯 우리비글공주에겐 미스터펭 승!​​똑같이 300ml의 물을 붓고 흡수된 단면의 모습이에요.매직슬림기저귀는 앱솔루션 뭉침 ZERO패드로 수분이 한쪽에 치우치지 않아 뭉침현상 없이 빠르고 고르게 흡수되어있는 모습을 볼 수 있어요.또한 똑같은 양의 물을 부어도 두께차이.... 보이시죠​흡수된 모습의 기저귀만 보아도 굉장히 얇은 걸 알 수 있어요.겨울날 옷도 두꺼워지는데 기저귀마저 두꺼워질 순 없잖아요~?빵빵한 기저귀보단 한듯안한듯~ 슬림 기저귀가 핏의 완성이죠ㅎㅎ​​미스터펭 매직슬림기저귀는 소변알림선이 있어서 한눈에 교체시기를 알 수 있어요.초보 엄마들도 쉽게 기저귀 교체시기를 확인할 수 있답니다 :)​​기저귀를 교체해 줄땐 그냥 벗겨도 되고허리옆면을 튿어도 돼요.양옆 허리밴드를 아래서 위로 찢어도되고위에서 아래로 찢어도되고 ㅎㅎ​​기저귀 뒷면엔 후처리 테이프가 있어서 깔끔하게 정리가 된답니다:)엄마들마다 처리하는 방법이 다르지만저는 양옆면을 안쪽으로 접고, 밑에서 말아준뒤 후처리테이프로 꼼꼼하게 처리해준답니다~​​기존제품보다 17% 얇아졌지만흡수력은 밤기저귀 부럽지않은!초슬림패드 미스터펭 기저귀 우리아이 기저귀로 정말 만족한답니다 :)​​​이 포스팅은 업체로부터 무상으로 제품만을 제공받아 작성된 솔직한 후기입니다.",20,0,2,325,2,0,3173.6,6,text_ad,2020. 11. 18. 15:19,536,1515824,상품리뷰,['저도 요거써보고싶었는데 진짜 흡수력좋아보이네요']
3,https://blog.naver.com/ktarumi819?Redirect=Log&logNo=222092786788,"​​​안녕하세요. 알밍이에요.사용하고 있던 밤기저귀를 다 써서 이번엔 어디껄 사용해볼까나~?하다가 슈퍼대디 매직드라이가 흡수력이 좋다길래 사용해보려고해요!​​​​​기저귀 박스부터 귀염뽀짝한 슈퍼대디 미피 매직드라이에요!​​​​​한 박스에 총 6팩의 기저귀가 들어있어요!완전 차곡차곡 담겨있는 기저귀를 보니까 기분이 안정되는건 왜때문일까요?ㅎㅎㅎ쪼니용품은 쟁여놔야 제맛,,​​​​​미피기저귀에 둘러쌓여있는 깜찍뽀짝한 쪼니에요!자기 물건인건 어찌나 잘알아보는지~​​​​​​먼저 매직드라이 사이즈 가이드에요.S사이즈 4~7kgM사이즈 6~11kgL사이즈 9~12kgXL사이즈 12~kg슈퍼대디 매직드라이는 남녀공용이며, 표준체중에 기초한 사이즈가이드로 각자 아기 체형에 맞게, 발달단계에 맞게 사이즈를 선택하면돼요.​​​​​17개월 쪼니는 11kg으로 대형을 준비했어요!또한 밤기저귀로는 팬티보단 밴드가 안새고 좋아서 밴드를 사용중이에요.​​​​​샘플로 한두장이라도 여기저기 브랜드의 기저귀는 사용해봤지만, 슈퍼대디는 아예 처음이라 궁금하기도하면서 기대도 되더라구요.​​​​​슈퍼대디 미피기저귀는 베이비마사지 하는 방법도 기저귀팩에 나와있어요.대충 로션발라주는데 이거 보면서 기저귀갈아줄때마다, 로션바를때마다  베이비 마사지도 해줘야겠다는 생각이들었어요!​​​​​매직드라이 기저귀팩 옆면에는 손쉽게 뜯을 수 있게 점선표시가 되어있어요.대형은 한팩에 28매가 들어있어요.타사 브랜드에 비해 양이 넉넉하더라구요.가성비 굳!!!​​​​​​슈퍼대디 매직드라이 기저귀는 가운데에 소변알림선이 있어요.소변을 보지않았을때는 노란색의 소변선을 확인 할 수 있고, 소변을 보면 파란색으로 변한다고해요.아이가 소변을 했는지 안했는지 기저귀를 열어보지 않아도 알림선 덕분에 한눈에 확인할 수 있어요.​​​​​ 기저귀 앞뒤면으로 미피 캐릭터가 그러져있어요.네덜란드에서 국민 미피 캐릭터와 정식 라이센스 협약을 통한 정품 미피 캐릭터가 사이즈 별 다양한 디자인으로 반영되어 아이들에게 정서적 안정감과 친근감을 동시에 느낄 수 있도록 해준다고해요.학창시절 미피 볼펜만 썼었는데 이렇게 아기 기저귀에서 다시만나니까 감회가 새롭더라구요?ㅎㅎ​​​​​현재 사용중인 타사브랜드의 기저귀와 매직드라이 기저귀의 얇기비교에요.사진만 대충봐도 오른쪽에 훨씬 얇다는걸 알 수 있어요.핸드폰 보다도 얇은 두께의 초슬림패드를 자랑해요.시트가 얇기때문에 여름에 사용해도 괜찮을 것 같더라구요.​​​​​뒷면과 옆면에는 와이드 스프링 밴딩으로 설계되어 있어 움직임이 많은 아이가 착용해도 꽉끼거나 불편함없이 자유자재로 움직일 수 있어요.​​​​​밴드부분은 라운드 처리가 되어있어서 긁힘또한 걱정없어요.​​​​​전등에 비춰보면 겉에보이는 소변알림선이 시트에서도 보여요. 그만큼 초슬림!!! 엄청 얇다는걸 알 수 있어요.슈퍼대디 매직드라이 기저귀 패드는 슈퍼대디만의 기술력을 집약시킨 패드로 한장으로 보이지만 각각의 패드가 층별로 나뉘어져 있어 한방울의 수분도 놓치지 않으며, 흡수력에 있어서는 완벽 흡수를 한다고해요! ​​​​​또한 안심 매직 포캣, 이중샘방지가 되어있어요.아이의 움직임에 따라 밀착되고 떨어지는 원리로 제작되어있기 때문에 착용 시 편안함과 다리사이에서 소변이 새어나오지 않도록 2차 흡수를 도와줘요.​​​​​미피기저귀가 너무 얇아서 흡수가 제대로 되겠어~? 라는 생각...하실텐데그 생각...저도 했어요ㅋㅋㅋㅋㅋㅋㅋ그래서 흡수력 테스트를 해봤는데........확인해보세요.....ㄷㄷ​​​​​물 350ml정도 부었는데......흡수력.....ㅎㄷㄷ 하죠​얇아서 흡수가 되겠어? 라는 생각을 한 사람 고개 숙입니다....ㅋㅋㅋㅋㅋㅋㅋㅋㅋㅋㅋㅋㅋㅋㅋㅋ​​​​​한방울도 남기지 않는 매직드라이 흡수력으로 12시간 동안 유지되고, 강력한 파워흡수력과 되묻음이 전혀 없는 순간흡수력으로 흡수력, 흡수속도, 역류방지까지 어느것 하나 아쉬운게 없더라구요.​​​​​흡수된 매직드라이 미피기저귀에요.새 기저귀와 비교해 봤을때 두께 차이 실화냐구요.....그리고 반으로 자른 기저귀보다도 얇은거.... 실화냐구요....​​​​​슈퍼대디 매직드라이 기저귀는 여유있고 편안한 포켓핏이 엉덩이를 완벽하게 감싸주어 아이가 어떤 움직임에도 끼지않고 편안한 상태를 유지시켜주더라구요.활동량이 많은 아이인데도 불구하고 틀어짐없이 처음 착용상태 그대로를 유지했어요.​​​​​슈퍼대디의 모든 기저귀는 식약처 안전성 검사항목에서모두 적합판정을 받은 제품으로 소비자들에게 안전한 브랜드로 인식이 되고있어요.2015년도 이후 안전브랜드 대상에서 6년 연속 육아용품 부문 대상6년 연속 고객이 신뢰하는 브랜드 대상3년 연속 고객만족우수브랜드 대상2020 대한민국 고객만족지수 육아용품부분 1위를 수상했다고해요.이렇게 좋은 브랜드를 이제야 알았다는게 아쉽기도하고,  이제라도 알았다는거에 참 다행이였어요!​​​​​국제 품질경영시스템 인증서 인증친환경 로하스 인증​까다롭기로 소문난 독일 피부과학연구소 더마테스트 피부자극 테스트에서도 적합판정을 받은 믿을 수 있는 아기 기저귀로 추천합니다요!​​​​​이 포스팅은 업체로부터 무상으로 제품만을 제공받아 작성된 솔직한 후기입니다. 
 
",30,7,1,432,9,1,3173.6,3,text_ad,2020. 9. 18. 10:51,536,1515824,상품리뷰,"['오 흡수력이 좋다니 괜찮네요 ㅎㅎ 아이들이 사용하기 딱일 거 같아요!', '흡수력테스트해보고 진짜 놀랬어요😧👍👍👍']"
4,https://blog.naver.com/ktarumi819?Redirect=Log&logNo=221973525422,"​​​​​요즘같이 더운날 기저귀를 채우면 엉덩이에 금방 발진이 생긴다... 그래서 준비한 여름에 착용하기 딱좋은 아기기저귀를 준비했다.​​​​​뒤집기 시작한후로 기저귀는 팬티형이 편하다.(겨울에는 밴드가 낫다) 여지껏 슈베스 기저귀는 밴드만 쓰다가 이번엔 팬티형을 사용해봤다.​​​​​앞에는 귀여운 캐릭터가 있고, 뒷면엔 테이프가 있다. 살살살 만져봤는데 정말 부드럽다...​​​​​겉에도 부드럽지만, 안에는 진짜 더 부드럽다..... 기저귀는 아기 소중한 피부에 닿는거라 걱정이였는데 슈베스 쓰면서부터 그런걱정 1도없다 진짜.기저귀 안감으로 사용되는 원단 중 최.고.로 부드러운 감촉을 느낄 수 있는 프리미엄 원단 이라고 한다.​​​​​흡수시트랑 허리밴드가 일체형으로 부드럽고 하단의 트리플 풀업 스티지(Triple pull-up stitch)로 용변 후 기저귀의 처짐을 방지해준다고한다. 그리고 짱짱한 허리밴드지만 꽉 조이지 않아서 아기배에 자국없이 착용이 가능하다.​​​​​흡수력테스트 영상으로 확인​​​​​150ml의 물을 부어보았다. 2.3mm의 완전 초슬림 흡수패드지만 흡수력은 진짜..별 다섯개!!!눈깜짝할새에 흡수되어서 손에 묻어나지도 않는다.​​​​​사람마다 다르겠지만 나는 기저귀를 푸를때 옆에 옆라인을 뜯어준다.​​​​​팬티형기저귀를 뜯은다음 돌돌말아 뒷부분에 테이프를 붙여준다. 이것도 사람마다 버리는 방법이 다르겠지만 난 이렇게한다! 옆에도 다 막아주기때문에 풀리지도 않을뿐더러 냄새도 덜나는거같다.​​​​​배꼽까지 깊숙히 입힌 슈퍼슬림 팬티형 기저귀엉덩이도 포근하게 감싸주어 아직까지 샌적없고 앞으로도 샐 걱정이 없을 것 같다.​​​​​5월부터 푹푹찌는 더위로 아이들 엉덩이부터 챙겨주자!슈베스 슈퍼슬림, 내가 써본 팬티형 기저귀중 진짜 최고다...​​​​​기저귀발진으로 고생중이라면 얇으면서 통기성을 좋은 슈베스 슈퍼슬림 추천한다!",24,0,2,168,1,1,3173.6,8,suspect,2020. 5. 21. 21:30,536,1515824,상품리뷰,['슈베스 울애기도 편하게 잘입더라고요 ㅎㅎ']
5,https://blog.naver.com/ktarumi819?Redirect=Log&logNo=221913967912,"​​​​​나는 낮기저귀 밤기저귀 따로사용하고 있는데 밤기저귀로 노블레스 좋다고들 해서 준비해봤어!​​​​​기존 밤기저귀는 타사 브랜드껄 사용했었는데  아침에 기저귀갈아줄때보면 가끔 알갱이가 묻어나오더라구. 인체에 무해하다고는해도 괜히 찝찝해서 노블레스로 갈아탔지 ㅋㅋㅋㅋ​​​​​팬티기저귀 한번쓰고나서 밤기저귀도 팬티로 썼는데 계속 새길래 밴드로 준비했어. 채우는게 귀찮긴해도 그래도 밤기저귀는 밴드가 짱...9.7kg 울애기는 L사이즈 밴드기저귀를 준비했어. L사이즈는 10~14kg 아기들이 사용하는데 울애기도 곧 10키로 임박이라 L사이즈!​​​​​사이드쪽에 절취선이 있어. 뜯으면 슈베스기저귀가 까꿍-다 뜯어서 사용하는것보다 조금만 뜯어서 하나하나 꺼내쓰는게 개인적으로 더 괜찮은거 같더라.​​​​​흡수력 핵좋은 밤기저귀치곤 얇지?갤 s8이랑 비교했을때 별차이 안나는거같아.얇다고 흡수력 무시하지마라마라~~​​​​​피부마찰을 최소화한 엠보시트로 피부가 약한 아기들을 위해 기저귀 표면에 닿는 면적을 최소화해 공기 통로를 만들어 짖무름을 방지해준다고해.​​​​​흡수력테스트 영상한번 보라규~~​​​​​물 300ml를 사정없이 부어줄꺼야!이정도는되야 밤기저귀 흡수력 테스트 아니겠어?​​​​​너무 많이 부었나 싶더라..그래도 10초도 안되서 금방 흡수되길래 깜짝놀랐어...​​​​​20초정도?되니까 300ml양이 다 흡수됐어.손에묻어나지 않는건 기본, 심지어 뽀송뽀송해....뭔데 이리 뽀송한가 했더니, 흡수시트와 펄프를 고온 압축한 흡수패드를 적용해서 그렇다고...​​​​​새 기저귀와 물을 가득부은 기저귀야.3배정도 두께차이를 볼수 있어! 그만큼 얇기도 얇지만, 흡수력이 대박이라는...​​​​​울애기 밤기저귀로 채워주기!​​​​​슈베스 노블레스 기저귀는 스트레치 밴드가 아니고 와이드 허리밴드를 적용했어.와이드 허리밴드가 흘러내림을 방지하고, 아기 허리를 넓게 감싸줘서 편안함을 느끼게 해준대. 밤기저귀로 사용할거니까 편안하다고하니 더 좋은거 있지!​​​​​기저귀채우고 앞뒤에 사이드게더 제대로 잡아주기!슈베스 기저귀는 샘방지 2중 사이드게더로 되어있어서 용변이 허벅지와 기저귀 사이로 새는것을 막아준대. 제대로 막기위해선 사이드게더 잘 잡아줘야해ㅎㅎㅎ​​​​​기존에 사용하던거 다 쓰고 노블레스 쓰는데 진짜 좋아...한번써봐. 아니 두번 세번 써......​​​​​진짜 흡수력 갑!밤새 보송보송한 꿍디만들어주고싶다면!슈베스 노블레스 추천해😃​​​​",24,0,0,203,4,1,3173.6,8,suspect,2020. 4. 17. 22:40,536,1515824,상품리뷰,"['슈베스는  포장지부터 땡땡이 완전 취향저격하는 기저귀같아요~', '맞아요! 땡땡이만보면 슈베스 생각난다는😊', '땡땡이 짱귀ㅋㅋㅋ어깨에 멘거봐여명품가방 빰치는데요', '가방처럼 멘 모습 너무 귀엽네요 ㅎㅎㅎ']"
6,https://blog.naver.com/ktarumi819?Redirect=Log&logNo=221847179640,"​​​​​안녕하세요. 알밍이에요👋오늘 포스팅 제품은 슈베스 기저귀에요!​​​​​​​​​​슈베스 기저귀는 생후 100일전에 샘플로 사용해본 기억이 있어요. 사용해본 기저귀중에 마음에 드는 편에 속했었고, 땡땡이 기저귀가 강렬했던 탓인지 잊혀지지않더라구요ㅋㅋㅋㅋㅋㅋ​​​​​지원이가 사용할 기저귀는 슈베스 슬리머 L사이즈에요. L사이즈는 10kg~14kg의 아이들이 사용할수 있어요. 지금 지원이는 9.5kg정도인데 M은 쬐꼼(?) 작을것같아서 L사이즈로 선택했어요. L사이즈는 땡땡이가 하늘색이고, 한팩에 24개의 기저귀가 들어있어요. 땡땡이가 뭔가 깜찍뽀짝(?) 하네요☺️​​​​​​뒤집기하면서부터 밴드는 👋빠이했었는데, 요즘엔 기저귀갈때 얌전히 있길래 다시 밴드기저귀를 준비했어요. 밴드부분은  모서리를  곡선으로 처리하여 피부 긁힘이나 자극 없이 피부를 보호해줄수있어요.​​​​​허리부분에는 와이드밴드로 활동량이 많아도 신축성이 좋기때문에 흘러내리지않고, 아기의 허리를 넓게 감싸주어 편안함을 느끼게해줘요. 기저귀의 안감은 기저귀 원단 중 최고로 부드러운 감촉을 느낄수 있는 프리미엄 원단이라고해요. 게다가 흡수층은 흡수속도, 통기성을 극대화한 홀타입 시트를 적용하여 짖무름을 방지하고 보송한 엉덩이를 유지시켜 준다고해요. 미세홀 시트도 땡땡이ㅋㅋㅋㅋㅋㅋㅋㅋ​​​​​저는 아기기저귀를 고를때 다른것보다 흡수력을 많이 보는편이에요. 슈베스 슬리머 기저귀의 흡수력을 알아보기위해 물(350ml)을 부어보았어요.​​​​​슬리머 기저귀가 얇은데다가 물을 너무 많이부어서 아 망했다.... 싶었는데 금새 물을 흡수하더라구요. 손으로 꾹꾹 눌러 만져보았을때도 묻어남 하나없고, 뭉침도 느껴지지않았어요.​​​​​지금 사용중인 타사 기저귀는 기저귀를 갈아주기전에 만져보면 뭉침현상이 느껴졌는데 슈베스 슬리머는 어떤지 궁금해서 반으로 잘라봤어요. 흡수체와 특수소재를 고온 압축한 최첨단 패드를 적용해서 그런지 뭉침도 보이지않았어요.​​​​​​​​​​기저귀를 채워봤어요. 오랜만에 사용하는 밴드기저귀라 설렘ㅋㅋㅋㅋㅋㅋㅋ ​​​​​기저귀를 채운후 숨막히는 뒷태를 확인해봤어요.슈베스 슬리머는 엉덩이 전체를 감싸줘서 아무리 활동이 많은 아이라하더라도 샐 걱정이 없을것같았어요.​​​​​감촉도 부드럽고흡수도 잘되고뭉침현상없고얇고이것말고도 좋은게 참 많은데 뭐라 표현할 방법이 없네🤣🤣🤣암튼 울애기 기저귀로 진짜 짱짱짱❗❗❗​​​​#신생아기저귀추천 #슈베스기저귀 #기저귀발진 #슬림기저귀 #슈베스슈퍼슬림 #밴드기저귀 #여름기저귀 #여름기저귀추천 #육아용품 #출산용품​​​​​​",22,0,3,214,6,1,3173.6,8,text_ad,2020. 3. 10. 20:01,536,1515824,상품리뷰,"['아직 써보진 못했지만 흡수력이 잘 된다고하니 편하겠어요ㅎ 밤기저귀 따로 없어두 되고ㅎ', '흡수력 진짜..깜짞놀랐어요 ㅋㅋㅋㅋㅋㅋ', '슈베스 기저귀 괜찮더라고요~~', '신생아때 샘플이후 처음인데 만족중이에요 ㅎㅎㅎ', '저 밴드 기저귀 아직도 애용하는데 얇다니 혹합니다!', '얇은데다가 흡수력이 진짜...👏👏👏']"
7,https://blog.naver.com/ktarumi819?Redirect=Log&logNo=221809366362,"​​'신기술 테크놀로지'로 새로워진 밤보서커스 덴마크 친환경 기저귀를 사용해봤어요.​​​​​지원이가 사용해볼 밤보서커스 기저귀는 한팩에 50개가 들어있는 대용량 팩이에요.M사이즈로 7~18kg까지의 아이들이 사용가능해요.​​​​​기저귀의 앞뒤로는 밤보서커스답게 서커스하는 물개프린트가있어요. 밤보서커스를 처음사용해보는데 프린터가 너무 귀엽더라구요!🧡엄마 취저🧡가운데 노란색 선은 소변알림줄이에요.꿀성분 추출&중금속이 배제된 안전한 소변표시줄을 채용했어요.​​​​​밤보서커스 기저귀의 두께비교에요.갤럭시s9과 비교했을때 두께의 차이를 느끼지 못했어요.진짜 얇아서 깜놀...😯​​​​​격자무늬의 기저귀 탑시트레이어로 통풍성과 흡수성이 우수해 샘방지 기능과 보송보송하고 편안한 감촉을 자랑해요!​​​​​옆라인은 내부 샘방지 이중구조로 기저귀의 완벽한 모양의 사이드가드로 누설의 위험을 최소화했어요.​​​​​또한, 밤보서커스 기저귀는 고탄력 매직 테이핑 기술로 아이몸에 딱 맞게 기저귀를 채울 수 있고 여러번 붙였다 뗐다 해도 튼튼해요.​​​​​지원이가 밤기저귀로 사용하는 기저귀는 날개부분에 스크레치밴드가 있는걸로 사용했는데 밤보서커스 기저귀 또한 날개부분에 스트레치밴드가 있어서 마음에 들더라구요.​​​​​밤보서커스 기저귀의 흡수라인은 3중 흡수통로 파워흡수로 흡수율 25%이상, 통기성 능력 최대 18% 향상되었다고 해요.​​​​​기저귀에 물을 400ml정도 붓고나서 조금있다가 손으로 눌러봤는데 손에 묻어남없이 뽀송뽀송하더라구요. 뭔데 이리 흡수가 좋은가...?4겹의 얇지만 강력한 흡수시스템이 대량의 분수도 꽉 잡아 다시 새어나오지않게 막아주며, 기저귀 쏠림(뭉침)현상이 없다고해요. ​​​​​불을 붓고나니 소변알림줄의 색이 변했어요. 간혹 소변표시줄 색상이 다르게 나오는 경우도 있다고하는데 아이 소변에따라 반응하는 색상이 다를수 있다고하니 걱정하지마세요^^​​​​​밤보서커스 기저귀 4단계 M사이즈의 기저귀를 착용해봤어요. 스트레치밴드가 있어 아이몸에 딱맞게 조절이 가능해요.​​​​​지원이는 걸음마를 일찍 시작해서 이리저리 돌아다니느라 활동량이 굉장히 많아요. 활동량이 많기때문에 혹시나 새면 어떡하지? 이리저리 돌아다니다가 기저귀에 피부가 짓눌리면 어떡하지? 라는 걱정을 한적이 있는데 밤보서커스는 2중샘 방지가 되어있고, 아이 움직임에 따라 플랫형 디자인으로 설계가 되어 아기 등과 허리에 꼭 맞아 짓눌리는 자국을 최소화하여 피부를 보호해준다고해요!​​​​​밤보 서커스​• 더마테스트 인증• 신기술 테크놀로지 3중흡수로 파워흡수 기능 추가• 울트라 슬림 입체 통기 시스템• 흡수율 4중 설계​​​​​안심하고 쓸수있는 똑똑한 밤보기저귀우리아이도, 엄마도 만족스러운 기저귀에요!친환경 아기 기저귀, 밤보서커스 기저귀 추천해요😘​​​​​#밤보 #신생아기저귀 #기저귀샘플 #밤보서커스 #밤보네이처​ 
 
 

,방보서커스 *
| 최고에이

그

시
쑤시
섰
 
 
",22,4,4,245,4,1,3173.6,7,text_ad,2020. 2. 14. 22:25,536,1515824,상품리뷰,"['어느새 아가들이다 커서 사이즈가 다들 ㅋㅋㅋㅋ♥', '그니까요 .. 키는안크고 몸무게만 느는거같아요 ㅋㅋㅋㅋㅋ', 'ㅎㅎ 아기가 정말 쑥쑥 커서 사이즈가 커졌네요 완전 공감♡', '키가 커야되는데 말이죠 ㅋㅋㅋ🤣🤣🤣']"
8,https://blog.naver.com/ktarumi819?Redirect=Log&logNo=221766459728,"안녕하세요. 알밍이에요👋👋저는 따로 기저귀가방을 준비하지않고 그냥 에코백? 같은 가방에 그냥 막 쑤셔넣고 다녔어요ㅋㅋㅋㅋㅋ사야지 사야지 하다가도 귀찮아서 그냥... 드디어 이번기회에 기저귀가방을 준비했어요!​​​총 네가지 색상이 있어요.블랙, 그레이, 민트, 핑크​뭘로할까 하다가 신랑이 메기에도 튀지않고, 무난한 색상의 검정색을 선택했어요.​​​앞에는 한개의 포켓이 있어요.쉽게 꺼낼수 있게 지갑이나 핸드폰을 넣으면 될것같더라구요.​​​가방을 열어보았어요!수납공간이 굉장히 많아요.옷, 기저귀, 장난감, 물병 등 넣을수 있는 포켓이 여유있게 있더라구요.  기존에 수납공간이 따로 없던 그냥 가방에 쑤셔넣고 다닌거에 비하면 엘츠 시그니처 기저귀백팩은 진짜ㅋㅋㅋㅋㅋ 저한테 너무 좋은 기저귀가방이에요ㅋㅋㅋ​​​물병이나 젖병을 넣는 공간은 보냉포켓으로 되어있더라구요. ​​​이렇게 수납공간 어떤 용품을 넣어야하는지 따로 표시가 되어있는것도 저한테는 너무 좋았어요. 꼭 표시가 있는대로 정리하지않아도돼요! 상황에 맞게 포켓을 사용하면 돼요.​​​가방의 옆면에는 따로 또 수납할 수 있는 포켓이 있어요. 물병을 넣어 사용하는 주머니와 티슈를 넣어 사용하는 주머니로 되어있어요. ​​​가방 뒷면에도 포켓이 있더라구요ㅋㅋㅋㅋ 포켓진짜많음ㅋㅋㅋ 뒷면에는 패드가 들어있어요. 외출해서 기저귀를 갈아야할때나 아기가 앉을 공간이 필요할때 위생적으로 사용할 수 있을것 같더라구요!​​​빵빵하게 채워진 엘츠 시그니처 기저귀 백팩ㅋㅋㅋ이것저것 많이 들어가더라구요ㅋㅋㅋ들어가는데까지 다 넣어볼까 하다가 외출할때 필요한 물건들만 넣어봤어요.​​​저렇게 많은 아이템들이 들어가더라구요. 사진에보이는 아이템들이 들어가고도 공간은 남았지만 외출할때 필요한 용품들만 넣었어요.​​​이번주는 친정에 놀러갈일이있어서 엘츠 기저귀가방에 한가득 짐을 넣고 나왔어요! 패딩이 너무 뚱뚱해서 가방을 한쪽으로만 맸어요ㅋㅋㅋ 빼꼼보는 지원이 킬링포인틐ㅋㅋㅋㅋ​​​외출할때 다른거 다 필요없고 엘츠 시그니처 기저귀가방만 있으면 외출준비 끝!​​​​​​​​​​​​​​​​​#기저귀백팩 #기저귀가방 #기저귀가방백팩 #국민기저귀가방 #아기엄마가방 #아기기저귀가방 #외출가방 #아기랑외출하기 #출산준비물 #외출준비물 #엘츠 #엘츠시그니처 #엘츠시그니처기저귀가방",21,0,2,200,0,1,3173.6,6,text_ad,2020. 1. 10. 10:47,536,1515824,상품리뷰,0
9,https://blog.naver.com/ktarumi819?Redirect=Log&logNo=221758494319,"안녕하세요. 알밍이에요👋👋​침구류, 생리대, 살균제 등 뭐든 믿고 쓸수 있는 게 없는 요즘, 우리 아이가 쓰는 제품이라면 더욱 더 신경쓰이는데, 하루 24시간 종일 아이 피부에 닿아있는 기저귀, 믿을 수 있는 정말 안전한 친환경 기저귀가 있어요!​​에코제네시스 슬림 여행용은 한팩에 5개씩 들어있기때문에 외출할때 휴대하기 편리한 장점이 있어요. ​​​에코제네시스 기저귀눈 안, 겉감모두 100% 옥수수 추출 원료 및 식물성 인지오 원단을 사용한여 영국의 기술력으로 탄생한에코제네시스 기저귀에요. 깨끗한 천연섬유 인지오원단은 미국, 유럽에서 인증받은 원단이라 안심하고 사용가능해요! 또한, 최첨단 신소재 옥수수 인지오 원단으로 정전기 발생 없고 통풍이 뛰어나며, 식물성원단으로 화학적 냄새 없어요.​​​​보통 기저귀에 캐릭터 그림이 그려져있는 기저귀가 대부분인데 에코제네시스 기저귀는 아무런 그림이 없고, 소변알림줄도 없는 새하얀 순백의 기저귀에요. 저는 지원이 기저귀 갈아줄때 소변알림줄말고 한번 만져보고 몽글몽글?한 느낌이면 갈아주기때문에 따로 소변알림줄이 없어도 괜찮더라구요ㅋㅋㅋ 몽글몽글... 무슨느낌인지 아시죠?ㅋㅋㅋ​​​​많은 양의 대소변도 안전하게 막아주는 짱짱한 이중샘 방지선이 있기때문에 샐 걱정이 없어요! 그렇다고 너무 조이지않아서 자국도 안나더라구요!​​​슬림라인 기저귀는 여름에 한정적으로 사용해야 한다는 인식이있지만, 에코제네시스 슬림제품은 봄, 여름, 가을, 겨울 4계절 언제나 사용해도 좋은 제품이라고해요. 특히 여름시즌 얇지만 흡수력, 통기성이 굉장히 우수하다고.. 저도 사용하기전에 흡수력 테스트해봤는데 깜짝 놀랐어요! 슬림주제에 흡수력 진짜ㅋㅋㅋ👍👍👍​​​​에코제네시스 슬림기저귀의 흡수력 테스트에요. 처음에 물을 너무 많이부었나(300ml) 했는데 금방 흡수되길래 나머지 200ml를 다 부었어요. 근데도 흡수력진짜ㅋㅋㅋ 물을 다 붓고나서 손으로 눌러보았는데 묻어남이 1도 없었어요. 진짜 슬림주제에 흡수력 무엇🤷‍♀️ㅋㅋㅋㅋ​​​총 500ml의 물을 부은 모습이에요. 흡수안되면 어떡하지?걱정했는데 괜한걱정ㅋㅋㅋㅋ​​​흡수됩니다됩니다아아됩니다아아아아​​​진짜 흡수력무엇ㅋㅋㅋㅋㅋ물을 많이 부었는데도 새는거 하나없이 다 흡수했어요. 타 브랜드 기저귀에비에 가격이 조금 있긴하지만 타사제품 2~3번 사용할때 에코제네시스는 한번만 사용하면 되기때문에 뭐 그렇게 비싸다고하기도ㅋㅋㅋㅋㅋㅋ​​​100% 옥수수 추출 원료로 만들어 자연생분해되는 친환경기저귀로 자연까지 생각하는 에코제네시스​​에코제네시스는 ""2019한국고객만족도 1위"" 친환경브랜드(기저귀)부분 1위수상!1위하는데에는 그만한 이유가 있겠죠?​믿고쓰는 에.코.제.네.시.스​​​​​​​​본 포스팅은 업체로부터 제품만을 제공받아 작성된 후기입니다​​​​​​​​​#피부트러블없는기저귀 #팬티기저귀추천 #흡수율좋은기저귀추천 #안전한기저귀 #부드러운기저귀 #에코제네시스 #에코제네시스슬림 #친환경기저귀 
",19,0,0,255,2,1,3173.6,9,text_ad,2020. 1. 3. 13:21,536,1515824,상품리뷰,"['제가 완전 좋아하는 기저귀라지요! 밤기저귀로는 이만한게없어요~', '저도 처음써봣는데 좋은거같더라구용!']"
10,https://blog.naver.com/ktarumi819?Redirect=Log&logNo=221656187479,"​아직 지원이는 물티슈랑 기저귀를 정착하지못하고 유목민 생활중이에요. 많고 많은 기저귀와 물티슈를 사용해봤지만 밤보드림과 워터와입스는 이야기만 들어보고 정작 사용해보진 못해서 궁금했었는데 이번기회에 밤보드림이랑 워터와입스를 사용해봤어요.밤보 기저귀는 1980년대 이후 덴마크 정부 기저귀 독점 공급사로 지정되어서 유럽최초로 북유럽 에코라벨 인증과 유로 에코라벨 인증을 획득한 프.리.미.엄 기저귀에요.​또한, 독일 최고의 품질테스트 기관에서 테스트 인정을 거쳐 기저귀 안정성에 대해 신뢰성을 확보했어요.​가존에 사용하고있었던 기저귀와 두께를 비교해봤을 때, 밤보드림의 기저귀가 굉장히 얇더라구요.​기존 기저귀 한장과 밤보기저귀 두장이 비슷..​얇다고 흡수력이 떨어지는건 아닌가 생각할 수 있지만 밤보드림은 얇지만 강력한 4겹의 흡수력을 자랑해요.​기저귀 방수면 가공을 개선하여 좀 더 편안하고 부드러운 촉감을 실현하였고, 안감뿐만 아니라 겉면까지 Ultra Soft BackSheet 설계로 아기의 안정적인 상태 유지에 도움을 준다고해요.​​또한 허리라인에 주름이 없고 늘어나는 스트레치 밴드형태로 기저귀 채울때 완전 편안하리부분에 스트레치 밴드가 부드럽게 감싸주어서 편안하게 활동할 수 있어요.​​다리쪽에는 이중샘방지로 다리라인을 쫀쫀하게 잡아줘요.허벅지 뚱땡이 지원이가 착용해도 불편해하지않고 자국도 많이 안남더라구요.​한창 뒤집고 기어다니려고 안간힘쓰면서 움직여도 샐 걱정없어서 좋은것 같아요.​밤보드림과 밤보네이처의 차이는 소변알림줄이에요. 중금속 성분이 배제하고 꿀 성분 추출을 통해 안심하고 사용가능한 소변표시줄을 개발하였다고해요.​소변표시줄이 있어서 만져보지 않아도 눈으로 확인가능해서 쉽게 기저귀를 갈아줄 수 있어요.​​엄격한 친환경 인증기준을 통과한밤보드림​노르딕 스완 에코 라벨천식&알레르기 협회 인증삼림기관기준 인증독일 피부 임상테스트 통과​​믿을 수 있는 안전한 아기기저귀밤보드림​소중한 우리아기를 위한 기저귀로 밤보드림 어떠세요?​이번에는 아일랜드에서 날아온 워터와입스 물티슈를 소개할께요!​어른피부보다 몇배는 연약한 아기피부에도 걱정없이 사용할 수 있는 아기물티슈워터와입스​​​영국 신생아실에서 사용하는 신생아 물티슈로 신생아들에게도 맘 편하게 어느 부위에도 사용가능해요.​​물티슈의 규격은 190x160mm원단구성은 레이온 20%와 폴리에스테르 80%로 이루어져 있어요.주요 성분은 99.9%의 정제수와 0.1%의 자몽씨앗 추출물이라고 해요.​​피부가 예민한 어린 딸을 위해 아빠가 직접 순수한 아기 물티슈를 개발 했다고 해요. 물티슈에 있는 많은 화학성분을 보고 충격을 받아서 순수하고 깨끗한 안전한 물티슈를 직접 만들기로 결심!​몇년간의 조사와 연구, 실험에 매진한 결과,순수하고 부드러운 아기물티슈, 워터와입스를 개발!​99.9%의 물과 한방울의 자몽 추출물미국 피부질환(아토피)협회 인증영국 알러지 협회로부터 인증획득미생물 한도검사 완료​예민한 피부에 적합한 '워터와입스'아기의 소중한 부분을 닦아줄때도 걱정 없이워터와입스의 물은 티슈를 살균하고 물의 표면장력을 변경하여 부드러운 느낌을 더해서 그런지 물티슈가 거칠지않고 굉장히 부드럽더라구요!​​워터와입스 물티슈의 경우 캡 형태의 뚜껑이 없는데 화학보존료가 없기에 캡과 물티슈 사이의 공간에서 제품이 오염되는 것을 방지하고자 스티커 형태로만 생산이 된다고 해요.​​손에 잡히는건 뭐든지 입으로 가져가는 지원이라서 항상 걱정인데 워터와입스는 전 성분 EWG 그린등급 물티슈로 무균실 환경에서 제조되며, 자체개발한 클렌딩 공정을 통해 물을 정제하고 있어서'그래~ 맘껏 입에 가져가라~' 하고있어요.​또한 수유할때에도 초반에는 수유할때마다 물티슈나 물로 가슴을 닦고나서 수유하다가 지금은 그냥 물리는데 소중한 지원이 생각해서 앞으로 워터와입스로 깨끗히 닦고나서 수유해야겠어요!​​의료, 제약 강국인 아일랜드 물티슈 시장 점유율 1위해외 아마존 아기 물티슈 점유율 1위​1위하는데에는 그만한 이유가 있겠죠?​영국엄마들의 마음을 사로잡은 워터와입스! 이제는 한국엄마들의 마음까지 사로잡는 워터와입스!​예민한 우리아이피부에 워터와입스 사용하는거 어떠세요?​#신생아물티슈#신생아물티슈추천#신생아기저귀#신생아기저귀추천#신생아용품​​까다롭게, 좋은것들만 모움 베스트

0104000

본 게시물은 해당 업체로부터 제품만을 제공받아
솔직하게 작성한 후기 입니다.
4136600401065
…저니74000400 32000
84

에
 
",32,17,3,383,5,0,3173.6,8,text_ad,2019. 9. 22. 22:48,536,1515824,상품리뷰,"['요고 저도 굉장히 잘 썼는데요~특히 워터와입스 정말 좋았어요~수분이 많아서 닦일때 편하더라고요~ㅎㅎ', '부드럽고 좋은것같더라구용ㅎㅎ', '얇고 짱짱하기까지 좋은데요~~', '흡수도 잘되고 좋아요!♡']"
11,https://blog.naver.com/ktarumi819?Redirect=Log&logNo=222349038124,"바이오포트코리아유어스타트체리에이드타트체리가 숙면에 효과가 좋은건 다들 알고계시죠~?저는 숙면을 위해 캡슐형태의 타트체리만 먹어봤었는데 이번에 #GS신상음료 로 출시된 #타트체리에이드 를 소개해드릴께요 :)​​#유어스 타트체리 에이드~!​​한상자에 10개의 타트체리에이드 파우치가 들어있어요.#GS편의점 가면 꼭 구매해서 마셔야되는 타트체리에이드에요!진짜 맛있어요~!​​싱그러운 느낌의 #유어스타트체리에이드 파우치에요~!한팩에 230ml으로 얼음컵에 담아먹으면 마시기 좋은 양이더라구요~​​유어스타트체리의 다른점은 #PLA빨대 가 포함되어있어요.PLA빨대는 석유 화학성부이 전혀 들어가지 않고 옥수수 소재로 만들어져 100% 생분해 될 뿐 아니라 플라스틱 빨대와 유사한 사용감에 잘 녹지않는 내구성까지 갖춘 #친환경빨대 랍니다:)​​저는 평소에도 따뜻한음료보단 시원한 음료를 좋아하기때문에 얼음컵을 준비했어요!GS편의점에는 따로 얼음컵도 구매할 수 있어서 유어스 타트체리에이드 한팩, 얼음컵 하나 사서 부어먹으면 저세상 존맛탱 ㅋㅋㅋㅋㅋ​​타트체리는 나쁜 콜레스테롤 수치를 낮추고 염증 생성을 억제하는 베로카로틴 성분이 풍부하고 수면에 도움을 주며 항염/항암 효과에도 좋다고해요!잠 안올때나 불면증이 심할때 타트체리를 먹으면 숙면에 도움을 준다고해서 불면증 가진 분들이 많이들 찾는 음식이기도 하더라구요~​​비주얼은 진짜 카페에서 파는것같지 않나요~?색감도 너무 이뻐요!개인적으로 상큼한 맛도 느껴지면서 달달한 체리맛이 많이 느껴져서 좋더라구요~! 체리콕도 정말 좋아하는데 이렇게 타트체리를 에이드로 즐길 수 있어서 더 좋았어요:)​​PLA빨대는 시중에 많이 사용되는 종이빨대처럼 물에 젖어 형태가 물러지거나 종이 맛이 배어나오는 단점까지 완벽하게 보안된 소재의 친환경 빨대에요~종이빨대로 된 빨대로 먹으면 빨대가 축축해지기전에 후다닥 마시거나 한두개정도 더 챙기는데 PLA빨대는 그럴 필요가 없어서 좋더라구요!​​집에서도 홈카페 느낌내며 맛있고 건강하게 즐길 수 있는 유어스 타트체리에이드 추천해요!gs편의점가서 꼭 한번 마셔보세요!진짜 맛있음ㅋㅋㅋㅋㅋㅋㅋㅋ​​#유어스 #PLA빨대 #타트체리에이드 #유어스파우치음료편의점에이드 #GS편의점 #여름에이드 #편의점신제품 #편의점타트체리에이드 #GS신상​",14,0,0,199,1,1,3173.6,2,revu,2021. 5. 13. 9:53,536,1515824,상품리뷰,"['포스팅 잘 보고갑니다.날마다 행복한 날 되시고,제 블로그도 놀러오세요!']"
12,https://blog.naver.com/ktarumi819?Redirect=Log&logNo=221489743255,"안녕하세요 여러분🙌천용마미에여~~~🤰오늘 리뷰할 제품은메가텐 성인 음파진동 칫솔 이에요!(메가텐 360도  음파칫솔-DOROTHY)꼼꼬미하게 뽁뽁이로 쌓여있고뽁뽁이 뜯으면 일반 투명으로 쌓여있고투명비닐 벗겨내면 이제서야 케이스가 나와요!케이스를 열면 도로시 음파진동 칫솔이랑설명서랑, AAA건전지가 들어있어요!건전지는 저기부분잡고 돌리면 바로 열려요!뒷부분엔 친절히 어느방향으로 돌려야하는지도 알려줘요^^한번누르면 soft mode(진동수 16,000번)한번더 누르면 normal mode(진동수 18,000번)또 한번더 누르면 꺼져요!칫솔주제에 이렇게 이쁘기 있냐.....하큐빅같이 생긴 저기 저 영롱한 핑크색 보이시져저게 스와로브스키의 고급등급의 크리스탈 스톤이래요!사용할때는 칫솔모를 위생적으로 덮어주는 뚜껑을 열고손잡이 부분에 끼워 사용하면 돼요^^꿀팁🤗치약없이 물로만으로도 높은 세정 성능을 보여준다고 하는데 저는 치약없이 하면 뭔가... 덜상쾌한 기분?때문에 치약을 쬐꼬미 짜서 사용했어요ㅎㅎㅎ🤭그리구 저는 양치할때 거품이 막 입밖으로 세어나와요...저만그런가요...? 아니죠..?🦀🦀🦀근데 요 칫솔은 부드러운 음파진동으로 물이나 치약이 입 밖으로 튀지 않아서 좋고 밖에서도 당당히 사용할수있을거같아욬ㅋㅋㅋㅋㅋ👍그리고 그전에는 안그랬던거 같은데 임신하고나서 잇몸이 약해져서인지 양치질하면 잇몸에서 피가나더라구요..근데 음파진동 칫솔은 살살살살~ 문질러도 치아가 잘 닦이니까 잇몸에서 피도 안나고 좋아요!잇몸약한 임산부한테 딱인거같아요!이거이거 물건일세~~~양치후에 칫솔 헹굴때는 최고 생활방수 등급 IPX-7이기 때문에 샤워, 목욕 중에도 안심하고 물세척으로 위생적인 관리가 가능해요👏뚜껑부분은 물로 헹구고 물이 빠지고 잘 건조될수 있게 뚜껑 상단부분에 구멍이 뿅뿅뿅뿅 뚫려있어요.그래서 바깥에서 사용후에 헹구고 바로 가방에 쏙 넣어도 찝찝하지않아요😆조그마한 핸드백에 쏘-옥 하고 들어가서외출시에 필수품으로 챙겨다녀야겠어요^^.귀여운 동물모양의 키즈버전도 있어서양치하기 싫어하는 아이들이 사용하기에도 좋을거같아요.​​👇클맄click👇-본 포스팅은 업체로부터 제품만을 제공받아 솔직하게 작성된 후기입니다- 
 
 
",16,1,1,182,5,4,3173.6,4,text_ad,2019. 3. 16. 15:35,536,1515824,상품리뷰,"['공감가는 내용이네요\n포스팅 잘보고 가요 ^^', '감사해요^^', '우와~ 너무 좋은 것 같아요~ 저도 사용해보고 싶네요ㅋㅋㅋ', '사용해보면 후회안할거에요😆추천해욬ㅋㅋㅋㅋㅋㅋ', '글 잘보고 갑니다,, 천용마미님 ^^']"
13,https://blog.naver.com/ktarumi819?Redirect=Log&logNo=222135195969,"​​​​​안녕하세요. 알밍이에요!사진먼저 보여드릴께요!짜자잔~​너무 맛있어 보이지 않나요?네 정말 맛있었어요.......겉바속촉......#통삼겹살요리#에어프라이어레시피​​​​​​#에어프라이어LSF815​지난번 양갈비에 이어!통돌이로 통삼겹을 해먹었습니다!우리집 다용도실에 위치한 롯데 10L 스테인레스304 에어프라이어 LSF815 에어프라이어 LSF815로 오늘 해먹을 요리는!바로바로 통돌이 삼겹살이에요!​​​​​#통돌이삼겹살​통돌이 삼겹살에 필요한 에어프라이어 조리도구에요!통돌이 바스켓(롤링케이지)만 있으면 도구준비 끝!​​​​​에어프라이어를 사용하고나면 굉장히 뜨겁기 때문에맨손으로는 절대 못꺼내요!그렇기 때문에 로티세리 손잡이도 필요해요.​​​​​#삼겹살요리 #삼겹살레시피​요리할때 요리도구도 중요하지만제일중요한건 음식이죠~?삼겹살을 알맞을 크기에 썰어 양념을 해준뒤 냉장고에 30분정도 넣어줬어요.고기 속까지 양념이 잘 베더라구요.​​​​​#로티세리사용법​로티세리 사용방법이에요.제품을 사용하기 전에 꼼꼼히 읽어보는게 좋아요.설명서도 어렵지 않아서 금방 이해가 되더라구요.​​​​​설명서를 읽으면서 요리할 준비가 되었으니냉장고에 있던 삼겹살을 꺼내 통돌이에 넣어줬어요!아 벌써부터 입맛다시고 설레이네요!​​​​​내부에 로티세리 로드 끝을 걸치는 걸림쇠 부분이에요!밑에 빨간색 버튼을 안쪽으로 밀면 본체 안쪽 고정쇠가 들어가서더욱 쉽게 로디세리 로드를 걸칠 수 있어요.​​​​​짜자잔통돌이 바스켓 장착 완료!돼지고기는 기름이 많다보니 에어프라이어 밑부분엔 기름받이 필수에요!기름지옥을 맛보고싶지 않다면...기름받이 꼭 설치해주세요ㅎㅎㅎ​​​​​통돌이 삼겹살을 200도 30분에 맞춰줬어요.조리가 시작되는 중간중간 확인하면서 시간을 추가하거나 뺄 수 있어서 참 좋더라구요.​회전기능을 사용할 때엔 lotate라는 버튼을 누르면조리가 시작돼요.돌돌돌돌 돌아가는 통돌이 바스켓!돌아가면서 겉바속촉으로 익어가는 삼겹살을 확인 할 수 있어요!​​​​​#겉바속촉통삼겹살​통돌이가 돌아가면서 전체적으로 고기가 익기때문에진정한 겉바속촉의 통삼겹살을 느낄 수 있답니다.​​​​​처음 에어프라이어의 타이머는 30분을 맞췄지만15분정도뒤에 에어프라이어를 꺼내 뚜껑을 열고 각종 야채를 넣어줬어요.고기기름과 함께 익는 야채는 더욱 맛있거든요!​​​​​기름받이의 중요성!보이시죠?굉장히 많은 기름이 뚝뚝...요리가 다 됐으면 로티세리 손잡이를 이용해 통돌이 바스켓을 꺼내줘요.꺼내면서 혹시나 통돌이 바스켓 뚜껑이 열릴 수 있으니 조심해주세요!​​​​​#롯데에어프라이어 #대용량에어프라이어​짜자잔완성된 통삼겹살이에요.중간에 야채를 넣어 같이 돌려줬는데삼겹살이랑 같이먹으니까 더욱 맛있더라구요!너무 맛있어서 저정도의 양을 두접시나 먹었어요......삼겹살은 살 안찌잖아요...살은 내가 찌지.......ㅋ​먹으면서 남편도 진짜 겉바속촉으로 맛있다며~우리 쪼니도 엄청 맛있게 먹었답니다.​​​​​돼지고기는 기름이 많은 고기라서 사용하고나면기름때가 장난이 아닌데요......일반 수세미로 하면 실같은게 낄수도 있어서 저는 안쓰는 칫솔로 세척해줘요!칫솔에 세제 살짝묻혀 슥슥슥 닦아주면 말끔하게 기름때가 씻겨지더라구요.​​​​​#스테인레스304​위아래 부분은 수세미로하고통돌이 망 부분은 칫솔로 세척했는데정말 깨끗해지지 않았나요?또한올 스테인레스라 녹슬 걱정도 없고 참 좋더라구요!​​요즘같이 코로나시대에...나가서 사먹는것보다 집에서 간단하게대용량 에어프라이어 LSF815로맛있는 요리 해먹는거 추천해요><​​​본 포스팅은 업체로부터 제품만을 제공받아 작성된 솔직한 후기입니다.~
",30,0,0,269,0,1,3173.6,4,text_ad,2020. 11. 4. 14:46,536,1515824,상품리뷰,0
14,https://blog.naver.com/ktarumi819?Redirect=Log&logNo=222129372391,"​​​​안녕하세요. 알밍이에요.남편이 회사에서 에어프라이어를 받아왔는데 3L의 조그마한  에어프라이어라 제대로 해먹지도 못하고 불편했었어요. 그러다가 올스테인레스 대용량 에어프에어프를 알게되서 소개해드리려고해요!​​​​​10리터.. 솔직히 감이 안와서 커봤자 얼마나 크겠어~ 했는데정~말~ 크더라구요!대 깜 놀​​​​​#대용량에어프라이어박스를 오픈하면 에어프라이어 상자가 나와요.상자를 오픈하면!사용방법과 레시피북이 들어있어요.​​​​​에어프라이어 손잡이 부분과 윗상판부분엔 포장지가 붙어있어요.손잡이부분 안쪽엔 에어프라이어에 필요한 도구들이 들어있는데 배송시 밖으로 나오지않게 테이프가 딱 붙어있어요.​​​​​#LSF815포장테이프를 벗기니 보이는LOTTE롯데스테인레스 에어프라이어 LSF815 은 올~ 스테인레스에요.​​​​​스텐창을 열어보니 보이는 조리도구들~​​​​​열선보호망매쉬바스켓통돌이 바스켓로티세리 포크세라믹코팅 기름받이​구성품들 참 든든하게 많이 들어있죠~?​​​​​열선보호망은 열선에 음식이나 종이호일이 직접 닿으면 화재의 위험이 있는데 기름이 튀어 청소하기 힘든 열선부분에 스테인레스 열선보호망으로 편하게 관리가 가능해요.또한기름때로 미관상 안좋고 관리가 불편한 스테인레스 기름받이는 환경호르몬 없는 세라믹 코팅 기름받이로 항상 깨끗하고 편하게 관리할 수 있어요.​​​​​#가정용에어프라이어스테인레스는 연마제 제거 필수인거 아시죠?엄청 귀찮고 힘들잖아요.하지만롯데스테인레스 에어프라이어 LSF815은 이미 연마제 제거가 완료된 상태라고해요.그래서 마른수건으로 외부, 내부 먼지만 간단하게 제거해줬어요.​​​​​환경호르몬이 발생되지 않는 안전한 스테인레스, 하지만 스테인레스에도 종류가 많은거 알고계신가요~?식재료에 닿는 조리도구는 좋은 스테인레스를 사용해야 하는데 롯데스테인레스 에어프라이어 LSF815는 내식성, 내열성 모두 좋고, 환경호르몬또한 불검출에 수저, 고급 주방용품을 만드는데 사용하는 스테인레스 304로 만들어졌다고해요.​​​​​#저소음에어프라이어에어프라이어 사용전에 200도로 10분간 공회전을 시켜줬어요.버튼은 디지털 터치식이라 쉽고 간단하게 조작할 수 있어요.소음은 대용량으로 커서그런지 조금은 있지만 어차피 다용도실에 놓고 사용할거라 크게 신경쓰이지는 않았어요.​​​​​기다리던 대용량 에어프라이어 배송날짜에 맞춰 준비한 양갈비에요.밖에서 양갈비 한번먹어보고 안먹어봤는데 대용량 에어프라이어가 생겨서 집에서도 양갈비를 즐길 수 있게 됐어요.​​​​​에어프라이어를 공회전 시키는동안 양갈비에는 마법가루를 뿌려 기다려줬어요.그동안 갖은 채소도 준비하구요.​​​​​다용도 메시바스켓이 2장이라 상하로 여유롭게 사용할 수 있었어요.삽겹살, 스테이크, 구이, 건조 등에 활용 할 수 있어요.​​​​​기름이 뚝뚝 떨어지는거 보이시나요~?또 자세히 보면 고기가 지글지글 구워지는것도 확인 할 수 있었어요.​​​​​양갈비 넣고 10분 굽고 뒤집어서 야채를 넣어줬어요.에어프라이가 대용량이라 양갈비 다섯쪽과 각종 야채를 넣어도 될만큼 넉넉한 공간이였어요.​​​​​짜자잔~롯데스테인레스 대용량 에어프라이어 LSF815로 맛있게 완성된 양갈비에요!기름기는 쏙~ 빼고 완전 겉바속촉!앞뒤로 정말 잘 구워졌어요.​(고기마다 두께가 다르니까 뒤집어가면서 시간을 추가해주면 돼요)​​​​​이렇게 맛있는 음식을 먹는데 맥주가 빠질 수 없겠죠~?ㅎㅎㅎㅎㅎㅎ​​​​​때마침 아이도 저녁시간이라 양갈비를 줘봤는데 엄청 잘먹더라구요.입이 굉장히 까다로운 아이인데다가 양갈비는 처음이라 안먹으려나~? 했는데완전 겉바속촉으로 잘 구워져서 혼자서 두쪽은 먹은것같아요.​​​​​조리가 끝난 후 식사 후 바로 메시바스켓과 열선보호망, 기름받이 까지 깨끗히 닦아줬어요.올스테인레스라 세척하면서 코팅이 벗겨질 걱정도 없이 깨끗하게 닦을 수 있었어요.​​​​​이번엔 메시바스켓을 사용해 위아래로 양갈비를 구웠지만다음번엔 통돌이로 삼겹살을 해봐야겠어요!벌써부터 기대가 됩니다><​​​​본 포스팅은 업체로부터 제품만을 제공받아 작성된 솔직한 후기입니다.1
",30,0,0,329,1,2,3173.6,5,text_ad,2020. 10. 28. 19:36,536,1515824,상품리뷰,['']
15,https://blog.naver.com/ktarumi819?Redirect=Log&logNo=222384547564,"안녕하세요. 알밍이에요 :)바디럽 마약베개​기운찬 하루를 시작하기 위해서는 충분한 수면이 중요하다는거 다들 알고 계시죠?수면의 질이 저하되면 괜한 일에도 신경질적으로 변하며 소화기질환, 비뇨생식기질환까지 신체의 ㅣ여러가지 질병들이 발생할 수 있어요.​저는 잠자는게 정말 중요한데요. 잠을 제대로 못자면 신경이 날카로워지고 하루종일 피곤하고ㅠㅜ잠자는게 제일행복할정도ㅋㅋㅋㅋㅋㅋㅋ​머리가 빨려들어가는 느낌의 베개보단 살짝 단단한 느낌의 베개를 좋아하는데요!이렇게 베개도 개인의 취향이 있듯이 나에게 딱 맞는 베개를 선택해서 수면의 질을 향상시키는게 중요한 것 같네요~​​기존에 쓰던 솜 베개가 오래되어서 인터넷 검색해서 마약베개라고 유명한 베개를 구매해서 사용해본적이 있는데요. 네이버 9,999+ 리뷰들만 믿고 베개를 구매했는데 실패한경험이 있네요.....ㅋ​바디럽 마약베개는 베개 속 충전재가 사용자의 두상에 맞춰 변화하기때문에 숙면에 도움이 된다는 후기들이 많더라구요. 후기에 많이 속아본 나란여자....ㅋ이번에도 속는셈(?)치고 사용해보자! 했어요ㅋㅋㅋㅋㅋ​​바디럽 마약베개 구성에는 엽서에 큐알코드가 있는데요!큐알코드 스캔하면 나를 위한 수면 콘텐츠를 확인할 수 있어요.확인해보니 수면ASMR 이 있더라구요!요즘 ASMR들으면서 잠드는 분들도 계시다던데!!!!ㅎㅎ​​베개 모서리부분에는 에어볼주입구가 있어요!베개가 너무 높다싶으면 에어볼을 빼서 본인에게 맞는 높낮이를 조절하면 된답니다~​​그리고 혹시 단단하고 쫀쫀한 에어볼타입이라 너무 단단해서 베기면 어쩌나 걱정도 하실텐데요!전혀~!기존 마약베개의 충전재보다 크지만 밀도 높은 충전재를 사용해 딱딱한 느낌보다는 단단하지만 쫀쫀하게 변경되었다고해요~개인적으로 베개에 빨려들어가는 기분없이 적당히 부드러우면서 잡아주는 느낌이라 너무 만족스러웠어요:)​​그리고 베개 사용하다보면 땀나거나 침흘려서ㅋㅋㅋ베개가 많이 지저분해지잖아요~저만 그런가요.....?ㅋ​바디럽 마약베개 베개커버는크림화이트 아이스그레이 차콜 미드나잇블루총 4가지 색상의 베개커버가 있어요!​제가 선택한 베개커버 색상은 미드나잇블루!하얀색 커버는 때가 잘 타기도하고.. 딱 보자마자 미드나잇블루가 마음에 들었어요!마약베개커버는 유기농 순면원단을 사용해 피부가 민감하신 분들도 안심하고 사용할 수 있어요~​​또한 3년이상 농약과 화학비료를 전혀 사용하지않은 토양에서 천연농법으로 재배한 원단으로 국제 공인 인증기관인 컨트롤 유니온의 인증까지 받았답니다!그래서그런지 촉감 넘나 부드러운것~~~​​바디럽마약베개를 추천드리는 대상은~사용하는 베개가 불편하신 분목과 어깨가 항상 뻐근하신 분숙면하지 못해 항상 피곤하신 분베개에 닿는 피부가 걱정되시는 분자자리가 불편해 밤새 뒤척이시는 분​위에 하나라도 해당되시면 바디럽 마약베개 강추~~!​​바디럽 마약베개는 총 3가지 타입이 있어요.Soft부드럽고 폭신한 코튼볼타입Standard쫀쫀하고 푹신한 에어폼타입Hard단단하고 쫀쫀한 에어볼타입​제가 사용하는 마약베개는 단단하고 쫀쫀한 에어볼타입의 Hard 마약베개에요~!​​마약베개 생긴건 다 비슷하게 생긴것같지만바디럽 마약베개는 높은 탄성의 EPP마이크로 에어볼이 쫀쫀한 쿠션감을 만들어줘요.수많은 에어볼들이 머리를 부드럽게 감싸주고 목은 단단하게 받쳐주어 바른 경추지지를 유지시켜 주기때문에 사용하면서 어깨나 목에 불편함은 느낀적이 없네요!​알갱이형태의 에어볼 충전재로 이루어져 머리와 목의 굴곡에 맞게 높이와 형태가 변하는 장점이 있어요~ 자는 내내 어떤 자세에서든 안정적인 수면 자세를 유지시켜준답니다:)​​그리고 세탁망까지 같이 구성되어있어요!보통 베개 소재로 쓰이는 솜이나 라텍스폼은 물세탁이 어려워서 위생적으로 참... 관리하기 쉽지않죠...ㅜㅜ​바디럽마약베개는 베개커버뿐만 아니라 마약베개 통째로! 세탁기 물세탁과 손빨래가 가능해요~ 그래서 두피에 땀이 많고 침흘리며 자는?ㅋㅋㅋㅋㅋ 분들도 맘편히 베개를 통세탁할 수 있다는 점~~~~!​​세탁방법은 먼저 베개를 반으로 접어 세탁망에 넣어주세요~베개단톡으로 섬세모드or아기옷모드의 물온도는 30도!중성세제를 사용해서 바람이 잘통하는 그늘에 2~3일 자연건조하면 된답니다:)​​쫀쫀하면서 부드러운 베개가 참 마음에 드는데위생적으로 통세탁까지 할 수 있어서 너무 마음에 드네요ㅠㅠ!!!!​인터넷 후기믿고 구매했다가 속은 분들!!!여기모이세요~!~!~!~!!~~!!바디럽 마약베개는 한달간 무료로 사용해볼 수 있는 30일이내 무료교환 및 반품서비스를 진행중이라고해요~!(※배송비별도)​개인적으로 너무 마음에 드는 마약베개라 남편것도 구매해야겠어요!더이상 마약베개에 속지말고바디럽 마약베개를 믿어보세요!※번외※내가 좋아하는 허성태 배우님의 바디럽광고 시청해보세요!ㅋㅋㅋㅋㅋㅋㅋㅋㅋㅋㅋ​​​#바디럽마약베개 #마약베개 #현빈베개 #경추베개 #원조마약베개 #메모리폼베개 #거북목베개 #일자목베개 #경추베개추천 #정품마약베개 #허성태베개 #허성태광고 #정품마약베개 #진짜마약베개​",18,0,2,421,0,1,3173.6,3,revu,2021. 6. 4. 14:20,536,1515824,상품리뷰,0
16,https://blog.naver.com/ktarumi819?Redirect=Log&logNo=221689174832,"우리눈에 보이지않는 먼지들 엄~청 많겠죠?아기와 생활하면서 집에 공기청정기도 들이고 환기도 자주 시키지만 그래도 혹시모를 걱정에​뿌리는 공기청정기먼지순삭을 사용해봤어요!!​​우리가족 침실에만 공기청정기를 두고 거실이나 다른방에는 공기청정기를 두지 않았어요. 가격이 비싼것도있고, 뭐 딱히.....ㅋㅋㅋㅋㅋ​그래서 공기청정기가 없는 거실이나 다른방들은 먼지순삭을 사용해봤어요!먼지순삭은 공기청정기가 닿지않는 공간에 뿌려 공기중의 미세먼지를 흡착하고 미세먼지를 절감시켜준다고 해요!​아니 뿌리기만해도 먼지가 절감된다니...세상 참 좋아졌....ㅋㅋㅋ​​무향과 은은한향 두가지가 있는데 저는 은은한향을 사용했어요. 무향은 뭔가 그냥 물뿌리는느낌(?)같달까.. 조금은 은은하게 향이 퍼지는게 좋을 것 같더라구요^^​먼지순삭은 99.6% 항균력 및 살균효과 테스트 완료!​벤젠, 글리옥살, 폼알데히드 등 11가지 유해성분 불검출!​자연 유래 성분으로 만들어져 낮은 자세에서 활동하는 어린 아이 혹은 반려동물이 있는 집에서 안심하고 사용할 수 있어요.​​사용방법​1. 미세먼지 있는 공간에 골고루 뿌려주세요.(실내, 차량, 밀폐된 공간)2. 먼지순삭을 뿌리면 공간의 미세먼지가 바닥에 떨어져 걸레로 바닥을 닦아주세요.3. 의류, 이불, 베개 등은 20cm이상 충분히 거리를 두고 골고루 뿌리고 분무한 부분을 완전히 말린 후 사용해요.* 냄새가 심한 곳에 10분 간격으로 2-3회 충분히 뿌려주면 더욱 효과적이에요​​아래 보이는 건 세라믹 볼이에요!천연 유래 성분의 미스트기 세라믹 볼을 만나 공기 중에 미세분자로 흩어져, 초미세먼지를 저감시키고 99.6% 향균으로 냄새을 제거해준대요!​안에 세라믹 볼이 구슬구슬 하는 소리가 중독돼요ㅋㅋㅋ​​스프레이를 뿌리기 전에 손잡이 부분에 오픈레버를 돌려줘야돼요! 사용하기전에 돌리고 사용후에 다시 잠가줘요. 혹시나 아이들이 갖고 놀다가 뿌리는걸 막을 수 있어요ㅎㅎㅎ​옷에도 칙칙-커튼에도 칙칙-​먼지가 많을것 같은 곳에 뿌려주었어요.​​허공에 뿌리고 조금 뒤에 바닥을 닦아봤어요. 매일매일 쓸고 닦고 하기때문에 먼지가 없을 줄 알았는데 공기중에 떠다니는 먼지들이 많은지 물티슈에 먼지가 많이 묻어나오더라구요.충격......​앞으로는 먼지순삭 뿌리고 바닥닦는걸로...​​뿌리는 공기청정기 먼지순삭​이런분들에게 추천해요!​공기청정기로도 불안하신 분아이, 반려동물 호흡기가 걱정되는 분차량공기가 걱정되는 분실내공간에 미세먼지가 걱정되는 분​​",14,1,3,227,2,0,3173.6,6,revu,2019. 10. 26. 12:53,536,1515824,상품리뷰,"['꿀템인것같아요!', '바닥청소하기전에 뿌려주고 걸레질하면 짱!!!']"
17,https://blog.naver.com/ktarumi819?Redirect=Log&logNo=221881950199,"​​​​​안녕하세요. 알밍이에요👋안전에 안심을 더한! 격이 다른 우리집 유아세제 3종세트를 소개할께요!먼저,슈베스 고농축 유아세탁세제, 섬유유연제에요!​​​​​요즘들어 자기가 직접 먹어려고 하면서부터 여기저기 흘리고, 옷에 묻고 난리도 아니에요. 엄마는 하루종일 청소하고 빨래하느라 난리도 아니구요,,ㅎㅎㅎ 옷에묻은 얼룩같은 경우 빨래를 해도 그대로인 경우가 있는데요. 슈베스 고농축 유아세제는 베이킹소다&구연산이 함유되어 있어 세정력과 살균력이 업! 우수한 세탁/세정력을 인증받았다고해요.​​​​​또한 슈베스 유아세제는 '식물유래 세정성분, 식물성 추출물, 90%이상의 자연 생분해'자극에 약한 아기 피부에 남지 않도록 식물유래 계면활성화제와 식물성 추출 원료로 중성PH농도를 맞춘 저자극 피부맞춤 자연세제에요.​​​​​소중한 아기가 쓰는것이기때문에 유해성분은 당.연.히 무첨가!중성의 산도로 섬유손상을 최소화하고, 피부자극을 줄인 저.자.극 중성세제에요.우리집, 이 세상에서 가장 소중한 우리아기에게 안심하고 사용할 수 있겠더라구요.​​​​​마침 아기빨래가 밀려있어서 슈베스 고농축 유아세제로 세탁을 해봤어요.빨강색 뚜껑- 섬유유연제핑크색 뚜껑-  세 탁 세 제​​​​​세제 용기 뚜껑 안쪽에는 용량표시선이 있어요. 사진으로 용량표시선이 제대로 보이지는 않지만 고농축 세제라 적은양으로도 깔끔한 세탁과 헹굼이 가능해요.​​​​​세제 뒷면에 사용량이 나와있어요.​​​​​빨래양이 굉~장~히 많아서 세탁세제 40ml, 섬유유연제 60ml를 사용했어요.​​​​​보통 과즙같은 경우는 빨래해도 그대로이거나 얼룩이 티나게 있는게 대부분이였는데 이번에 사용하게 된 슈베스 고농축세제는 얼룩도 거의 없더라구요. 몇번을 보고보고 또봐야지 이게 얼룩인가~?싶은ㅋㅋㅋㅋㅋㅋ​​​​​빨래를 다 널고나서 쉬다보니 은은한 향기가 나더라구요. 향은 좋은데 무슨향인지 잘 모르겠어서 보니 달콤한 과일과 장미향이 더해진 꽃향기의 오렌지블라썸 향이라고해요. 강하지 않고 은은하게 나는 향기가 굉장히 좋았어요.걷다가 좋은향 맡고 한번쯤 뒤돌아본적 다들 있으시죠?그런 느낌이랄까ㅋㅋㅋㅋㅋㅋㅋ​​​​​이번에는 유아젖병/식기세척제에요.용량은 500ml로 든든한 양이에요.기존에는 아기꺼, 어른꺼 식기세척제를 따로 쓰다가 요즘은 수세미만 따로쓰고 세제는 같이쓰고있거든요. 양이 아주 든든합니다😁​​​​​안전에 안심을 더한 슈베스 유아젖병&식기세척제는 안전하고 순수한 1종 세정제에요. 1종세제란?사람이 그대로 먹을 수 있는 야채, 과일 등을 씻는 세제​아기 주방세제에도 베이킹소다&구연산이 함유되어있어 세정력과 살균력이 높아요!​​​​​바로한번 사용해봤어요!풍성한 거품으로 뽀득뽀득 닦이고, 기름때가 많은 어른식기도 아주 잘 닦이더라구요.뽀득뽀득 소리 들리시죠?​​​​​슈베스 유아젖병&식기세척제도 당.연.히 유해성분 0% !!!또한 인공향을 넣지않은 무향으로 더 깨끗한 느낌이에요. 한두번 펌핑에 이정도 세정력이면 말다했쮸~?​​​​​​​",21,0,0,259,6,2,3173.6,9,suspect,2020. 3. 30. 22:33,536,1515824,상품리뷰,"['안전에 안심까지..좋은 셋트네요^^', '아이있는집에 이정도 세트만 있으면 든든하죠!ㅎㅎ', '오 슈베스 제품 왜캐 다 좋은거에유...!!', '그쵸,,,, 진짜 반하고 또 반해요,,,', '요즘 아기세제도 다 고농축으로 잘 나오더라구요 ㅎㅎㅎ슈베스 세제도 대용량 느낌이네요!하나 장만하면 오래 사용할 수 있을거같아요 ㅎㅎ', '맞아요! 향도은은한게 너무 좋아요!ㅎㅎ']"
18,https://blog.naver.com/ktarumi819?Redirect=Log&logNo=222219221194,"안녕하세요. 알밍이에요 :)복합식가습기를 집에 들인후로는건조했던 코도 괜찮아지고, 온가습기모드로 사용하게되면침실도 훈훈해져서 그런지 잠 잘자고 있는 요즘이랍니다 :)​​아이있는집은 물론, 요즘같이 추운 겨울철엔 꼭 필요한 가전제품이 아닐까 싶네요~롯데가습기 LSW850가습기는 8.5L의 대용량으로 자주 물 채울 필요도 없고~UV살균에 가열살균까지 가능한 제품이라걱정많은 엄마 마음에 쏙 드는 가습기에요 :0​​사용한지 1~2주 정도 되었는데요.주로 침실에 두고 사용하기때문에길면 10시간, 짧으면 5시간정도 사용하는것 같아요~​​아이가 잠들었을때 가습기 디스플레이의 밝은화면때문에 혹시나 잠깰 걱정도 없어요~바로 슬립모드가 있기 때문이에요 :)타이머버튼을 꾹~ 누르면 슬립모드로 전환되면서밝았던 디스플레이가 어둡게 바뀌기때문에예민한 아기들도 밤새 눈부심없이 잘 잘수 있겠더라구요.​​영상속에 사용방법이 나와있답니다 :)처음 전원버튼을 누르고 MIST버튼으로 가습기 분사강도를 조절할 수 있어요.터치버튼을 짧게 누르면 위에보이는 아이콘으로 설정이되고버튼을 3초이상 누를시 아래보이는 아이콘으로 설정이 돼요.그리고 꿀팁!전원과 미스트버튼을 동시에 누르면잠금모드로 활성화가 된답니다~​아이있는 집에서 사용하기 좋은 기능을 갖춘 복합식가습기에요 :)​​밤에 잘때엔 차가운 가습기는 방안 공기마저 차갑게 만들어서 잘 못틀었었는데 LSW850 롯데 복합식 가습기는 온가습기모드로도 사용이 가능하다는게 마음에 들었어요~온가습 모드로 사용하더라도 뜨겁게 나오지않고따뜻한(?)미지근한(?) 정도의 가습형태라화상 위험없이 안전하게 사용할 수 있답니다 ~​​가습기의 기능도 중요하지만청소가 편리한가~ 이부분을 많이 생각하시는 분들도 계실텐데요!LSW850롯데 가습기는 따로 청소도구가 포함되어있어서청소하기에도 편하답니다 ~​​기다란 세척솔이 기본구성에 포함되어있어서 자주자주 청소할 수 있어요~다만 귀찮아서 문제지....그래도 이틀에 한번꼴로 깨끗하게 세척하고 있답니다 :)​​혼자서 영상찍으면서 청소하려니 카메라가 많이 흔들리네요ㅜㅜ그래도 깨끗하게 가습기 청소 끝~​​깨끗하게 세척한 복합식가습기 롯데LSW850은자연건조해준뒤 다시 사용하면돼요~​아침에 아이 등원시키고 씻어서 뒤집어놓으면밤에 자기전에 싹~ 건조되기때문에관리하기도 간편해요~​복합식가습기 찾고계신다면롯데 LSW850 복합식가습기 추천해요 :)​그럼 저는 오늘도 꿀잠잘께요 :D\
",12,0,0,203,0,3,3173.6,3,,2021. 1. 25. 14:00,536,1515824,상품리뷰,0
19,https://blog.naver.com/ktarumi819?Redirect=Log&logNo=222211170163,"안녕하세요. 알밍이에요 :)저는 비염이 너무 심해서 비염수술까지 했는데도 그때뿐이지 아직까지도 비염을 달고사는 만성비염질환자 중 한명이에요.요즘같이 춥고 건조한 날씨엔 코가 더욱 말썽인데요.특히 잠잘때... 너무 힘들더라구요.기존에 있던 가습기는 망가져서 소음때문에 사용을 안하게되더라구요.그래서 이번에 새롭게! UV케어 살균 가습기를 들였답니다 :)​롯데 UV살균안심케어 복합식가습기 LSW850​​​롯데 UV케어 살균 가습기 LSW850모델은UV살균 안심케어와 가열살균을 동시에 할 수 있는 가습기에요~아이랑 같은 침실을 사용하기때문에 비싸더라도 좋은 가습기를 찾고있었는데 이중살균 안심케어로 가성비에 성능까지 갖춘 안심케어 가습기랍니다 :)​​커다란 상자의 윗부분을 오픈해보니 필수 확인사항 및 자주묻는 질문/ 사용설명서가 들어있었어요~​​그다음으로 꺼내본 살균가습기 제품!택배배송 되는 제품이라 혹시나 배송되는 사이에 파손이 될까 걱정했었는데스티로폼으로 꼼꼼하게 포장되어 제품파손에는 걱정이 없었답니다 :)​​심플한 화이트&블랙의 디자인으로 깔끔한게 정말 마음에 들더라구요~게다가 리모컨까지 있다는~!~!슬림한 디자인도 마음에 드는데 간편하게 조작할 수 있는 리모컨까지 있어서 더욱 마음에 들었어요 :0​​가전제품은 보통 브랜드 있는걸로 사용하는데그 이유는 바로 믿을 수 있는 A/S 때문이에요~​아이있는 집안에 가전제품은 언제 어디서 갑자기 망가질지 모르기때문에왠만해서는 A/S확실한 브랜드의 제품을 선호하는 편이랍니다 :)​​롯데가습기 LSW850제품 전면에 깔끔한 디스플레이를 확인할 수 있어요~아직 전원을 켜기 전 모습이지만 넓직한 화면에 터치조작으로 사용하기에도 편리할 것 같더라구요 :)​​깔끔하고 슬림하게 빠진 디자인은 다시봐도 정말 마음에 드네요 :)​​상단부에 뚜껑을 위로 살짝 올려주면 쉽게 열린답니다~8.5L의 대용량으로 굉장히 깊은걸 알 수 있어요~제품 구성품에 따로 청소용품도 포함되어있기 때문에청소는 따로 걱정이 안되더라구요 :)​​가운데 동그란 구멍에는 물이 들어가면 안돼요~가습기가 나오는 부분이라 저 부분에 물을 넣으면 고장의 우려가 있으니 주의해주세요!​​물통은 살짝 위로 당기면 쑥~ 하고 빠진답니다.상단부 뚜껑과는 다르게 물통은 고정이 되어있어요~또한 물통이 통째로 분리가 되기때문에 세척하기에도 간편할것 같더라구요!​​가습기 바닥부분이에요.살균해주는 UV램프가 붙어있어요~병원 등에서 위생용 살균기로 사용하는 LED라서 99.9%까지 UV케어 안심살균이가능해 아이있는 집에서도 믿고 사용할 수 있겠더라구요 :)​​대락 1L짜리 커피포트로 세번정도 부은것같은데아직 절반도 안찼네요ㅋㅋㅋ한번 가득 채우면 최대 57시간까지 사용이 가능해서 중간중간 따로 채워주지않아도 되서 간편하더라구요~최대사용시간까지 사용하고 세척솔로 깨끗하게 청소해주면 끝~​​물을 채운뒤 제품을 켜봤어요~깔끔한 디스플레이로 터치방식이 마음에 들었어요.또한 온가습기 사용이 가능해서 추위많이타는 저에게도 알맞은 제품이더라구요.따뜻하게 데워서 나오고 살균까지 되니까 정말 마음에 쏙~ 들었어요!​​1단계, 2단계, 3단계로 분무량 조절이 가능해요.사진으로만 봐도 분무량 차이 느껴지시죠~?보통 2단계로만 설정해도 충분하더라구요~​​제품의 디스플레이 터치방식을 사용해도되지만멀리서도 간편하게 리모컨으로 설정이 가능해요~귀차니즘이 심한 나에게 리모컨은 정말... 굳!​또한 LSW850 UV케어 살균 가습기는습도설정도 가능해서 따로 습도기 체크하면서 껐다켰다 하지않아도 된다는 편리함이 있답니다 :)​​이번엔 언박싱 및 간단후기였지만다음번엔 더욱 자세하고 더욱 솔직한 후기 가져올께요:)현재까진 만족중인 롯데 UV살균안심케어 복합식가습기 LSE850이였습니다 :D​​​고
",27,0,1,334,1,1,3173.6,4,,2021. 1. 18. 12:57,536,1515824,상품리뷰,['가격까지 너무 괜찮은거 같아용!!']
