,Post URL,Post,Image num,sticker num,gif num,Paragraph num,Comment num,Video num,weekly viewer mean,Sympathy num,AD,Posting Date,Buddy num,Total visit,Blog category,Comment detail
0,https://blog.naver.com/kwija99?Redirect=Log&logNo=222421846516,"시험이 끝나고 스트레스 푸는데 아이러브페인팅 보석십자수가 딱이예요. 아무 생각없이 티비시청하면서 하면 딱이라고 하더라고요. ㅎㅎ중학생 딸아이가 고른 두 작품으로 여름방학동안 재밌게 보석십자수 하고 있어요. ​​​아이가 고른 작품은 40*50cm 에펠탑과 30*30cm 러브블룸인데요. 아이러브페인팅의 보석십자수는 주기적으로 신제품이 출시되어 선택의 폭이 넓어서 좋았어요. 40*50cm 대형 사이즈 캔버스로 되어 있어서 넓은 공간에서 인테리어효과에 제격이겠더라고요. ​​​​30*30cm 러브블룸도 예쁜데 스케일이 작다고큰거로 해보고 싶다고 하더라고요. 작은 건 끈기와 집중력이 필요한 초6 남아가 해보기로 했어요. ​​DIY보석십자수는 겉박스부터 다르더라구요. 사이즈도 크고 두께도 두꺼워요. ​​중딩이가 확인하더니 훌륭한 선택을 한 것 같대요. ㅋ아이는 보석십자수를 몇 번 해보았었는데요. 아이러브페인팅 쇼핑몰 제품은디자인 수작업을 거친 제품이라 색조화가 타 브랜드 제품과는 비교가 안될 정도로 퀄리티가 좋더라고요. ​​​​​다른 도구는 따로 준비할 필요가 없어요. 여분의 비즈, 펜, 고체풀 등 필요한 도구와 재료가 모두 들어있거든요. ​​​40*50cm 보석십자수 사이즈는 캔버스로 되어 있고비즈가 지퍼백 안에 들어있어서 보관 및 사용이 용이해요. ​두근두근 시작!!저도 해보고 싶은데~ 중딩이 아이는 제손으로 완성시키는 타입이라 한번 시작하면 절대 건들 수가 없어요. ​​옆에서 저랑 동생이 해보고싶다고, 도와준다고 해도 꿈쩍을 안하더라고요. ㅋㅋ 워낙 꼼꼼해서 시간이 좀 걸릴 것 같은데.. 방학 전에는 끝날 것 같아요.​​작은 지퍼백에 들어있던 비즈를 쓸만큼 판에 덜어서 사용하면 되는데요. 자세히 보면 라인이 있어서 살살~ 흔들면 비즈들이 나란히 나란히 줄 자동맞춤이 돼요. ​​​다양한 펜이 준비되어 있어요. 한 개씩, 세개씩.. 여러 개 한꺼번에 할 수 있는 3가지 종류 펜이 있는데요. 여러 개 할 수 있는 펜은 정확도가 떨어진다면서 아이는 한 개씩 붙이는 펜 위주로 사용하더라고요. 빨간색은 고체풀이예요. ​​​도안 위에 비닐을 할 만큼만 신중하게 잘라주었어요. 취미는 도구빨(?) ㅋㅋ 공예용 칼로 비닐만 살짝 잘라주네요. 비닐을 걷어내면 도안에 접착제가 묻어 있어서 한꺼번에 다 벗겨내면 안된답니다. ​​​도안에 맞는 비즈색을 찾은 후에 펜에 고체풀을 찍고 비즈를 붙여서 하나씩 채워나가면 되는데요. 완전 초집중하더라고요. 넓은 펜 쓰면 좋겠는데~ 말이죠. 한땀 한땀 정성을 다하는 그녀!​​와.. 이거 어느 세월에 하니? 한 꼼꼼하는 성격인지라.. 시간은 오래 걸리지만정말 예쁘게 나올 것 같아요❤주변에 요런거 좋아하는 친구가 있다면 생일선물이나 집들이 선물로 좋겠어요. ​​​한 자리에 앉아서 1~2시간은 금방 가더라고요.저 만큼 하는데 꽤 오래걸렸어요. 남들 30분이면 금방할 거 비즈 한 개 들어가는 펜으로 꾹꾹 눌러정해진 자리에 가로, 세로 정확히 맞춰서 하더라고요. 이거이거~ 집콕취미로 딱인데요. ㅋ​​비즈가 자세히 보면 각이 져 있어서 빛에 따라 반짝반짝 참 예뻐요. 아이러브스쿨 보석자수는 빛반사율이 높은 비즈를 사용해서 다른 제품들보다 퀄리티가 높아요.  완성해서 거실에 걸어두면 인테리어 효과로 굿입니다. 도안에 따라 색비즈만 붙여주면 되니 어렵지 않아요. 남녀노소 친구끼리 연인끼리 같이 해도 좋은데왜 손도 못대게 하는지~ㅠㅠ ​​​​좋아하는 아이유 음악 들으면서 채워넣는데 취미활동으로 좋은 것 같아요. 집밖에 잘 안나가는 아이라집콕취미로 추천해요.공부하다 잠깐 음악들으면서 스트레스도 풀고 완성되면 아이가 원하는 곳에 걸어둘 생각이예요. ​​​푹신한 방석에 앉아 이런 자세로 하는게 가장 좋은가봐요. ​​​시험 끝나고 바로 시작했는데.. 한 꼼꼼이 하는 성격이라 아직 많이 진도 못뺐어요. 근데 벌써 한 부분은 반짝반짝 실물이 예쁘더라고요.​​​하나씩 펜으로 고집해서 하다보니(여러 개 할 수 있는 펜 사용하면 좋은뎅..ㅠㅠ) 오래걸리는 대신에 수정하지 않아도 되니 조금씩 완성되어 가는 모습에 만족도는 무척 크더라고요.  에펠탑 완성하려면 아직 멀었는데여름방학 동안 완성시키고 다음으로 마음에 들어하는 명화 찜해두고 있어요. ㅋ 보석십자수 명화 인테리어 소품으로  집콕선물, 취미생활로 추천해요. ​​​https://smartstore.naver.com/alphaway/products/5209853628#보석십자수 #보석비즈십자수 #집들이선물 #보석십자수액자 #취미 #DIY키트 #집에서할수있는취미 #취미생활추천 #아이러브페인팅 #생일선물 #집콕취미 #집콕선물​ 
때
62

137

여.
보노
“>

 

 
때
62

137

여.
보노
“>

 

 
",37,2,3,472,22,2,3749.8,36,revu,2021. 7. 6. 10:14,1103,1992691,육아·결혼,"['이거 함 시간 가는줄 모르겠더라구요', '완성해서 빨리 걸어놓고 싶더라고요. ^^', '동백꽃님 안녕하세요??미세먼지없이 쾌청한 주말입니다. 좋은 추억 많이 만드세요체류하고 가요 동백꽃님', '감사합니다. 좋은 하루 되세요.', '저희집도 그런아이 한명있어요. 탱크 만든다고.. 전 치우든가 아빠가 만들든가 했음 좋겠는데..그대로 자리 차지하고있네요~완성되면 근데 뿌듯함은 두세배인거 아니까..ㅋ완성작 언제가됐든 올려주세요~~완전 신기해요^^', '완성되면 인증샷 올려야죠. 진희님 댁이랑 저희집이랑 약간 성향이 비슷한 거 같아요. ㅋㅋ 두 아이들이..', '동백꽃님 잘 보고 가요~게시글 올리셨길래 보고 갑니다~ 포스팅 잘 봤어요!항상 행복한 시간으로 하루를 가득 채우시길 바랄께요 동백꽃님 ^^', '감사합니다', '울 딸랑구도 요즘 이거에 꽃쳤어요지난번 미니 해바라기 하더니 이번에는 큰사이즈 사달라네요', '해바라기도 화려해서 예쁘더라고요. 해바라기가 금전운이었나요? 곧 방학이라 취미활동으로 좋은 거 같아요.', '스트레스를 보석십자수로 풀다니 와~우리집애들은 요즘 자꾸 미디어에 빠져서 ㅠ', '울집도 유튜브랑 사랑에 빠져있어요. ㅋㅋ 셤 끝났다고 열심히도 보네요. 티비 시청하면서.. 보석십자수까지~ 2가지를 동시에 합니다.', '작품이네요..만드는 재미가 있겠어요~', '재미도 있고 명화라 멋있더라고요.', '명화 아크릴물감 버젼은 그려봤는데보석십자수까지 👍취미로 즐기기 딱인데', '다음엔 뭘 해보고 싶다고 할지.. ㅎㅎ', '요즘 코시국에 집에서 하기 딱 좋아보이네요 ㅎㅎ 잡념 많을때 머리 비우고 한번 해봐야겠어요', '집콕취미생활하기 딱 좋아요.', '저도 보석 십자수 해봤는데 유화랑은 다른 예쁨이 있더라고요^^취미 생활로 좋은듯요', '저도 해보고픈데 ㅋㅋ 기회를 안주네요.', '멋진 작품이네요~~ 저 예전에 십자수에 빠져서 날밤 세던 그때가 생각나네요.. 지금은 허리가 아파서 슬프네요... 보석 십자수라 기존 십자수랑은 또 다른 맛이네요~', '링링뇽님 허리 안좋으신줄 몰랐네요. ㅠㅠ 웨이트해서 등근육 운동하면 덜 하다고 하더라고요. 십자수가 유행이었는데.. 지금은 다양하게 나오네요. 정말~']"
1,https://blog.naver.com/kwija99?Redirect=Log&logNo=221904708161,"집콕만 하고 있는 중딩 딸아이 얼마전 유튜브로 칼림바 연주를 듣더니 푹 빠져드네요. 하프 소리와 비슷한 느낌이여서 좋다는 아이​조금씩 여러 악기를 접해주면서 음악과 친구가 되었으면 하는 맘에 칼림바를 선택했어요. 엄마는 악기에 대해 전혀 모르지만, 아이가 호감갖는 악기가 생겨서 기쁘더라고요. ​하루 칼림바 ​칼림바는 아프리카 민속악기로 금속으로 된 건반의 튕김과 나무의 공명을 통해 소리를 내요. 양손 엄지로 연주하며 맑고 청아한 소리를 내요. 칼림바의 의미도 '작은 음악'이라고 해요. ​지금은 따로 악기를 배우진 않지만..꾸준히 악기를 조금씩 접해주다 보니 새로운 악기를 배우는데 힘들지 않아 하네요. ​ 칼림바 구성품이예요. 하루 칼림바, 칼림바 파우치, 칼림바 조율망치, 칼림바 칼라스티커, 극세사용 면, 악기골무 등이 들어있어요. ​​하루 칼림바 설명서에는 하루 칼림바 구조와 명칭, 구성품, 17음계 칼림바 건반 안내, 칼림바 튜닝방법, 칼림바 맑은 소리 내기, 칼림바 입문 동요 3곡이 들어 있어요. ​아이는 칼림바 튜닝을 하고 싶어 하면서도 혹시나 망가질까 싶어서 못하겠데요. 악기를 소중히 다루는 아이예요. ​얼마전 아이가 길어진 손톱을 잘랐는데.. 그 이후에 칼림바가 배송이 되었어요. 무척 기뻐함도 잠시 손톱을 좀 나중에 자를걸... 너무 아쉬워하더라고요. ​​칼림바는 손톱악기로 엄지손톱의 끝, 흰색부분이 2~3mm정도 있어야 가장 맑은 소리가 나거든요. 칼림바 특성상 가장자리 부분으로 갈수록 건반 길이가 짧아져 울림과 음량이 적다고 해요. 보완하기 위해 긴 건반보다 짧은 건반을 강하게 타건해 발란스를 맞춰주면 된다고 하는데 연습이 필요하겠네요. ​​구성품에 파란색 골무 비슷한 것이 들어있어요. 처음 치다보면 손톱이 아니 손끝에 살로 치는 경우가 있는데요. 아마도 손톱으로 타건 연습을 하기 위한 도구 같아요. ​​음계를 표시하는 스티커도 있는데요. 피아노를 오래 배워서 그런지 필요없다네요. ^^ 칼림바의 소리에 유독 관심있어서 바로 배송되고 부터 매일 30분 이상 틈나는대로 연습(?)하더라고요. ​​칼림바로 뚱땅~뚱땅 거리더니 칠판에 숫자를 쓰네요. 칼림바 숫자 악보를 만들어요. 음악을 모르는 엄마는 신기할 수 밖에요. ㅋ​​음계가 각인되어 있어서 굳이 스티커는 필요없는데요. 칼라스티커를 붙이면 헷갈리지 않고 쉽게 연주할 수 있어요. ​​칼림바 들으면서 힐링해요. 소리가 너무 맑아서 마음까지 맑아지는 기분이더라고요. 아이가 연주할 때마다 귀 기울여 듣게 되요. ​본인이 좋아하는 음악 찾아서 칼림바로 멋진 연주하는 거 보니 듣는 사람도 하는 사람도 분위기에 흠뻑~^^ ​​​초보 칼림바 실력 한번 확인해볼까요?​​하루 칼림바로 잔잔한 동요부터 연주해보았어요. 악기도 배우려고 하면 독학도 가능하더라고요. 칼림바 카페가 있어서 원하는 악보 검색해 연주하는 재미가 있네요. 워낙 음색이 맑아서 마음까지 맑아지는 기분이예요. ​​엄마가 좋아하는 스타일만 연주하네요. 이루마 kiss the rain은 좀 어려운 것 같은데 찾으면 숫자 악보도 있어서 연주하기 어렵지 않아요. 조금만 더 연습하면 더 훌륭할 것 같아요. 언제 어디서든 가지고 다닐 수 있는 악기여서 좋은 취미악기가 되겠네요. ​어디 칼림바 학원도 있을까요? ㅋ칼림바 제대로 배우고 싶다네요. ​​좋아하는 곡들은 연습삼아 쭉~ 가네요. 정말 재밌게 봤던 애니메이션 코코까지~^^ 아이가 당분간 칼림바에 푹 빠져 지낼 것 같아요. 학업 스트레스 받을 때 악기 연주하면서 스트레스를 풀 수 있어서 좋답니다. ​https://smartstore.naver.com/ddanggoostore/products/4499566749?NaPm=​​#하루칼림바 #칼림바추천 #개봉기 #취미악기 #끝음까지이뻐요 #취미악기 #직장인취미 #오르골 #퇴근후힐링 #아프리카악기 #칼림바연주 #재미있는칼림바 #칼림바소리 #칼림바구입 #칼림바가격 #칼림바쇼핑 #엔타브하루칼림바​​​",16,0,0,414,5,5,3749.8,22,suspect,2020. 4. 12. 22:03,1103,1992691,육아·결혼,"['ㅎ 저희도 있어요 ㅎㅎ저흰이제 와콤으로 갑니다.요새 임티열올리고 있어요 ㅎ', '우와~~소리 귀여워요.울 아들 관심가지라 꼬시고파요^^', '같은 악기로 초5  아이도 뚱땅거리는데 소리가 달라요.ㅋㅋ 섬세함이 필요하네요.  부피도 적고 가벼워서 휴대하기 좋고 소리가 맑고 고와요.', '소리가 넘 예뻐요 완전 힐링음이네요~']"
2,https://blog.naver.com/kwija99?Redirect=Log&logNo=222287119092,"​며칠 전 날이 너무 좋아 당일치기 봄나들이 다녀왔어요. 바람이 안 불면 가벼운 옷차림에도 따뜻함이 느껴지는 날씨인데요. 얼마 지나지 않으면 엄청 뜨겁겠더라고요. 그래서 가벼운 초경량 양우산을 장만했어요. ​예전에는 더운 날 양산만 챙겨 다녔는데 비 오는 날, 햇볕 따가운 날 둘 다 커버할 수 있는 가저가몰 양우산으로 가볍게 외출하고 있어요. ​ 숙녀티가 나는 중학생 아이와 같이 쓰려고 가저가몰에서 2개를 골라봤는데요. ​아르데코 154g 초경량 양우산초경량 자외선차단 우양산 꽃 리본 패턴​심플하면서도 예쁜 양우산 종류가 많더라고요. 사춘기 아이는 평소에 가방이 무겁다 보니 우산이나 물병 등.. 잘 안 챙기고 나가는데 초경량이고 디자인도 예뻐서 맘에 들어 하더라고요. ​​​ 아르데코 154g 초경량 양우산양우산 커버는 물론 상자케이스에 들어있어서 답례품이나 선물용으로도 좋겠다는 생각이 들었어요. 백화점에서 양산 구입할 땐 3만 원 이상 줘야 했는데 가저가몰 제품은 초경량에 양우산까지 된답니다. 소재도 마감도 퀄리티가 좋아요. ​보통은 양우산케이스안에 다시 넣으려면 한참 실랑이해야 하는데 아르데코 초경량 양우산은 케이스가 여유가 있더라고요. 위에서 아래로 집어넣는 케이스가 아닌 천필통처럼 지퍼 케이스로 되어 있어서 편리해요. ​​UV 차단에 방수 방풍, 암막까지 되면서 무게는 무척 가벼워요. 우천 시 사용 후에도 UV 차단 성능은 그대로직접 무게를 확인해 봤어요. ​​약간의 오차는 있지만 129~131 왔다 갔다 하더라고요. 양우산 케이스까지 하면 144g 약 계란 3개 정도의 무게인데요. 스마트폰보다 가벼운 초경량 무게라는 것이 가장 맘에 들더라고요. ​너무 가벼워서 튼튼하지 않으면 어쩌지??​​노노~!탄소섬유와 알루미늄합금 소재로 무게는 줄이고 강도는 그대로 유지했어요.​​​작지만 손잡이 기능도 충실하고요. 어른 손바닥, 볼펜 길이보다 5cm 정도 길더라고요. 길이 21cm, 지름 6cm​단열, 방수, UV 코팅기술 ​​방수 레이어, 암막 레이어, 코팅 경화 레이어, 고밀도 레이어, 3D 인쇄 레이어 기술에 마감 처리까지 잘 되어 있어서 견고하더라고요. ​​​자동우산은 아닌데 자연스럽게 펼쳐지죠? 아이가 펼치기에도 어렵지 않아서 어르신분들 가방에 항상 구비해서 다니면 좋겠더라고요. 자세히 보면 노란색 도트무늬가 있어서 밋밋하지 않으면서 깔끔한 느낌을 주는데요. 소재도 맘에 들고 견고한데다가 양우산케이스까지 편하다 보니 평상시 가방에 넣고 다녀요. ​​초경량 자외선 차단 암막 꽃리본 패턴 우양산중학생 아이가 콕 찝은 디자인이예요. 귀여운 꽃무늬와 화사한 색상이 적용된 우양산으로 테두리까지 귀엽더라구요. ​라이트핑크, 그레이, 네이비, 스카이블루, 아쿠아 등 색상도 다양해서 아이가 고를 때 이것도 이쁘다, 저것도 이쁘다 한참을 고심해서 골랐어요. ㅋㅋ ​​사는 지역에 봄비도 몇 번 오고 했더니 사용하고 대충 접어 놓았더라구요. ㅋㅋ 5단으로 접혀서 이 제품 또한 휴대성이 무척 좋아요. 길이로 따지자면 아르데코 154g 우양산보다 길이가 짧은데요. 무게와 디자인의 차이 정도만 있을 뿐 기능은 비슷하더라고요. ​우산케이스는 어디에 둔 건지.. ㅠㅠ ​​예쁜우산도 가벼운 편에 속하죠? 215g아이 책가방 주머니에 쏙~ 들어가도 가벼워요. 오히려 코로나로 매일 가지고 다니는 물통이 더 무겁더라고요. ​​예쁜우산 5단 꽃무늬 경량 우양산은 UV 코팅과 방수 코팅, 검정 암막이 적용되어 있어 양산과 우산으로 활용 가능한 제품이에요. UV 차단 등급 UPF50+(99%차단)검정 암만으로 빛 반사를 줄이고 열을 흡수해 자외선 차단과 열 차단 효과가 높답니다. ​​아이가 고른 리본 무늬예요. 리본 무늬에 화사한 색상이 잘 어울리더라고요. 여러가지 꽃무늬 패턴 중에 심플한 느낌이 더 느껴지는 디자인으로 골랐더라고요. ​​​우산 끝단이 물결 모양이 되어 있어 너무 귀여워요. 양산 테두리와 바탕 색상이 대비가 돼서 포인트가 되더라고요. 개인적으로 테두리가 앙증맞아서 좋았어요. ​좀 컸다고 캐릭터는 이제 기겁하더니 ㅋㅋ가볍고 산뜻하고 접히는 사이즈가 작아 좋답니다. 매고 다니는 가방이 포화상태라 매번 툴툴거리는데5단이라 비상시에 사용하기 딱 좋다고 해요. 가지고 다니는 필통이랑 길이가 똑같더라고요. ​​봄비가 내리던 날 등교하면서 우산으로 첫 개시를 했어요. 빗소리를 무척 좋아하는 딸아이의 발걸음이 가볍더라고요. 딸아이와 한 번씩 번갈아 사용하기로 했어요. ​더운 날은 잠시 양산으로 비 오는 날은 우산으로 활용 가능한 가저가몰 초경량 우양산 가성비 너무 좋아요. ​​ https://smartstore.naver.com/gajeogamall ​#예쁜우산 #양우산 #가저가몰 #초경량우산 #초경량양산 #자외선차단 #암막양우산 #경량우산 #암막양산 #초경량 #우양산",28,0,0,519,6,1,3749.8,20,,2021. 3. 25. 15:50,1103,1992691,육아·결혼,"['비상용으로 갖고 다니기 좋네요', '정말 가벼워서 부담안되는 무게예요.', '이제 우양산이 필요할시기죠저두 우양산 봄이 되면 필수로 가지고 다녀요', '내 젊을 땐 모르다가 지금은 정말 필수품이예요. ㅋ', '가벼우니 가방에 넣고 다니기 좋겠어용~^^', '가벼워서 넣은지도 모를정도예요. 암막이라 더 좋고요.']"
3,https://blog.naver.com/kwija99?Redirect=Log&logNo=221739451774,"​​PERFECT ALL IN ONE CAPSULE DETERGENT​​​​​우리집 세탁기 위에 자리를 잡은 엘모트 퍼펙트 캡슐 세제예요. 딱 받아든 순간 가볍다는 느낌과 함께 50개나 들었는데.. 가로15*20이 살짝 안되는 생각보다 작은 사이즈로~양에서 부족하지 않을까 생각도 들었더랬죠. ​​액체, 가루, 뽑아쓰는 세제는 써봤는데 캡슐은 처음이야~​​​​개봉전 스티커로 봉인이 한 번 되어 있네요. 세탁+섬유유연+향 기능이 한 번에 담은 고농축 캡슐 세제즉, 3 in 1 간편세탁​이거 하나면 정말 될까? 궁금하더라고요. ​나처럼 세탁기에 가는 횟수 번거로워 해서 섬유 유연제도 잘 안하는 사람한테는 짱인데~^^ 이 생각부터 들더라고요. ㅎㅎ ​여름에는 섬유유연제 안쓰다가 겨울되니까 정전기 때문에 어쩔 수 없이 섬유유연제도 쓰고 창문 열고 빨래 널기 어려우니 향도 있음 좋고요. ​​​​그 외에 7중 효소 파워 세탁 알러젠 FREE 안심세탁유해성분 10가지 NO​​처음 만나고 나서 개봉을 어찌해야 하는지 정말 당황했어요.  어린이들이 함부러 만지지 못하도록 해 놓은 것은 좋은 계획인데.. 딱 보고 내가 못열겠더라고요. ㅎㅎ​​​​화살표 방향을 보니 검지와 엄지를 동시에 누르는 건가? 실패위로 들추는 건가? 실패(초등 고학년 아이에게 저처럼 시키니 위로 올리려고 하더라고요.)​네이버 검색으로 보니 우측으로 미는 거였네? 근데 왜 양방향으로 해봤지? 아이들 접근 못하게 하려다 어른들도 쉽게 이해하지 못했다는.. ㅠㅠ​​​​알면 엄청 쉬운데~ 말이죠. ㅎ​뚜껑을 열자마자 정말 향기 가득이네요. 부드러운 시그니처 향이라고 되어 있는데, 부드러운 향이 진하게 풍기는데 독하게 느껴지지는 않았어요. ​​​​​개봉해서 만난 엘모트 퍼펙트 올인원 캡슐세제~ 성능도 좋지만 첫 느낌은 보석같지 않나요? 분명 세제인데 아이들 노는 말랑이 같은 감촉에 자꾸만 들고 있고 싶은 거예요. 초6 아이도 이 감촉 너무 좋다면서 계속 주물주물~ㅋㅋ혹시나 터질까 싶어서 살살해~ 살살~ 세제 터지면 수습 불가!!! ​그러면서도 저도 주물주물~ 만지고 있는거 있죠. 촉감이 좋아서 어느새 계속 빠진다 빠져~~~ ㅎㅎ ​​유해한 10가지 성분이 불검출된 안심 레시피로 되어 있다니 걱정 마세요. 형광증백제, CMIT, MIT, 파라벤류(6종), 폼알데하이드, 비소, 테트라크로로에틸렌, 전인산염, 벤젠, 알러지유발성분(26종) 등 유해성분 걱정 없어요. ​피부 자극 테스트 완료한 제품이니 초등 아이들 알레르기 걱정은 덜었네요. ​​​세제 사용법을 알아볼까요?​​​우선 엘모트 퍼펙트 올인원 캡슐세제는 세제 투입구가 아닌 세탁기 통 속에 캡슐 세제를 넣어요. ​어라, 캡슐세제를 옷을 넣고 그 위에 넣는 것이 아니라~​​​먼저 캡슐 세제를 세탁조 바닥에 넣고 빨래를 넣으라고 하네요. 그렇지 않을 경우 잔여물이 남을 수 있다고 해요. 겨울에는 찬물 세탁보단 온수로 하니 잔여물 걱정은 그닥 걱정하지 않아도 될 것 같네요. ​​1회 1캡슐로 최대 6kg까지 세탁이 가능해요. 오! 빨래양이 이 정도 상당한데.. 정말 간편해요. 가루는 날리기도 하고 액체는 양 맞추기 힘든데.. 세탁물 넣기 전 하나 톡 던져 넣으면 될 듯~​​* 주의사항 * 어린이 손이 닿지 않는 곳에 보관하는 것​​세탁 후 빨래를 확인했어요. 육안으로 꼼꼼히 확인하였는데 잔여물은 전혀 남지 않았어요. ​꺼낼 때 향도 아주 진하기보단 은은해서 마르고 나니 저의 취향에는 딱 맞더라고요. 사실 너무 진한 향을 싫어하는 지라내심 걱정이 되었어요. ^^​​​빨래~ 끝!!!​​​빨래 하고 나니 너무 상쾌하네요~!​엘모트 퍼펙트 올인원 캡슐세제 추천해요. ​​​​​- 레몬테라스 카페체험단으로 선정되어 엘모트로부터 제품을 지원받아 작성하였습니다 - ​ 
 
",12,3,0,414,4,3,3749.8,18,text_ad,2019. 12. 16. 21:33,1103,1992691,육아·결혼,"['오~ 캡슐세제도 있다니...참 신통방통한 물건들이 많이 나오는 듯~~', '캡슐세제가 더 깨끗이 빨리는거 같더라고요.편하긴 한데 너무헤퍼서  ㅎㅎ쑥쑥 쓰게 됩니다.', '', '캡슐세제 신기하네요']"
4,https://blog.naver.com/kwija99?Redirect=Log&logNo=222410071120,"부모님이 올초에 병원에 잠시 입원하는 과정에서 시국이 이러니 병원절차도 까다롭고 아프지 말아야겠다는 생각이 절로 들더라고요.아프지 않으려고 작년엔 안하던 운동도 아이들과 틈틈히 하고 있어요. 마스크도 항상 착용하니 감기 한번 안걸리고 넘어가서 참 감사하더라고요. ​아이와 매일 만보씩 파워워킹 하면서 몸 상태 변화체크도 하고싶고, 부모님이 고령인지라 혹여나 아프실 때 건강체크 할 수 있는 휴대용 풀템 산소포화도 측정기를 알게 되었어요. ​​​배송은 이틀만에 도착!바로 사용할 수 있도록 배터리와 한글설명서가 동봉되어 있어요. 어르신들 보기 편하도록 긴 설명없이 간단하게 꼭 필요한 설명만 되어 있더라구요. ​​풀템 산소포화도측정기는 4가지 종류가 판매되고 있어요. ​심플형/ 스텐다드형/ 디럭스형/ 프리미엄형​​고급형 산소포화도측정기디럭스형과 프리미엄형 구매시 휴대용 미니 파우치도 증정하고 있어서 보관하기 좋더라고요. ​​ 풀템 산소포화도 측정기 뒷편에 배터리를 넣어주었어요. 손으로 쓱 밀면 덮개가 빠지더라고요. 저는 사용하기 좋도록 같이 동봉되어 있던 하늘색 끈손잡이도 달아줬어요. ​​가족들이 언제든지 찾아 사용하기 좋도록파우치 겉면에 '산소포화도 측정기' 라벨을 붙여뒀어요.평소 약 등에도 라벨을 해두면 어른신분들도, 아이들도 찾기 쉽더라고요. ​​​부모님이 혈압, 당뇨가 있으셔서 측정기가 있긴한데그것만으로 안심이 안되더라고요. 그래서 혹시나 편찮으실 때 비상용으로 가정에서 가지고 있으면 도움이 되겠더라고요. 정말 많이 아프게 되면 목소리도 안나오고 몸도 내맘대로 안되는 경우가 종종 있더라고요. 그럴 때 손가락에 산소포화도 측정기로 산소포화도와 심장박동 수치를 참고할 수 있어요. ​혈중산소포화도(SpO2)혈액 적혈구의 헤모글로빈에 결합된 산소양​산소포화도 정상범위​즉 적혈구에 의에 운반되는 산소의 양으로 얼마나 효과적으로 호흡하고, 산소가 전신에 잘 전달되는지 등을 알수 있어요. ​정상인 경우 산소공급이 원활해 뇌기능이나 면역력, 체력 등에 이상이 없음을 뜻하고요.​산소포화도가 낮은 경우 폐렴, 다발성 장기부전 등 위중한 상태거나 폐질환 등 호흡기 질환이 좋지 않은 경우랍니다. ​그러기에 이런분들에게 추천해요. ​만성피로로 컨디션을 파악하고 싶은 분건강상태를 확인하셔야 하는 고령자호흡기 질환자산이나 고산지대 활동자운동하며 몸 상태 변화를 알고싶은 분​​전원 버튼을 눌러 전원을 켠 다음 집게를 사용하듯 산소포화도 측정기를 벌려줘요.손가락을 넣어주면 되는데요. ​​선명한 LCD, OLED 화면으로 고령자분들도 확인이 쉬워요. 디스플레이나 소리도 조절 가능하지만굳이 조정하지 않아도 되겠더라고요.원터치 작동으로 사용하는데는 쉽다는 거예요. ​​풀템 산소포화도측정기는 센서감지가 탁월해서 손넣고 버튼 누르니 바로 빠른 측정이 가능해요. ​​적은 오차 범위로 높은 정확도를 보여준답니다. ​손가락을 끝까지 넣어야 측정이 돼요.8초 동안 측정이 안될 경우 대기 상태로 돌아간답니다. ​​초6 남아랑 운동 전 산소포화도랑 심박수 체크!!​​​​산이 이어진 것처럼 보이는 그림은 심박동수 가로형 그래프예요. 왼쪽 숫자는 산소포화도가운데 막대는 심장 박동수 세로형 그래프에요.배터리 잔량표시도 있어서 편리하더라고요. 오른쪽 숫자는 (평균)심장박동수를 표시해요. ​​운동전 산소포화도와 심박수는 정상입니다.​​대기화면에서 전원버튼을 짧게 누르면 내가 보기 편한 디스플레이를 선택할 수도 있어요. 대기화면에서 전원버튼을 길게~ 누르면 소리설정도 ON/OFF로 할 수 있더라고요. ​​​​운동장 2바퀴 달리고 산소포화도를 체크했는데요. 심박동수는 126에 산소포화도는 86산소포화도는 낮아지고, 심박동수는 증가했네요. ​극심한 운동하고 난 후는 어떻게 되는지 궁금하다면서 저녁 운동 후에 다시 체크해보기로 했어요. ​​​한글설명서가 동봉되어 있어서 사용법을 금방 알수 있었어요. 하지만 굳이 사용법이 없어도 원터치 형식으로 바로 사용할 수 있어더라고요. 작동법 간단하고 다양한 종류와 가격에 골라 구입할 수 있어서 좋더라고요. 게다가 가격도 저렴한 편!센서감지도 빨라서 성격급한 저한테 딱이네요. 휴대성도 좋음자주 쓰진 않아서 집에 환자가 있거나 몸이 안좋을 때 비상시 안심이 되겠더라고요. ​​구매일로부터 2년 A/S 서비스 제공!​https://smartstore.naver.com/fulltem/products/4511851250#산소포화도측정기 #휴대용 #맥박측정 #헤모글로빈 #혈중산소 #산소포화도 #옥시미터 #부모님선물 #부모님건강 #산소포화도정상범위",20,1,1,441,8,1,3750.0,39,text_ad,2021. 6. 25. 19:26,1103,1992692,육아·결혼,"['사용법이 정말 간편하네요~~온 가족 건강 체크하기에도 아주 좋겠어요^^', '네. 가격도 저렴하면서 건강체크하는데 도움되더라고요.', '사이즈 작고 사용법도 간단하니 유용하겠어요.^^', '별거 아닌듯 하면서 든든한 느낌이 있어요.', '오~~ 이런것도 있군요. 좋은 정보 감사합니다~!!', '오` 건강관리에 도움이 되겠어요']"
5,https://blog.naver.com/kwija99?Redirect=Log&logNo=222372400429,"안녕하세요? 코로나로 바뀌어버린 일상, 저 역시도 가방에 필수적으로 물티슈, 손소독제품, 위생장갑 등 자꾸 갯수가 늘어나는데.. 또 늘어났어요. 아이들 외출하게 되면 공중화장실 잘 안가려고 하죠. 울 아이들은 초등 저학년 때만 해도 학교 화장실도 더럽다고 참고 또 참더라고요. 고학년 되니 이용하긴 하는데 깨끗해보여야 그나마 가더라고요. 저도 어렸을 때 그랬던 듯..^^ 여아들의 경우 변기에 앉을 수 밖에 없으니 더 신경이 쓰일 수 밖에 없는데요. 아이의 찜찜함을 좀 해결해주고 싶어서 N커버를 사용하게 되었어요. ​​일회용 변기커버 N커버 입니다. 박스로 되어 있어서 100매가 낱개포장으로 들어있어요. 국내산 천연펄프 100%​​다른 사람이 화장실을 어떻게 사용하는지 알수도 없고~  뉴스 기사에 공중화장실 변기를 밟고 올라간다는 사람도 있더라고요. ㅠㅠ 정말 깜짝 놀랐네요. 그러다보니 공중화장실 가면 눈으로 한번 변기 싹 훑어보고 사용하는데도 찝찝하기 그지 없어요. ㅠㅠ ​​​​이미 시중에는 소독스프레이도 있고, 티슈도 있지만 손에 직접 닿게 되니 불편하더라고요. 그런 점에서 N커버는 편리하게 사용할 수 있어요.​​​​앤커버는 중국산이 아닌 국내에서 제조하고 향균처리(향균력99.9%)가 되어 있고 시험성적서가 상세페이지에 첨부되어 있어요. 마스크 품귀현상이 일어났을 때도 피부에 접촉하는 마스크도 중국산은 남아돌더라고요. 품질검사 꼼꼼하게 하는 앤커버로 공중화장실 안심하고 사용하고 있어요.  ​​​화장실 이용할 때 쓰레기통 없는 곳에선?? 땀에는 젖지 않으면서 잘 풀리기 때문이예요. 발수처리를 하면서도 변기 안에 들어가면 잘 풀린다니 신기하죠. 혹시나 변기가 막히면 어쩌나? 하는 걱정은 안해도 된답니다. 하지만 쓰레기통이 있으면 저는 무조건 쓰레기통에 넣는 편이예요. ^^​​​​처음 사용해보는 N커버, 엉덩이를 대보기도 전에 고정이 안되서 변기에서 미끄러지는 거 아냐? 하는 걱정도 되었어요. 신기하게 측수처리된 점착부분이 있어서 고정이 된다는 거에 어린 아이들도 쉽게 사용할 수 있겠더라고요. 그런데 점착부분의 끈끈함도 남지 않아요. ​​직접 개봉해서 보여드릴게요~♡손으로 개봉하기 쉽도록 비닐면이 ^v^v^v 요렇게 되어 있더라고요. ​​접힌 순서대로 펼쳐 보았어요. 펄프가 굉장히 얇은데 힘을 주면 찢어지겠지만 일부러 찢지 않는 이상일회용으로 사용하는데는 문제없더라고요. 얇은 기름종이 느낌이예요. ​​​뒷면에 N커버 봉투가 아주 잘 비치더라고요. 시중의 변기커버가 모든 변기에서 사용가능하진 않았나봐요. 앤커버는 모든 변기에서 사용 가능!!​10번 이상의 시행착오를 겪어 개발한 N커버는 홈 상단 부분에 칼선을 넣어 착석시 크기가 조절되게끔 만들어졌어요. ​칼선이 어딨나~??눈에는 안띄는데 자세히 보면 칼선이 있어요. 직접 손으로 우선 선 따라 찢..ㅋㅋ ​​앉으면 엉덩이 접촉시 힘에 의해 찢어져요. ㅋ ​직접 앉아서 사용해보았더니 칼선으로 된 곳 빼곤 쉽게 찢어지않을 뿐더러 변기에 직접적으로 살이 닿지 않으니 기분이 상쾌하더라고요. 피치 못하게 공중화장실 다녀오면 개운함도 있지만 많이 증식하는 세균들이 걱정이 되었던 것도 사실이거든요. ​​좌우에 파란 스티커로 사용시 미끄러지거나 흔들리지 않도록 고정하게끔 도와줘요. ​​우리집 화장실에서도 시험삼아 처음 써보고요. 아이들이 이게 뭐냐고? 첨엔 반응이 떨떨..ㅋ근데 아이들 데리고 육안으로라도 깨끗한 화장실 찾아다닌 적이 자주 있던터라 용도를 알려주니 실용적이랍니다. 그쵸. 그쵸~!니들이 다 쓸거란다.. ​​공중화장실에서도~♡찝찝함도 제로. 편안하게 이용해요 ㅋ7월 여름휴가 갈 때 챙겨갈랍니당.​100매면 뭐~ 한 동안 걱정없이 쓸 것 같아요. ​​저는 아이들과 거의 함께 동행하다 보니 가방에 위생용품이 가득.. ㅎㅎ 이것도 꽤 자리를 차지하더라고요. 핸드백 안에는 뭉텅이로 몇 개 넣어두고요. 3단 지갑 안에는 비상용으로 한 장!카드 크기 정도로 1매씩 개별포장 되어 있어서 지갑안에 쏘옥 들어가는 것도 좋았어요. 휴대하기 부담스러운 크기는 아무리 좋아도 사용이 쉽지 않더라고요.  N커버는 휴대성이 최고라~ 넘 좋습니다.​이미 지갑 안에 각종 카드랑 쿠폰 등이 많았는데도 한개는 가볍게 들어가네요. 3단지갑에도 잘 들어가요. ㅋ​​임산부나 영유아, 어린이의 경우 면역력이 약해서 위생용품을 더 잘 챙겨야하거든요. 하루에 한번 외출할 때 공중화장실 이용시 물티슈랑 함께 앤커버로 위생챙기세요. ​​www.sgsg.co.kr​​#일회용변기커버 #공중화장실변기 #손소독제 #생리대파우치 #마이비데 #N커버 #화장실필수품 #앤커버본 포스팅은해낭업체로부터
소정의제품을제공받았지만
직접제험후 직성하였습니다
본 포스팅은해낭업체로부터
소정의제품을제공받았지만
직접제험후 직성하였습니다
본 포스팅은해낭업체로부터
소정의제품을제공받았지만
직접제험후 직성하였습니다
",26,1,0,484,6,1,3750.0,25,text_ad,2021. 5. 28. 21:51,1103,1992692,육아·결혼,"['동백꽃님 안녕하세요??비가와서 그런지 저번주보다는 다소 쌀쌀한 주말입니다. 행복한 주말 보내세요 동백꽃님', '감사합니다 좋은 주말 되세요', '포스팅 구경 잘했습니다.아이 서울대 보내려고 스마트폰 관리하는 앱을 직접 만들고 있는 개발자 아빠입니다.자주 소통해요~', '감사합니다', '공공화장실에서 사용하니 좋더라구요']"
6,https://blog.naver.com/kwija99?Redirect=Log&logNo=222326196139,"고학년 <키큰하늘> 시리즈 5번째 작품, 쏘핫 다이어트 캠프가 출간되었어요. 성장기 아이들에게 부모의 말 한마디가 잔소리로 들릴 나이죠.그래서 책 한 권 읽으면서 느끼는 바가 많은 가치동화, 성장동화라 신간이 나오면 너무 반갑더라고요. ​​쏘핫 다이어트 캠프표지를 보곤 살짝 무서운 느낌이 들어서 주저주저 했어요. 왜냐면 초6 남아가 겁이 많아서 공포동화를 못 읽거든요. ​누나나 엄마가 공포소설을 읽고 싶을 땐 숨겨놓고 봐야해요. ㅋㅋ ​​정말 무서울까? 고학년도서니까 너무 무섭진 않을꺼야~초6 남아가 한창 간식을 멀리하며 다이어트 중이라 ​​다이어트 의지를 불싸르는데 도움될 수 있겠더라고요. 정말 도움이 되었을까요??​​​이 책의 주인공인 아인이.무척 먹는 걸 좋아하는아인이를 보면서 초6 아들이랑 똑같더라고요.. ㅋㅋ ​먹을 걸 수시로 입에 달고 살고.. 대학생인 아인이 언니는 피팅모델이라 늘 비교의 대상.​우리집도 큰아이는 늘씬늘씬해서 초6 남아가 스트레스 받아하더라고요.  그래서 요즘 같이 밤마다 같이 걷기운동을 하고 있어요. ​​​다이어트보다 먹는게 더 좋은 아이이에게 엄마는 다이어트 캠프를 권하는데요. ​""밥 먹은 지 얼마나 됐다고 또 먹고 있는 거야?""라는 아인이엄마 말에 저도 뜨끔했어요. ㅠㅠ​유투버 '헤이맨'의 먹방 애청자인 아인이는 많이 먹어도 운동을 열심히 하면 살이 찌지 않는다는 말을 믿곤 수영도 열심히 해요. 어느 날, 대학생 언니의 옷을 입어봤다가 옷을 찢어놓게 돼고 언니로부터 심한 말을 듣곤 친구들과 '엘리엇의 다이어트 캠프'에 참가하게 되었어요. ​​​캠프로 향하는 버스에는 아인이와 친구들 외에 수다쟁이 아줌마, 뚱뚱한 아저씨 그리고 어디서 본 듯한 느낌의 마스크로 얼굴을 가린 수상한 청년과 무뚝뚝한 운전기사 아저씨가 있어요. 캠프장소에 도착하자 엘리엇은 목표 체중까지 살을 빼면 원하는 소원을 들어준다고 하네요. ​계약서를 제출하고 나니 식사대신 가루봉투를 주네요. ​미네랑과 필요한 영양소가 모두 들어있다지만이거 먹고 견딜 수 있을까요?​​​캠프 건물 뒤쪽에는 연못이 있어요. 거무튀튀하고 당장 무언가 튀어 나올 것 같은 느낌에 친구들과 검색을 해보니 연못 자리에 집이 있었고 화재가 나면서 남자 한명이 탈출 직후 사망하고,  그 안에 있던 사람들이 사망했는데 몇 명이 있었는지 모른다는 이야기와 그 이후로 집이 가라앉아 늪지대처럼 변해버렸다는 기사에요. 창문으로 아른거리는 연못가의 불빛이 신경쓰이는 아인이거기에 더해 친구 희연이가 경험했던 무서운 이야기를 해주는데요. 직접 경험한 생활 속 괴기담이 가장 으스스한 것 같아요. ​​​​캠프 4일째, 아인이는 가져온 초콜릿의 유혹을 뿌리치지 못하고 몰래 까먹어버려요. 집이 필요하다는 아저씨, 아픈 동생을 낫게 해주고 싶은 희연이.. 등 목표체중까지 살을 빼면 어떤 소원이든 이뤄준다는 엘리엇의 말에 다들 반신반의 하더니 마지막 21그램을 빼고야 말아요. ​​""자, 잠깐만요! 난 평생을 집 한칸없이 떠돌았어요. 처음에 내가 말한 건 농담이 아니었단 말입니다. 아내에게도, 아이들에게도 원하는 걸 제대로 해 주지 못했죠. 믿어지지 않지만 정말 내가 원하는 걸 해줄 수 있다면.. 그게 사실이라면...말씀하신 대로 제 마지막 21그램을 빼 주세요. ""​아저씨의 간절함이 느껴지더라고요. ​그리고마스크를 쓴 청년은 알고보니 유투버 '헤이맨'이었어요. 먹방을 하면서도 체중관리를 잘 한 그 헤이맨은 유튜브에서 만날 때랑은 달리 행복하지 않았어요. ​​그러면서목표체중을 이룬 사람들이 하나둘씩 사라지기 시작해요. ​다들 어디로 간걸까요?​이러다 아인이만 남게 되는 건 아닐까 걱정이 되더라고요. 아인아~ 너도 살을 빼야지!저또한 어느새 응원하고 있더라고요. ​​날씬한 사람만 선호하는 현실이 우리 아이들에게 은연중에 강요하고 있는건 아닐까초6 남아 운동도 무척 좋아하고 먹는 것도 좋아하는데은연중에 가슴이 좀 나오니 위축되는 아이를 보니 안쓰러웠어요. ​​아인이는 누구보다도 건강하고 용감한 아이더라구요. 체중보다 건강한 마음이 중요한건데 알게 모르게 아이에게 날씬한 사람, 뚱뚱한 사람으로 나뉘어 주입한 건 아닐까​​아이와 함께 읽고 다이어트 해야한다는 강박에 사로잡힌 것을 반성하면서  다이어트보단 우선 나를 아끼고 사랑해야 겠다라는 맘이 들었어요. ​​​출판사로부터 도서만 제공받아 쓴 솔직한 후기입니다​​#쏘핫다이어트캠프 #공포동화 #잇츠북 #초등고학년추천도서 #호러동화 #가치동화 #성장동화 #무서운동화 #성장 #자존감 #창작동화셔
제
",9,1,0,488,2,0,3750.0,22,text_ad,2021. 4. 28. 15:28,1103,1992692,육아·결혼,['앗 울 둘째 요즘 너무 잘먹어서 매번 또 먹냐고 말했는데!그럼 안되겠어요']
7,https://blog.naver.com/kwija99?Redirect=Log&logNo=222002876512,"평소에 머리카락이나 부스러기가 바닥에 있으면 주우러 다녀서  로봇청소기가 있으면 한결 집안이 쾌적하겠다 싶었어요. 집에 머리카락 긴 여자가 2명인데다 머리카락이 엄청~ 잘 빠져서 돌아다니면 그 흔적들이.. ㅠㅠ ​​가성비 좋은 물걸레 로봇청소기가 여기 있어요. 물걸레 로봇 청소기 ES28​​​제품 특징 먼저 살펴볼까요? ​USB충전강력한 흡입력 초간편 분리 먼지통물걸레 기능 탑재간편한 원터치 버튼으로 작동센서탑재로 인하여 스스로 이동하여 청소하는 방식소음 45db이하대리석, 타일, 목재바닥 등 어디든 사용가능3시간충전에 사용시간 1시간 30분​​​이 정도면 기능은 아주 훌륭하네요!​가장 중요한 가격도 엄청 저렴해요. 집에 청소기도 있는데 굳이 비싼 로봇청소기까지? 라고 생각할 수도 있는데요. 유무선청소기 3~4번 돌릴 때, 로봇청소기가 있으니 하루 한번 돌리면 충분하더라구요. 어린 아이 있는 집이라면 육아 하기도 힘든데.. 물걸레로봇청소기는 꼭 있어야 해요. ㅋ그리고 애완동물 있는 집이요!​배송오자 마자 신나게 돌려봤어요. 그만큼 격하게 환영해!​성격급한 가족들 있는 곳에 와서~ ㅎㅎ설명서도 없이 시작!​​​조작 없는 소리예요. 샤오미보다 소리가 작은거 같다며 언니가 놀라더라구요. 저렴해서 시끄러울 것 같았는데 이 정도 소음은 적은거라면서요. 스스로 알아서 돌아다니는 물걸레로봇청소기!​​​​설명서 굳이 없어도 간단해서 부모님들도 쉽게 쓰기 좋아요. 스타트 버튼 하나로 끝!어려운거 싫어하고 번거로운거 싫어하는 부모님 선물로 너무 좋을 것 같아요. ​미리미리 치워 놓은 깨끗한 방!인데요. ​아이도 쉽게 먼지통을 분리해서 확인할 수 있어요. 중딩 아이가 직접 먼지통을 열었어요. ​​​두근두근~!​​​우와! 이거..이거.. 분명 청소해 놓은 방인데~ㅠㅠ 작은 먼지들이 꽤 있네요. ​​이렇게 청소 중일 때는 START버튼에 파란색 불이 들어와요. KC인증 받은 배터리 탑재로 안전하게 충전 및 사용가능 배터리 교환 가능하다니 더 안심하고 오래 쓸 수 있어요. ​​지름은 28cm크지도 작지도 않은 적당한 사이즈예요. 1인 가구의 경우 굳이 비싼 청소기보다는 청소도 쉽고 저렴한 물걸레로봇청소기가 나아요. 물걸레도 가능하고 알아서 청소해주니까~울집은 머리카락 청소가 주된 이유랍니다. ㅋ로고 인쇄도 가능해서 기업체 로고및 판촉 선물로도 좋아요. ​​​찍찍이로 물걸레를 떼었다 붙일 수 있어요. ^^양옆에 달린 날개가 먼지나 머리카락을 흡입구로 모아 준답니다. ​​걸레에 물 묻혀서 물기 짠 다음 붙여서 이용하면 한번에 바닥 청소 쉽게 해요. ^^흡입력은 1800pa, 먼지함 크기는 400ml이어서 매일 한번씩 돌리고 일주일에 한번 정도 먼지통 비워주면 좋겠더라구요. ​​​​청소하는데 아이들이 졸졸~ 따라다여요. ㅎㅎ 윽~ 피해피해! 유튜브에서 로봇청소기 위에 고양이가 타고 다니던데.. 해보고 싶은데~ 고양이가 없어요. ㅠㅠ 그래서 애들이 휴대폰 올려놓고 돌려요. ㅋㅋ​​집에 밀대도 있고.. 귀찮으면 일회용 물티슈 발로 막 밀고 다녔는데~이제 얘 시키려구요. ㅎㅎ ​​배송오고 나서 정말 물걸레 로봇청소기가 열일 했어요. 매일 쉬지 않고 집 구석구석 청소했네요. ​​충전 케이블이 동봉되어 있는데요. 휴대폰 잭이랑 연결해서 바로 충전할 수 있어요. 충전기 배터리 용량은 1,200Mah충전하면 이렇게 빨간 불이 들어온답니다. ​가성비 굿! 저렴한 가격에 사용법은 간단하면서 기능도 굿! 하나 있으니 몸이 더 편해지네요. ㅋ​집들이 선물, 부모님 선물, 신혼부부선물, 엄마 좀 편하시라고 엄마 생일 선물로도 좋아요. ​​  https://coupa.ng/bEaxgK​​#로봇청소기 #집들이선물 #물걸레로봇청소기 #로봇청소기추천 #저렴한로봇청소기 #신혼부부선물 #부모님선물 #엄마생신선물 #엄마생일선물 #가성비좋은로봇청소기 #선물추천 #집들이선물추천 #물걸레청소기 #생활용품 #청소용품 #1인가구청소 #청소템 #바닥청소 #머리카락청소 #먼지청소 본 포스트는 제품을 무상으로 지원 받아 작성한 솔직한 후기입니다",15,0,1,410,0,3,3750.0,22,text_ad,2020. 6. 16. 19:48,1103,1992692,육아·결혼,0
8,https://blog.naver.com/kwija99?Redirect=Log&logNo=222176481807,"​아이들이 집에 있다보니 먹거리 고민이 가장 크더라구요. 학교 급식이 그립네요~^^매일 뭘 사긴 하는데 뒤돌아보면 없고날이 추워져서 급 종이컵 계란빵이 생각났어요. ​전자레인지에 해도 금방 만드는 계란빵~!!오늘은 에어프라이어로 했어요. ​​양을 얼마나 할까 고민하던 차에 핫케이크 믹스 200g으로 종이컵 3개 했다기에 바로 시작했죠. 준비에서 에프에 넣기까지 10분이면 되더라구요. 손빠른 분은 5분이면..ㅋ ​​<준비 재료>  우유, 핫케이크믹스, 계란, 올리브유, 소금 약간​핫케이크믹스에 우유넣고 휘적휘적..섞기전에 핫케이크가루를 채에 한번 걸러주면 덩어리도 안생기고 좋아요. 전 귀찮아서 대충했어요. ​농도는 적당히~ 몇 번해본 결과 너무 묽게 하지만 않으면 눈대중으로 해도 되더라구요. ​​종이컵 3개에 올리브유를 소량 넣어요. 올리브유 대신 식용유도 괜찮아요. ​​비닐장갑끼고 꼼꼼히 발라주세요. 요거 안하면~완성됐을때 빵이 컵에 붙어서 안떨어져요. 빨라야 쏙 빠짐~^^​​3개 분량 준비했는데..  1개 더 추가!절대 컵 하나에 절반 이상 올라오게 하심 안되요. 넘쳐요. 넘쳐!욕심에 많이 먹겠다고.. 많이 넣었다가 설거지 거리만 더 생겼죠. 차라리 적게 넣는게 나아요. ㅋㅋ ​ ​​200g 핫케이크 믹스 종이컵 4개에 맞더라구요.계란 한 개씩 퐁당~! ​​​​계란 위에 맛소금 쬐금 뿌려줬어요. 위에 하나씩 계란 올려줬는데 모양은 다 제각각 나온다는.. ㅎㅎ​​​미리 살짝 예열시켜두었는데안해도 될 것 같더라구요. 170~175도/ 20~25분 정도 해주었어요. ​​탔나??? ​​​​살짝 탄듯 보이지만~ 전혀요. ㅋ 살짝 위에는 바싹하게 되었어요. 안에 식용유든 올리뷰유를 잘 발라줘야 쏙 빠진다는거 잊지 맛세요~^^​​​분명 계란을 가장 위에 올렸는데 제각각이죠?? ㅋ 정중앙에 안착한 계란도 있고 한쪽에 몰린 계란도 있고​​​예전에 전자렌지에 아이들 간식으로 몇 번해주고 생각나서 아침으로 해먹어봤어요. ​#아침대용 #종이컵계란빵 #계란빵 #간단한아침식사 #에어프라이어계란빵 #핫케이크계란빵 #전자레인지계란빵 #모닝빵계란빵 0
그]  _ㅡ-
19
꿔「 [바
조ㅇ0
10 10
",21,2,1,213,6,0,3750.0,23,,2020. 12. 17. 12:05,1103,1992692,육아·결혼,"['포스팅 잘 보고 갑니다', '와  맛있겠어요', '아침으로 좋죠.맛있겠어요.^^', '게란빵 간단하게 해먹기 제격이죠요즘 에어프라이어로 안되는게 없다니까요', '전자레인지도 되겠죠~^^잘보고갑니다😀😆', '간단하니좋은데요 저도해먹어봐야겠어요']"
9,https://blog.naver.com/kwija99?Redirect=Log&logNo=222098189780,"등교 대신 온라인수업이 많아지면서 식사는 물론 간식 비중도 늘어나더라구요. 냉장고에는 에어프라이어로 쉽게 조리할 수 있는 음식들이 마구 채워지고 있어요~ ㅎㅎ 오븐보다 에어프라이어를 사용하는 빈도가 점점 더 많아지더라구요. 간편하게 길어야 20~30분이니 너무 편해요.  세척도 편하지만, 기름이 많이 나오는 재료들 통닭, 튀김, 생선 등은 기름이 바닥에 가득 고여있어요. 그럴 때마다 설거지가 왜 이렇게 하기 싫은지.. ㅋ​​작은 닭을 사다가 오븐에 구워서 아이들과 맛있게 먹긴 했는데 기름기는 어쩔~ㅠㅠ 따뜻한 물에 세제를 듬뿍해야 기름기가 없어지더라구요. 나름 좀더 편하자고 어디선가 듣고 종이호일을 깔고 사용했는데 랩처럼 뜯어서 사용하는 제품이다 보니 또 내맘대로 안되네요. ​​​뜯어서 쓰는 종이호일도 내맘대로 안되네.. ㅠㅠ이쁘게 컷팅이 되지 않고 늘 한쪽 구석이 요로코롬~ 제멋대로!! 사이즈도 안맞아서 종이호일을 태우기도 했어요. 넘 불편하더라구요. ​​​나중에서야 에어프라이어 전용 종이호일도 있다는 걸 알았죠. 왠걸~ 원형도 있고 사각형도 있어요. 우리집은 2리터 짜리지만 5리터 용량의 종이호일도 있답니다. 이 파란 박스에 2리터/ 90매가 들어있어요. 에어프라이어 뿐만 아니라 프라이팬, 전자렌지, 오븐에도 호환이 가능해요. ​https://bit.ly/3c5KcX9가가호호는 에어프라이어 종이호일 전문 쇼핑몰​​​19cm X 높이 4.5cm가가호호 에어프라이어 사각종이호일90매 정도면 하루 1매만 사용해도 3개월정도 사용할 수 있겠네요. 프랑스산 종이호일 원지랍니다. 인체에 무해한 특수 실리콘 코팅 처리로 내열성, 내유지성, 내수성이 우수해요.​​​​역쉬!생선, 고기, 치킨, 튀김 요리할 때 요긴하죠. 맛있는 많큼 기름이 많이 나오는 재료들.. ​기름이 밖으로 새지 않아 편리해요. 가장 큰 장점은 설거지가 쉬워진다는거~♡​종이호일을 사용한 후 설거지와 종이호일없이 에어프라이어 사용 후 설거지는 하늘과 땅 차이예요. 종이호일이 기름을 싹 흡수하기 때문에 정말 편하죠. 또한 조리, 보관, 그릇 대용으로도 활용이 가능하고요. ​​곡선이 있는 사각종이호일로 모서리에 주름이 잡혀 있어요. 상자에 두고 써도 좋고 저의 경우에는 박스를 빼고 위생을 위해 비닐채 보관하면서 하나씩 빼서 쓰고 있어요. ​​​얇아보여도 틀을 잘 유지하고 있더라구요. 높이가 없는 종이호일을 쓰다가 접시형태의 호일이라 쓰기도 편할 것 같아요. 쓰고 나서 뺄 때 치우기도 더 쉽고요. ​​세트인거 마냥 딱 맞는 사이즈!에어프라이어 모양에 따라 선택할 수 있어서 좋아요. ​아이들이 온라인수업중이라 등교할 때에 비해서먹는 양이 어마무시해요. ㅠㅠ 지금 시각은 오전 9시반 아침먹고 한창 온라인수업해야 하는데 간식도 챙겨달라 하는 초5 남아~♡먹는 건 생각안하고 자꾸만 가슴이 나온다는 걱정만 하네요. ㅋㅋ ​​가가호호 에어프라이어 사각종이호일을 깔고초스피드로 냉동실에 있는 케이준감자스틱을 꺼냈어요. 아침먹은지 얼마 되지도 않아서 조금만 챙겨주기로 했죠. ​​대형마트에 가면 가족에게 맞는 스타일의 감자스틱을 사서 지퍼백에 소분해놓으면 아이들 간식으로 맥주안주로 좋더라구요. 한봉지 사면 꽤 오래 먹어요. 울집은 맘스터치에서 파는 감자스타일~!​​​180도에 대충 15분 정도 맞춰두고 중간에 한번 들여다 보면 끝! 오븐에 비해 세상 쓰기 좋아요^^ 에어프라이어 종이호일도 있으니 사용빈도가 더 늘어날 것 같아요. 프라이팬에 생선굽고 나면 온 집안에 생선 냄새가 배어서 난감했는데 에어프라이어로 하니 냄새는 안나서 좋은데 생선에서 나온 기름 닦는 건 귀찮더라구요. 에어프라이어 종이호일 쓰면 세제도 덜쓰고 세척도 정말 쉽거든요. ​​​노릇노릇하게 변신!감자튀김이 기름이 많이 나오는 재료는 아니지만, 종이호일 안쓸 때는 세척도 해줘야 하는데 종이호일 쓰니 세척 안되도 될 정도예요. ㅋㅋ ​​조심해서 종이호일만 빼주면 끝이더라구요. 종이호일이 없으면 빼는 과정에서 기름이 손에 묻기도 하고 다 완성된 음식에도 기름 범벅인 경우가 있는데, 깔끔하게 조리할 수 있어요. 접시가 따로 필요가 없어요~♡귀찮으면 그냥 그대로!!! ​​세척 필요없죠?? 설거지 2번 할거 1번하고~^^진짜 편하네요. ​​​요대로 종이호일채 접시로 놓고 아이간식 대령했어요.온라인수업이 길어지면서 삼시세끼, 간식까지 챙겨주다보면 설거지 거리 가득인데~!가가호호 종이호일 덕분에 생활에 살짝 여유가 생겨요. ㅎㅎ ​​​아침식사하고 간식먹으면서 온라인수업중!​https://smartstore.naver.com/bangsancijang​#종이호일추천 #가가호호종이호일 #에어프라이어종이호일 #사각종이호일 #에프종이호일 #에어프라이어사각 #종이접시 #바스켓종이호일 #종이호일추천​​​",20,0,2,478,7,1,3750.0,23,revu,2020. 9. 24. 10:29,1103,1992692,육아·결혼,"['요즘 에어프라이어는 필수니까정말 호일이 필요한것 같아요 저두 이거 장만할래요', '']"
10,https://blog.naver.com/kwija99?Redirect=Log&logNo=221982735810,"집콕으로 서서히 지치는 집밥을 에어프라이어를 새로 들이고 다시 힘을 내고 있어요. 간편해서 요즘 없는 집이 없다는 에어프라이어!​​전에 사용하던 에어프라이어는 소음도 크고, 적은 용량에 ​무엇보다 코팅이 조금씩 벗겨지고 있었던 것!아이들을 위해 간편하게 간식 챙겨줄 때 정말 요긴하게 쓰는데.. 바스켓 코팅이 벗겨지니 심란하더라구요. ​​​​최근 환경호르몬이 이슈로 떠오르면서 프라이팬이나 에어프라이어도 세라믹코팅을 많이 찾더라구요. 지금 쓰고 있는 아이쿡 듀얼 에어프라이기는 세라믹코팅이 되어 있어 환경호르몬에도 안심이예요. 편리함은 좋지만 건강이 우선!세라믹 코팅이라 그을음이나 갈변현상이 없어요. ​아이쿡 듀얼 에어프라이어는 뷰로베리타스 국제적 테스트 인증 업체에서 인증도 받았다는 사실!​​​아이쿡 듀얼 코팅 공정중에는 430도의 고온에서 소성과정을 거치기때문에환경호르몬 등이 잔류될 위험성이 없더라구요. ​Tip. 종이호일을 사용하면 내구성을 오래 유지 할 수 있어요. ​​​​지금 사용하고 있는 에어프라이어는 코팅이 정교하고 환경호르몬은 걱정없이 사용하고 있어요. 음식이 직접 닿는 내솥, 외솥에 천연 소재 세라믹을 사용했답니다. ​아이들이 이번 학기는 거의 등교를 하지 못하고 있으니 에프가 아주 열일하네요. ​게다가 에어프라이어 열선 혹시 확인해보셨나요?에어프라이어 사용하다 보니 주부들의 가장 근심거리. 에어프라이어 청소 문제. 열선이 바로 직접 있다보니 종이호일 넣으면 닿아서 화재위험도 있고 덕지덕지 기름진 열선을 보곤 에어프라이어 그냥 그만 써야 하나보다.. 했는데요. ​​​​열선커버가 있어서 열선에 직접적으로 기름이 튀는 것도 막아주고 화재 위험성도 덜해요. ​​​​용량은 7리터와 5.2리터로 한번에 듀얼 에어프라이어!7리터라고 해도 손잡이와 멀티랙이 추가될 뿐이어서 외관은 크지 않아 어느 자리에나 잘 맞아요. ​​5.2리터로 요리 쓩~ 하고 바로 손잡이만 바꿔서 다시 요리 할 수 있으니 요리 회전도 빠르고요. ​​​트레이더스에서 사둔 케이쥰 양념감자 2kg 지퍼백에 소분했더니 5봉지 정도 나오더라구요. 에어프라이어가 있으니 밖에 나가서 사먹는 빈도가 훨씬 더 줄어드네요. ㅋ ​​멀리서도 반짝반짝 광택이 나면서 디자인이 참 고급스러워요 180도로 예열을 해주고 감자스틱을 넣어줘요. ​​15분만 돌려주면 그대로 완성!왜 자꾸만 전에 쓰던거랑 비교가 되는지~ㅋ전에껀 감자스틱 넣으면 서로 덩어리가 져서.. 젓가락으로 휘적휘적 번거로웠는데요. 요건 세라믹코팅이라 음식물이 서로 달라붙는 것도 없네요. 파도치듯 쏴라락~ 쏴라락! ​​​많은 양이 한꺼번에 완성되니 한큐에 끝냈어요. 예전엔 두번 돌리기 일쑤였는데~ 조타아!! ​​​세척은 넘 쉽고! 부드러운 수세미로 세제 없어도 한번에 끝! 키친타올로 닦아주기만 하면 돼요. ​아이들이 좋아하는 인삼튀김을 사왔는데~ 눅눅해졌어요. 걱정 말아~~~!​​아이쿡 듀얼 에어프라이어에 180도 7~10분 돌려줬더니,와우! 빠져나온 기름 보세요! ㅠㅠ 바싹하게도 먹고 기름도 줄이고 일석이조네요. ​​조청에 찍어 그대로 냠냠!​주말 아침, 냉동 크로와상 생지 30여분 정도 자연 해동 시키고 아이쿡 듀얼 에어프라이어 180도 예열 가동​​180도로 15분만 구워주면 아침 식사 준비 끝~ ♡(tip. 굽기전에 버터 조각 살짝 위에 얹어 구우니 훨씬 더 맛있어요.)​​완성을 알리는 소리!​​7리터 용량 쓸 때 넣는 멀티랙을 받침대 삼아 식혀주니 아주 좋아요. ㅋ 활용도 굿!​​맛있는 아침식사 감사히~♡​아이들 식사 한 끼 식사대용으로 좋은 만두 요즘은 에어프라이어가 필수품이라 이렇게 에어프라이어 조리법이 전면에 적혀 있어요. ​""에어프라이어 약 10분 완성""​​​가까이서 들리는 소리가 이 정도, 소음 데시벨이 인덕션으로 요리할때 수준정도로 크지 않아서 언제든지 이용할 수 있어요. ​​대용량 7리터안에 8개 만두를 넣고 180도 예열후 10분간 돌려주었더니 아주 먹음직스러운 군만두 완성되었어요. ​기름도 빠지고 칼로리는 낮추고, 체중이 걱정인 분들에게도 강추해요. ​​​겉은 부드럽게 바삭하고 속 촉촉한 군만두예요. 전자렌지는 겉이 딱딱해지는 반면 에어후라이기는 겉이 맛있게 조리되네요.​ ​​​아이가 에어후라이어 레시피 북을 훓어보더니 통마늘 삼겹구이가 먹고 싶다해서어제 저녁에 통삼겹사뒀어요. ㅋ ​​​7리터랑 5.2리터 호환이 가능해 내 맘대로 양조절이 가능하고 세라믹 코팅이라 환경호르몬에도 안심할 수 있어서 요즘 매일 아이 간식 편하게 준비해요.​​​#에어프라이어 #친환경에어프라이어 #세라믹에어프라이어 #에프추천 #에어프라이어추천 #대용량에어프라이어 #저소음에어프라이어 ​​​​",30,0,4,471,7,2,3750.0,12,text_ad,2020. 5. 29. 10:19,1103,1992692,육아·결혼,"['에어푸라이어 고민중이였는데 디자인도 맘에 들고 요리도 간단하게 편리하네요.', '안전한 소재도 맘에 들고 열선 가림망(?)이 있어서 좋아요. 전에껀 열선이 직접적으로 있어서 찌든 기름때가.. ㅠㅠ', '요거 괜찮네요.집에 2년된 에어프라이어가 말썽이에요.바꿔야할까봐요^^', '저도 오래된 에프 처분해서 속이 다 시원해요. 열선 찌든 때가 맘에 안들었는데 요건 세척도 쉽네요.', '']"
11,https://blog.naver.com/kwija99?Redirect=Log&logNo=221975695313,"소위 잘 나가는 대용량 에어프라이어 에어메이드 아이쿡 듀얼 에어프라이어를 만났어요. 집마다 필수 가전이 된 에어프라이어 우리집에도 초창기 모델이 자리잡고 있어요. 초창기 에어프라이어 유행할 때 다들 산다는 저렴한 에어프라이어 아이들 간식 챙겨주면서 종종 사용했는데요. 안에 바스켓도 벗겨지고, 손이 닿지 않은 곳은 기름때도 쌓이고 무엇보다 수동이어서.. 다이얼 버튼이 망가져버렸어요. ​좀 오래 쓸수 있는 가성비좋은 대용량 에어프라이어를 찾고 있었는데 정말 기뻤어요. ​​​얼마나 썼다고.. ㅠㅠ 망가진거니..바스켓도 원형이라 용량도 부족하고 다이얼 수동은 정말 못 쓰겠다 싶었어요. 너무 불편해서 최소한으로 사용하게 되더라구요. 오늘 에어메이드 아이쿡 듀얼을 만나고 바로 아이들 간식 재료 장보러 갔네요. ㅎㅎ ​​근처 트레이더스 가서 아이들 좋아하는 삼겹살, 작은 닭 2마리, 케이준 감자까지! 아이들이 일반 감자스틱보다 맘스터치에서 사는 케이쥰 감자스틱을 좋아해서 큰 봉지(약 7,000원) 하나 사면 지퍼백에 5봉지 가득 나와요. 요거로 10번정도 먹을 수 있는데 시중에선 2번 사먹는 가격이더라구요. ㅋ ​​아이쿡 듀얼 에어프라이어 AF-700AS대용량 에어프라이어를 정말 써보고 싶었는데요. 기존에 가지고 있던 제품이 초창기 모델이어서 제일 작은 닭 한마리도 꽉 차더라구요. ㅠㅠ ​7리터의 대용량 너무 맘에 들어요. 게다가 5.2리터로 호환 사용이 가능하다고 하니 활용하기도 좋겠더라구요. ​​* 60분 타이머 *최대 60분 설정으로 요리가 완료되면 약 20초간 식힘기능 작동 후 대기 상태로 전환돼요. ​* 터치스크린 컨트롤 *터치스크린 컨트롤으로 조작이 간편해요. 2초간 터치하면 LED화면이 켜진답니다. ​* 80~200도까지 온도조작 가능 *​​반짝반짝 광이 나요~♡아주 거울 하나 가져다 놓은거 마냥 비치더라구요. 쓰던 에어프라이어는 원형이고 용량이 적었는데요. 2리터 이상 큰 용량에 자리차지도 안하고 사각이어서 남는 공간없이 활용할 수 있어요. 블랙크롬 스테인레스가 볼매랍니다. ​​전원을 연결하고 전원버튼을 2초정도 누르면 LED 창이 환하게 켜져요. 손으로 터치하는 온도조절, 시간조절, 전원, 메뉴 버튼은 흰색으로 되어 있고 온도나 시간으로 숫자가 나오는 건 푸른색으로 표시되어 더욱더 멋스러워요. ​​바스켓을 들여다 보았어요.  ​완전 깨끗하고 세라믹코팅이 정말 상태 굿이네요. ​​바스켓을 꺼내고 멀티랙을 놓으면 대용량 7L로 음식을 조리할 수 있어요. 닭요리할 때는 작은 용량의 에어프라이어로는 시도조차 못했는데요. 이젠 그런 걱정은 없겠어요. ​ 에어메이드 아이쿡 듀얼 에어프라이어에 통닭구이를 해보기로 했어요. 재료살 때 이걸 할 수 있을까~ ㅋㅋ 두 마리나 들어있는데 말이죠. ​​아이쿡 듀얼 에어프라이에 요리책자도 함께 동봉되어 있었는데요. 첫 메뉴가 허브솔트로 향긋한 전기구이 통닭이었거든요. ㅎㅎ ​​설명서대로 닭을 깨끗이 씻고 우유에 찰방찰방~앞뒤로 뒤집어가며 30분 정도 숙성시켜요. ​​그 사이에 아이쿡 듀얼 에어프라이어 요리법 한번 더 확인해주고요. ㅋㅋ​한번 더 씻어내고 허브솔트랑 후추 솔솔~밑간 후 올리브유 발라 에어메이드 아이쿡 듀얼 에어프라이어로 쏙!!​​ 터치스크린으로 180도 +, ㅡ으로 온도 조절 후 전원버튼 한번만 눌러주면 알아서 예열이 시작돼 작동법 참 쉬워요. 180도로 예열한 뒤에 25분을 , 뒤집어서 다시 25분을 구워줬는데요.​​초근접에 찍었는데도 소음이 크지 않아요. 에어프라이어 써 본 분들이라면 소리 차이 대번에 느끼실듯요. 부드러운 바람소리~여서 시끄럽다는 느낌이 안들더라구요. ​​​캬야~ 색깔 좋아요! 뒤집어서 한번 더 25분 구워주면 끝! 세라믹코팅이라 눌러붙지도 않고 상태 굿굿!기름기도 아래로 다 빠졌어요. ​완성되었다 LED창에 OFF 표시가 뜨면서 알림음이 울려요.​ ​초등 5학년 아이가 닭껍질을 못먹는 편인데 이렇게 전기구이통닭을 해주니 기름기가 싹 바져서 껍질이 바삭하다면서 좋아하더라구요. 속은 부드럽고 촉촉 그 자체예요. ​예전 에어프라이어 쓸때는 크기도 작고 속까지 안익을 까바 엄두가 안났었는데 아이쿡 듀얼 에어프라이어로 성공하고 나니 너무 만족스러워요. ​2명이서 맛있게 먹을 정도 양이었는데 아이가 맛있다고 아쉬워해서 다음날 또 해줬어요. ㅋ​​세라믹코팅 완벽해서 세척도 쉬워요. 물세척만으로~ 휘리릭 한 다음 키친타올로 닦아주니 깨끗해졌어요. ​​​​#에어프라이어 #스텐에어프라이어 #에어프라이어추천 #대용량에어프라이어 #에어후라이기 #세라믹에어프라이어 #에어메이드 #아이쿡듀얼 #아이쿡듀얼에어프라이어 #전기오븐통닭 #스텐대용량에어프라이어 #세척쉬운에어프라이어 #간편요리 #에어프라이어통닭​​​ 
",28,0,1,484,4,3,3750.0,24,,2020. 5. 23. 17:12,1103,1992692,육아·결혼,"['에어후라이어 디자인이 색다르네요우린  오늘 치킨시켜묵었대요ㅋ', '고급스러운 디자인 스텐, 터치스크린이라 넘 좋아요. ^^ 치킨은 언제 먹어도 맛있죠. 울집도 치킨 자주 시키는데 몇번은 에프로 만들어먹을 것 같아요.', '제가 바스켓형으로 된 에어프라이어 정말 사야겠다 싶었는데 이리뷰가 너무 도움이 되었어요.  닭다리 먹는 모습이 너무 귀여워요~~ 우리 아들도 좋아하겠어요!', '너무너무 만족해요. 요즘 애들 간식 후다닥 할 수 있어요. ㅋ']"
12,https://blog.naver.com/kwija99?Redirect=Log&logNo=222285331181,"이번주 세차도 하고 차량 내부 정리도 하면서 자동차용품 차량용멀티컵홀더를 설치했어요. 내부공간이 작아 고민이었는데 눈길을 끄는 제품이 있었으니 차모아 차량용멀티컵홀더에요. ㅋ여행도 좋아하고 운전도 좋아라하는 편이어서 자동차어용품에 관심이 많거든요. 차량 내부가 작은 편이데.. 설치할 수 있을까 고민이 쫌 되긴 했어요. 너무 쓰고 싶은데~ 올뉴모닝에도 맞아서 알차게 사용하고 싶더라구요. ​​​뭐가 이렇게 많아?차량용컵홀더는 제일 오른쪽 박스 한 개만 있어도 충분하고요. 나머지는 차량용무선충전테이블과 무선충전패드에요. 사실 무선충선패드는 굳이 없어도 상관없지만 차량용무선충전테이블을 컵홀더에 꽂아 놓고 쓰니 편하더라구요. ㅋ 안써보면 모르지만, 써보면 안다~ ​​​상자 하나씩 열어서 확인했어요. 차모아 고속 무선 충천패드인데 차모아 클로버 무선 충전 테이블에 장착해 무선충전이 가능한 테이블로 활용할 수 있어요. ​​​차모아 클로버 무선충전 테이블은 차모아 멀티컵홀더에 장착해 무선충전과 간편한 테이블로 활용도가 높답니다. 단독으로 사용할 수는 없으니 꼭 차모아 멀티컵홀더가 필요하다는 사실이예요. 굳이 필요는 없을 수도 있으나~ 전 사용해보니 정말 좋더라구요. ​우선 2개가지를 연결해볼까요?엄청 쉬워요. ​​​​무선충전테이블의 바닥면을 자세히 보면 걸림쇠가 있는데요. 화살표방향으로 올려주면 열린답니다. ​​​무선충전커버를 사진처럼 분리하고 차모아무선충전패드를 안에 넣어주는데요. ​​​차모아 그림이 테이블 위로 보이게 하고 선을 구멍으로 빼주면 되더라고요. ​​​무선충전테이블을 클로버 멀티커홀더의 기둥에 꽂아주고요. 그런 후에 무선충전테이블의 전원선에 USB연장선을 연결시키고 차량의 USB에 장착하면 끝! ​​차모아 클로버 멀티컵홀더 너무 기다렸던 제품인데요. 올뉴모닝 공간이 협소한지라 아이들과 음료 몇 개 들고 타면 놓을 공간이 없어서 참 불편했는데 차모아컵홀더로 세상 편해졌어요. 운전석쪽에 놔보기도하고 뒷자석에도 활용이 가능한지 시도해봤어요.​​​다양하고 동일한 음료를 최대 4개까지 거치할 수 있고, 불필요시 겹쳐서 사용이 가능해요. 저의 경우에는 테이블도 사용할 예정이라 멀티테이블 사용시에는 2개를 사용할 수 있어요. 아무래도 흔들림이 없이 사용하는게 관건이다보니 컵홀더 회전은 뻑뻑한 편인데 편하게 조절할 수 있어요. ​​​트인컵은 최하단에 고정해서 종이컵이나 지갑 등을 거치할 수 있어서 활용도가 높아요. ​​개봉 하니 제일 처음 주의사항 표시부터 보이더라구요. 차량컵홀더 고정장치예요. 잠금볼트를 1~1.5바퀴만 돌려주라는 주의사항!​​차모아 클로버 멀티컵홀더가 가장 맘에 들었던 점은 차량 컵홀더 깊이, 형태에 관계없이 68~98mm크기면 안정적으로 고정이 가능하다는 점이었어요. 왜냐면 저는 경차였기에 차량 내부 공간이 여의치 않은 상태에서 멀티컵홀더가 가능할까? 살짝 의심이 들었거든요. ​하지만 그런 걱정은 단박에 해결!​​​차량 컵홀더에 끼우는 차모아멀티컵홀더 바디는 다이얼을 시계방향(OPEN)방향으로 돌리면 내 차량 컵홀더의 사이즈에 딱 맞게 조절할 수 있어요. 뻑뻑한 느낌이 있긴 했는데 흔들림이 없이 해야하고 차에 고정시켜 쓸 거니 상관없겠더라구요. ​​바디에 컵홀더 윗 부분을 사진처럼 끼워넣어요. 사용하기 편하게 각 관절부가 360도 회전을 하고 상하조절을 할 수 있답니다. 혹시나 쏟아지면 어쩌나? 처음에는 너무 걱정이 되었어요. ​​​하지만 자동차용품  차모아 멀티컵홀더 하단이 차량의 컵홀더에 단단히 고정이 되고 360도 회전과 상하조절에도 컵은 항상 수평상태를 유지해준답니다.  ​급한 마음에 상하조절은 따로 없이 가지고 나가서 써보고 내가 편한 위치로 다시 조정해서 쓰고 내 맘대로 쓰기 너무 편해요. 올뉴모닝은 공간이 적은 편이라 걱정이었는데, 우선 테이블과 컵홀더가 손높이 위치까지 오니 운전자 입장에서 운전할 때 손이 헤매지 않고 음료든 폰이 가깝게 있어서 좋더라구요. ​​무선충전 OK!! ​이미 자동차용품으로 차량무선충전거치대가 많이 출시되어 있지만 운전하다가 확인하거나 꽂아두려면 은근 신경쓰이는데요. 테이블위에 던지듯(?) 놓으니 그리 편할 수가 없더라고요. 히터 나오는 부분에 무선충전거치대 찬바람, 뜨거운바람 나오면 휴대폰 혹시나 문제생길까 싶었거든요. ​​헐~ 올뉴모닝 뒷자석 차량 컵홀더 하나 있는 공간에고정이 되네요. ㅋㅋ 올레~!!저는 뒷자리에 아이들 데리고 타는 많은데요. 음료나 간식 먹이는 경우 자리가 전혀 없다보니 뒷자리 바닥이 엉망이 되요. ㅠㅠ  아이들 휴대폰 충전할 때 선 길게 빼주고 여간 신경쓰이는 게 아닌데 무선충전도 하고 물이나 음료도 꽂아놓을 공간이 생기니 넘 좋더라구요. ​무선충전테이블 필요없을 땐 빼놓고 최대 음료 4개까지 거치가능하니 이보다 더 편할 수가 없네요. 아이들 있는 집은 아실거예요. 애들이 음료 들고 있을 때는 먹을 때 뿐이라는거.. ㅠㅠ 다 먹고 나면, 먹기 싫어지면 내려놓을려고 해서 쏟기도 하고 그랬는데 일찍 알았더라면..좋았을걸 ^^ 자동차용품 차모아 멀티컵홀더 추천합니다.​​#차량용컵홀더 #차량용멀티컵홀더 #차모아 #차량용품 #차량선반 #차량무선거치대 #차량용무선충전 #자동차컵홀더 #자동차용품 #차량컵홀더 #차량무선충전 #차컵홀더 #자동차용품 #자동차실내용품 #자동차꾸미기본 포스팅은해낭업체로부터
소정의제품을제공받았지만
직접제험후 직성하였습니다
",41,2,0,542,9,3,3750.0,22,text_ad,2021. 3. 23. 22:34,1103,1992692,육아·결혼,"['와~~ 진짜 한큐에 해결되네요~ 저한테도 필요한제품이네요~~', '네. 아이들 태우고 다니니 완전 만족해요~^^', '컵홀더가 있어 차안에서도 즐길수 있겠네요', '4인 컵홀더로 맘껏 이용가능하네요. 종이컵에 물도 먹기편하고요.', '오..컵홀더가 아담해서 운전하는데 방해도 안되고 괜챦네요.', '높이조절 가능하고 360도 회전 되니 공간활용 좋아요.', '어머... 이거 아이디어 상품이네요.. 저희집도 식구가 많다보니 음료를 꽂을 공간이 부족했는데 요거 맘에 들어요', '아이들 있으니 더 필요하더라구요', '깔끔한 포스팅 잘보고 갑니다.\n즐거운 주말 되세요']"
