,Post URL,Post,Image num,sticker num,gif num,Paragraph num,Comment num,Video num,weekly viewer mean,Sympathy num,AD,Posting Date,Buddy num,Total visit,Blog category,Comment detail
0,https://blog.naver.com/lee64025?Redirect=Log&logNo=222367751946,"​​햇빛이 강렬한 무더위가 찾아오고 있어요.햇빛이 강렬한 만큼 자외선수치도 그만큼 높겠죠!요즘은 길어지는 마스크착용에 의해 울긋불긋 피부고민이 있어 베이스메이크업엔 특히나더 조심스러운 편인데요. 오늘은 건강하고 순하게 피부보호를 해주는 산뜻한 혼합자차 자외선차단제  [끌라삐엘 디펜스 선블럭]를 소개해드릴게요!​​​다양한 샘플종류에 선물받는 기분!>.<​​자외선종류에는   UVB,UVA가 있어서자외선차단을 확실히하려면 UVB와 UVA를 차단해주는지꼼꼼하게 체크해보아야해요!​1. UVA UVA는 파장이 제일 긴 자외선으로, 유리창도 통과할 수 있어요. 그래서 피부의 깊숙한 부분인 진피층까지 도달할 수 있답니다. UVA는 살을 까맣게 태우고, 주름을 증가시키는 등 피부 노화의 원인이 되고 심지어 피부암까지 유발할 수 있어요. UVA는 흐린 날에도, 겨울에도 지속되므로 매일매일 신경 써야 하는 자외선이에요. ​​2. UVB UVB는 UVA보다 파장이 짧아 유리창이 있는 경우 대부분 유리창에 의해 차단돼요. 그래서 표피의 기저층이나 진피 상부까지만 도달한답니다. UVB는 자외선을 오래 받았을 경우 화상이 생기게 하는 원인이에요. 그리고 오전 10시부터 오후 2시까지가 가장 강해서 여름철 한낮에 외출을 자제해달라는 이유가 여기 있어요. UVA와 달리 겨울철에 접어들면 세기가 약해져서 UVB로 인한 피부 표면으로의 영향력은 감소하는 자외선이에요. ​​​​​SPF는  UVB를 차단지수를 나타내고PA는 UVA를 얼마나 잘 차단해주느냐를 나타내요.​SPF뒤에 숫자가 높을수록 자외선차단력이 좋다는 것이고PA뒤에 +가 많을 수록 자외선 차단력이 높다는 것이에요!​산뜻한 혼합자차 자외선차단제[끌라삐엘 디펜스 선블럭] 은SPF50+ , PA+++ 으로강력한 UV이중차단기술로 UVA,UVB모두 완벽차단해준답니다!!​​​​자외선차단력이 높다고 피부에 혹시나 해가되는 성분이 들어있을까?한다면 걱정 Nono! 자연에서 가져온 키위추출물 , 녹차추출물, 병풀추출물등식물유래성분으로 피부자극 최소화하여 건강하고 순하게, 안전하게 바를 수 있어요​​​또한 유기 자외선 차단제와 무기 자외선 차단제의 장점만을 이용한혼합자차자외선차단제로 피부 전체에 균일하게 안정화되어 자외선을 더욱 완벽하게 차단 시켜준답니다! ​​​​땀과 물에 강한 지속내수성으로 쉽게 지워지지 않는워터프르프로 오랜시간 자외선으로부터 피부를 보호시켜주기때문에다가오는 여름에 좋을 것 같아요! ​​​​​끌라삐엘 디펜스 선블럭 캡은이렇게 돌려서 열어요!튜브형으로 사용하기도 편리!​​​​​​제형은 수분감 있는 부드러운 로션제형이라뻑뻑함 없이 부드럽게 피부에 펴발라져요!​​​​​뜨거나 밀림도 없고 백탁현상 없이 하얗고 매끈한 피부 완성 !!​​​​​​​바름과 동시에 피부에 쏙 흡수되면서자연스럽게 피부톤을 화사하게 톤업을 시켜주어서베이스따로 자외선차단제 따로 바를 필요 없이피부에 덜 부담을 주어서 외출시 가볍게 바르기 딱 좋답니다 ♡​​​​쉽게 지워지지 않는 강력한 자외선 차단제가 필요하신 분백탁현상없이 매끈한 발림성의 자외선 차단제가 필요하신 분밝고 화사한 피부연출이 가능한 자외선 차단제가 필요하신 분피부 유해성분 없는 안전한 자외선 차단제가 필요하신 분 ​산뜻한 혼합자차 자외선차단제 [끌라삐엘 디펜스 선블럭]으로자외선으로부터 피부를 지켜주자구요~!​산뜻한 혼합자차 자외선차단제 [끌라삐엘 디펜스 선블럭]​#혼합자차 #톤업 #산뜻 #지속력 #밀착력 #자외선차단 #무기자차 #유기자차 #자외선차단제 #선크림 #썬크림 #선크림추천 #썬크림추천 #자외선차단제추천​​​​​​​​​ 

-
트 086비610
04066

본 포스팅은 실제 상품이나 서비스를 제공받아
건강한 리뷰문화를 만들기위해 작성한 진솔한 후기입니다.

 

 
 
 
",25,2,4,331,0,0,73.8,0,text_ad,2021. 6. 4. 17:30,580,82105,패션·미용,0
1,https://blog.naver.com/lee64025?Redirect=Log&logNo=221573898414,"온가족이 사용하는 착한성분의 자연주의 화장품 비비르. [비비르 시카 선크림]​깨끗하고 안전한 화장품 <비비르> 비비르 시카 선크림을 데리고 왔어요.​​피부에 바르는 제품 하나 선택 할 때에는 우리의 중요한 피부에 바르는 것이기 때문에성분 , 안전성, 효과, 효능 등 하나하나 알아봐야 하여화장품 선택의 기준은 항사아 복잡하고 어려운 것 같아요​​​특히나 햇빝이 쨍쨍한 여름에는그만큼 자외선지수가 높기 때문에피부 손상에 노출되기 쉬운계절이라자외선차단제에 특히나 신경을 써야 하는데요!​​​​이번에 소개시켜드릴 자외선 차단제는 착한성분이라 피부를 지키며 사용할 수 있는 비비르 시카 선크림이에요!​​​​비비르시카 선크림은​미백+주름개선+자외선 차단 까지 해주는 3중 기능성 선크림인데요.​정제수 0% , 병풀추출물이 함유되어 있어자외선으로부터 피부를 보호하는 동시에피부를 촉촉하고 산뜻하게 지켜 준다고 해요!​​뚜껑을 열어보니 자그마한 튜브 입구! 낭비없이 사용하기 딱 좋은 크기에 입구에요!​​​살짝 짜봐 손등에 테트를 해보았어요.​살짝 눌러도 적당한 양이 부드럽게 나오는 비비르 시카 선크림.​문질문질 해보니 촉촉한 제형이여서 발림성이 상당히 부드러웠어요.​​바름과 동시에 피부에 깔끔하게 촉촉하게 스며들어요!​​​​나이아신아마이드, 아데노신 함유로 미백, 주름개선을 해주며야생에서 격투를 끝내고 온 호랑이가 이 풀에서 뒹군다 하여'호랑이풀'이라고 불리우는 병풀추출물에 함유로피부에 탄력과 생기를 불어 넣어주는 비비르 시카 선크림!​​자외선은 UVA/UVB 두가지가 있는데요.UVB는 피부 표면에 영향을 끼치고 화상을 유발하고반대로, UVA는 피부로 느낄 수 없지만, 피부 깊숙이 침투해 그 통로에 있는 모든 것을 손상시킨다고해요​순하지만 강력하게 피부손상의 주범 UVA/UVB를 동시차단해주는 비비르 시카 선크림.​​​​피부자극테스트 임상결과 무자극 판정, 전성분 EWG그린등급받은 안전한 선크림.수분가득 로션을 바른 듯 가볍고 부드러워 백탁도 없고 덧발라도 뜨지 않고 밀림현상이 없어야외 활동시에는 2~3시간으로 덧발라 주며 사계절 / 365일 언제 어디서나 자외선으로부터 민감한 우리에 피부를 지켜주세요~!​​​온가족이 사용하는 착한성분의 자연주의 화장품 비비르. [비비르 시카 선크림]​​​​​#선크림 #썬크림 #촉촉한선크림 #촉촉한썬크림 #인생선크림 #인생썬크림#자외선차단제 #자외선차단제추천 #선크림추천 #썬크림추천#데일리자외선차단제 #데일리썬크림 #데일리선크림​​​​ 이 글은 허니블로그를 통해 업체에서 제공받아,
솔직하고 객관적으로 작성된 리뷰입니다

 
",16,0,3,228,0,0,73.8,0,text_ad,2019. 6. 30. 14:10,580,82105,패션·미용,0
