,Post URL,Post,Image num,sticker num,gif num,Paragraph num,Comment num,Video num,weekly viewer mean,Sympathy num,AD,Posting Date,Buddy num,Total visit,Blog category,Comment detail
0,https://blog.naver.com/lemonmommy?Redirect=Log&logNo=222416177608,"​장마철도 아니라는데,계속 오후에 비가 옵니다.​그냥 쨍쨍 더운게 아니라엄청 습하고 더워요.모기의 계절이 시작되었다는 거죠~~​일주일 전쯤 온가족이모기에 몇방씩 물리고나서야정신차리고 모기약을 찾아봤어요.​예전 살던 곳은 높은 곳에 있어서모기가 거의 없어필요가 없었거든요.​​​수많은 검색 끝에유한양행 '해피홈 파워리퀴드s'60일 + 스마트훈증기로 선택.각 방마다 놔두려고 3개를 샀습니다.​(유한양행 좋아해요)​무색, 무취로 안전하게 사용할 수 있다고 하네요.직접 사용해보니향이 거의(체감상 99%정도?) 없었습니다.코를 가까이 대고 맡아야아주 약간의 기름냄새 정도가 있었어요.​제가 선택한 건 바로 버튼 한번으로 12시간지속할 수 있는 타이머형인데요.​매번 꼈다 뺐다, 혹은 켰다 껐다하는 것이가능하시다면 조금 더 싼 제품을 선택해도 됩니다.​​하지만 저는 이제 제 성격을 확실히 알거든요!​절대~~ 못합니닷.​​그래서 타이머형을 선택했구요.잘때 켜두면 12시간 뒤에 자동으로 꺼져서훈증기가 뜨끈뜨근 몇일밤낮을 돌아가타는 일이 없지요.​​회전플러그로 어느방향이나 사용가능해요.사진엔 못찍었지만,대각선 반대방향도 가능합니다.​​지금 한 일주일정도 사용 중인데,사용 후로 모기한테 한방도 안물렸어요.​진짜 효과가 있나봐요.​​​이상 내돈내산 후기였습니다.​네이버스마트스토어 몽쥬스토어에서개당 8,390원으로 저렴하게 산 것 같아요.제조일이 1년쯤 전꺼라 좀 싼가봐요.그래도 유통기한이 36개월로사용에 문제 없으니 굳입니다.​​​2

남져주시는
당신은 아름답습니다.
 
 
",14,2,0,128,0,0,248.2,10,,2021. 7. 1. 10:52,679,81156,일상·생각,0
