,Post URL,Post,Image num,sticker num,gif num,Paragraph num,Comment num,Video num,weekly viewer mean,Sympathy num,AD,Posting Date,Buddy num,Total visit,Blog category,Comment detail
0,https://blog.naver.com/lemon6139?Redirect=Log&logNo=222059940678,"​​​장마라 환기도 잘 못시키고, 꿉꿉하고 뭔가 집안에 들어서면 쾌적하지 않은것 같은 요즘^.ㅠ ​결혼전에는 잘 몰랐는데,​ 빨래만 잘 해놓고 나가도(물론 빨래 잘 안하는 불량주부^.^ㅋㅋㅋㅋㅋ)집에들어오면 좋은 향기가 솔솔~ 나고 그러면 집에 들어섰을때 기분도 더 좋아지는 마법♡​​​그리고 화장실이 특히 여름에 더 습하고 그래서그런지 불쾌한 느낌이 들어서 처음으로 몇달 전 쯤 디퓨저를 들여놨는데, ​없을땐 몰랐다가 있으니까 세상 화장실 들어갈때마다 향기로 기분이 좋아져서 ㅎㅎㅎㅎ 디퓨저의 중요성을 깨달아가고있는 신혼 11개월차! ​​그 디퓨저가 다 떨어져가서 얼마전에 새로 주문해서 받아봤는데 향이 좋아서 추천하는 포스팅 ㅎㅎㅎㅎㅎㅎㅎㅎ블랑16 아로마 디퓨저 ​​1병 120ml​화이트린넨 / 라벤더 / 자몽 / 플로럴가든 / 블랙체리 / 바닐라 엠버 등 14가지 향​순수발효주정 사용​가습기살균제성분 No/ 발암물질 No/ 유해성분 No​​​​상자를 열어보니 주문한 디퓨저와 함께 시향 사은품도 2가지 종류가 들어있었는데 플로럴가든향이랑 바닐라엠버!​​사실 디퓨저향 종류들이 많으면 많을수록 뭘 사야하나 고민되고 ​나처럼 향에 좀 민감한분들은 괜히 사고나서 안맞아서 머리아프거나 할까봐 걱정되고 그러는분들 많으실텐데 ​+ 주문해서 사용해본 것 말고 새로운 향을 도전하고싶을때 시향할 수 있으면 진짜 gooood!​근데 블랑 아로마 디퓨저는 이렇게 구매시에 다른 종류의 디퓨저향도 시향할 수 있으니 다음번에 다시 주문할때도 선택의 폭이 넓어져서 넘 좋은것 같음♡​​​​​​그리고 드디어 본론인ㅋㅋㅋㅋㅋㅋㅋㅋㅋ내가 고른 두가지 아로마향!라벤더(에센셜타입) : 라벤더 농장에 와있는듯 깊고 진한 라벤더향향 세기 ☆☆☆☆(1-5단계)​화이트린넨(프레그런스타입) : 갓 빨래를 마친듯 따뜻 + 포근한 향향 세기☆☆☆☆(1-5단계)​다양한 종류의 향들 중에서 원래 내가 좋아하는 아로마향인 라벤더향 하나와 궁금했던 화이트린넨을 선택했는데, 후기들 보니까 후기도 좋은 것 같아서 고민없이 pick!​​​​​​​먼저 프레그런스타입인 화이트린넨향!​갓 이불빨래한냄새를 넘 좋아하는 사람인데, ​그걸 표현하는 향은 인위적이거나 좀 그럴까봐 걱정반 기대반 시켜보았던 ㅋㅋㅋㅋㅋㅋ​​​​그리고 요게 에센셜타입인 라벤더향인데, 구성은 유리용기 / 우드스틱 / 디퓨저용액 이렇게 3가지로 똑같다!​​​​참 내가 블랑이라고 썼다가 블랑16이라고 쓰기도 하는건 원래 블랑이라는 이름이었다가 블랑16으로 이름을 변경하여 현재는 블랑16이기때문!​나는 기존에 화장실에서 사용하고있는 제품이 조금 남아서 라벤더향은 그거 다 쓰면 개봉하기로 하고 먼저 안방에 둘 화이트린넨향을 개봉했당​​​​사용방법은 간단한데, ​1. 디퓨저 병을 열고 ​2. 유리공병에 디퓨저용액을 따라준다​3. 우드스틱을 2-3개 꽂아준다​​요렇게 ♡​​​​​쪼르르 다 따르고나서 혹시 향이 강할까봐(발향 4단계여서!)  우드스틱 2개만 일단 꽂아줬는데 역시나 2개만 꽂아도 향이 잘나서 나는 일단 2개를 꽂아두었다 ㅎㅎㅎㅎㅎㅎㅎㅎㅎ​그리고 아로마 디퓨저를 안방에 올려둠♡​​​​딱 디자인도 심플이즈더베스트!라는 말이 생각나게 정말 깔끔해서 어디든 잘 어울릴 것 같은 디자인!​남편도 향 맡아보더니 은은하고 좋다고 ㅎㅎㅎㅎㅎㅎㅎㅎㅎ​이름이랑 설명대로 진짜 빨래하고 난 깨끗한 좋은 향기가 나는데 그게 요즘같은 꿉꿉한 여름철에 기분을 더 좋게해주는듯!​요런 향 좋아하시면 화이트린넨향 추천추천!​​​​언능 화장실에있는 디퓨저도 다 쓰고 라벤더향도 써보고프다 ㅎㅎㅎㅎㅎㅎ​​그럼 이렇게 블랑16의 아로마 디퓨저 포스팅을 마치며, 화이트린넨향 추천하며,끄읕♡(나중에 라벤더향도 포스팅해볼게요!)10<6으와

 
10<6으와

 
10<6으와

 
",28,1,1,357,20,1,3278.4,56,,2020. 8. 13. 22:43,5973,7246075,,"['아니 이런 향기맛집ㅋㅋㅋㅋ 디퓨저 좋은데영^^?♡', '자주 소통해요! 오늘도 즐거운 하루 보내세요', '이쁜 그림앞에 놓아두니 더 향기가 가득해보여용!ㅋㅋ', '배경 그림이랑 잘 어울리는 디퓨저입니다.ㅎㅎㅎㅎ 기분이 그런가? 향이 느껴지는 리뷰는 오호!!! 능력이 더 엄청나지고 있으요!!!! ㅎㅎㅎㅎㅎㅎ', '정성스럽게 남겨주신 포스팅 잘 구독하고 갑니다 \n쁘띠슈님 오늘도 행복하고 상쾌한 하루 되세요><', '블로그 구경하러 왔어용ㅎㅎ  \n한참 둘러보고 갑니당 ㅎㅎ', '어머나~낯익은 그림이 있네요~ㅎㅎ쁘띠슈님의 작품 앞에 디퓨저를 두니 보기 좋네요😊😊', '저희집엔 강아지를 키워서 디퓨저 필순데디자인도 심플하고 어디둬도 좋을거같아요!!', '우와 디퓨저 너무 예쁘네요!이렇게 디퓨저 향별로 구매하면 진짜 이거 쓰고다른 것도 얼른 써보고 싶고 그렇더라구요ㅎㅎ작품 앞에 같이 놓으니까 인테리어 효과도 있고 좋네요 +_+ 히히', '온나라가 코로라도 또 난리가 났네요. 잇님 조심하셔야해요. 비가 난리를 치더니, 일부 사람들로 또 모두가 힘들게 생겼네요. 잇님 새글 잘 보고 출석 도장 찍고 갑니다. 저도 새글 하나 발행했는데 소통 부탁드릴께요.']"
1,https://blog.naver.com/lemon6139?Redirect=Log&logNo=222051350207,"​​​​바쁜 시험 기간이 끝나서 요 몇일 집에서 쁘주부로서의 시간을 보내고있는(?) 나 ㅋㅋㅋㅋㅋㅋㅋ​반찬도 만들고(엊그제 가지볶음 했는데 진짜jmtgrrr라서 이거 나중에 따로 포스팅할게여 tmi)이런저런 집안일들을 하고있는데 ​결혼전 엄마네집에서도 그랬지만 결혼 이후에 신혼부부로 지내면서 제일 요물템이라고 생각하는 제품 중 하나가 바로바로 에어프라이어인데 이게 다 좋은데 젤 귀찮은게 바로 설거지^^ㅋㅋㅋㅋㅋㅋ​​특히나 우리집 에프는 5.5L 대용량이라서 이거 들고 설거지할라고하면 진짜 쉽지않고 지금 신혼집은 또 주방도 좁아서 설거지하고나서 에프하나 두고나면 주방이 너무 정신사나워보이고 ㅋㅋㅋㅋㅋㅋㅋㅋㅋㅋㅋ​​무튼 그래서 꿀템이라는건 인스타보고 몇번 봐오긴했는데 긴가민가하다가 어제 처음으로 실리만의 에어프라이어팟을 사용해보고 쓰는 후기 포스티잉♡​[ GS홈쇼핑 실리만 에어프라이어팟 ]​​1) 에어프라이어팟 중 세트194.5 * 77.5 mm / 210g - 3.5L~5L 에어프라이어용​​2) 에어프라이어팟 대 세트218.5 * 92 mm / 300g - 5L~10L 에어프라이어용​​​​구성 : 실리콘 에어프라이어팟 2개 ​+ 머핀 빵틀 6종 ​+ 실리콘집기 1세트​​​20년 8월 7일 금요일 오후 3시 방송​위에 자세히 사이즈에 대한 설명을 써놨으니 아마 집에있는 용량 보고 중사이즈 또는 대사이즈로 고르면 될텐데 ​우리집 에어프라이어는 5.5L라서 우린 대 사이즈로 주문했고 딱 잘 맞았음!​​​무튼 머핀틀이랑 집게도 같이 와서 다음에는 한번 간단하게 머핀틀에 빵 반죽해서 머핀도 구워먹어볼 생각중 ㅎㅎㅎㅎㅎㅎㅎ​​​​​​참 본격적으로 에어프라이어팟을 살펴보자면 요렇게 같은사이즈 2개가 배송오는데 컬러는 빨간색이랑 노란색 요렇게 2가지로 온다!​​​​안쪽에는 삼각뿔 모양의 돌기가 있는데 요게 뽀인뜨♡​- 기름이 끼지않고 -  음식에 기름이 닿지않고 - 골고루 뜨거운 공기를 순환 ​​시켜준다고 하는디 직접 해본결과 확실히 그냥 종이호일만 깔고 할때보다 바닥부분 면적이랑 음식 사이의 공간이  있어서 에프돌릴 때 눌러붙지않고 좋았음!​​​​​그리고 아래 바닥면도 이렇게 8개의 공기 터널이 있는데 요게 열을 골고루 전달해주는 에어프라이어에 알맞는 모양이라고 한다!​그리고 아무래도 실리콘 재질이다보니 휠수 있는데 그걸 방지하기위해서 벽쪽면은 굴곡을 지게 만들었고 ​손잡이도 두껍고 넓게 만들어서 음식을 넣고 이동시에 안정감있게 했다고☆​​​​​​그럼 이제 뭘 구워볼까 고민하다가 ㅋㅋㅋㅋㅋㅋㅋㅋㅋㅋㅋ(참고로 미리 설거지 한번 하고 말린다음에 구움!)​집에 맨날 쟁여두고 먹는 사세윙이랑 봉이 있어서 사세봉을 구워보기로☆ 그럼 기름도 잘 빠지는지 보이고 냉동된게 잘 구워지는지도 확인해볼 수 있으니!​​그래서 보통은 종이호일 깔아주고 굽지만 실리만 에어프라이어 팟을 넣고 그 위에 치킨봉을 넣어서 구워줌♡​​​​​그리고 타이머 맞춰놓은 거 다 됐다고 소리나서 바로 열어보기♡​세상에 너무 잘 익었쟈냐~~~~​​​확실히 그냥 종이호일 깔고 구우면 평평해서 기름나온것과 치킨이랑 같이 한몸(?)이 되어있고 그런데 ㅋㅋㅋㅋㅋ이건 삼각뿔 돌기때문에 기름이 아래로 빠진것을 확인할 수 있었음!​그리고 GS홈쇼핑 세트 구성에 같이 온 집게로 손잡이부분 조심히 잡아서 꺼내주니까 뜨겁지도 않규 좋았다^.^(근데 그래도 손에 뜨거운거 안닿게 조심해야해여~~~)​​​​그리고 일단 먹어야하니까 접시에 담아보면서 영상도 냄겼지요 ㅎㅎㅎㅎㅎㅎㅎ​​​​접시에 다 담규나서 이렇게 에어프라이어팟에 기름이 남은게 보이는데 몇개 안구웠는데도 이렇게 기름 빠지는게 보이네 ㅎㅎㅎㅎㅎㅎㅎㅎㅎ​​참고로 요건 FDA와 SGS승인을 받은 플래티넘 실리콘으로 만들어진 에어프라이어팟인데 요게 아이들 젖꼭지나 의료용으로 쓰이는 안전한 소재라고 하니 뜨거운 열을 사용해야하는 조리에서 혹시나 유해물질 나올까 걱정되시는 분들도 안심하고 사용할 수 있다는 점♡​​​​자 그리고 시식시간 ㅎㅎㅎㅎㅎ사실 사진찍고 뭐하고 한다고 평소보다 몇분 덜 돌렸는데도 먹어보니 따뜻하게 잘 데워져서 만족스러웠는데 이시간에 포스팅하니 또 돌려먹고싶네...^^ㅋㅋㅋㅋㅋㅋㅋㅋㅋㅋㅋㅋㅋ​​​​​그리고 제일 궁금했던 설거지!!!!​진짜 너무너무 좋은데도 맨날 세척하는게 힘들어서 가끔 에프에 돌릴거 렌지에 돌리고 그랬는데 ㅋㅋㅋㅋㅋㅋㅋㅋㅋㅋ​요렇게 얘만 딱 꺼내서 그냥 일반 설거지하듯 부드럽게 쓱쓱 닦아서 물로 헹궈내면 끝!!!!!!!!!!!!​​​​구럼 이렇게 깔끔쓰하게 세척이 되는데 진짜 맨날 에어프라이어 꺼내서 분리하고 각자 설거지하고 하면 크기도 크고 무겁고^.ㅠ 너무 귀찮았는데 ㅋㅋㅋㅋㅋㅋㅋㅋㅋㅋㅋㅋㅋㅋㅋㅋㅋ​이건 얘만 딱 닦고 그냥 설거지대에 올려두면 사이즈듀 딱 되니까 아주 행벅쓰♡​​​내일은 만두나 꾸워서 먹어볼까 생각중 ㅎㅎㅎㅎㅎㅎㅎ케케​구럼 이렇게 쁘주부의 실리만 에어프라이어팟 포스팅을 마치며,  아래 링크 걸어둘테니 8월7일 방송 놓치지 마세영♡​​​​​​​​​​",44,4,2,484,20,1,3278.6,48,revu,2020. 8. 4. 22:53,5973,7246076,,"['이거 울 엄마 보여드리면 당장 주문 ㄱㄱ 하실거같. . ㅋ ㅋ ㅋ', 'FDA승인 받기가 여간 까다로운게 아닌데 ㅋㅋㅋ우리나라처럼 쉽게 허가해주는데도 아니고 대단한데요?에어프라이어도 요새 흔해빠져서... 종류도 다양하고 업체도 많은데여기꺼 한번 사볼까봐요 .. 닭봉 맛나보입니당!!^^', '쁘띠슈님~에어프라이어 사구 넘 좋았는데 설거지가.ㅜㅜ통 두 개를 씻어야해서 좀 귀찮았는데 이것 넘 좋네요.글구 치킨봉 넘 맛있어보여요~쁘주부님의 가지볶음 빨리 보고 싶어용😁😁', '진짜 에어프라이어 쓰고 나면 닦는게 문제인데 저거 진짜 괜찮네요 ㅋㅋㅋ 설거지 넘나 편할 것 같은 ㅋㅋㅋ 에어프라이어 정말 신세계예요 ㅋㅋ 저기에 통삼겹살 해서 먹으면 진짜 짱입니다 ㅜㅜ', '좋은 정보 감사합니다.\n좋은하루되세요', '안녕하세요. 이웃님. 비가 너무 와서 주말인데도 어디 나가기도 그렇네요. 여기저기 피해도 많은거 같구요. 오늘도 힘찬 하루되시길 바래요. 포스팅에 댓글 공감 하고갑니다. 글 하나 발행됐는데 제 블에도 하나씩 부탁드릴께요.', '오 완전 신기해용ㅎㅎ', '와 에어프라이팟이 너무 탐나는데요 ㅎㅎ 종이 호일 쓰기가 너무 아쉬울때가 있었거든요 ㅎㅎ', '포스팅 잘봤어요~~ 블로그 새로 만들었는데 구경오세용!! 친하게 지내요^~^']"
2,https://blog.naver.com/lemon6139?Redirect=Log&logNo=221487485094,"​​집안일에는 평소에 관심이 없었으나, 이제 결혼준비를 하는 입장에서 하나, 둘씩 관심이 가는 분야가 넓어지고 있다 ㅋㅋㅋㅋㅋㅋㅋㅋ​예를들면 베이킹이라던가(요건 원래부터 관심이 있었는데 요즘들어 더,,ㅋㅋㅋㅋㅋ)예쁜 식기류라든가 아님 가전제품이든지 ㅋㅋㅋㅋㅋㅋㅋㅋ대부분 집안일과 관련된 것들인데(이렇게 주부가 되어가나봐요 ......... ☆)​특히 난 평소에 옷 입을때 빨래가 아주 깨끗하고 향긋하게 되면 옷 입을때부터 넘나 기분이 좋아져서그날하루 평소 기분 +50% up되는 사람인데이웃님들이 많이쓰시고 또 제품 자체도 넘나 갬성적이어서​ 한번쯤 써보고싶던 르주르(le jour) 액체세제와 섬유유연제를 사용해보았음 ★ ​​​짠~* 빠르게 배송와서 행복쓰​​​​​​​​제품이 새지않도록 꼼꼼하게 포장된 뽁뽁이를 뜯어내고 나니까아니 이렇게 포장부터 갬성st이기 있나여​​​​​세제가 이렇게 예뿌니까 뭔가 빨리 빨래하고싶자나여 ㅋㅋㅋㅋㅋㅋㅋㅋㅋㅋㅋ​너무 예뻐서 집들이 선물이나 아기낳은 친구들에게도 선물하고싶은 비주얼이었다 쿠쿠요즘에는 롯데면세점 사이트에서도 르주르제품을 구매할 수 있다고 하던데신행갈때 요거 면세찬스써서 쟁여와야겠다리ㅋㅋㅋㅋㅋㅋㅋㅋㅋㅋㅋㅋㅋㅋㅋㅋㅋㅋㅋ​​아래 사진에서 왼쪽 투명한색이 르주르 액체세제고 오른쪽 연보라색이 르주르 섬유유연제​​​​​​​​​뚜껑 위에 세제랑 섬유유연제를 계량해서 넣을 수 있도록 투명한 계량용기를 같이 보내주셨는데요게 아주 유용하더구만!​​​​​​​내가 좋아하는 연보라보라색상의 르주르 섬유유연제는 향도 내가 좋아하는 은은한 라벤더향!​개인적으로 나는 섬유유연제를 니트가 부드러워지라고 넣기도 하지만향기땜에 넣는 1인이랔ㅋㅋㅋㅋㅋㅋㅋㅋㅋㅋㅋㅋ향기가 넘나 중요^.^​​​​자 그럼 이렇게 세탁기위에 넣고 세탁 인증샷을 찍은 뒤빨래를 해보겠어여 ㅋㅋㅋㅋㅋㅋㅋㅋㅋㅋㅋㅋ​​​​​뚜껑을 열어보니 액체세제는 정말정말 투명하드라 ㅋㅋㅋㅋㅋ요게 수용성이라서 세탁할 때 물속에서 빠르게 확산되고 세척이랑 헹굼이 동시에 일어나게 한다고 하는데그래서 물도 절약된다고 ☆요즘 정말 뭘 쓰든지 환경도 생각해야한다 ^.ㅠ​​​​​​​​야무지게 계량해서 빨래준비 끝~*ㅋㅋㅋㅋㅋㅋㅋㅋㅋㅋㅋㅋㅋㅋㅋㅋㅋㅋㅋㅋㅋ​​​​​​​​그리고 자 이제 세탁기에 세제랑 섬유유연제를 넣어보아요 ☆뭔가 빨래하면서 이렇게 영상을 남기니까 진짜 프로패셔널한(?) 주부9단된 느낌ㅋㅋㅋㅋㅋㅋㅋㅋㅋㅋㅋㅋㅋㅋㅋㅋㅋㅋ​나중에 결혼해서 집안일이나 요리같은거 포스팅해도 재밌겠다고 생각이 들었다ㅋㅋㅋㅋㅋㅋㅋㅋㅋㅋㅋㅋㅋㅋㅋ​​​​​​짜잔~* 르주르 세제를 이용해서 세탁하고 난 내 니트 ㅎㅎㅎㅎㅎㅎ니트는 지금같은 겨울철에 넘나 정전기 많이나고 그러는데 확실히 섬유유연제를 넣고 세탁하면 정전기도 덜생기고 구김도 덜 생기는듯!​보송보송하고 부드러우면서 은은하게 라벤더향이 퐁퐁 나는 내 부농부농 니트^.^​엄마도 향기도 좋고 세제가 왤케 이쁘냐며 ㅋㅋㅋㅋㅋㅋㅋㅋ​​​​나는 싱글족 세트로 요렇게 르주르의 두가지 제품을 사용해본건데사이트 들어가보면 패밀리세트나 베이비세트며 키친세트 등 다양하게 있어서 하나씩 다 사용해보고 지인들에게 선물해주고 싶구려 ㅋㅋㅋㅋㅋ​아래 사진은 이번에 새로 출시된 르주르 기프트 박스인데, 요 기프트박스에 간단한 편지도 쓸 수 있고 상자가 넘 깔끔하고 갬성적이어서 선물할때 정말 좋을거같다!​특히 울 언니가 곧 아가를 낳을 예정인데 언니에게는 르주르 베이비 세트를 요 기프트박스에 넣어서 출산 선물로 주면 좋을것 같다!​​​​​​쿠쿠 보기도좋은게 먹기도좋다고(?) 예쁜 포장을 보니 내 기분이가 좋구먼 !참고로 르주르에서 유튜브 채널을 통해 소소한 일상 및 행복에 대한 이야기들을 제공하고 있다고 하는데 아래 채널에 들어가면 구독할 수 있다고 한당!​​​​​그럼 요렇게 쁘띠슈의 주부9단인척하는 르주르 포스팅 끄읏~*​​​​​​​ 
",19,3,2,338,23,1,3278.6,62,text_ad,2019. 3. 13. 19:40,5973,7246076,,"['저도 요거 얘기는 많이 들어봣는데 아직 사용 안해봤어용 ㅋㅋㅋㅋㅋㅋ 결혼쯤 되면 그릇욕심 장난아니져.......😅 그릇이 물욕의 끝판왕이래요 ㅋㅋㅋㅋㅋㅋㅋㅋㅋㅋㅋㅋㅋㅋ', '결혼준비하며 이것저것 챙기며 살피는 재미가 쏠쏠하겠네요~제품이 고급져뵤여요~~', '결혼후 리뷰어는 제가 알고있는 딱 한분이 활동중에 있으시죠...^^ 이웃님도 아시는 그분요!!!', '제품 완전 고급스러워보여요새색시한테 어울리는 예쁜제품인듯 해요ㅎㅎ향도 엄청 좋을것 같아요써보고 싶어요결혼준비할때 다 예쁘고 좋은것만 사고싶다고친구들이 그러더라구요사람 마음 다 똑같겠죠?^^', '오조은정보네요!!섬유유연제는 향이최고!', '와 액체세제랑 섬유유연제 이렇게 이쁘나요?!*__* 평소에 빨래냄새 넘 좋아하는데 요런 예쁜 제품이면 뿌띠슈님 말씀대로 빨래할 맛 나겠어요!! 살림에 요즘 관심 많은데 저도 탐나네요+__+ 이렇게라도 빨래하고 싶은 맘 생기게 하려는 노력!!', '저도 이 섬유유연제 쓰고있어요~~', '이건 진짜 선물용으로 퍼펙트에요 ㅠㅠ', '잇님 글 잘 보고 갑니당~!!! 오늘 하루도 기쁨 가득 하루 마무리 하세용 ~!!', '이렇게 그는...주부 9단이 되기위한 발판을 마련하고줌마의 길마저 섭렵하려고한다.ㄷㄷㄷ']"
