,Post URL,Post,Image num,sticker num,gif num,Paragraph num,Comment num,Video num,weekly viewer mean,Sympathy num,AD,Posting Date,Buddy num,Total visit,Blog category,Comment detail
0,https://blog.naver.com/lillian1216?Redirect=Log&logNo=222445957282,"​안녕하세요,,,달콤 피에스타입니다♡​어제는 계곡 물놀이 다녀와서 한거라곤 앉아있었던거 밖에 없는데자고일어나니 몸이 너무 찌뿌둥ㅎㅎ​​​아이들도 방학하고 첫날이라8시 넘도록 늦잠자고아침 먹고는 그간 미뤘던 유리창청소를 시작했어요​​우리집 샤이모님지난해 말 우리집 오셔서 오시자마자 1월1일 열일 하시고반년을 넘게 상자속에 지내시다다시 등장하셨네요ㅎㅎㅎ​​​​​이제 곧 거실에서 보이는 저 산도 깎여서시립 도서관이랑 공원으로 개발될거라머지않아 공사장 뷰가 될듯한 우리집​산뷰는 아쉽지만  바로 집앞 길넌너 도서관과 공원은 또 한편 바라는 바라얼른 공사 시작하고 끝나면 좋겠어요​​​하려면 귀찮은데 하고나면 너무 좋은유리창 청소샤오미 유리창 로봇청소기 DDC55​​오늘도 하늘이 이쁘네요즐거운 날 되세요💓💓💓​​​​#유리창청소 #유리창로봇청소기#샤오미유리창로봇청소기#DDC55 
 
ㆍ…… ㆍ
ㆍ…… ㆍ
ㆍ…… ㆍ
",4,1,0,74,23,1,375.6,41,,2021. 7. 26. 12:14,1532,217463,맛집,"['유리창 로봇청소기도 있군요...와~~넘 신기하네요... 저두 하나 구입하고싶어요..>@<!!', '우아 유리창 청소로봇 처음봐요 ~ 세상 좋아졌네요 ㅎㅎㅎ오늘도 제마음 놓고갑니다 !', '앞쪽에 산이 보이는 뷰도 정말 좋은것 같지만도서관과 공원이 보이는 뷰도 괜찮을것 같아요 ^^', '우오ㅓㅇ ㅋㅋㅋㅋ 끼각 끼각 잘 닦네유 ㅋㅋㅋ', '달콤피에스타님 댁에 뷰가 너무 멋지네요^^앞으로는 도서관과 공원이 생긴다고요? 산 뷰는 사라져도 아이들을 위해서는 더 좋아지겠네요^^샤오미 청소로봇 진짜 신기해요~  바깥 창문도 닦아주는 거죠? 👍 💕', '어머 유리창 전용 청소기도 있군요 ㅎㅎ 정말 깨끗하게 잘 닦일듯해요!그나저나 달콤님 집 앞 전경이 너무 이쁜데요?', '오~~이거 완전 탐나네요!!당장 봐야겠어요~뷰맛집에 사시는군요!덥지만 행복한 하루 보내세요👏👏👏', '엥? 로봇이 유리창 청소를 해주다니 ㅋㅋㅋㅋㅋ 이거이거 대박인데여??', '뷰맛집이네용🙀🌈', '샤 이모님 상자속에서 많이 답답하셨겠는데융 ㅎㅎㅎㅎ히히 그나저나 경치가 이렇게 이쁘다니 !!!!! 하루라루 행복하시겠어욘 ☺️❤️❤️❤️', '우와 유리창 청소로봇 원리가 뭘까염 ㅋㅋㅋ 너무 신기하네요 !!안그래도 몸을 내밀어서 닦을수도 없고 거의 포기하고 있었는데저도 얼른 샤오미 찾아보러 가야겠어용 😁🧡공사뷰가 되기전까지 푸릇한 숲뷰 눈에 가득담아놓으셔요 !!🌷🌷🌷', '우와~ 떨어지지도 않고 어떻게 저리 요리조리 움직이며 잘 닦아주죠👍엄청 신기해요', '아 이거 살까말까고민했는대 ㅎㅎ 생각보다 잘 움직이는거같기도하고용 ㅎㅎ👣👣', '이거 살려고 요즘 검색중인데 엄청 좋은가봐요👍🏻유리창 닦으려다가 포기했는데 아무래도 사야겠어요 ㅎㅎ 예쁜하늘이랑 초록뷰가 깨끗하게 보여서 넘 좋네요😘', '우와 유리창청소기가 있군요!대박 저두사야겠어요뿅', '어머~ 로봇 유리창 청소기!!대박!! 바로 검색하러 가야겠어요~^^감사해요~😄♥️', '엄청 신기하네요~ 첨봤어요ㅎㅎ  산뷰가 없어진다니 제가 다 아쉽네요..']"
1,https://blog.naver.com/lillian1216?Redirect=Log&logNo=222195606489,"​안녕하세요,,,달콤피에스타 입니다♡​이제 신정연휴도 지나고1월이 진짜 시작되는듯한 월요일입니다​​​​​저는 1월1일 새해 첫날부터유리창 청소를 했어요12월15일 주문했던 청소기를29일날 받고신랑이 쉬기만을 기다렸다새해 첫날부터 청소를 했답니다ㅎㅎ​​​​​​​큰 도로가도 아니고 차량통행이 많은것도 아닌데그래도 도로가 있어 그런가유리창이 아주아주 더럽더라구요,,,​근데 통창이라 청소도 안되고유리창에 기대는걸 극도로 무서워하는 저라유리창 청소는 엄두도 안나요,,,​신랑이 할때 조차도 못보겠어서신랑 옷을 붙잡고 있는다면 말 다했죠?ㅎㅎㅎ​​그래서 유리창 청소를 위해구입했답니다​​​​저희집도 이제 샤오미이모님이깨끗한 유리창으로 지켜주시는건가요😍😍​이모님~~ 깨끗한 뷰를 부탁합니다​​​​주문할때 화이트를 선택했지만그렇잖아도 해외배송이라 오래걸리는데화이트는 품절이라더욱 오래 기다려야한다기에블랙으로 변경했어요,,,​워낙에 대한민국의빠른배송에 익숙해져있다보니해외배송 기다리는것도 너무나 힘듭니다​​​​​​지시장에서 124,900원에 구매했어요​청소기 구성은 본체, 리모컨, 안전줄, 걸레 2개씩 6세트,어답터, 건전지등사진과 같아요​리모컨은 동전형 건전지 사용과 일반 건전지 사용 사양중랜덤이랬는데 저는 일반건전지 리모컨을받았답니다​​​​​​강력한 흡입력으로 청소기가 외부 유리창에부착되는 방식인데혹시나 흡입력이 떨어져(전선이 빠져 전력공급이 멈춘다던가,,)창문에서 떨어지는 일을 막기위해안전줄은 나사형태로 청소기 본체에 연결시켜고리는 실내 어딘가에 걸어두면 된답니다​​​​본체에는 전원버튼하나일시정지/동작버튼 하나두개버튼으로 간단하답니다​청소할 유리창에 대고전원버튼을 2초정도 꾹 누르면흡입력이 생기면서 창문에 부착되요​​​전원을 끄는 일도청소완료후 리모컨의 위치이동 버튼을 통해손에 닿는 위치로 청소기를 옮겨본체를 통해 꺼야한답니다​그래야 청소기가 유리창에서떨어져 추락하는일을 막을 수 있겠죠~^^​​​​뒤집어서 걸레를 씌워주면 되구요​​​​리모컨에는 전원버튼이 없어요실수로 리모컨으로 전원을 끄게되면흡입력이 없어지며청소기가 창문에서 떨어지기때문인거같아요​​​위치조절버튼, 1회/2회 청소버튼이있답니다​​​​​​아웅ㅜ.ㅜ더러운 유리창 보이시나요?부끄러움은 저의 몫이죠😅😅😅​비포가 이지경이었답니다ㅎㅎㅎ​​​​​같은 창의 애프터예요~~확실하게 보이죠?​새해 첫날 신랑이 거실창을 닦았답니다​​​​거실에서 첫날부터 열일했던 청소기​저는 또 뒷날 혼자서 딸아이 방을 닦았어요블로그에 소개하겠다는 마음으로나름 사진을 찍어가며 했답니다ㅎㅎㅎㅎ​​​​​​확연한 경계가 보이는 딸아이방 창​제가 일전에 못견디겠어서창밖으로 손을 내밀고 닦았는데딱 저만큼이 제가 용기내서 손 뻗어 닦을 수 있는 범위였어요,,,​안하니만 못하게 만들어 놓은거죠🤭🤭​​​​유리창에 대고 전원버튼을 누르면흡입력이 생기며 유리창에 붙어요​그리고 리모컨에 있는1회청소 버튼을 누르면똑똑하게도 알아서 제일 위로 올라가 청소를 시작한답니다​청소가 끝나면 삐소리를 내며 멈춰요그럼 위치이동버튼으로전원을 끄기 좋은(손 닿는) 위치로 이동시켜본체 전원버튼을 2초간 눌러 전원이 꺼지면흡입력도 꺼지니 그때 옮기면 된답니다​​​​청소기가 지난 자리 보이시죠?​아웅 속이 후련합니다ㅎㅎㅎ​​​​​그리고 요즘은 이중창인 경우가 많은데창사이의 거리가 9센티미터 정도만되어도닦을 수 있답니다걸레부착한 청소기가 8.5센티 정도구요​저희집도 충분한 사이즈가 되어서 사이에 넣고도 닦을 수 있었는데요바깥 창은 중간에 바가있답니다​​​​요렇게,,,,그래서 중간 바가 있는 위치는 안창의 외부를닦을 수 없었어요😅😅​​​​그리고 딱 요만큼 닦이지않아요모서리부분이요,,,둥근 걸레가 둥글게 닦으니저만큼은 닦이지 않는답니다​​​그래도 첫사용에 너무나 만족스러운유리창 로봇청소기였어요👍👍👍​​​​샤오미 유리창 로봇청소기 DDC55​​실외창 청소가 너무나 간편하고꽤나 깨끗하게 닦여 만족스러워요​​​​#유리창청소 #유리창청소기 #유리창로봇청소기 #샤오미#샤오미유리창로봇청소기 #DDC55 
 
 
",20,1,0,298,59,2,375.6,57,,2021. 1. 4. 9:31,1532,217463,맛집,"['샤오미는 정말 다양한 제품을 만드네요 ㅎㅎ유리창이 깨끗하게 닦여서 속이 시원하셨을 것 같아요!!', ""헐 대박!! 떨어질까봐 무서운데 흡입력이 좋다니 알아서 척척 청소해주나봐요'ㅁ' 매년 계절바뀔때마다 깔끔한 엄마덕에(?) 유리창 청소하기 바빴는데 엄청 사고싶네요!!샤오미에서 나온 제품이면 가격도 괜찮나요?? 한 번 알아봐야겠어요ㅎㅎ"", '나 이거 살까봐...ㅎㅎ 너네 창문 뷰 빛이난다 ㅎㅎㅎ 이거 얼마지..알아보러가보께.ㅋ', '대박이구나 와우', '진짜 바깥쪽 손 안닿자나여 ㅠㅠㅠ완전 대박인데요🤭🤭👏👏👏', '오 유리창 반짝반짝ㅎㅎㅎ이 제품은 첨 보네요', '대박이예요~~ 신통방통 완전 감동했어요~ 동영상 보면서 떨어질까봐 조마조마했는데 안떨어지고 딱 붙어있네요!!! 와.. 유리창 닦고 싶어요~~ ㅋㅋㅋㅋ', '와!!!대박!!!이거 완전 효자아이템이네요!!!!ㅋㅋㅋㅋㅋ저도 새해 첫날 대청소했는데 창문은 못했어요..몸살날까봐서용..ㅋㅋㅋ이런게 있는줄도 몰랐는데 잘보고 갑니당!', '너무나 필요한 아이템이네요이런게 다있다니 진짜 신세계..!🍯🍯🍯', '로봇 청소기 하나 있음 정말 좋을 거 같아욤ㅎㅎ', '우와 이거 진짜 대박인데요😊 완전 깨끗해졌어요!!!샤오미꺼 이거 꽤 괜찮네요😊', '저도 결혼하면 유리창 청소기는 필수로 살거에요😍😍😍', '유리창 로봇청소기가 있네요.넘 신기하네요^', '우와 유리창청소기 사고싶었는데 넘 좋은데요🤩영상으로 보니깐 진짜 잘닦이네요!!움직이는게 뭔가 넘 귀여워요 ㅋㅋㅋㅋㅋㅋ', '와..실외창이 항상고민이여서 알아봐야지 생각만 하고있었는데 좋은 추천 줍줍이네요🥰', '우와 새해 맞이 청소하셨네용 ☺️❤️ 엄청 개운하시겠당 ☺️ 오늘도 좋은 하루되셔요😆😆', '어멋! 유리창청소기라니 너무 신박해요 !!!! 완전 깨끗해졌는데요 ><저도 제 집 마련하면 하나 사볼래용 히히', '잘 보고 갑니다.', '포스팅 잘봤어요 건강하고 안전한 수요일 보내세요^^', '비포에프터 차이가 엄청나네요 ㅎ저도 유리창은 무서워서 못닦고 있는데 괜찮은 아이템인거 같아요👍🏻', '블로그 잘 보구 가요 ~^^저는 전주 강신무 비단선녀 입니다무속인도 일반 사람들의 삶과 고충을 알고지식도 쌓아야 하기에 소통하며 지내려 합니다 ~!글 올리실 때마다 찾아뵙겠습니다 ♡', '비포에프터 차이가 엄청나네요 ㅎ:)저도 유리창은 무서워서 못닦고 있는데 괜찮은 아이템인거 같아요👍🏻']"
2,https://blog.naver.com/lillian1216?Redirect=Log&logNo=222306910572,"​안녕하세요,,,달콤피에스타입니다♡​나들이길에 오르면 꼭 들르는 휴게소그곳에 가면 저희 아이들이 꼭 먹는 휴게소 간식이소떡소떡이랍니다저는,,,  찰옥수수ㅎㅎㅎ​큰아이만 먹던 소떡소떡을어느새 작은 아이도 먹더니그 맛을 알아버린지라하교 후 간식으로 준비해 주겠다 약속한 뒤믿고 보는 mj의 후다닥레시피에 들러재료와 방법을 숙지했다죠~^^​​​​​​​​예전엔 소떠소떡이란 메뉴는 없고떡꼬치가 있었죠~~참 좋아했었는데 이제는 그 자리를소떡소떡이 대신하고 있는 거 같아요​​​​​​​요렇게 다 섞어서 준비해뒀어요~레시피랑 같은 비율로 양은 넉넉하게준비했답니다​양념의 비법 하나가 딸기잼이 아닌가 싶었어요생각만 해봐도 양념이 맛있어질 것 같더라고요​​​​​​냉장고에 보관해 둔 떡이라 딱딱해서꼬치에 끼울 수 없었어요그래서 떡을 데쳤답니다​이때 소시지의 첨가물 제거를 위해서함께 데쳐주세요​물이 끓으면 1분 정도 데쳐주시면 된답니다​​​​​​칼집 나있는 소시지라 데쳤더니 칼집이 더욱 부각되어서맛나 보이는 거 같아요~​​​​​​떡과 소시지를 하나씩 번갈아가며끼워주세요​​​​​그리고 준비한 소스를앞뒤 골고루 발라주시면 된답니다​저희 집 고추장이 매운 편이라 저는 비율보다 조금 덜 넣고물엿은 조금 더 넣어줬답니다​​​​​​1차로 소스 바른 소떡소떡은에어프라이어 입실을 기다리고있답니다ㅎㅎㅎ​에어프라이어 소떡소떡은175도 7분이면 완성되는데요5분 정도 돌리고 중간에 꺼내서소스를 한 번 더 발라 줄 거랍니다​​​​​입실ㅎㅎㅎ​​​​어랏~~~저희 집 에어프라이어는 10도 간격으로만설정이 되어서ㅋㅋㅋ180도 7분 설정해서 돌렸답니다~^^​​​​​​중간에 꺼내서 소스 한 번 더 발라주기애들은 아직 맵찔이라애들 것은 빼고 제 것만 한 번 더 발라줬어요​​​​​​짜잔 완성~^^​​​​​지난 토요일도 지지난 주 주말에도휴게소에서 소떡소떡을 사 먹은 아이들​오늘은 하교 후 엄마표 소떡소떡이간식이 되었답니다​​​​​소떡소떡은 떡과 소시지를 함께 먹어야맛있는 거 아시죠~^^​매콤 달콤 맛있네요~~​​​​​우유 한 잔이랑 아이들 기다리며저의 점심이 되었던 소떡소떡​​​​그리고 남은 양념이 있어서저녁에는 만두 구워서 양념에 버무려 반찬으로도 먹었답니다ㅎㅎㅎ​​​​​예전에 요렇게 먹은 적 있었는데맛있었던 기억이라 남은 양념까지 야무지게 소진했답니다​​어른도 아이들도 좋아하는 소떡소떡에어프라이어로 쉽게 해보세요~^^​​​오늘도 즐거운 날 되세요💓💓💓​​​​#소떡소떡 #소떡소떡만들기#소떡소떡양념#에어프라이어소떡소떡. ) //써
",33,0,0,208,53,0,375.6,38,,2021. 4. 12. 9:00,1532,217463,맛집,"['오 좋은 정보입니다 ^^오늘도 행복한 하루 되세요 잇님 ^^', '우와.. 소떡소떡 정말 맛있어 보여요 😍 딸기잼을 꼭 넣어야겠네용 ㅎㅎ 남은 양념으로 만두까지... 👍👍', '아 소떡소떡 진짜 너무맛있죠', '소떡양념에 딸기쨈~~!! 글쿤요♡ 달달하고 맛나겠어요. 데친 떡이랑 소세지를 에프에 또 구웠으니 맛이 없을수는 없겠죠 ㅎㅎㅎ 넘 먹고싶네용', '넘 맛나보여요👍🏻👍🏻', '크아 소떡소떡을 에어프라이어에 돌리면 진짜 맛있죠오>< 저는 만두파여서 그런지 남은 양념으로 버무린 군만두가 넘 맛있어보여요!! 양념의 비법이 딸기쨈이었다니 정말 의외예요:) 완전 꿀팁 감사해요❤', '포스팅  잘보고  갑니다.', '에프탐나요~~ ㅎㅎ저 에프 찌그러져서 진짜 바꾸고싶어서 근질대요ㅜㅜ 요에프는 오븐같아서 사용하기 편할것같아요!소떡소떡 맛나겠어영! 이번 여행에는 소떡이를 못먹어서 아쉽네용! 저 지금 여행다녀오는길이었거든요^^ 집에서 저도 한번 해먹어봐야겠어영!^^', '딸기쨈이라니 생각지도 못한 소스 조합인데 맛있을거 같아요 😆😆 마지막 양념에 버무린 만두가 넘나 맛있어 보이는데요 ? ㅎㅎ', '마지막 만두가 아른거리는 시간,,', '크~~ 남은 양념에 만두 좋은데용~', '엄마표 소떡소떡은 사랑이지요😁저도 우리애들 한번 해줘야겠어요 ㅎㅎㅎ', '진짜너무 맛있겠어요배가 갑자기 엄청 고픈데 저두 간식 거리 해야겠어요', '꺄건강하고 맛있는 소떡소떡넘나 먹음직스러워요', '좋은정보 감사합니다', '만두강정 맛나겠다..ㅎㅎ 나도 해볼게^^', '소떡소쩍 넘 맛있으죠 ㅎㅎㅎㅎ 저도 조만간 해먹어봐야겠어요 !!! 오늘 하루도 너무 수고하셨구 우리 내일도 파이팅해서 행복한 일주일 보내용 💛❤️💚', '괜히 소떡소떡이 인기있는게 아닌가 봅니다! 너무 맛있어 보여요 ^.^♥', 'ㅋ 저도 휴계소에가면 소떡소떡 먹네요^^💰', '우와 딸기잼은 진짜 비법이네요👍 뭔가 더 맛있을거 같은 느낌이에요!! 저는 프라이팬에 구워서 먹었는데 에프로 돌리면 더 건강하게 먹을수 있을거 같아요😆', '소떡소떡 간식대용으로 든든하쥬! 저는 휴게소에서만 먹어봤는데 집에서도 간단하네요!', '에프에 소떡소떡이라 저도 도전해봐야겠는걸요~~^^양념만두 비주얼도 끝내주네요ㅠ분명히 점심 먹었는데 배고프네요ㅜㅜㅎ', '애기들 간식으로도 좋고맥주 안주로도 좋겠는데요', '오옷 남은 양념에 만두까지 ㅠㅠㅠㅠ저것두 너무 맛있겠는데용🥺🧡']"
3,https://blog.naver.com/lillian1216?Redirect=Log&logNo=222199971763,"​안녕하세요,,,달콤피에스타입니다♡​저는 오늘 아침부터 8살 된 둘째랑손잡고 취학통지서를 제출하러다녀왔답니다​코로나로 예비소집일도 구역별로 오전/오후3일간하더라고요​​아침에 밥 먹자마자아빠 출근길에 함께 다녀왔어요다행히 이른 시간이라 기다리지 않고바로 서류 제출하고 서류 받아 집으로,,,​학교 좀 제대로 갈 수 있는 올해면 좋겠어요​​​지난 크리스마스에 만들어 먹었던통닭구이​새로 에어프라이어를 사면서올 스테인리스/대용량/회전 로티세리 기능을포인트로 두고 구매했었는데요​통닭구이야말로 회전 로티세리로 딱~!!!​​​​재료는 뭐 다른게 필요한가요ㅎㅎ아주 심플 그자체ㅎㅎㅎ​​​​​저는 950g 생닭 4,990원에 구매했답니다​이거 성공이면 이제 1주 1닭 하는 우리 집치킨값 절약되는 건가요~~~~^^​​​​​똥구멍과 그 안 지방들을 제거해 주고날개 끝도 잘라주어야 누린내가 안 난다고 해요​생닭 만지는 게 너무 싫은 저는가위로 싹뚝ㅎㅎㅎ​그리고 깨끗한 물에 안이랑 씻어주세요​​​​​​우유에 30분 정도 담가주세요요것도 냄새를 잡아주는 방법이라고 해요~​​​​​​​우유에 담갔던 닭을 한번 헹궈주고올리브오일과 허브솔트를 발라간이 배도록 해 준답니다​​​​​​​디디오랩 회전 로티세리 포크​한쪽 나사를 돌려 풀고 생닭에 푹 찔러 넣은 뒤풀었던 포크를 다시 찔러 넣어 나사를 돌려주면 막대에 생닭이 걸려고정된답니다​​​​​​하부 열선 아래에 기름 받침대를 넣어주시고양쪽 벽면 포크 걸이에 로티세리 포크를 걸어주면 준비는 끝​전원 키고 통닭 모드로시간은 40분 세팅해 줬답니다220도 40분 설정이랍니다​​​​​디디오랩 레시피북에는1차 220도 40분 후버터를 바르고다시 2차 220도 5분을 안내했으나후기글들을 보니버터를 빼는 게 더 맛있다는 글들이 있어저는 일단 220도 40분 설정으로 했답니다​​​​​​​​다리는 야무지게 실로 모아 묵었고요,,,날개가 고정되지 않으면 회전 시하부 열선을 자꾸 건드리게 된다기에저는 이쑤시개로 양쪽 날개를 고정시켰어요​​​​​​​​회전 기능으로 맛있게 익어가는 통닭구이​​​​​​​기름기 쏙 빠지며 익어가는 모습​​​​​​​시간 후 완성된 통닭구이노릇노릇 잘 익은 게 아주 맛있어 보이죠~​​근데 다리 쪽이 좀 덜 익었더라고요~다리를 야무지게 모아 묶었더니열기가 좀 덜갔나봐요ㅎㅎㅎ​​​​​​그래서 다리만 떼어다가바스켓에 넣고 220도 7분더 돌렸답니다​​​​​​​​​이제야 요렇게 맛있게 익은 닭 다리~~​​​맛은 말해 뭐 하겠어요~~딱 옛날 통닭 그 맛이에요기름기 쏙 빠진 닭구이노랑 노랑 잘 익은 닭 껍질 맛도 👍👍​​집에서도 쉽게 즐길 수 있는통닭구이​옛날 통닭은 아주 쉽게 완성되네요~~더 많은 에어프라이어 요리를 해봐야겠단마음이 드네요~^^​​​​#에어프라이어요리 #통닭구이 #닭요리#옛날통닭#디디오랩에어프라이어#회전로티세리 
26262
26262
26262
",25,1,0,248,62,1,375.6,46,,2021. 1. 7. 20:10,1532,217463,맛집,"['취학통지서가오면 뭉클하다던데 정말 그럴거같아요ㅎㅎ  디디오랩 시간오래걸린다는데 그렇지도않네요 한시간이면 되는군요~~통닭비쥬얼은 전기구이통닭맛집이네요🤤🤤', 'ㅎ 맛있겠어요 저희집은 둘이서도 1닭을 못해여 ㅋ', '찐 맛나겠다욤~ 디디오랩 청소는 쉬운가요? 청소만 쉽다면 찐 갖고 싶은 물건이네욤', 'ㅋㅋㅋ뭐여 우리승지 학교가낭 아놔 ㅎㅎㅎㅎ귀여운것 이거 만들고나면 허무해 순삭이자나..ㅋㅋ인내심 많이 좋아졌구나 우리 예영이', '요 에어프라이어 완전 탐나요오~~~~~~ 꺅  통닭구이집 비쥬얼이네요~ 최고', '저도 어제 예비소집 다녀왔어요 우리 첫째 ㅋ에어프라이어 아직도 없는집! 여깄는데여 이거 보니 하나 사야겠는데요?!옛날통닭 고대로네요!!', '에프가 커서 좋네요~~~울신랑이 작은걸 사와서 암말 안하고 쓰고 있답니다 ㅋㅋㅋ🎁🎁', '에어프라이기가 좋은데요!커서 사용이 편리해보여요~비주얼부터 합격인데, 맛은 말해 뭐하겠어요~!음냠냠. 맥쥬랑 같이 먹고싶네요 ㅜㅜ', '우와 ㅋㅋㅋㅋ 너무 근사한데요?!!', '우와 에어프라이기가 이렇게도 사용이 되다니 저도 한번 해먹어봐야겟어오~!', '우와~~진짜 옛날통닭이 되었네요^^', '와 돌돌 돌아가는 전기구이 대박이데요!! 영양센타 갈 필요 없겠어요 ㅎㅎㅎ 저두 에어프라이어 덕분에 요리가 얼마나 쉬워졌는지 정말 너무 좋아요^^', '크~~ 에어프라이어기 탐난다요!^^ ㅎㅎ아주 색이 예쁘게 잘나왔네요^^ 맛이 아주 좋을것같아요ㅋㅋ^^아주 기름기쏙빠져서넘넘맛나겠어용! 군침군침요^^', '지난 번 글에서도 느낀건데 에어프라이어 넘 탐나네용 포크 걸이까지 있다닛...!', '저도 저 기능을 포기못하겠더라구요~~점점 좋은것들이 많이 나오는거같아요👍', '요즘 옛날통닭 한번씩 사먹는데 에어프라이어에 도전해볼까나^^', '대박ㅜㅜ 너무군침돌아여 옛날통닭을 에어프라이어에.. 짱😍😍', '에어프라이어가 오븐같네요~ ㅋ 너무맛있겠어요~~ ㅋ', '에어프라이어 있으면 진짜 편한거 같아요~^^', '통닭구이 진짜 좋아하는데 주변에 파는 곳이 없어서 항상 아쉬운데 요렇게 집에서 해 먹으면 진짜 간편하고 좋겠어요:)', '오오 통닭구이를 집에서 해먹다니 넘 좋은거같아요😆겉바속촉으로 잘익어서 진짜 맛있어보여용!!', '집에서 완전 전기구이처럼 잘 요리하셨네요 ㅎㅎㅎ 기름기빠지고 담백할거같아요 ㅎㅎㅎ', '👆👆👆', '완전 부러워요ㅠ 저희집은 에어프라이어기가 작아서 안되는데ㅠ 끄아~ 빙글빙글 대박쓰👍👍', '에어프라이어로도 통닭구이를 할 수 있다니!!! 💖💖 진짜 에어프라이어 활용 제대로 못하는 저한테는 신세계이군요!! ㅎㅎㅎ 💘💘']"
4,https://blog.naver.com/lillian1216?Redirect=Log&logNo=222191300065,"​안녕하세요,,,달콤피에스타입니다♡​요즘 생활가전의 필수품이라 해도과언이 아닐 정도로가정마다 요긴하게 사용하고 계시는 거 하면에어프라이어가 아닌가 싶어요,,,​​저도 한 3~4년 전 저렴한대우 3.5리터짜리 바스켓형을 사서주로 냉동식품과 군고구마 위주로 잘 사용했었는데요코팅도 벗겨지고용량도 큰 걸로 바꾸고 싶은데종이 호일 깔아가며 사용하다가(미루고 미루다)이번 참에 올스텐 대용량으로 바꿨답니다💓💓​​​​디디오랩더블히팅 에어프라이어 14L​사고 싶다 살까 말까 하던 찰나에롯데홈쇼핑에서 하는 방송을 보게 되는 바람에나도 모르게 주문 버튼을 눌러버렸답니다​​​프로페셔널하게 전자제품 리뷰도 하고 싶으나설명서 보며 공부하는 걸 워낙에 싫어하는지라사용을 위해 꼭 알아야 하는 건신랑이 체크해 주고저는 사용 시에 닥쳐서필요한 것만 습득해가며 사용해봅니다ㅋㅋ​​​디디오랩을 선택한 이유✔14L의 대용량✔✔올스텐✔✔✔상,하부 열선✔✔✔✔회전로티세리 기능때문이었답니다​​​새로 장만한 에어프라이어로 첫 요리​​​감자도 함께 에어프라이어에 넣으려고잘라서 일회용 봉투 안에 넣고기름, 소금, 후추 넣어서 쉐킷~~​​​​​​수육 해 먹으려고 샀던 삼겹살은제 맘대로 칼집을 내어줬어요~^^​​​허브솔트 뿌려서 준비해둡니다​​​​통마늘도 함께메쉬 바스켓에 모두 올렸어요​기름 받침대를 젤 아래 바닥에 넣고바스켓은 가운데 층에 넣어줬어요​​​​​전원 켜고여러 메뉴 중 통삼겹을 골랐어요로티세리를 이용한 게 아니기 때문에 회전은 버튼을 눌러 없앴고요,,,​220도 25분 세팅해서 가동됩니다​​이전에 사용하던 바스켓형은수시로 열어봤었는데도어로 내부가 보이니 좋아요👍👍​​​​​​짜잔~~~겉은 잘 익어 보이죠~~^^근데 속은 아직이더라고요 ​​감자랑 마늘은 이미 다 익었기에 꺼내줬구요고기가 양이 다 다르고 두께도 다르고25분으로는 잘라보니 속이 다 안 익어서​200도로 온도 낮춰 20분 더 돌려줬어요​​​​​잘라보니 맛있게 잘 익었더라고요~겉이 아주 바삭바삭​​​먼저 꺼낸 감자랑 마늘은배고픈 식구들이 오며 가며 다 주워 먹고고기만 남았어요ㅎㅎㅎ​​​​겉바속촉의 통삼겹 완성😍😍​​​겉바속촉의 통삼겹살구이​수육보다야 기름지지만구워 먹는 삼겹살보다 라이트 하게즐기실 수 있답니다​제일 처음 만두 구워 먹고두 번째 한 에어프라이어 요리통삼겹살구이로 맛있는 저녁이었답니다​​​​​#통삼겹살구이 #저녁메뉴추천#삼겹살구이 #삼겹살요리#에어프라이어요리#디디오랩 #디디오랩더블히팅에어프라이어#디디오랩에어프라이어#대용량에어프라이어 #올스텐에어프라이어#롯데홈쇼핑​",21,2,0,204,52,0,375.6,48,,2020. 12. 31. 10:40,1532,217463,맛집,"['에어프라이어에 사용할께 많아요 ㅎ완전 맛있겠어요 2021년 다가오는 새해 복 많이 받으시고좋은일만 있으시길 ~💞💞💞요', '통삼겹 사러가야겠어요', '역시 에어프라이어에요!! 정말 맛있어보여용^^', '에어프라이어가 예쁘게 생겼네용... 통삼겹살구이는 두 말 할 것 없이 넘 맛있어 보이구요 ㅎ.ㅎ', '으악 괴로워요~혼자살아서 에어프라이어 작은거 샀는데 굉장히 후회되네요눈으로 많이먹었습니다 고맙습니다', '오 정말 겉바속촉!! 저희 집에 있는 에어프라이어는 너무 초기 모델이라서 그런지 생각보다 맛있게 되질 않아서 구석에 보관되어 있어요ㅠㅠ 에어프라이어로 다양한 음식들을 활용하시던데 새로 사야하나 고민되네요ㅠㅠ', 'ㅜㅜ우와~ 통삼겹!!! 확실히 대용량이 사용하기가 더 편리하더라구여!^^ 새해 복 많이 받으세요🎊', '디디오랩 유명하자나용!!😊 디디오랩이랑 다른거 고민하다가 다른거 샀는데ㅠㅠ 통삼겹 진짜 너무 잘됐어요!! 맛있겠어요🤩', '우와 통삼겹살 넘 맛있어보여요🤩곁들이는 감자도 맛있어보이고 삼겹살 기름도 쏙빠지고겉바속촉일거 같아요!!!달콤피에스타님 해피뉴이어입니당💕', '크으 겉바속촉!! 저두 에어프라이어 삿는데 요건 안해봣어용>.< 도전 해봐야지용💪💪', '에어프라이어 삶의 질을 높여주죵 ㅎㅎ 너무나 활용도가 높은 아이템 같아요 !!!', '에어프라이어  정말 편하죠^^  사길 잘한것 같아요', '집에 에어프라이어 있어도 활용 1도 안 하는 사람 저입니다,,, 잇님 글 보니깐 진짜 제대로 활용해야겠습니다ㅠㅠㅠ', '꽤 오래 돌려야 다 익군요?ㅎㅎ저도 해먹으려고용', '겉바속촉 너무좋아요', '오 언니 에어프라이어 완전 이쁘네요!!! led 좋아요 오~~  홈쇼핑 보다보면 나도 모르게 손이 막 주문 버튼을 누르고 있더라구요 ㅋㅋㅋ 그래서 잘 안 보게 돼요.. 삼겹살 한번도 안 해봤는데 저도 한 번 해봐야겠어요 새해에 도전!! ㅋㅋ', '대박~~정말 맛있겠어요~~', '진짜 에어프라이어에 구우니 완전 겉바속촉 최고에요😍😍', '에어프라이어에 저도 가끔씩 통삽겹해먹는데 감자는 안넣어 봤어요담엔 넣어보는걸로~~^^', '크~~ 완전 겉이 바삭하니 너무 맛날것같아요!저도 요거 보니 완전 바꾸고싶은 충동이지만참아야겠지여!^^ 저는 3만원주고 세일때 사놓은거잘쓰다가 설겆이하다 떨궈서 찌그러졌어요 바스켓이!ㅋㅋ근데 안망가지고잘되서 짜증나요ㅋㅋ새로 에프사셨으니 맛난 요리 많이 보여주세용♥']"
