,Post URL,Post,Image num,sticker num,gif num,Paragraph num,Comment num,Video num,weekly viewer mean,Sympathy num,AD,Posting Date,Buddy num,Total visit,Blog category,Comment detail
0,https://blog.naver.com/lim8419?Redirect=Log&logNo=222415769169,"마이너사운드 칼림바 우리 일상속에서 자연스럽게 접할수있는 악기가 바로 칼림바 인것 같아요.​초등학교 다니는 딸아이도 칼림바연주 수행평가 를 하고 중학교 다니는 아들도 음악시간 수행평가 때문에칼림바 연주 연습하더라구요 ​미리 칼림바 악보 한두개쯤 연습해두면아이들 교육적으로도 좋을것 같네요 제가 선택한 칼림바 는 마이너사운드 아크릴 칼림바 예요 마이너 사운드 의 칼림바 는 현지 공장에서 직수입하여 판매하는 칼림바로 유통마진이 없어서 가성비 좋은 칼림바 악기 예요 자체적으로 교재를 제공하는칼림바의 역사부터 소리의 과학까지 다양하고 알찬내용으로 구성되어있고,​칼림바 구매하면 무료로 제공되기 때문에굉장히 유용하게 사용하고 있어요 특히, 칼림바 연주 하는 방법과 칼림바 악보 보는방법및 칼림바악보 도 함께 첨부되어있어서 실용적이고 활용도가 높아요 전문가가 하나하나 꼼꼼하게 검수한 제품으로 선튜닝후 발송되지만 집에서도 어플을 이용해서 조율까지 할수있도록 칼림바 조율기도 함께 배송해서 받아볼수있어요 칼림바 조율 까지 집에서 간편하게 해볼수있네요 그리고 마지막으로 나만의 각인서비스 ​내가 원하는 각인을 넣어서 맞춤 제작 할수있어요 투명하고 하얀 각인까지 너무 멋스럽고 고급스러운 나만의 아크릴 칼림바 ​들고만 있어도 기분좋아지는 예쁜 칼림바 예요 저절로 영롱한 소리로 칼림바연주 성공할것만 같아요 칼림바는 크기가 작고, 배우기 도 어렵지가 않아서 연주 하기 편해 취미악기 로 좋은것 같네요 특히, 마이너사운드 칼림바 는 디자인도 예쁘고 소리가 영롱해서 어디서 연주해도 청아한 소리를 느껴볼수있어요 ​건발클리너와 음계스티커 활용해도 좋아요 수행평가 연습때문에 학교에 들고다니는데 하드케이스 덕분에 보관도 편리하고 이동도 편리하다며 좋다고 해요 ​그리고 친구들이 너무 부러워한다고 하네요 마이너사운드 아크릴 칼림바 예쁘고 청아한 소리가 다들 부러운가봐요 ​이왕 칼림바 배우기 시작했다면,취미악기 로 모양도 예븐 마이너사운드 칼림바 좋은것 같아요 누구나 취미악기 로 하나씩 가지고 있으면 좋은 칼림바 라서 칼림바 악보 와 독학으로 칼림바 배우기 쉬운 교재가 포함된 마이너사운드 칼림바 각인까지해서 의미있는 선물로 준비해보세요 ​​​​정품 인증서 확인가능한 마이너사운드 칼림바 정품쇼핑몰 공유할게요 ​✔✔✔​​​​#칼림바 #칼림바악보 #칼림바추천 #취미악기 #칼림바조율#마이너사운드칼림바 #칼림바배우기 #아크릴칼림바 #칼림바연주 #악기 #투명칼림바 ​​​​​",13,0,0,253,14,1,270.6,34,text_ad,2021. 6. 30. 22:34,5978,7180867,,"['각인문구도 넘 멋지고 소리도 청아한게 넘 듣기좋아요^^ 스토어갔더니 입문자용은 가격도 착하고 좋네용', '좋은 정보 잘 보고 갑니다.\n오늘도 행복한 하루 되세요.', '처음처럼님 안녕하세요! \n관련된 내용 찾다가 우연찮게 들렀는데 포스팅 내용이 유익해서 글 남기고 가요~!\n오늘도 좋은 하루되시구요. 항상 코로롱 조심하세요 :)', '안녕하세요 ^^ 포스팅 너무 잘보고 갑니다 ㅋㅋ 오늘도 화이팅하세욧 !!', '칼림바 추천 🎵 칼림바 배우기 조율 및 악보 공감누르고 갑니다:)', '오늘도 기분 좋은 하루 되세요~^0^', '좋은 글 잘 읽었습니다.\n공감 누르고 갑니다.', '주말이 얼마 안남았어요 ㅎㅎ포스팅잘보구 가용 ^^ 오늘 하루 마무리도 잘 하세요 ㅎㅎ', '와~너무 소중한 글 감사합니다~^^ 악보도 많이 올려두었답니다 (cafe.naver.com/minorsound)']"
1,https://blog.naver.com/lim8419?Redirect=Log&logNo=222418651880,"휴대용선풍기 쉐어 LED 넥밴드선풍기 SH-BNF02 화이트 요즘 유행하고 있는 휴대용선풍기 목에 거는 넥밴드선풍기 사용해봤어요 ​제가 사용한 제품은 쉐어 LED 넥밴드선풍기 SH-BNF02 화이트 예요 쉐어 LED 넥밴드선풍기 는 다른 넥밴드선풍기 와는 달리 LED 기능이 있어서 저녁낚시 , 또는 저녁 등산 및 저녁산책등 어두운곳에서 더욱더 실용성 좋은 휴대용선풍기 제품인듯해요 대용량 배터리로 한번 충전으로 장시간 사용가능해서 외출할때 실용적인 쉐어 LED 넥밴드선풍기 예요 넥밴드선풍기 로 사용가능하지만 미니선풍기 용도로 탁상용 으로도 좋은 미니 무선선풍기 라서 실용적이고 활용도가 높을것 같네요 ​충전식 이라 부담없이 오래 사용할수도 있어요 선풍기 뒷면은 조명이 있고 각도조절 자바라는 부드러워서 자유롭게 조절가능해요 ​선풍기조작은 3단조작가능해요 최고장점은 아무래도 미니선풍기 이고 충전식선풍기 는 단시간 사용할수밖에 없는단점이 있는데 쉐어 LED 넥밴드선풍기 는 완충시 ~ 43시간도 사용가능해요 쉐어 LED 넥밴드선풍기 화이트 색상이라 시원해보이고 깔끔해서 좋더라구요 밧데리 무게때문에 처음에는 살짝 무겁다 라는 느낌이 있었는데 ​목에 걸어서 넥밴드선풍기 로 사용했을때는무게감없었어요 ​오히려 탁상용선풍기 로 사용할때 편안한 느낌이라서 좋았네요 귀여운 디자인의 쉐어 LED 넥밴드선풍기 국내 안전인증을 받은 안전한 배터리를 사용하고 있어서 목에 걸어도 안심이예요 실외뿐 아니라 실내에서도 너무 실용적이게 사용할것 같아요 ​설거지 할때나 , 탁상용선풍기 로 미니선풍기가 필요할때 다양하게 사용될것 같은 쉐어 LED 넥밴드선풍기 쉐어 LED 넥밴드선풍기 사용설명서에는 사용법부터 세척법까지 상세하게 나와있으니 참고하면 좋을것 같네요 ​3단 풍속 조절과 7엽 날개로 작지만 시원함을 느낄수 있는 미니 선풍기예요 불빛도 제법 강해서 벌써 야간 낚시가 기다려지더라구요 다음주중 야간낚시 계획중인데 쉐어 LED 넥밴드선풍기 꼭 챙겨가려고 해요 요즘에는 저녁에도 더우니까 ​조명도움도 받고 , 또 시원하게 미니선풍기 도움도 받을수있으니 1석2조 이겠네요 조작법이 간편하고 전용 케이블도 있지만시중에 많이 사용되는 c타입 충전케이블로도 충전가능해서 언제 어디서나 충전해서 사용할수있겠어요 ​탁상선풍기로 사용해도 너무 이뻐요 굿굿 ​날개와 안전망 뒤쪽은 마른처니안 붓으로 먼지를 제거해주고 날개및 본품에는 물세척이 불가능하니까 ​꼭 ✔ 주의해서 사용해야 해요 ​목에 걸어도 부담없는 쉐어 LED 넥밴드선풍기 바람슝슝 나오니까 바람없이 더운날 실용적이겠어요 ​걸어다닐때는 목에걸고 쉴때는 탁상용으로 사용하면 굿굿 부드러운 실리콘 자바라가 어느각도로도 조절해주니까 ​전 겨드랑이 쪽으로 조절도 해봤는데좋더라구요 ㅋㅋㅋㅋ​사진은 차마 못남겼어요 부끄러우니까 올여름 더위 많이 타는 우리 남편이랑 한몸이될 쉐어 LED 넥밴드선풍기 예뻐서 더 좋아요 ​​​​#선풍기추천 #휴대용선풍기 #넥밴드선풍기 #미니선풍기 #무선선풍기 #충전식선풍기 #탁상용선풍기 #usb선풍기 #목걸이선풍기 ​​​​​ 

-
트 086비610
04066

본 포스팅은 실제 상품이나 서비스를 제공받아
건강한 리뷰문화를 만들기위해 작성한 진솔한 후기입니다.

 

 
",18,0,1,312,0,1,270.6,17,text_ad,2021. 7. 3. 11:24,5978,7180867,,0
2,https://blog.naver.com/lim8419?Redirect=Log&logNo=222316435409,"​레트로 감성 피노코 우드 블루투스 스피커 레트로 감성 뿜뿜 느낄수 있는 두드블루투스스피커 피노코 스피커 소개해요 ​✔✔✔​피노코 블루투스 스피커는 오프라인 매장 인천 직영점 or 온라인 네이버쇼핑몰 포니리타 에서만판매하고 있는 우드블루투스스피커 예요 품질보증과 a/s 받을수있는 피노코 블루투스 스피커 감성적인 디자인으로 우드의 결과 색감이 넘나 예뻐서 레트로감성 자극하는 우드 스피커 이네요 우드 색상도 두가지로 취향에 따라 선택할수있어요 크기도 너무 작지도 크지도 않은 사이즈에 들고다니기도 편해서 캠핑스피커 로도 인기있을것 같아요 저도 피크닉 갈때 꼭 ✔ 챙겨다니는 스피커예요 집안 어디에 두어도 레트로감성 풍기는 스피커 라서 인테리어 효과도 좋아요 사용법이 간단하고 무겁지않은데 음질은 얼마나 좋은지 블루투스 감도도 좋더라구요 일단 음량이 빵빵해서 넓은공간에서도 불편함없이 사용할수있는 소형 블루투스 스피커 예요 한번 충전으로 최대 10시간 사용가능하니까 완충후 캠핑이나 피크닉 갈때 들고가면 훌륭한 캠핑스피커 임무 완수 할수있는 아이라는점 마이크가 내장되어있어서 핸즈프리 통화가능하고 메모리슬롯 탑재되어있어서 MP3 플레이 가능해요 ​👍👍👍블루투스 연결이 어렵다면내가 좋아하는 음악만 메모리 에 담아서 무한반복 너무 좋은듯 한국어 음성지원으로 조작이 굉장히 편리한 감성 피노코 블루투스 우드 스피커 충전도 간단하고 조작법도 간단하고 무엇보다 디자인이 레트로 감성 풍기는 디자인이라 마음에 쏙 들어요 창가에 두고 비오는날 음악 들으면서 차한잔 마시면 집에서도 감성캠핑 느낌 그대로 느낄수 있을것 같네요 우드스피커 하나로 레트로감성 느껴지는 독서 시간이예요 사실 요즘 스피커 가격이 너무 사악한데 가성비좋은 블루투스 스피커 이고, 감성 뿜뿜 느낄수있는 레트로스피커 라는점이 너무 마음에 들었어요  ​​야외에서도 소리 짱짱하고 디자인 예쁜 레트로스피커 캠핑스피커 로 이용해 보세요 ​​✔✔✔​#레트로스피커 #캠핑스피커 #우드블루투스스피커 #피노코 #블루투스스피커 #스피커 #가성비스피커 #감성스피커 #예쁜스피커 #피크닉스피커 #우드스피커 ​​글은 블로그원평대을 동해 해당 업체에게
자 또느 서비스유언 솜자게작성된글 니다
",16,0,0,222,4,1,270.6,12,text_ad,2021. 4. 20. 11:11,5978,7180867,,['정성포스팅 눈 여겨 보고 갑니다 처음처럼님']
3,https://blog.naver.com/lim8419?Redirect=Log&logNo=222350535055,"천연 디퓨저 선물24HANDS​꽃집에 들어서면 나는 풍성한 꽃향기와 식물향기를 느낄수있는 매력적인 꽃집향 천연디퓨저24핸즈 플라워워터 디퓨저 소개해요 ​🌸🌸🌸저희집은 반려동물들과 함께하기 때문에 항상 디퓨저 선택할때 천연디퓨저 인지 성분을 꼼꼼하게 고려하는 편이예요 ​순수한 자연을 담은 디퓨저 24HANDS​검사 성적서를 보니 12가지 화학성분이 불검출 테스트 완료된 천연디퓨저 라서 믿고 사용할수있는 퍼품 디퓨저 예요 성분이 좋고, 디자인도 고급스러워서 선물 하기에도 좋은 디퓨저 이네요 ​저는 디퓨저 선물이 그렇게 좋더라구요 ​용량이 넉넉해서 마음에 들었고 오프라인으로 구매하는 디퓨저와 꼼꼼히 비교해도 손색없는 디퓨저 인것 같아요 ​특히, 꽃집향 은 사랑이네요 지인이 꽃집은 운영하고 있어서 자주 놀러가는 편 인데 꽃집에서 나는 향이 너무 좋아서 항상 너무 좋은향기때문에 이곳에서 살고싶다라고 말하기도 하거든요 그런데, 똑 같은 느낌의 향기를 디퓨저로 만날수있다는게 너무 신기했어요 발향이 굉장히 좋아서 무리하게 스틱 3개 꼽았다가 나중에 결국 스틱하나 뺏어요 ​거실인데도 (●'◡'●)​잇님들은 꼭 하나씩 꼽아가면서 발향 테스트 해보세요 믿을수있는 자연유래 성분의  에탄올사용해서 안전하다고 하더라구요 ​거실에 두니 온집안이 달콤한 플로럴향으로 가득한것 같아 기분좋은향 꽃집향 24핸즈 디퓨저 요즘은 집들이선물 이나 , 상가 오픈선물 으로도 굿굿 실용적인 선물이고 ​조화 카네이션 꼽아서 부모님선물 이나 스승으날 선물으로도 활용많이하는 디퓨저 이왕이면 , 안전하고 향기도 좋은 디퓨저로 선택하세요 ​예민한 사람도 믿고 쓸수있겠어요 꽃집향 디퓨저 올려놓으니 우리 냐옹이 슬금슬금와서 여기서 잠을 자네요 향기에 예민하기로 알려진 냥이가 이렇게 가까이와있으니 왠지 더 안심되는것 같더라구요 발향이 워낙 좋아서 좁은공간에서는 스틱 1개로만으로도 충분할것 같네요 ​무엇보다 향기가 너무 좋다는거 거듭 알려드리고 싶네요 다른 꽃집향도 이렇게 은은하고 풍부한 꽃향을내는지 궁금하기도 한데 !!​24핸즈 향기 맛집 이예요 인테리어 효과도 좋고 블랙과 골드 조합은 언제나 옳은것 같아요 주는 사람도 받는사람도 행복한 선물이 될것같은 ​24핸즈 꽃집향 천연디퓨저 24HANDS 천연디퓨저 판매처 공유할게요 ​✔✔✔​​​#천연디퓨저 #디퓨저선물 #디퓨저 #24핸즈 #24hands #안전한디퓨저 #발향좋은디퓨저 #지속력디퓨저 #디퓨저선물 #집들이선물 #부모님선물 #여자친구선물 #남자친구선물 ​​​​이 글은 서울오빠를 통해 본 업체의 이용권을 제공받아 솔직하게 작성하였습니다.
",17,0,0,256,1,1,270.6,17,text_ad,2021. 5. 14. 11:40,5978,7180867,,['향이 정말 좋을것 같아요']
4,https://blog.naver.com/lim8419?Redirect=Log&logNo=221832621263,"올리브영 단독론칭 르몽도르블랙에디션 홈 디퓨저 르몽도르 와 올리브영 이 기획으로 내놓은 디퓨저 르몽도르 블랙에디션 프리지아부케 만났어요​#올리브영 단독 론칭 #르몽도르 블랙에디션#홈디퓨저 는 르몽도르 공식홈페이지에서는 구매할수없고 올리브영 온오프라인 매장에서만 구매가능 한 #디퓨저 제품이예요 르몽도르 블랙에디션 은 LMDR No96과 노르딕 린넨 늬드쟈스민 프리지아부케 향을 만날수있는데 저는 평소 좋아하는 프리지아부케 향을선택했어요 . 봄봄 하는 느낌을 받고 싶어서 거실에 두려고 선택완료 :-)노란케이스도 마음에 들고 디퓨저 포장도 꼼꼼하고 센스있어서 너무 좋았어요 블랙에디션 이라는 이름답게 블랙으로 무장한 고급스러운이 뿜뿜 느껴지는 르몽도르 블랙에시뎐 디퓨저 에요 고급스러운 디자인이로 어느 인테리어에나 잘 어울릴것 같아요 스틱도 넉넉하게 챙겨주니까 향기조절도 편하게 할수있을것 같네요 너무나도 센스있는것이 우드캡과 골드캡 으로 두가지 연출이 가능한 다퓨저 라서 내 기분에 따라서 내인테리어에 따라서 편하게 세팅할수있어요 ! 개인적으로 블랙과 골드 조합이 너무 좋은것 !!고급스러움과 세련미 뿜뿜 골드캡 너무 이쁜것 같아요 개인적인 취향은 골드캡 이지만 우리집 거실은 우드톤 이라 우드캡이 훨씬이쁘게 잘 어울려서 우드캡으로 선택했어요 ​르몽도르 블랙에디션 프리지아부케 향은 풍성한 꽃향기가 다채롭게 느껴지는 향인데 달콤하고 상큼해서 너무 좋아요 스틱은 3개만 꼽았는데도 충분히 향이 좋더라구요 집에있는 프리지아 옆에 두었어요 얼핏 프리지아 향기같은 그런느낌 꽃향기가 너무 좋은 르몽도르 블랙에디션 우리집은 강아지와 고양이 때문에 #실내방향제 가 꼭 필요한 집은데 실내방향제 역활도 톡톡히하고 #인테리어디퓨져 효과도 있어서 너무 좋아요 향기가 은은하고 오래 지속되요 거부감없어서 너무 좋네요 ​고급스러운 인테리어디퓨져 취향저격 ​▲ 올리브영 르몽도르 블랙에디션 디퓨저 ▲​​​​​​​ 

 

본 포스팀은 오마이블로그를 통해 제중(서비스}를재공받아 작성된 글입니다.
시 05178100.00.11

 

 
",18,0,0,201,1,0,270.6,14,,2020. 3. 1. 22:23,5978,7180867,,['화이팅 입니다. ^^']
5,https://blog.naver.com/lim8419?Redirect=Log&logNo=221698032847,"디퓨저추천담이올 밤부디퓨저 스웨이라인 향도모르고 , 처음 접하는 디퓨저브랜드 임에도첫눈에 반해버려서 꼭 가지고 싶었던 디퓨저 소개해요 :-)​담이올 밤부디퓨저 스웨이라인 처음만난 #디퓨저브랜드 담이올 에서 만난 대나무 디퓨저 에요 :-) 이전 다른 #디퓨저 에서 볼수없었던 자연미 뿜뿜 풍기면서 존재감 드러내는 아이라 처음본 그순간부터 너무 나도 갖고싶었던 #디퓨저추천 포장부터 내용물까지 그냥 모든것이 다 마음에 들었어요 하얀 포장박스에 곱게 묶인 지끈이 자연스럽고 또 그안에 대나무 디퓨저 라니 너무나도 느낌이 좋아요 #디퓨져 향을 맞기전인데도 대나무향 자연적인 상쾌한 향이 날것같은 그런 디퓨저라는것 ​디퓨져 구성은 대용량급 디퓨저와 디퓨져를 담을수있는 대나무통 그리고 디퓨저스틱 디퓨저 장식용 프리저브드 가 함께 들어있는데 프리저브드 선택도 넘나 탁월한것 !!​초록초록한 느낌이 너무 상큼해요 그리고 영접한 #밤부디퓨저 #스웨이라인 #대나무디퓨저 너무 느낌이 좋아요 향기도 너무 상큼하고 시원해서 마음까지 청량해지는듯한 밤부디퓨저 에요 #담이올 디퓨저브랜드 너무 센스있고 좋은것 같아요 천연대나무에 항균처리까지 해서 곰팡이등 습기 걱정없고 유니크한 향이 잔향이 오래가고 발향도 굿이네요 :-)어디두어도 공간을 고급스럽게 변화시켜주는 대무나 디퓨저 담이올 밤부디퓨져 런칭 5시간만에 품절하고 2주만에 5차완판및백화점 세군데에 입점한 담이올 스웨이 캔들과동일향 이니까 이미 인증받은 디퓨져 라고 해도 부족함이 없네요 담양 천연대나무를 집에서 은은한 향과 함께 만나볼수있어요 ​​​​  

-
트 086비610
04066

본 포스팅은 실제 상품이나 서비스를 제공받아
건강한 리뷰문화를 만들기위해 작성한 진솔한 후기입니다.

 

 
",15,0,0,167,0,1,270.6,10,text_ad,2019. 11. 4. 21:56,5978,7180867,,0
6,https://blog.naver.com/lim8419?Redirect=Log&logNo=221491084946,#집들이선물 로 인기있는 허브타임아로마디퓨저 소개해요 :-)​선물받으면 너무 기분좋고 내돈주고 구매하기는 조금 부담스러웠는데선물받아서 사용해보니 없으면 허전한 #실내방향제 포장도 고급스럽고 성분도 믿을수있어서선물하기좋은 #디퓨저추천 하는 허브타임 #아로마디퓨저 소개해요 #디퓨저파는곳 많은데 화학물질 안전기준에 적합한지 확인된곳에서 구매하는게 중요하죠그래서 실내방향제 로는 친환경적인 아로마디퓨저 를 많이 추천 하시더라구요 #허븥타임 디퓨저는 100년 전통의향기로 확학적인 알코올과 정제수를 사용하지않아서 믿고 사용할수있는 #실내방향제 예요 ​아로마디퓨저 디자인과 포장이 고급스러워서 집들이 선물로도 제격 !!이런선물 센스있고 넘나 좋은것 같아요 ​저도 디퓨져선물 많이 받아봤지만받을때마다 향맡는 새로움도 있고 향기에 따라 방분위기도 많이 달라지기 때문에항상 기분좋은 선물이 되더라구요 유리병 디자인이 어디에도 어울리고 깔끔해서 마음에 드는 허브타임 아로마디퓨저 사용방법도 간단하고 발향되는 석고가 들어있어서 향기가 더 은은하게 오래가는듯 해요 깔끔하고 심플한 디자인 더군다나 용량이 넉넉해서 더 기분좋은허브타임 #아로마디퓨저 석고도 넘나 깜찍하고 귀여워요 자체 향기 솔솔~ ​발향도 좋고 전 은은한 향기를 좋아해서 스틱 두개만 넣어둬도 충분충분 ​은은한 향기가 솔솔 나서 기분좋은 아로마 디퓨져​향기가 너무 진하고 인위적이면 두통생기는데 허브타임 디퓨져는 그렇지않아서 좋네요 기분좋은 향기 이제곧 이사하는 친구에게도 선물해야 겠어요 :-) 허브타임 디퓨저 공식 쇼핑몰에서 다양한 아로마 향기를 골라볼수있네요 ↓↓↓​​ ,15,0,0,159,2,0,270.6,18,,2019. 3. 18. 13:18,5978,7180867,,"['요즘 디퓨저 사려고 알아보고 있는데 석고정말 귀엽네요 !!!!!', '디퓨저도 다양하더라구요,뭘 골라야 할지고민 중입니다.^^']"
7,https://blog.naver.com/lim8419?Redirect=Log&logNo=222103197681,"아이망 안경케이스안경파우치겸 안경닦이 로 사용할수있는다용도 안경케이스 아이망 안경케이스 소개해요 아이들이 안경을 쓰다보니까 간편하면서 관리를 잘할수있는 안경케이스 찾고 있었는데아이망 쿠션파우치 와 아이망 이너파우치 사용해보니까 쓰임도 간단하고 파우치도 귀여워서 아이들이 휴대용안경집 으로 잘사용하고 있어요 먼저 소개할 아이망 이너파우치 는 안경수건을 주머니형태로 만들어서 #안경파우치 로 사용도 가능하고 더불어 #안경클리너 로도 기능성을 가지고있는 제품이예요 ​디자인도 다양해서 원하는 디자인으로 고르는재미도 있네요 #선글라스파우치 로 사용하고 선슬라스케이스에넣어두어도 선글라스 손상없이 좋을것 같아요 이너파우치와 쿠션파우치 두가지 형태가 있으니까 편안하게 선택하면 좋을듯 하네요 이너파우치 는 손밀림없이 렌즈클리닝 도 가능하고 케이스 내 보관시 깔끔한 수납도 가능하고 안경전체 커버로 렌즈 스크래치까지 보호할수있는특별한 #안경케이스 로 #안경파우치 로 사용하기 너무 좋아요 휴대가 간단하니까 #휴대용안경집 으로도 편리하고 , 아이들은 학교 체육시간등에 안경보관할때 유용하다며 너무 좋아하더라구요 #아이망 #쿠션파우치 는 이너파우치가 가지고있는장점을 가지고있는동시에 좀더 두툼하게 내장된 스폰지로 충격완화 효과도 있고이너파우치와 더불어 제품자체로 렌즈 클리닝 효과까지 있는 #안경닦이 로 사용가능하니까 넘나 좋은것 같아요 아보카도 모양이 넘나 귀여워서 서로 가지겠다고 치열한 경쟁을 하게된아이망 휴대용안경집 이예요 ​안경을 함부로 관리해서 렌즈에 스크레치 내오기 일수인데 아이망 덕분에 이제 그런걱정은 없을듯 하네요 :-)이너파우치 와 쿠션파우치 모두 사용하기 편리해서 넘나 좋은 아이망 안경클리너 겸용 안경파우치 예요 쿠션파우치에 넣은 안경 :-)폭신폭신한 체감이 좋은 안경케이스 그대로 안경닦이 로 사용도 가능하고 넘나 귀여운 아이망 파우치 예요 이너 파우치 안에 안경넣은 모습이예요 리본모양이라서 이너파우치가 더 이쁘다고 말하는 막둥이는 이너 안경파우치 득템했네요 :-)​​​​​​​​​​​​​",15,0,0,204,1,1,270.6,17,revu,2020. 9. 29. 20:43,5978,7180867,,['명절 잘 보내시고 계신가요~? 날씨도 선선하니 좋고 어딜가도 이쁜 풍경볼 수 있는 때에 좋은 시간 보내시길 바랄께요~ =)힐링되는 명절 되시고 유익한 포스팅 잘 보고갑니다!']
8,https://blog.naver.com/lim8419?Redirect=Log&logNo=221856869865,"텐바이텐 곰돌이푸 굿즈북파우치 필통 메모패드큰꼬맹이가 애정하는 #텐바이텐 에서만만날수있는 공식 디즈니 라이센스 상품들 다양한 디즈니 라이센스 상품들중에 애정하는 #곰돌이푸굿즈 만나봤어요 ​큰꼬맹이 새학기 준비중에 반해버린 #곰돌이푸 #굿즈 가 가득한 텐바이텐 이예요 ​​곰돌이푸 는 제가 어릴때부터 애정하는 캐릭터 였고 지금도 영화도 나올만큼 오랫동안 사랑받는 작품이죠 세대를 이른 곰돌이푸 사랑 저는 이오르 를 참 좋아했는데 우리 큰꼬맹이는 곰돌이푸 캐릭터 중에 #티거 를 제일 애정하네요 곰돌이푸 #티거굿즈 #북파우치 와 티거 #필통그리고 #스탠드메모패드 예요 헝겊느낌나는 듯한 재질과 촉감이 너무 마음에 드는 티거굿즈 ​북파우치 와 필통 이 세트처럼 맞출수있어서 더 센스있는 새학기준비 텐바이텐에서 만날수있는 곰돌이푸굿즈 예요 ​우리 큰꼬맹이가 제일 마음에 들어했던건텐바이텐 티거 북파우치 였지만 저는 개인적으로 가장 실용성있고 귀여웠던 곰돌이푸 스탠드 #메모패드 ​사실 처음만나는 메모패드 매력에 빠져버렸죠 다양한 곰돌이푸 캐릭터들을 만날수있는곰돌이푸굿즈 라서 좋았고 사실 다양한 이오르 얼굴을 볼수있어서더 좋았죠 :-)​그리고 칭찬하고 싶은 실용성 뒤에 자석과 스탠드 할수있는 다리가 달려있어서 붙혀서 사용할수도 있고 세워서 사용할수있는 메모패드 예요 실용성에서 만점주고 싶은 메모패드 네요 ​엄마 냉장고에 붙혀놓고 쓰고싶다고 곰돌이푸 가 너무 귀엽다고 이야기했지만 본인사용할꺼라고 냉정하게 거절하는 너 ... ​​저도 하나 더 구매해야겠네요 디테일과 색감이 너무 이쁜 텐바이텐 티거굿즈 북파우치 와 필통 세트 !!티거 색상과 깔맞춤 손잡이도 너무 상큼하고 재질도 느낌이 너무 좋아요 북파우치 실용성은 최고 ​예전부터 북파우치가 필요하다고 노래부르길래 무슨말인가 했더니 이렇게 보니 실용성 좋은 제품은 확실하네요 이리저리 공간구성도 좋고 필요한 것들을 잘 나눠서 담을수있겠어요 다이어리 일정표 혹은 작품집으로도 사용가능한 북파우치 요즘 꼬맹이가 읽고 있는책을 넣어두고 사용할거라고 하네요 그리고 엄마 마음에 쏙 들었던건 아이패드가 뒷쪽 앞쪽 주머니에 쏘~옥 들어가서 실용성도 굿이예요 아이패드 파우치로도 사용가능하네요 북파우치와 깔맞춤 티거굿즈 필통도 함께라서 더 이쁜 곰돌이푸 굿즈 예요 텐바이텐 공식 디즈니 라이센스 가 있는 굿즈 들 大만족 이예요 ​새학기 필요한 제품들 텐바이텐에 다있네요 이쁜 곰돌이푸 티거굿즈 북파우치 와 필통 으로 새학기 공부 열심히하자 :-)​​​​​​▲ 텐바이텐 티거굿즈 바로가기 ▲​​​​​​​ 

얼체로부터 상품(서비스)만 제공받아 작성한 실제 후기임니다.
",29,0,0,274,0,1,270.6,14,text_ad,2020. 3. 16. 19:19,5978,7180867,,0
9,https://blog.naver.com/lim8419?Redirect=Log&logNo=221553673366,"#도기맨 강아지간식 은 언제나 옳아요 ♪기호성 너무나도 좋은#기호성간식 이기도 하지만 가성비도 좋아서 언제나 기분좋은 도기맨 #영양간식 우리 두부아가 취향저격한 도기맨 #완소파우치 와 #스낵밸류부드러운사사미바 소개해요 :-) ​완전소중한 #완소파우치 한번먹기에 딱좋은 사이즈로 기다려 훈련을 무색하게 해버린기호성 최적화 기호성간식 인데영양까지 풍부하니까 너무 좋아요 ​그리고 노령견 과 어린 강아지들도 걱정없이 먹일수있는 스낵밸류부드러운 사사미바 도 기호성에영양까지 빠지지않는 영양간식 이네요 ​용량도 넉넉하고 가격도 착하니까 도기맨 #강아지간식 너무 좋은것 같아요 ​​완전소중한 완소파우치 는 돼지고기 닭고기등 고기종류도 다양해서질리지않고 먹일수있다는것 !!​이아인 냄새가 최고라서 간식봉지 뜯기만해도 멀리서 달려오고 정신을 못차리는 #마약간식 이라는것 !! 촉촉하고 부드러운 사사미바 도 기호성 짱 좋아요 ​​​도기맨,영양간식,기호성간식,완소파우치,스낵밸류 부드러운 사사미 바우리 감자아가 두부언니 간식을 보더니이리저리 냄새맡고 ​포즈 이쁘게 잡아주더라구요 !아마 먹고싶어서 그런거 같아요 :-)모델이 따로없는 내새끼왜이리 이쁜거야 하지만 이건 언니꺼라는거~감자아기 탐내도 두부아기 완소간식 말랑말랑 부드럽고 좋은향이 폴폴 나는 우리 두부아가 간식 !!​도기맨 너무좋아 산책다녀오고 발만씻고목욕못해서 꾸질꾸질한 우리 두부아가​그래도 이 미모 어쩌면 좋죠?너무 이쁘잖아 내사랑 간식기다릴때 표정이 제일 초롱초롱 한것 같아요 맛있어 내새낑?그리고 우리 두부아가는 영양간식 완소파우치 를 먹어봅니다 감자야...이건 언니꺼야 간식별로 안좋아하는 감자아기 완소파우치는 굉장히 마음에들었나봐요 :-)​자꾸만 껄덕거리는데 향이 예술이라서 빠져들수밖에 없겠더라구요 ​도기맨 강아지간식 영양간식 이기도 하지만기호성간식 인정합니다 :-)​가성비도 굿굿 한번 느껴보세요 ♥​​​ 

 

동물을 사랑하는 사람들이
(0685   만들어가는 반려동물 체험단 큐펫트

 ※본 포스팅은 큐펫트에서 제품(서비스)를 지원 받아 작성되었습니다.

 

 
 
 
(2 <
(2 <
",27,5,0,176,2,1,270.6,11,text_ad,2019. 6. 3. 22:32,5978,7180867,,['아이고 두부 오래만이야^^']
10,https://blog.naver.com/lim8419?Redirect=Log&logNo=221479129397,"#고양이습식사료 & 간식 으로 네코네코 골드캔도 좋지만, #네코파우치 도 기호성 좋고 실용성도 굿 이라서 #고양이파우치추천 해요 네코 #고양이파우치 14종 모든종류의 네코파우치 소개해볼께요 ​여러가지 맛의 네코파우치가 있지만크게 3종류로 나눠지는 네코파우치 ​아기들부터 큰아이들까지 골라먹일수있는 좋은 구성이예요 진짜 참치를 사용해서 만든 고양이습식사료 이기때문에 믿고 먹일수도있고무엇보다 동물의약품등 무첨가 제품고양이 아이 취향에 맞게 선택해서급여할수있는 습식사료 예요 습식사료의 장점은 다양한맛 !!매일매일 질리지않게 다양한맛으로 냥이들이 행복해하는 고양이 습식사료 네코파우치오일이 첨가된 네코파우치는 우리감자가 제일좋아하는 고양이 습식사료씹는게 귀찮은건지홀짝홀짝 먹는 간식이나 습식사료 를 더 좋아하더라구요 :-) 우리 감자아기 밤에는 잠못자게 종일 냥냥 거리는데 낮에는 깨워도 잘안일어나고 ​.......​잠좀자자 3가지 네코파우치를 비교해보기로 했어요먹고 남은건 모아서 집앞에 길고양이 아가들건 사료에 슥슥 비벼서 가져다 주려고해요 무스타입 습식사료는 고양이들이 좋아하는 질감이라서 기호성도 올라가고우리 고양이 아가들 소화도 돕는다고 해요 !!네코파우치 모든 종류의 습식사료 가 무스 타입 이랍니다 ♪우리 감자아가가 제일 좋아하는 타입 !! 오일이 첨가되어있어요 무스타입이지만 다른 네코 파우치보다 좀더 묽은 느낌이예요 그리고 다른 아가들이 제일 좋아한다는네코 습식사료 !!​ 

 

동물을 사랑하는 사람들이
(0685   만들어가는 반려동물 체험단 큐펫트

 ※본 포스팅은 큐펫트에서 제품(서비스)를 지원 받아 작성되었습니다.

 

 
 
",19,0,0,143,3,1,270.6,20,text_ad,2019. 3. 3. 15:33,5978,7180867,,"['아웅~~감자아기 표정 너무사랑 스러워요,ㅎㅎㅎ저걸 본 순간 다른건 순삭이네요,^^', '공감 누르고 가용 ㅎ', '님 포스팅 정독하고 공감찍고 갑니당 ^^']"
11,https://blog.naver.com/lim8419?Redirect=Log&logNo=222244518754,"LG 로보킹 로봇청소기 분해 수리 청소 잘나가던 우리 로봇이가 라는 멘트만 무한 반복 하기 시작했어요 원래는 바퀴에 이물질이 걸렸다는 멘트가 나오면 #로보킹 을 뒤집에서 바퀴 청소해주거나 전원버튼을 껏다가 켜주면 다시 잘 작동해서 너무나 잘 사용하던  #LG로보킹 #로봇청소기 인데 ​갑작스런 에러 에 온집안 식구들 당혹 !!​​우리집은 강아지 고양이 키우고 있어서 하루에도 몇번씩 로봇청소기 도움을 받고있는데 ​멘붕이 왔죠 ​결론은 이리저리 다 해보다가 안되서 새로 구매해야되겠다고 징징거리고 있을때​​로봇청소기 구입비가 무서운건지 , 강아지 고양이 털이 무서운건지 울집 대장이 #로봇청소기분해 해서 고쳐보겠다고 #로봇청소기수리 를 시작했어요 이리저리 둘러보고 헤매더니 모든 나사를 풀고나서 로봇청소기 분해 성공 ​👍👍👍👍​밧데리까지 모두 분리해야 분해가 되는 LG 로보킹 로봇청소기 예요 분해 뒤에도 각종 나사들이 많고 분해해야되는 회로들이 많아서 분해하는 장면을 동영상 찍어놓기도 하고 순서별로 사진으로 남겨놓고, 나중에  LG 로보킹 로봇청소기 수리 를 마치고  다시 조립할때 유용하게 보고 조립했어요 혹시나 , 내부에 강아지 고양이 털이나 머리카락등 먼지들이 많이 껴있어서 고장이 난건지 의문스러웠지만 ​로봇청소기 필터가 잘되어있는건지 중간중간 청소를 잘해준건지 로봇청소기 분해 후 내부에는 털이나 머리카락은 다행히 없었어요 우리집 LG 로보킹은 메인 솔은 잘돌아갔지만 오른쪽 , 왼쪽 중에 한쪽 솔이( 어느쪽이 문제였는지 잊어버림 ) 돌아가지 않아서 말썽이였고 모터가 고장난게 아니라 분해 하고 수리가 가능했어요 화면에 이아이가 말썽이였죠 하지만 지금은 너무잘 돌아가고 있어요 완벽하게 로보킹 분해 수리 를 해낸 대장 ​넘나 대단하죠 ​👍👍👍👍​특별한 고장은 아니였고 , 오래 사용하다보니 바퀴솔 쪽이 뻑뻑해져서 걸림처럼 솔이 돌아가지않은것 같다면서 기름칠 촥촥 해주었더니 넘나 잘 돌아가는 로보킹 ​​저희집 로보킹은 연식이 8년~9년쯤 전에 제품이예요 ​하지만, 지금도 넘나 작동잘한다는것 !!한바퀴 돌고나서 청소통 비울때 제일 행복해요 분해 수리 하기전보다 더 잘돌아가고 똑똑해진것 같은건 나만의 착각인가요 ​대장 고마워요 ​👏👏👏👏",12,0,0,247,6,3,270.6,26,,2021. 2. 15. 19:40,5978,7180867,,"['포스팅 잘보고갑니다오늘도 고생많으셨습니다저녁부터 다시 추워진다고하네요건강관리 유의하세요 ~', '처음처럼님 글보고 많이 배워갑니다~ 다른글들도 항상 잘보고있어용', '안녕하세요~ 잇님 명절 연휴는 잘 마무리 하셨나요 😁😁이번 한 주도 힘내서 보내시기 바래요!! 💕']"
12,https://blog.naver.com/lim8419?Redirect=Log&logNo=222382984277,"우리집 청소필수템 정전기청소포 매일매일 반려봇 로봇청소기가 돌아가고 있어서 고양이 강아지 키우고 있어서 그런지 털이 뿜뿜 ​😊😊😊​반려동물 키우는 집이나 머리카락 때문에 거슬리는 집 !!그리고 미세먼지 때문에 고민인 분들 모두모두 애정하는 청소필수템 정전기 청소포 소개해요 ​​대용량 정전기청소포 라서 좋고 가격이 저렴해서 좋고 또 청소가 깨끗하게 되서 넘나 좋은 또닥 정전기청소포 정전기청소포 라고 해서 다 같은 정전기 청소포가 아니예요 ​신기하게 먼지가 착! 달라붙는 정전기청소포 는따로 있더라구요 ​그것은 바로 또닥 매쉬홀 정전기청소포 예요 메쉬홀 정전기청소포 는 물걸레 로도 사용이 가능하고 미세먼지 까지 확~ 잡아주는정전기청소포 로 사용해보니까 확실히 미세먼지 잡아주고 ​또또 !! 물걸레로 사용할때도 물티슈 보다 잘딱기고 먼지까지 함께 휘리릭 감아주어서 취향저격 청소포 예요 집에있던 밀대걸레 에 착 맞게 부착해서 사용하기 좋아요 저희집에는 고양이와 강아지를 함께 키우는데 털이 뿜뿜 아침에 로봇청소기 or 무선청소기 돌리고 수시로 정전기청소포 로 휘리릭 청소해주는데 그때마다 경악하는 털과 먼지 ​식구가 많아서 그런지 먼지도 많이 쌓이더라구요 환기하고 나면 꼭 ✔ 정전기청소포로 바닥한번 딱아주세요 아침에 로봇청소기 돌린 거실이예요 성의없이 휘리릭 밀대걸레 로 쓱쓱 스쳐지나가고 있어요 ​​날리기 쉬운 미세먼지와 얇은 털까지 야무지게 쓸어주는 메쉬홀 정전기청소포 !!​​그리고 다른 정전기청소포 와 다른점이 바로 물청소가 가능하다는 점인데요 !!가볍게 손으로 짜주면 물기가 확 짜져서 손목에 절대로 무리가 없고 ​이대로 딱으면 마법 행주처럼 잘 딱여요 싱크대 , 전자렌지 , 후드 할것없이 위에 쌓인 먼지도 잘 딱기고 바닥청소도 잘되는 마법 정전기청소포 밀대걸레 만 있으면 허리 아플일도 없죠 물건위 베란다 창틀사이 등 너무 유용하게 잘 사용하고 있어요 가성비 좋은 대용량이라서 팍팍 쓰게 된다는 단점 ! 청소가 즐겁다는 장점 !다양하게 활용가능한 정전기청소포 로 즐겁게 청소해요 ​😊😊😊​​쇼핑몰 에서 할인행사도 많이 진행하고 있네요 ✔✔✔​​​​#정전기청소포 #청소용부직포 #청소포 #밀대걸레#막대걸레 #청소용품 #한국제일부직포 ​​​이 글은 서울오빠를 통해 본 업체의 이용권을 제공받아 솔직하게 작성하였습니다.
을 -
",16,0,0,246,1,1,270.6,19,text_ad,2021. 6. 3. 16:55,5978,7180867,,['처음처럼님 다른글들도 봐야겠네용ㅎㅎ 좋은내용이 많아서 유익하네요!']
13,https://blog.naver.com/lim8419?Redirect=Log&logNo=222141478322,"캐치맙 청소포 밀대청소기 드디어 기다리던 캐치맙 청소포 밀대청소기가 도착했어요 :-)​우리집 강아지털 과 고양이털은 이중모 라 잘 날려서 청소기를 돌려도 돌아서면  털 뿜뿜 하는데고양이 키우는 지인언니가 청소 꿀템이라고 알려준게 바로 청소포 청소용품 들이예요 ​청소포는 정전기로 짜자잔~ 하고 작은털먼지 까지 잡아주니까  청소가 쉬워지거든요 ​​이번에 제가 사용해본 청소포 밀대청소기 는 캐치맙 신상 청소용품 이예요 지난 9월부터 대형마트 ( 이마트 , 홈플러스 , 롯데마트 )에서 판매가시작된 신상이네요 너희들도 신상 밀대청소기 가 궁금하니?!청소포 라고 다 똑같은 청소포 가 아니라 제품마다 조금씩 정전기 효과가 다르더라구요 그리고 밀대청소기도 얼마나 가벼운지 각도가 부드럽게 돌아가는지도 중요한것 같아요 홈플러스 아니고 택배로 받았지만 꼼꼼하게 포장되어있어서 좋았네요 캐치맙 청소용품 세트 ​쓱싹청소대인 밀대청소기 와 함께 사용하는 캐치맙 청소패드일회용 물걸레청소포 와 일회용 정전기청소포 까지 완벽한 구성이예요 캐치맙 쓱싹 청소패드 는 모질이 촘촘하고 칫솔모처럼 까슬까슬한 분섬사가바닥의 숨은 먼지와 찌든때를제거해준다고 해요 마른걸레 물걸레 청소가 모두 가능하고 빨아도 패드가 줄어들지 않는 하드타입 코팅 된 제품인데 실제로 만져보면 까슬한 분섬사가 넘나 신기해요 캐치맙 밀대청소기 와 밀착되어서 편리하게 사용가능한 청소패드 예요 !!​제일 애정하는 청소용품은 역시나 일회용 청소포 인데두께가 충분해서 넓은 공간도 청소가능하고 50매라서 한달동안 넉넉하게 사용할수있을것 같아요 ​쓱싹 청소대 밀대청소기는 무게가 넘나 가볍고 부드럽게 각도 조절까지 가능해서 손목에 부담이 없더라구요 ​부끄럽지만 실제로 청소포 로 리얼하게 청소를 해보았어요 !!​작은 털먼지까지 뿜뿜 청소포에 정전기로 잘 들러붙어서 완전 만족가볍고 각도조절이 편해서 두번세번 만족했어요 보통 청소포 라고 해도 바닥쪽에만 먼지가 잘묻는데 캐치맙 청소포는 윗쪽까지 정전기로 인해서 인지 털먼지가 붙었더라구요 !!1차 건식 청소포 로 청소를 완료해주고 머리카락과 털먼지 모래먼지까지 대박이죠 2차로 물걸레 청소포 로 청소해줄꺼예요 허리 굽히지않고 밀대청소기 로 청소가 간편한것도 좋고 두꺼운 엠보싱 물걸레 청소포 라서 청소마무리까지 깔끔하게 할수있어요 ​청소포 크기가 커서 청소한뒤에 는 살짝 접어서 찌든때 제거도 굿굿 이런부분도 쓱쓱 닦아주고 피아노나 구석진가구 먼지도 닦아줄수있어요 강화마루 바닥뜸에 낀 찌든때는 잘 없어지지않는데 캐치맙 청소포 로 쓱삭쓱삭 잘 딱이더라구요 ​홈플러스 이마트 등 대형마트에서도 손쉽게 만날수있는 청소용품 캐치맙 강아지 고양이 키우시는분들이라면 필수품이죠 :-)​​위 캐치맙 공식스토어 에서도 구매할수있어요 ​​​​​ 

-
트 086비610
04066

본 포스팅은 실제 상품이나 서비스를 제공받아
건강한 리뷰문화를 만들기위해 작성한 진솔한 후기입니다.

 

 
호
 
 
 
",24,1,0,295,0,2,270.6,16,text_ad,2020. 11. 11. 15:20,5978,7180867,,0
14,https://blog.naver.com/lim8419?Redirect=Log&logNo=221626271147,"시리우스 정전기 청소포 먼지청소 요고다 ! 청소라는게 해도해도 끝이 없다는데우리집은 이중모 두부와 감자 덕분에털과의 전쟁 :-)​그래서 선택한 청소용품은 #정전기청소포 ​​청소기를 밀어도 밀어도 끝이없는 먼지와 털과의 전쟁에는 정전기 덕분에 잘붙는#부직포청소포 선택하는게 필수 !!​#일회용청소포 라서 청소하기도 간편하고 버리기도 가볍고 #미세먼지제거 에도 좋아서 봄 여름 할것없이 꾸준하게 쟁겨놓고 쓰게되는 정전기 청소포 #시리우스 먼지청소 요고다 !​다른 미세먼지제거 정전기청소포 많이 사용해봤지만 먼지청소 요고다 시리우스 부직포청소포 는 일회용청소포 중에서도 도톰하고 부드러운 원단그리고 엠보싱 처리로 먼지가 따닥따닥 잘붙는듯한느낌적이 느낌 정전기유도 특수 코팅으로 흡착력이 우수한 시리우스 정전기 청소포 !!​타일에도 사용가능 마루에도 그리고 좋은점은 대리석에서도 뜯김없이 잘 사용할수있다 ​엠보싱이 좋은 부직포청소포 라서 그런가 ​도톰하고 부드러운 원단 확인 !!엠보싱도 좋고 집에있는 청소기 사이즈와 부직포청소포 사이즈 착각해서 잘못주문한것 말고는모든것이 완벽한 시리우스 정전기청소포 우리집 문제의 털뿜뿜이들 감자와 두부 표정도 띠껍기도 하지 ​매일매일 빗질하고 매일매일 청소기를 돌려도 ​이녀석들 털은 이길수가 없다 아침에 청소기 청소하고 말끔해보이는?거실을 시리우스 정전기청소포 로 쓱쓱 밀어보기 ​​리얼 ?! 실시간 동영상으로 시리우스 정전기청소포의 위력을 테스트 해봄 쓱쓱 두번정도만 밀었는데 반려동물 털이 대박이다 그리고 머리카락 까지 야무지게 정전기포가 쏙쏙 다 끌어당겨준다 ​이렇게 부직포청소포 밀어주고 나면발바닥에 까슬한 느낌이 없어져서 너무 좋다는것 집안구석구석 밀어준 다음마지막으로 현관까지 클리어~먼지 잘앉지만 닦으면 먼지날려서 청소가 어려운 높은곳도 먼지가 잘앉아서 청소하기 번거로운곳도 시리우스 정전기청소포 로 한번만쓱~지나가면 먼지 안~ 녕 !!​무엇보다 일회용청소포 니까 넘나 편하다 :-)​​​​​ 
 
 
",17,1,0,197,3,1,270.6,14,,2019. 8. 23. 20:48,5978,7180867,,"['격하게 공감 클릭하고 갑니다 ㅋ', '즐건 주말되세요~ㅋㅋ잘보고 갑니다~^^']"
15,https://blog.naver.com/lim8419?Redirect=Log&logNo=221570597671,"#청소용품 중에 없으면 안되는잇템 #정전기청소포 와 #물걸레청소포 이 두아이만 있으면 청소신 등극가능해요 저는 #캐치맙 정전기청소포 와 물걸레청소포 로 청소했는데 저처럼 반려견 반려묘 키우는 집이라면꼭 필요한 아이템 인것같아요 ​리얼한 청소후기를 남기기 위해서 청소기로 청소한후 캐치맙 물걸레 청소포 와 정전기 #청소포 로 청소시작 무엇보다 좋은건 기존에 제가 가지고 있는 밀대와 사이즈가 딱 좋아서호환이 가능하네요 :-)​따로 밀대를 구매하지않아도 좋은점이 굿이예요 조금 특이했던 정전기 청소포 사이즈 넉넉해서 넓은면적 청소는 기본이지만두께가 도톰하고 엠보싱이 있는 제품이였는데피부보호성분과 정전기유도코팅 이되어있다고 해요 :-)​그래서 그런지 각종 먼지들이 다닥다닥 달라붙는 느낌 이미 청소기를 밀었던 터라 사실 얼마나 많은 먼지가 묻겠어?하고 청소를 시작했는데 ....이거 실화냐??​머리카락과 우리 감자 두부 털까지 너무 많이 붙어나와서 깜짝 놀랬어요 ​그리고 청소기 소리가 나지않으니우리 반려견 반려묘 아이들이놀래지않아서 더 좋네요 쓰고난 청소포가 아까워서 예쁘게 접어서 구석구석 딱아주기 신공 집안 구석구석 먼지까지 딱아내는 신통방통한 캐치맙 미세먼지까지 정전기청소포 로 가능하다는것 기분좋게 청소했어요 그리고 엠보싱 가득한물걸레청소포 로 청소 시작 정전기청소포와 마찮가지로 면적이 넓어서 좋고 두께가 도톰해서 정말 좋아요 !!엠보싱 뽀송뽀송 두께가 좋아서 세탁해서 2~3회 까지사용가능하다는것 !!​가성비 정말 좋네요 역시나 구석구석 딱아주고 물청소하기 어려운 세탁실 타일바닥까지 깨끗하게 딱아줬네요 역시 청소용품 중에 없으면 안되는 아이템 이라는것 !!​청소는 캐치맙 하세요 ​​​  
 
 
",25,1,0,177,2,1,270.6,10,,2019. 6. 25. 19:36,5978,7180867,,['오 깔끔하네요~~글 잘 읽고갑니다.']
16,https://blog.naver.com/lim8419?Redirect=Log&logNo=222330376283,"맥주안주 최강자 쥐포 에어프라이어 굽는법 노릇노릇 타지않게 부드러운 쥐포 굽는법 요즘 에어프라이어 쥐포굽기가 대세인것 같아요 ​👍👍👍​​꼬맹이들 간식으로도 넘나 좋아하고 역시, 불금에는 쥐포 구워서 맥주한잔 먹는게 최고잖아요 ​​✔✔✔​맛있는 쥐포를 더 맛있게 먹는방법 쥐포에어프라이어 굽는 온도와 시간 알려드릴게요 ​에어프라이어 140도 4분 굽기 ( 예열x )​쥐포두께마다 조금씩 차이는 있겠지만140도에 4분 에어프라이어에 구워주면 맛있는 맥주안주 최강자 쥐포구이가 완성되요 ​말랑말랑하면서도 잘 구워지고 탄곳없이 고소하고 짭짜롬하게 먹을수있어요 저도 어제 주문했던 짱구네과메기 에서 쥐치포 가 도착해서 불금 맞이해서 에어프라이어에 쥐포구이 맥주안주 만들어서 호로록 맥주한캔 하고 잠들었어요 짱구네과메기 건어물 쥐치포 는 인근 어시장에서 구매하는 쥐포보다 저렴하기도 하고 유통과정이 투명하고 깨끗한것 같아서 믿고 먹을수있을것 같아요 이렇게 쪼꼬미 햇고추장도 서비스로 붙여주신답니다 ​👍👍👍쥐포는 맛도 맛이지만 불포화지방산이 풍부해서 각종 성인병을예방하는데 도움을 줄수도 있고 단백질 성분이 풍부하게 함유되어 있다고 해요 ​또한, 고혈압 동맥경화 등의 각종 혈관질환을예방하고 노화장지에도 도움을 줄수있다고 하는데 반찬으로도 많이 먹고또 쥐포튀김은 얼마나 맛있게요 저는 쥐치포 전을 특히나 좋아해요 집에서도 아이들간식 으로도 좋아하는 쥐포반찬으로 만들틈도 없이 순삭해버리긴하네요 크기도 큼직하게 사이즈도 좋은 짱구네과메기 쥐포를 에어프라이어에 구워내서 먹기좋게 자른후 나와 남편은 맥주안주 로 먹고, 꼬맹이들은 영화보면서 간식 으로 먹었어요 많이 짜지않아서 고추장에 찍어 먹으니넘나 맛있는 짱구네과메기 쥐포 ​날씨가 점점더 더워지고 있어요 이렇게 더워질땐 퇴근후 마시는 맥주한잔이 최고​👍👍👍​속이 더부룩하고 다음날 영향을 주는 안주보다는 간단하고 배부름적은 건어물 맥주안주 가 최고인듯해요 짱구네 과메기에서는 쥐포 이외에도 다양하고 맛있는 건어물을 판매하고 있으니까한번쯤 들려서 쇼핑해보세요 ​짱구네 과메기 쇼핑몰 공유할게요 ​✔✔✔​​​​#쥐포 #쥐치포 #쥐포에어프라이어 #쥐포에어프라이어굽는법#짱구네과메기 #맥주안주 #간식 #쥐포구이 #쥐포굽는법 #에어프라이어쥐포 #야호 #무야호 ​​​​이 글은 서울오빠를 통해 본 업체의 이용권을 제공받아 솔직하게 작성하였습니다.
",15,0,0,222,2,1,270.6,22,text_ad,2021. 5. 1. 14:53,5978,7180867,,"['정보 감사합니다', '쥐포 최고의 안주죠^^']"
17,https://blog.naver.com/lim8419?Redirect=Log&logNo=222279899886,"숄더랙 양갈비 굽는법 - 에어프라이어 -​양갈비가 먹고싶다는말에 인터넷으로 주문한 양갈비 숄더랙 이예요 처음이라 많이 검색해보고 #양갈비굽는법 도전했어요 ​첫번째로 핏물빼는것과 마리네이드 어떻게 해야할지 고민했는데, #양갈비핏물제거 는 물에 담그지않고 키친타올으로 꼼꼼하게 딱아주기만 하더라구요 제가 받은 #숄더랙 양갈비 냄새도 없었고 핏물도 신선해보여서 저도 키친타올로 딱아주고 #마리네이드 했어요 ​키친타올로 핏물을 딱아준 양갈비 숄더랙 은 두꺼운부분은우선적으로 칼집을 내주고 소량의 올리브유 바르고 위에, 히말라야소금 , 후추 , 허브 를 뿌려주었어요 양쪽다 넉넉하게 뿌려서 약 2시간 정도 숙성하는 시간을 가지고 ​제가 선택한 양갈비 굽는법 은 바로 #에어프라이어 예요 양갈비 숄더랙이 워낙 두툼하기도 했고 또 처음 굽는거라 자신이 살짝 없어서 후라이팬은 엄두도 못내게ㅆ더라구요 ​그래서 , 간편하게 에어프라이어 도전 중간 예열과정없이 180도 10분 돌리고 뒤집에서 180도 10분 돌리고 다시 뒤집어서 180도 5분 돌리니 양갈비 굽는법 성공 ​👍👍👍👍👍굉장히 부들부들했고 맛있는 양갈비 숄더랙 이였어요 잡냄새나 질긴맛이 없어서 양갈비는 마리네이드 적당히 해서 에어프라이어 에 구워내면 간편하고 좋은것 같네요 양갈비 굽는법 도전은 처음이라 1kg 만 구매했는데종종 구매해서 먹어도 좋을것 같아요 아이들도 남편도 좋아한 에어프라이어에 구워낸 양갈비 간편하게 먹은거라 샐러드와 함께 먹었는데 막연하게 어울릴것 같아서 마늘소스 만들어서 찍어 먹었는데 ​완맛 👍마늘소스 와 양갈비 조합 제법 괜찮더라구요 #마늘소스만드는법 은 간단해요 올리브유 + 다진마늘 + 꿀 + 소금 + 설탕 ​이런조합으로 살짝 볶아내면 맛있는 마늘소스 완성​마늘소스에 푹 담궈서 와사비 올려서 먹으니 완전 취향이더라구요 한대씩 잡고 뜯어먹기도 좋고 생각보다 넉넉한 양이라 배부르게 먹을수있었어요 양갈비 숄더랙은 비쥬얼도 꽤나 멋져서 플레이팅 하기도 좋고 손님 접대 요리나 홈파티 요리로도 좋을것 같네요 10
",19,0,0,222,7,0,270.6,25,,2021. 3. 18. 20:44,5978,7180867,,"['처음처럼님 유익한 포스팅이 많아서 \n눈팅 하고 있어요 ^^ ㅎ \n자주 소통해요', '와우!요리실력 짱이네요!아무리 좋은 고기도 잘 구워야제 맛이죠.태인양고기도 드셔보세요매장에서만 드시던 양고기를드디어온라인 시작했답니다리치 파인애플 소스랑 칠리소스랑 드시면짱이랍니다고맙습니다']"
18,https://blog.naver.com/lim8419?Redirect=Log&logNo=222259837529,"에어프라이어돈까스 문천식돈까스 에어프라이어 로 간편하게 먹을수있는 문천식돈까스 먹어봤어요 ​👍👍👍👍​​아이스팩에 정성스럽게 포장되어있고또 돈까스소스도 종류별로 딱 알맞은 양이 소분 포장되어있어요 돈까스 패키지가 얼마나 예쁘고 아기자기한지 아가들이 보면 더 좋아할것같은 느낌있는 #문천식돈까스 는돈까스 하나하나 소분 포장되어있어서 보관도 편하고 꺼내서 먹기도 간편한 제품이예요 ​부담없이 편하게 먹을수있는 #등심돈까스 고소한 치즈와 바삭한 돈까스가 어울려져서 요즘 인기있는 #치즈돈까스 ​예쁜 포장지와 정성스러운 돈까스 소스 포장을 보면서 이사람 #돈까스 에 진심이구나 ​✔✔✔✔​이런생각이 저절로 드는 문천식돈까스 예요 ​돈까스소스는 토마토매콤소스 , 클래식 돈까스소스 , 파인애플돈까스소스 어떤조합으로 먹어도 맛있을것 같은 문천식돈까스 간편하게 #에어프라이어 에 먹을수있어서 굿굿 집에 기름냄새도 나지않고, 기름튀길염려도 없이깔끔하고 간편한 요리가 가능해요 저녁시간에 꼬맹이들 돈까스 먹고 싶다고 해서 각자 #에어프라이어돈까스 한팩씩 꺼내서 해줬어요 ​취향대로 다양하게 먹은 문천식돈까스 에어프라이어돈까스 로 즐길수도 잇지만 더 간편하게 전자레인지 조리도 가능하고 해동후 후라이팬에 기름을 넣고 구워먹어도 되는 문천식돈까스 는 에어프라이어돈까스 로 먹어도 기름이 베어나와서 고소하고 바삭하게 먹을수있으니까 ​저는 에어프라이어 돈까스 로 먹는것 추천해요 ​등심돈까스는 예열후 앞뒤 각각 8분씩 구워주고 치즈돈까스는 예열후 앞뒤 각각 10분씩 구워서 먹었어요 ​( 설명서 그대로 ) 타는곳 하나도 없고, 모양도 흐트러지지않아서 돈까스 전문점에서 먹는듯한 느낌 그대로 먹을수있는 문천식돈까스 덕분에 ​꼬맹이들 엄마 돈까스가 최고라며 엄지척 해주는데​​응..쇼핑몰에서 살수있는거야 ​😊😊😊😊등심돈까스와 파인애플소스의 만남새콤달콤한 파인애플소스가 좋은 막둥이는 돈까스와 달콤함의 조합이 좋은 파인애플소스를 선택했어요 바삭함이 그대로 살아있는 문천식 돈까스 ​우리집인 #돈까스맛집 이예여 ​바삭하고 등심이 부드럽고 고기가 도톰해서 맛있게 먹을수있는 문천식 돈까스 특별한 반찬없이 한끼 식사를 훌륭하게 만들어주는 에어프라이어 돈까스 요리 예요 돈까스 등심고기 도톰하고 튀김이 바삭한게 바로 보이죠 클래식한 맛을 좋아하는 아들은 옛느낌 그대로 클래식 돈까스 소스와 등심돈까스 조합을 제일 좋아해요 그리고 매콤함과 부드러운 치즈를 즐기는큰딸은 치즈폭격 맞은듯한 치즈돈까스 에 매콤한 토마토 소스 조합으로 ​냠냠 ​👍👍👍👍​토마토 매운소스 는 양념치킨소스 + 칠리소스 같은 느낌으로 자꾸만 손이가는 소스였어요 ​문천식 돈까스 돈까스도 맛있고, 소스도 굿굿 에어프라이어 간편하게 돌려서 돈까스 드세요 ​​​​​​​ 

얼체로부터 상품(서비스)만 제공받아 작성한 실제 후기임니다.
",19,0,1,271,5,1,270.6,24,text_ad,2021. 2. 28. 20:18,5978,7180867,,"['', '', '안녕하세요~오늘은 비가 내리는 느낌이봄비 같아서 봄이 한층 더 가까워진느낌이 듭니다봄 기운 느끼면서 오늘 하루 잘 보내시고편한 시간 보내시길 바라겠습니다! =)']"
19,https://blog.naver.com/lim8419?Redirect=Log&logNo=222258001507,"순살고등어 / 손질고등어 100% 완전 손질고등어 뼈없는 노르웨이 순살고등어 소개해요 ​✔✔✔✔​손질하는 번거로움없이 간편하고 맛있게 먹을수있는 부드러운 순살고등어 인데 가격까지 너무 착한 오케이수산 #순살고등어 부드러움이 최고인 #노르웨이고등어 그래서 국산고등어보다 더 노르웨이고등어 찾는분들도 있는데요 ​심해에서 추위를 이겨낸 노르웨이고등어 는 불포화 지방산을많이 함유하고있어 맛이 더 고소하고 육질이 부드럽고 비린내가 없다고해요 ​👍👍👍👍오케이수산 노르웨이고등어는 100% 손질되어서 가시가없어서 너무 간편하게 먹을수있어요 ​생선먹을때 꼬맹이들 가시 발라줘야 하니까 저랑 남편은 먹는둥 마는둥 이였는데 착한가격 #손질고등어 먹고나서부터는 1인 1마리씩 야무지게 싹싹 뜯어먹고 있어요 ​모든 손질이 완벽하게마친 손질고등어 상태로 도착하니까 받아서 바로 에어프라이기에 구워먹으면 넘나 맛있다는것 ​입에서 살살 녹는 고소한 #고등어 #순살 살도 도톰하고 맛있어요 벌써 한봉지다먹고 한봉지 남았는데 다먹기전에 주문해야겠어요 순살 손질고등어 를 #에어프라이어 에 넣어서돌려버리니까 집안에 냄새 밸 염려도 없고 #고등어팩 이 반쪽씩 야무지게 진공포장되어있어서 캠핑갈때 가져가서 고갈비도 가능하다는것 ​👏👏👏👏이웃들과 나눠먹기에도 너무 좋은 순살 #뼈없는생선 이예요 생선 가시 발라먹는게 엄청 힘든데 #맛있는 고등어를 순살 으로 즐길수있다니 축복이네요 ​​✔✔✔✔✔살짝 해동한 고등어를 에어프라이어에 넣고 200도로 15분간 돌려주었어요 에어프라이어 에서 순식간에 맛있는 순살고등어 요리가 탄생했어요 ​#고등어효능 으로는 혈액순환에 좋고 오메가3가 많고 뇌세포활성물질 이 많아서 어린아이 두뇌발달에 좋다고 하잖아요 ​그리고 피부미용에도 좋다고해요 남녀노소 할것없이 영양식단에 빠질수없는 고등어를 이제는 간편하고 맛있게 순살고등어로 즐겨보세요 에어프라이어 에 살짝 구워주니까 기름기도 쫘악빠지고 살이 뭉게지지도 않아서 손님상에 내어놓기도 넘나 좋을것 같네요 ​저는 뼈없는생선 이라서 아이들이 혼자서도 잘 먹으니까 편하게 밥먹을수있다는것이 너무좋았어요 ​사실, 지금도 저는 생선 가시 발라내는것이 너무 귀찮고 힘든데 이렇게 손질된 순살 고등어 먹으니까 ​넘나 좋아요 특히, 어린아이 키우는집에는 필수인것 같아요 ​전문가가 아닌 사람이 생선 뼈 바르면 어쩔수없이 하나두개씩은 남겨서 입안을 찌르기도 하잖아요 오늘부터 순살고등어로 하루한번 #고등어구이 로 #생선스테이크 해먹으세요 #밥도둑 이 딸 없어요 껍질쪽에 살짝 칼집내서 뒤집어서 구우면또 얼마나 느낌있는지 ​퍽퍽함 하나없이 부드럽게 먹을수있고 다른 반찬없이도 너무 맛있게 먹을수있는 순살고등어 도톰한 고등어살이 반쪽만 있으면 밥한그릇 뚝딱 이예요 ​👍👍👍👍👍​고등어는 에어프라이어 굽는게 제일 맛있는듯 ​​오케이수산 과메기도 그렇게 맛있고 피데기도 넘나 맛잇게 주문해서 먹엇는데 손질고등어 도 大 만족 이예요 ​​​​맛있는 순살고등어 드세요 👍",20,0,0,295,7,1,270.6,28,,2021. 2. 27. 9:30,5978,7180867,,"['', '', '순살고등어 ( 손질고등어 ) 에어프라이어 굽기 잘 보고 갑니다 .\n좋은하루 보내세요:D']"
20,https://blog.naver.com/lim8419?Redirect=Log&logNo=222241502862,"어린이간식 으로 좋은 에어프라이어요리멘보샤 ( 새우멘보샤 ) 어린이간식 으로도 좋고 집에서 간단히 술안주 하기도 너무 좋은 간단한 #에어프라이어요리 새우 멘보샤 소개해요 바삭하게 튀겨긴 에어프라이어용 #새우멘보샤 #LF푸드 #모노키친 의 #멘보샤 제품이예요 냉동으로 보관하다가 아이들간식 으로 간단하게 에어프라이어요리 해서 먹어도 좋고 저녁에 가볍게 술한잔 하고 싶을때 부담없이 #집에서간단한술안주 로도 좋아요 아이스박스에 너무나도 꼼꼼한냉동포장으로 도착한 모노키친 새우 멘보샤 아이들이 너무 좋아해서 멘보샤는 #어린이간식 으로 너무 인기있는 음식인데 번거로움없이 집에서 간편하게 신선한 냉동 멘보샤를 받아서 에어프라이어에 조리해서 바삭하고 따뜻하게 먹을수있다니 너무 좋네요 #멘보샤소스 는 여러가지로 선택할수있는데 대중적으로 많이 먹는 멘보샤소스 는 갈릭샤워크림, 돈가스소스 , 레몬크림마요소스 불닭소스, 타르타르소스 , 토마토케첩 등등 많이 있지만 저는 역시 멘보샤소스는 #칠리소스 라고 생각하거든요 ​모노키친 멘보샤 에는 1회분량의 칠리소스가 동봉되어있어서 따로 소스 고민할 필요가 없어요 아이들도 맵지않아서 잘먹는 칠리소스 들어있는 모노키친 새우 멘보샤 어린이간식 으로 최고 ​✔✔✔✔처음에는 새우 멘보사로 #집에서간단한술안주 만들어서 남편이랑 맥주한캔 하는데 우리 꼬맹이들이 슬슬 모여들더니 ​엄마 맛있는냄새가 나 라고 하더니 새우 멘보샤 폭풍흡입해버렸어요 너무 바삭하고 탱글탱글 새우가 꽉차있어요 새우가 커서 더 맛있는 모노키친 새우 멘보샤 이네요 ​👍👍👍👍에어프라이어요리 로 너무 간편하니까 우리 큰꼬맹이가 동생들 간식으로 멘보샤를 에어프라이어조리 해주는데 딱 2인분 이라고 하지만 워낙 크고 새우가 알차서 셋이서 먹어도 충분히 넉넉한 멘보샤 한박스 예요 사실, 설명서대로 에어프라이어 요리 했는데 뒤집지않아도 충분히 바삭하고 맛있어서 뒤집는과정은 생략하고 구워내고 있어요 매일 어린이간식 으로 한통씩 먹으니까 금방 동나버린 새우 멘보샤 함께 동봉된 칠리소스도 넘나 맛있어서 #우리아이간식 으로 딱좋네요 어렵게 #멘보샤레시피 따라하면서 집에서 만들필요없이 간단하게 #에어프라이어요리추천 해요 기름칠 할 필요도없이 그냥 넣고 돌리면 바삭하고 고소한 멘보샤가 완성 식빵부분은 바삭해서 바사삭바사삭 식감이 뛰어나고 새우는 통통하고 촉촉해서 겉바속초 제대로 느낄수있는 모노키친 새우 멘보샤 예요 ​우리아이 어린이간식 으로도 좋고 #혼술안주 로도 딱좋은데 ​혼술안주 하기에는 양이좀 많겠네요 한두개만 먹어도 배부른느낌이지만또 맛있어서 자꾸만 손이가요 멘보샤 어렵지 않아요 ​👏👏👏👏​​​​​​​ 

-
트 086비610
04066

본 포스팅은 실제 상품이나 서비스를 제공받아
건강한 리뷰문화를 만들기위해 작성한 진솔한 후기입니다.

 

 
",18,0,0,269,6,1,270.6,30,text_ad,2021. 2. 12. 22:03,5978,7180867,,"['정성포스팅 감사해요.오늘도 수고하셨어요 ^^', '감사합니다 새해복많이 받으세요', 'w저도 사먹어봐야겠어영 ~포스팅 잘보고갑니다설 명절이네요 ~연휴 편히쉬세요~', '좋은 글 감사해요~^^', '진짜 에어프라이어에 간단하게 해서 먹기 좋겠어용']"
21,https://blog.naver.com/lim8419?Redirect=Log&logNo=222219574387,에어프라이어 간식추천 오!튀봉 튀겨나온 꽃게롤 맥주안주 로도 좋고 아이들 간식 으로도 좋아하는 오!튀봉 튀겨나온 #꽃게롤 소개해요 😁😁😁​지금까지 새우튀김은 자주 접했지만#꽃게튀김 은 처음인데 생각보다 바삭하고 촉촉해서 아이들 간식추천 하고 맥주안주 로도 안성맞춤 이네요 오!튀봉 튀겨나온 꽃게롤 은 꽃게튀김 으로 간편하게 에어프라이어 에 9분이면 완성하는 간편조리 식품이예요 ​간편하게 조리할수있어서 간편한 #맥주안주 로도 좋고 아이들 #간식추천 하는 #에어프라이어튀김 이죠 평소에는 냉동실에 두었다가 별다른 해동없이 먹고싶을때 바로 에어프라이어 넣어서 9분만 돌려주면 꽃게튀김 완성 모양도 예쁘고 맛도 좋아서 손님접대 로 좋은 맥주안주 추천해요 다른것 없이도 꽃게롤 만 있어도 그럴싸하게 맥주안주 를 세팅할수있죠 에어프라이어 튀김 으로 간편하게 먹을수도 있지만프라이팬에 조리 도 가능하기 때문에에어프라이어 없는 가정에서도 맛있게 먹을수있는 꽃게튀김 이예요 그냥 꽃게롤 이 아니라 하얀 쌀피에 빨간 집게발이 쏙쏙 들어가 있어서 모양도 이쁘고 쌀피의 바삭하고 부드러움이 잘 어울려져서 맛도 좋은 꽃게튀김 이네요 한봉은 맥주안주 와 아이들 간식 으로 칠리소스에 찍어 먹었어요 완전 엄지척 ​👍👍👍👍​칠리소스와 너무 어울리는 맛이더라구요 ​그리고 남아있던 꽃게롤은 에어프라이어 튀김 으로 튀겨내서 아이들 밥반찬으로 내놨어요 집에서 만든 엄마표 짜장면에 탕수육대신 맛있는 꽃게튀김 대령이요~밥반찬으로 내놨기 때문에 피쉬소스랑 칠리소스 대신 간장소스로 대신했어요 가지런히 놓여있는 꽃게롤이 넘나 먹음직 스럽죠 바삭한 식감이 너무좋은 오!튀봉 튀겨나온 꽃게롤 요즘에는 맛도 있어야 하지만 아이들도 이쁜 간식 좋아하더라구요 맥주안주 에도 좋고 아이들 간식추천 하는 꽃게롤 이예요 쌀피의 바삭함을 느낄수있고 부드러운 꽃게살의 느낌도 느낄수있어요 집에서 에어프라이어튀김 으로 이렇게 맛있게 꽃게롤을 즐길수있다니 너무 좋네요 집게발 들고 쏙쏙 먹을수있어서 먹는재미도 있는 오!튀봉 튀겨나온 꽃게롤 이예요 ​꽃게튀김 의 바삭함을 그대로 느껴보세요 ​👍👍👍​​​​​,18,0,0,225,4,1,270.6,23,revu,2021. 1. 25. 19:21,5978,7180867,,"['항상 글 잘보고있어요 처음처럼님', '안녕하세요겨울방학에 코로나까지 집콕간식이 필요하죠? 비타민 듬뿍,아연등  성장기 필수성분이 들어있는 비타젤리를 먹이고 있어요.']"
22,https://blog.naver.com/lim8419?Redirect=Log&logNo=222173192400,냉동생지 로 간편하게 만든 에어프라이어 빵 크로와상 & 메이플 피칸너무너무 맛있고 간편하게 갓구운 빵을 먹을수있는 이지핏 #냉동생지 소개해요 #아내의식탁 에서 판매하고 있는 #크루아상생지 와 #메이플피칸 생지 예요 !!​에어프라이어로 정말 간단하게 돌려서 폭신하고 바삭하게 먹을수있는 에어프라이어생지 라는점에서 별점 ★★★★★ 주고싶은 아내의식당 이지잇 생지 ​이지잇 #생지 는 위생적으로 지퍼락 포장되어있어서 필요한 양만큼사용하고나서 보관하기 좋은 냉동생지 예요 요즘 크루아상생지 로 해동하지않고 바로 #크로플 만들어먹는게 유행이라 #크로플생지추천 해요 ​우린 #크로와상 으로 먹기도 아까워서 크로플 해먹을새도 없이 순삭했지만요 버터 크로와상도 메이플피칸도 #에어프라이어요리 로 간단하게 갓구운 빵을 즐길수가 있어요 바삭하고 고소하고 촉촉한 #에어프라이어빵 !!#아이간식 으로도 너무 좋고 #에어프라이어생지 넣어본건 처음인데 왜 진작 몰랐는지 넘나 아쉬웠네요 #에어프라이어간식 들이 많이 출시되는데 그중에 으뜸이라고 감히 말씀드리고 싶어요 😍​해동필요없이 에어프라이어 에 생지 넣고 바로 180도 18분 돌려두면 에어프라이어빵 완성 저도 두근대는 마음으로 아내의식탁 냉동생지 이용해서 에어프라이어 빵 만들어보았는데요 이게 왠일 😍😍😍😍기대이상으로 너무너무 맛있는거예요 정말 믿고먹는 #이지잇냉동생지 예요 아내의식탁이 바로 #믿고보는간편식맛집 이네요 요즘같이 코로나로 집에서 홈카페 즐기는 저에게 맞춤 간식이예요 ​#집에서즐기는빵지순례 같은 느낌이랄까요 겉은 바삭하고 속은 얼마나 촉촉한지 정말 안먹어본사람은 모를꺼라는 :-)​에어프라이어 냉동생지 구워지는동안 고소하고 달콤한 향이 집안 곳곳에 퍼지는데 넘나 좋아요 ​다음에 아내의식당 에서 냉동생지 구매할때는크로플도 만들어 먹어보려구요 크로와상 크기가 엄청 커요 !!일반 냉동생지 보다 좀많이 크다라고 느꼈는데 #큰로와상 이였네요 ​역시 엄지척 !! 큰로와상 두개중 하나에는 초코시럽 휘리릭뿌려주었어요 그냥먹어도 촉촉하고 맛있는이유는 바로 100%우유버터 크로와상 이라는것 ​​꼬맹이들과 #홈카페 즐겼는데 아내의식탁 크리와상 과 #피칸파이가 다했어요 꼬맹이들은 크로와상에 푹빠져버렸고 저는 #메이플피칸 에 푹빠졌어요 북미산 메이플시럽 100% 풍미가득가득 해요 ​일단 먹어봐~ 라는 생각이 간절한 에어프라이어요리 순삭해버리는 디저트 예요 아이들이 너무 좋아하니까 아이간식 으로도 딱좋은데 ​번거롭지않고 간단하게 에어프라이간식 이니까 엄마는 더 좋구요 후회없을 믿고먹는 이지잇 냉동생지 예요 메이플피칸과 버터크로와상 먹고나니까안먹어본 다른 냉동생지 들도 구매해서 먹어보고싶은충동이 들더라구요 부드러운 크로와상 얼마나 맛있게요 후회없을 선택이예요 이렇게 포스팅 하고 있으니까 또 먹고 싶다는건 안비밀 👍​저는 메이플피칸 이 그렇게 맛있더라구요 바삭하고 빵위에 살짝 올라간 피칸이 메이플과 함께 풍미가득 느낄수있게 해주는것 같아요 오전에 먹고 자꾸 생각나서 오후간식 으로 또 먹을정도였네요 👏👏​​블랙프라이데이 버금하는 출시 기념특가 판매중 이예요 위 홈페이지에서 자세한 내용 확인하세요 ​​​​​,24,0,0,311,2,1,270.6,15,revu,2020. 12. 14. 14:32,5978,7180867,,"['어젯밤 사이에 눈이 엄청왔네요!함박눈같이 내려서 기분이 좋긴 했는데눈 치우느라 엄청 애먹었던거같네요 ㅎㅎ바짝 추워진 날씨 몸 건강 유의하시고오늘 하루 잘 마무리하시길 바랄께요~이번 한 주도 화이팅입니당 !!!', '코로와상 보고 있던 중인데 이제품으로 구매해야겠어요!포스팅 잘 보고 갑니당~뒤숭숭한 시국이지만 행복한 주말 보내시고소소한 일상 공유하며 지내요~ ˃ᴗ˂']"
23,https://blog.naver.com/lim8419?Redirect=Log&logNo=221595665927,"에어프라이어 간식 쉐프스토리 고로케 ​맥주안주 로도 좋고 아이들 간편간식으로도 딱좋네요 :-)​#마켓뉴뜨레 에서 #쉐프스토리맛있는 #고로케 가 도착했어요 :-)​전자렌지에 살짝 돌려먹어도 좋고 요즘 대세템 #에어프라이어간식 으로도딱좋은 고로케 소개해요 쉐프스토리 고로케는 불고기 고로케 피자고로케 야채고로케 세가지 맛인데 셋다 먹어봤지만 다 맛있어요 ​저는 야채 고로케가 맛있는데아이들은 피자고로케나 불고기 고로케를더 좋아하네요 ​엄마없을때는 전자레인지에 돌려서#간편간식 으로 먹고 엄마가 해줄때는 좀더 바삭하게 #에어프라이어간식 으로 먹는 고로케 #간편안주 로 기름기있어서 맥주안주 로 딱좋은 고로케 네요 #에어프라이어기 에 150도로 15분돌리면 알아서 겉바속촉 겉은 바삭하고 속은 촉촉한 고로케 완성 냉동보관해서 해동없이 바로 간편하게 먹는 #냉동간식 이라서넘나리 좋은것 에어프라이어에 넣기도 전에그냥 먹어보고 싶은 비쥬얼겉이 이렇게 바삭할수있나 싶을정도로바삭바삭 맛있는 쉐프스토리 #에어프라이간식 150도로 15분 조리했더니 이렇게 맛있는 고로케가 완성되었어요 부스러기 떨어지는게 없어서 에어프라이어 청소도 간편하게 할수있네요 겉은 바삭하고 속은 촉촉해서 맛이 없을수가 없는 마켓뉴뜨레 고로케 아이들 간식으로 너무좋고 남편 맥주안주로도 딱좋아요 우리는 두접시 만들어서 아이들은 간편간식 으로 남편과 저는 맥주안주 로 고로케 먹었어요 ​​아이들이 맛있어해서 너무 좋네요 ​​​ 이글은 에코블로그를 통해 본 업체에서 이용권을
제공받아 작성된 리뷰입니다.

600084.06
",17,0,0,146,3,1,270.6,16,text_ad,2019. 7. 25. 23:14,5978,7180867,,"['고로케 참 좋아해서자주 사다 먹는데요렇게 해도 갠찮네요,^^', '격하게 공감 클릭하고 갑니다 ㅋ', '맛깔나게 보이네요~ㅋㅋ잘보고 갑니다~^^']"
24,https://blog.naver.com/lim8419?Redirect=Log&logNo=222266705639,"순하고 부드러운 아이블리 건조기 섬유유연제 [ 건조기시트 ] 뽑아쓰는 섬유유연제 순하고 부드러운 건조기시트 소개해요 ​✔✔✔하루에 한번이상 건조기를 사용하는데 먼지도 빠지고 건조도 되니까 너무 편리한 건조기 이지만 건조후에 남기는 정전기와 좋지않은 건조냄새 때문에 불편함이 있는데요 이런, 불편함을 느끼시는분이라면 #아이블리 #뽑아쓰는섬유유연제 추천 해요 뻣뻣해진 섬유를 풍성하고 부드럽게 해주고, 연약한 피부에 자극이 되는정전기를 방지해주고 , 오랜시간 기분 좋은 향으로 건조후에도 풍부한 연꽃향으로 기분좋은 아이블리 #건조기시트 #건조기섬유유연제 예요 건조전에는 섬유유연제 향기가 빵빵하지만건조기만 돌리면 안좋은 향기때문에 건조기시트 진작부터 사용하고 싶었지만 보통, 수건 이나 속옷등을 건조하기때문에 유해성분으로 안전한지가 제일 걱정이였죠 ​​아이블리 순하고 부드러운 건조기시트 는아이부터 어른까지 사용가능하도록 ​미세플라스틱과 유해성분 불검출된 착한 #건조기섬유유연제 예요 ​향기가 얼마나 강한지 건조기에 넣고 건조되는동안 세탁실까지 달콤하고 향긋한 향기로 가득 차 버리는 #건조기드라이시트 는 덕분에 세탁실 탈취효과 까지 있네요 ​사용한 건조기 #드라이시트 는 휴지통에 버려주는데휴지통도 향긋해 진다는것 ​👏👏👏👏​#건조기유연제 잇템이네요 사용하니 확실히 정전기도 줄어들고 향기도 좋아져서 굿굿 이예요 #종이섬유유연제 피부자극테스트완료 했고, 26가지 알러지 유발물질까지 배제된제품이니까 이제, 우리 아기 건조기 섬유유연제 로도걱정말고 사용해도 좋을것 같아요 ​타브랜드는 건식의 시트를 사용해서 끈적임 발생으로 건조기 고장의 원인이 된다고 해서 건조기시트 사용이 꺼려졌는데 아이블리 건조기 섬유유연제 드라이시트 는 끈적임없이 산뜻한 흡수성 높은 수성 리퀴드 시트로 수분 베이스의 섬유유연제가 건조 후에도 통기성을 유지해주고 향의 지속력을 높여준다고 해요 ​직접 육아를 하는 아빠들이 만든 제품으로 유명한 브랜드 아이블리네이처 ​아빠의 마음으로 가습기 살균제 성분등 유해성분 불검출테스트와 피부자극 테스트를 완료했고 미세플라스틱이 검출되지않아 믿을수있는 안전한 제품 이예요 ​물티슈 처럼 뽑아쓰는 형태이기 때문에혹시, 과하게 뽑히는걸 걱정하시는 분들을 위해서 한장씩 쏙쏙 뽑히는 리얼 영상 준비했어요 ​👍👍👍👍​건조기 섬유유연제 드라이시트 판매처 공유할게요 ​3월동안 45% 할인 이벤트 중이예요 구매찬스 ​❤❤❤​​​​ 

-
트 086비610
04066

본 포스팅은 실제 상품이나 서비스를 제공받아
건강한 리뷰문화를 만들기위해 작성한 진솔한 후기입니다.

 

 
 
",12,0,0,241,7,1,270.6,27,text_ad,2021. 3. 6. 22:01,5978,7180867,,"['', '공감 누르고 가요~~', '포스팅 구독했어요\n처음처럼님 힘찬 하루 되세요 ^---^', ""내용 잘 보구 가요 ღ'ᴗ'ღ"", '포스팅 잘보고 갑니다']"
25,https://blog.naver.com/lim8419?Redirect=Log&logNo=221934166854,고농축 섬유유연제 피죤보타닉 후기 섬유엔 피죤 ~ ♬섬유유연제 는 항상 피죤 으로 사용하게 되는것 같아요 향기도 오래가고 피죤 사용후에는 섬유도 부드러운것 같아서 항상 피죤으로 사용했는데  소량만 사용해도 향이 풍부하고 오래가서 가성비도 좋다는피죤보타닉 고농축섬유유연제 를 선물 받았어요 :-)디자인도 러블리하고 향기가 톡톡터져나올듯한 느낌의 #고농축피죤 이예요 집들이등 선물하기에도 좋게 러블리한 박스에 두가지 향이 포장되어있어요 ​핑크부케향은 항상 사용하던 #섬유유연제 향이라익숙한데 #피죤 애플밤 향은 처음 접하는향이라 궁금하기도 하고 기대 되기도 하더라구요 #고농축피죤보타닉 섬유유연제 제품은 13가지 유해상 성분이 없는 안전성분 으로 만들어진 안전한 섬유유연제 예요 피부 자극 테스트 까지 완료 한 제품이네요 ​섬유유연제 피부자극테스트 완료된 제품 사용해야 되는건 기본인것 같아요 우리 피부에 직접 닿는 섬유를 마지막에 헹궈주는게바로 #섬유유연제 니까 안정성이 꼭 확인된 제품을섬유유연제추천 해요 ​​뚜겅확인하면 용량조절할수있어요 용량은 사실 개인적인 취향이 강한것 같은데 고농축피죤보타닉 #고농축섬유유연제 사용해보니가 정말로 소량만 사용해도 향이 풍부하고 오래가더라구요 !!고농축 이 이래서 좋은것 같아요 국민 #섬유유연제추천 핑크부케 향 !!러블리하고 사랑스러운 플로럴향이 익숙하고 고급스러운 느낌의 #피죤보타닉 핑크부케 예요 베이스로 머스크 향이 은은하게 깔려있고 풍부한 꽃향이 어울러져서 고급스럽고 러블리한 향을좋아한다면 핑크부터 섬유유연제추천 해요 저는 핑크부케 향을 너무 좋아해서 속옷이나 수건 빨래할때 핑크부테 섬유유연제에 담궈서 일부러 향이 오래가라고 손빨래 하기도 했는데 고농축 섬유유연제 사용하니까 번거롭게 손빨래 할필요도 없이 세탁기 돌려도 향이 오래 지속되는듯 해요 ​꽃과 풀향이 그대로 느껴져서 넘나 부드러운 향이 바로 핑크부케 섬유유연제 예요 그리고 처음 접한 고농축피죤 보타닉 애플밤 향 !!상큼한향 좋아한다면 애플밤 피죤보타닉 섬유유연제추천 !!꽃과 과일향이 어울러진 애플밤 사용해보길 추천 해요 상큼하고 싱그러움이 가득한 애플향 처음 맡는향인데도 거북함없이 싱그럽더라구요 무엇보다 오렌지향등은 저는 비추천인데 애플향이라 고급스러운 상큼함이 있는 피죤보타닉 애플밤 섬유유연제 예요 핑크부케 향과 애플밤 향 어떤향부터 사용해야 좋을지 고민하다가 선택한건 바로 고농축피죤 애플밤 향 !!봄여름에 어울리는 향인듯해요 ​워낙 향이 풍부해서 섬유유연제 바꿔 주니꼬맹이들 바고 알아채더라구요 정전기도 방지되고 미세먼지 부착도 방지되는안전성도 짱 기능성도 짱 피죤 섬유유연제 예요 요즘 미세먼지 도 많은데 미세먼지 부착도 방지된다고 하니까 너무 좋더라구요 ​정전기 잘타는 우리 꼬맹이와 남편님 피죤 섬유유연제 덕분에 건조한 겨울 잘 지나갔는데 피죤보타닉 !! 미세먼지도 부탁해야 겠어요 고농축피죤 보타닉 애플밤 향 너에게 반해버렸어요 고농축이라 소량만 사용해도 향이 풍부하고 오래가니까 ~ 향오래가는 섬유유연제 찾고 있다면피죤 고농축섬유유연제 추천 해요 우리아기 토끼 담요 고농축 피죤 섬유유연제로 헹궈서 향기가 뿜뿜하니 하루종일 안고 다니고 있어요 꼬맹이가 지나갈때 마다 피죤 자연의 꽃과 애플향이휘리릭 지나가서 기분까지 좋아지네요 ​​​​​* 피죤으로부터 제품만을 제공받아 작성한 후기글입니다 *​​,19,0,0,350,1,0,270.6,11,text_ad,2020. 4. 28. 16:28,5978,7180867,,['']
26,https://blog.naver.com/lim8419?Redirect=Log&logNo=221693474737,"가습기추천무선가습기 오르카 요즘에는 자리를 차지하는 큰 가습기도 좋지만탁자에 올리거나 가볍게 이동해서 사용할수있는휴대용 무선가습기가 인기있는것 같아요 :-)저도 아이들 책상용으로 오르카 가습기 선택했네요 일단 #오르카 가습기는 디자인이 너무 이뻐요깔끔하고 오르카 고래무늬도 멋스럽네요 인테리어에 도움을 주는 디자인이라고 할까요 색상도 파스텔 톤과 요즘 유행하는 그레이색상으로 준비된 #오르카H750무선가습기 휴대하기 간편하게 작은크기에 앙증맞지만실제로 750ml 대용량 수조로 하루종일 사용가능한 #대용량가습기 라는점도 매력있네요 짧은 충전시간에 무선으로 장소제약없이들고다닐수있고 최대 7시간 지속가능하니까 #휴대용가습기 로 제격 수위감지 스마트 센서가 있고 간편하게 깨끗히 세척할수있는#무선가습기 라 #가습기추천 쾅쾅 이렇게 동글동글 이쁜 가습기를 오픈하면 필터 가 나오고 필터는 교체해서 사용가능해요 작동방법도 간단하고 가습기 관리방법도 간단한 오르카 무선가습기 아무래도 무선인점이 제일좋고 ​탁자용 휴대용가습기 는 가습공간이 짧기때문에전선에 닿으면 왠지 찝찝한데 닿을전선이 없으니까 굿이죠 물보충은 그냥 물떠다 넣으면 된다는것 필터교체도 넘나 간편해서 간편하게 쓸수있는 대용량가습기 로 딱좋아요 충전시간도 빠르고 좋아요 무선가습기 인데다가 디자인이 이뻐서 꼭 자길 달라는 아들방에 슝~공주들도 탁상용 휴대용 가습기 마련해줘야겠네요가습이 필요한 겨울에는 학교에 들고가서 켜둬도 좋을것 같아요 조명도 이쁘고 가습도 너무 잘된다는것 오르카 #미니가습기 가성비 굿굿이네요 ​​​​  

-
트 086비610
04066

본 포스팅은 실제 상품이나 서비스를 제공받아
건강한 리뷰문화를 만들기위해 작성한 진솔한 후기입니다.

 

 
",17,0,0,154,5,1,270.6,14,text_ad,2019. 10. 30. 22:50,5978,7180867,,"['공감과 댓글 누르고 갑니다요 ^^', '잘보고 갑니다 ^.~', '디자인까지 예쁘네요.^^']"
27,https://blog.naver.com/lim8419?Redirect=Log&logNo=221685568845,미니가습기 사용후기앤쓰리 애니휴미 간편하게 들고다니면서 사용할수있는 미니 가습기 앤쓰리 애니휴미 소개해요 ​날씨가 점점 건조해지면서 가습기가 필요한 계절이 왔어요 요즘에는 가볍게 사용할수있는 미니가습기나휴대용가습기가 인기있더라구요 ​그중에 소독까지 가능해서 인기있는 미니 가습기 앤쓰리 애니휴미 저도 사용해봤어요 #미니가습기 앤쓰리 애니휴미 는 유리가습기로 투명해서 깨끗하게 관리할수있다는 점이 큰 장점인것 같아요 아무래도 #투명가습기 는 위생적인 면에서 굉장히 인기있는듯 하네요 작고 가벼워서 #휴대용가습기 로 사용히도 좋고또 앤쓰리 애니휴미 만의 분리 기능이있어서 다양한 환경에서도 간편하게 사용할수있는 장점이있는 #유리가습기 예요 ​간편하고 휴대가 좋은 가습기 찾는다면#앤쓰리애니휴미 #가습기추천 해요 교체할수있는 필터도 여유분 필터도 넣어주니까 왠지 기분이 좋은 오아 앤쓰리 애니휴미 가습기 통은 열탕소독 가능한 유리병 이예요소독까지 가능하니까 투명하니까 깨끗하고 위생적으로 사용할수있어서 너무 좋아요 ​그리고 앤쓰리 애니휴미 미니가습기 만의 장점 이렇게 분리해서 크기도 조절가능한앤쓰리 애니휴미 가습기 유리병이 없을때는 간단하게 본체만 휴대하면서​이렇게 머그컵에 물담아서 사용할수도있는기특한 미니가습기 예요 분무량도 좋고 탁자위에 놓아두면코가 촉촉해 지는 느낌적인 느낌​요즘같이 건조할때는 꼭 필요한 #가습기 미니가습기 답게 너무 귀여운 분무량 아들 공부할때는 아들 책상위에 잘때는 침대위에옮겨가면서 사용하니까 너무 좋더라구요​귀엽고 깔끔해서 더 좋은 앤쓰리 애니휴미 간편한 USB 식이라서 좋아요 ​가볍고 휴대하기 편해서 #휴대용가습기 로도 좋은데 편하게 세척 소독까지 할수있어서안심하고 사용할수있겠어요 ​​​,18,0,0,171,12,1,270.6,23,revu,2019. 10. 22. 20:29,5978,7180867,,"['처음처럼님 유익한 포스팅이 많아서 \n눈팅 하고 있어요 ^^ ㅎ \n자주 소통해요', '처음처럼님,항상 좋은자료 감사합니당~!!', '처음처럼님,감사히 담아 갑니다~~', '처음처럼님,꾸벅 :)공감 누르고가용^^&', '처음처럼님,블로그에 유익한 포스팅이 많아서 눈팅 하고가요^^', '처음처럼님,블로그 구경 왔어요~~둘러보고 갑니당^^*', '처음처럼님,잘보고 흔적 남기고 갑니당^^', '처음처럼님,좋은 포스팅 잘 보고갑니다~~즐건 하루되세요!!', '처음처럼님,잘보고 흔적 남기고 갑니당^^', '처음처럼님,발자국 남기고 갑니다! 오늘도 힘내세요^^']"
