,Post URL,Post,Image num,sticker num,gif num,Paragraph num,Comment num,Video num,weekly viewer mean,Sympathy num,AD,Posting Date,Buddy num,Total visit,Blog category,Comment detail
0,https://blog.naver.com/livelyming89?Redirect=Log&logNo=222142634564,"워시앤드조이 캡슐세제계량없이 캡슐 하나로 빨래 끝~!​안녕하세요 나으니입니다저는 화창한 날씨만 보면 절로 빨래 생각이 나는데요 :)​집안일 중에 빨래를 제일 좋아하거든요세탁 끝난 보송하고 깨끗한 빨래 보면 기분이 좋아지지 않나요? ㅎㅎ​​​​​​세탁세제는 주로 액체세제 사용했는데이번엔 계량이 필요없는 캡슐세제로 세탁을 해봤는데향도 풍부하고 빨래도 부드럽고생각했던 것보다 정말 좋더라구요 :))​​​​​​워시앤드조이 캡슐세제​3way 분리형 젤리 캡슐로세제, 섬유유연제, 항균기능이 하나로 합쳐진 제품이라하나만 사용해도 되기 때문에 정말 편해요 !​​​​​저는 패키지로 이번에 예쁜 틴케이스가 함께 오는요 구성으로 받아보았는데 앞으로는 리필?만 사서 틴케이스에 넣고 사용하면세탁실이 더 예쁘기도 하고 ㅋㅋㅋㅋ편할 것 같아요 ​틴케이스 안에도 지퍼백으로 이중 포장되어 있는데틴케이스 안으로 다 부어주었어요 :)​​​​​​원래도 지퍼백 형식이라 제품 보호에도 신경썼고,날가롭지 않게 마감되어 있어 아이들 손 베일 염려도 적게 신경써서 만들어진 제품이예요​그치만틴케이스가 너무 예뻐서...ㅋㅋㅋㅋㅋㅋㅋㅋㅋㅋ담아두고 사용하려구요 *_* ​​​​​​​비누베이스의 강력한 7중 효소로적은 양으로도 완벽한 세탁이 가능하구요,​향도 오래 지속되고 중성세제라 피부에도 좋고 옷감도 덜 상하는 캡슐세제랍니다 :)​​​​​​일반, 드럼 세탁기 다 사용가능하고 사용방법도 같아요~​사용법은 빈 세탁조에 캡슐세제를 세탁물 양에 따라 먼저 넣어주시고세탁물 넣고, 세탁물 코스 돌려주시면 돼요 :)​​​​​​틴케이스에 담아놓고 세탁실에서 하나씩 꺼내 쓰기딱 편한 구조 :)​액체세제도 좋지만 바쁘고 대청소할때는 빨리빨리 움직여야하는데그럴때 툭 던져 넣기만 하면 되니정말 편하고 좋을 것 같아요평소에도 좋은건 물론이고요 ~ ^^​​​​​​캡슐세제는 이렇게 생겼습니다 *_* 만져보면 몽실몽실한 느낌이구요​찬물에도 잘 녹는 수용성 필름이라저 비닐 어떡하지?! 하는 걱정은 안하셔도 됩니다​​​​​세탁세제, 섬유유연제, 항균이 하나에 압축되어 들어있어서캡슐 하나로 7kg 이내의 세탁물은 충분하구요세탁량에 따라 캡슐을 증량해서 사용하시면 돼요 ~​​​​​​짜잔 이제 본격 빨래를 해 볼 시간이예요 :)​빈 세탁조에세제 먼저 넣어주세요저는 조금씩 자주 하는 편이라 캡슐세제 하나면 충분해 하나만 넣었주었어요 ​​​​​​천연 계면활성제를 사용해 거품이 적게 나요그렇기에 잔류 세제 걱정도 좀 덜한 편이랍니다 :)​세탁력을 훌륭하니 걱정하지마세요!저도 걱정도 조금 했는데 세탁 후 옷들을 보니 깨끗하게 잘 되었더라구요 ㅎㅎ​잔류세제가 남지 않아 피부에 더 안전한 워시앤드조이물에 잘 녹는 순비눗물에 천연계면활성제를 사용했구요,옷이 좋아하는 중성세제라 옷감 상할 걱정도 줄었어요 :)​​​​​​제가 사용해보니세제와 섬유유연제를 따로 사용하는 것보다 편한것은 물론이고유연제를 따로 추가로 넣지 않아도 빨래가 부드럽게 잘 되더라구요 :)​향도 정말 좋아서ㅠㅠㅠㅠ향때문에라도 섬유유연제 넣을까 했는데안넣어도 충분하네요 ㅎㅎ​​​​​​​/본 포스팅은 업체로부터 제품을 지원받아 작성한 것입니다. ​​​〉」^
흐묶새~
흐묶새~
흐묶새~
",15,1,1,297,4,0,314.8,9,text_ad,2020. 11. 12. 19:41,528,1068350,맛집,"['아니 무슨 세탁 세제가 이렇게 이쁠일,,,,? 패키지 너무 이쁜데 빨래 후 향도 너무 좋을거 같아효❤️', '그쵸!!! 진짜 너무 예뻐서 쓸때마다 아까워요ㅠㅠㅠㅠㅠㅠㅠ', '처음본당신기방기♡♡', '저도 처음 써봤는데 생각보다 괜찮더라구요 언니!! ㅎㅎㅎ']"
1,https://blog.naver.com/livelyming89?Redirect=Log&logNo=222150015670,"편백네 디퓨저집 안에서 즐기는 피톤치드 삼림욕​안녕하세요 나으니입니다요즘 날씨는 덜 추워서 다행인데미세먼지가 심하더라구요환기를 자주 시킬 수 없어 실내방향제로 편백네 디퓨저를 들여놓았어요​​​​​​집에서도 삼림욕을 즐기는 듯한 편백나무 향이은은하고 상쾌하게 실내 공기 무게를 바꿔줄 것 같더라구요 :)원래 코튼이나 머스크베이스의 향을 좋아하는데인위적인 향보다 좀 더 자연스러운 향이 끌려서 편백네 피톤치드 방향제가 마음에 들었어요!​​​​​패키지도 신경쓴 느낌이예요구성은용기+구슬칩+오일 이렇게 한 세트예요용기 안에 구슬칩이 들어있는데 구슬칩이 디퓨저 리드의 역할을 하는 것 같았어요 ​​​​​​케이스부터 은은한 느낌이 들죠?우디한 느낌이 들고 피톤치드, 편백향과 잘 어울리는 케이스라 마음에 들더라구요 ​구슬칩에 오일을 직접 뿌려 사용하는 타입이라오일은 따로 들어있어요!​차량용 방향제처럼 향이 좀 덜하다싶으면 오일을 충전하는 그런 방식이예요!​​​​​​편백나무 구슬이 들어있는데요 :)오일을 뿌리지 않아도 삼림욕하는 듯한 나무냄새가 나더라구요!​향긋한 향이 나거나, 액체로 된 디퓨저는 많이 사용해봤는데이렇게 구슬칩이 디퓨저 리드역할을 하는 디퓨저는 처음보네요아마 편백네가 최초일 것 같아요!​​​​​​​뚜껑은 눌러서 돌리면 살짝 올라오면서 쉽게 열 수 있어요 오일 입구가 좁고 뾰족해서 새지 않아 좋았고구슬칩에 골고루 묻도록 뿌릴 수 있었어요​유해성분도 없는 안전한 식물성 에탄올로 만든 오일이라안전하게 사용할 수 있어서 좋았구요 :)​​​​​​오일을 뿌리고선 용기 뚜껑을 열어두고그 위에 오일 올려두었더니 인테리어 소품이 따로 없네요 :)​​​​​​▼ 그럼 이제 오일을 뿌려볼까요~?​편백나무숲의 피톤치드로 힐링을 할 수 있도록고민하고 연구해서 만든 편백네 데일리 힐링케어 디퓨저​편백나무 구슬칩, 편백오일, 식물성에탄올의 합이 좋고유해성분도 없어 완벽한 편백 테라피를 즐길 수 있답니다​​​​​​​구슬칩에 오일이 스며들면서 스멀스멀 퍼지는 편백향!​예전에 어떤 카페에서 편백나무 조각을 그릇에 담아서 테이블에 올려둔걸 본적이 있는데요편백향도 풍기지만 습기도 관리가 된다고 하더라구요~!?​​​​​​조금만 뿌렸는데도 발향이 좋아서은은한 편백향이 풍겨오는데 기분이 참 좋았답니다 ​삼림욕 하는 기분ㅋㅋㅋㅋㅋㅋㅋ​​​​​​사무실 제 자리 한 귀퉁이에 두니근무환경이 절로 좋아지고요 *_* ​인위적인 향이 아니라 은은한 삼림욕 하는 듯 편백나무 향이라서삼림욕하는 것처럼 개운하고 좋더라구요산에 온듯한 느낌​구슬칩 비쥬얼도 독특하면서 예쁘고 사용하기에도 간편한편백네 디퓨저로 편안하게 피톤치드 효과 느껴보세요♩​​​​​​​​​ 
 
 
",17,1,2,251,1,0,315.0,8,revu,2020. 11. 20. 21:32,528,1068351,맛집,[]
2,https://blog.naver.com/livelyming89?Redirect=Log&logNo=221799748952,"#디퓨저추천 #부케가르니 #인테리어소품 #블랙체리​​안녕하세요 나으니입니다​자취를 하다보니 집에서 음식을 하면 냄새가 너무 거슬리더라구요원래도 환기가 쉽지 않은데 요즘처럼 추운날은 창문을 열기에도 참 애매하지요 전에는 공기청정기 집에있는거 가지고와서 돌려놓고 그랬는데그러고보니 부피 차지도하고, 가성비가 낮은 것 같아서 고민하다 디퓨저를 하나 가져다 놨어요  ​​​ 200ml * 2 / 32,000원​할인가 12,900원!!!!!​ 향은 코튼과 블랙체리 두가지가 있고 원래는 코튼향을 더 좋아하는데 냄새를 빨리 빼기 위해 좀 더 향이 강한 블랙체리 향으로 구입했어요지금 할인중이라 더 저렴하게 득템할 수 있어요 *_*​​​​​☞ KCL 자가검사도 승인☞ 자연유래 곡물발효 에탄올을 사용☞ 가습기 살균성분 불검출☞ 유해물질 불검출(프롬알데히드, 벤젠, 메탄올 등)​부케가르니 디퓨저의 안전한 성분이 제가 이 디퓨져를 선택한 가장 큰 이유 중 하나예요좁은 원룸에서 유해한 물질이 들어있는 디퓨저를 쓰면그거 제 몸에 다 쌓이는 거잖아요ㅠㅠ 그러기엔 이제 몸에서 슬슬 아프다는 신호를 많이 보내는 나이라ㅋㅋㅋㅋㅋㅋㅋㅋㅋㅋ성분을 가장 중시했기에 부케가르니 상품을 선택했답니다 *_*​​​​상자 오픈하면 디퓨저가 2개가 들어있어요 :)깨지지 않게 상자가 딱 맞는 사이즈로 배송되고뽁뽁이로 안전포장되어 있기 때문에 유리 케이스라도 전혀 걱정이 없을 것 같아요 ​디퓨저가 2층으로 쌓아져 있는데 디퓨저 사이에 또 안전하게 보호하는 장치가 있어서서로 부딪힐 걱정도 없구요 (플라스틱 재질인 것 같은데 이름을 모르겠네요 ;)​​​​저는 디퓨저 두개가 들어있는 패키지로 구입했어요방에도 놓고 화장실에도 놓고 여러군데 놓고 사용하기엔 요 패키지가 딱인 것 같아요가성비 끝판왕 디퓨저​ 섬유리드도 2개 패키지 구성이라 2세트씩 다 들어있어요가격이 저렴하다고 뭐 빼먹거나 대충만들고 그런거 전혀 없어요​​​​​디퓨저 정말 너무 필요했어요....전에는 거의 해먹지 않았는데요즘 쿠캣이나 마켓컬리 등 간편 조리식품 몰에 제가 빠져있거든요 한참ㅋㅋㅋ그런 반조리식품 조리할 때도 냄새가 나지만최근 꽂힌 알리오올리오,,,, 기름냄새와 마늘냄새 정말 안빠지는 것 같더라구요제가 냄새에 예민한 편이라 조치가 시급했거든요 !​​​​평범한 디자인인데도 부케가르니 스티커가 부착되어 있으니엄청 고급스러워 보이는 효과!사용법도 간단하고 가격도 착하니 부케가르니 디퓨저 방향제사용하지 않을 이유가 없습니다​부피도 크지 않아서 거실이나 방 좁은 협탁에도 올릴 수 있고화장실 변기 위나 한쪽 귀퉁이에 두기에도 좋답니다​​​​너무 예쁘죠? 핑크핑크한 스티커가 붙어있고 다른 향인 코튼은 하늘색 스티커가 붙어있어서향에 따라 다른 느낌도 낼 수 있고 좋은 것 같아요디자인이 예뻐서 선물용으로도 손색없구 지금 할인행사 중이라 집들이 선물이나 셀프선물로 완전 부케가르니 디퓨져 추천합니다 *_*주변에 결혼한 친구들이 꽤 많은데 놀러갈때 요거 선물해야겠어요 신혼부부 선물로 완전 딱이겠죠? ㅎㅎ​​​​옆에 하얀 고무패킹을 열고 다시 은색 마개를 닫아주면 사용준비 끝 :)리드만 꽂아주면 되서 엄청 편하죠저는 캔들을 좋아해서 제가 직접 만들기도하고 사서 쓴 적도 많은데확실히 캔들보다 디퓨저가 사용하기에도 쉽고 라이터없이도 계속 향이 나서 편하다는 장점이 있어요 ​​​​카페에서 먼저 시뮬레이션 해봤는데요 ;)안에 하얀 고무 마개가 하나 더 있어서 오픈하고 다시 은색 뚜껑을 띠워 준 후디퓨저 리드를 넣어주면 끝!​리드도 일반적으로 많이 사용하는 우드 리드가 아니라섬유로 만든 리드이기 때문에 발향이 훨씬 더 풍부해요 ~!​​​​집에 서랍장 위에 요렇게 놔둬봤어요 :)인테리어 소품 같기도 하고은은한 향도 나니까 진짜 여자 사는 집 같쟈나~~~~​저 진짜 인테리어 이런데 소질 없어서 소품도 안사두는 편인데디퓨저 하나만으로도 집안이 환해지는 것 같아서 기분이 좋네요 :)짱이야 부케가르니 ​​​​디퓨저 리드는 원하는 발향 정도에 따라 갯수를 나눠서 넣어주면 됩니다향이 좀 많이 강하게 났으면 하는 분들은 리드 5개를 한꺼번에 다 꽂으시고저처럼 은은~하게 쓰실 분들은 조절해서 꽂으면 돼요​​저도 꽂아두고 한시간? 정도 지나니까 집안에 향이 은은하게 퍼져서왜 진작 디퓨저 쓸 생각을 안했을까 좀 더 빨리 써볼껄후회했답니다ㅜㅜ​​​​장식용으로 뒀던 프리저브드 안개꽃도 리드처럼 꽃아줬어요 리드로 활용할 수 있는 여러 소품을 활용하면좀 더 감성적인 디퓨져로도 사용할 수 있어요 *_* ​또 부케가르니 디퓨져가 좋은 이유가 오랜시간 개발해서 만든 디퓨저 베이스를 사용해서처음 개봉할때부터 다 사용할때까지 일정한 향이 나요 !처음에만 향 진하고 나중엔 향이 나지 않는 경우가 많은데 그런 걱정이 전혀 없답니다 ​​​​리드 갯수에 따라 방향제 사용기간도 달라지니 그점 참고하시면 좋을 것 같아요 저는 2개를 꽂았고 꽃을 꽃아둬서 그런지향이 금방 솔솔 나더라구요 :)​리드를 많이 꽂을수록 향도 더 풍부하고 많이 나요근데 시각적인 효과는 아무래도 더 *_* 예쁘네요 ​​​​디퓨저 하나에 2~3개월 정도 사용가능하고2개 세트니까 세트구성으로는 거의 최대 6개월 사용할 수 있는 양이라서가성비 최고예요가성비만이 아니라 가심비까지 완전 만족스럽습니다가격은 저렴한데 인테리어 효과에 기분 좋은 향까지 얻을 수 있으니 일석이조, 일석삼조 하는 거 맞죠? ㅎㅎ​​​​꽃이랑 리드랑 넣어놓으니 디퓨저 안에 먼지 들어갈 틈도 없어서넘나 좋다 :))​먼지 둥둥 떠다니는거 보면.. 너무 싫을 것 같아요...허허리드가 검정색이라 꽃의 컬러랑도 잘 어우러지는 것 같구진짜 부케가르니 디퓨져 여러모로 추천 아이템으로 등극이에요 ㅎㅎ​​​​​그리고 보통 화장실에 많이 디퓨저를 놔두지만저는 집에 들어서는 순간부터 향이 확 났으면 좋겠다 싶었거든요​4계절 신는 신발들이 제대로 빨지 않고 그냥 넣어놔서ㅋㅋㅋ신발냄새나 쓰레기봉투도 버리기 전에 현관에 놓구 해서 향기롭게 만들어주고 싶다 생각했었답니다​​​​​그래서 한쪽 귀퉁이에다가 부케가르니 디퓨져를 딱!!!!높이나 무게중심이 낮아서 살짝 부딪히더라도 쏟길 염려는 적어요 ​작은게 저기 있으니까 뭔가 시선이 가기도 하구지저분한 현관이나 어지러운 신발장보다예쁜 디퓨저가 시선도 사로잡아주면 넘나 좋습니당손님이 와도 덜 민망한 상황?! ㅎㅎㅎ​​​​집에 들어오면서부터 생활하고 나갈때까지향기로운 향이 풀풀 풍겨서 너무 좋은 부케가르니 디퓨져​블랙체리는 상큼하면서도 고급스러운 향이나서 너무 좋았어요 :)인위적이고 코 찌르는 향이 아닌, 은은하지만 고급진 향향이 너무 좋아서 다른 향도 궁금해지더라구요 ​2개가 있으니 다른 향을 하나씩 넣어주는 패키지도 생기면 좋겠어요 ㅎㅎ​​​​​https://bit.ly/2NrKfkR​​​​​​​​​ 

미      불을 통해 본 업체로부터
제품 또는 서비스를제공받마 작성된 리뷰입니다
「,】

 
^
 
 
",18,3,0,704,0,1,315.0,5,text_ad,2020. 2. 7. 13:26,528,1068351,맛집,0
3,https://blog.naver.com/livelyming89?Redirect=Log&logNo=222058549006,"비엔느 마스크 리뉴(Re:new) 보관 파우치마스크 뽀송뽀송하게 사용해요 :)​안녕하세요 나으니입니다어느새 마스크가 우리 생활에 필수품이 된지도 한참이죠 ㅠㅠ예전엔 황사 시즌에 잠깐 착용하고또 생얼일때 외출하면 쓰는게 마스크였는데ㅋㅋㅋㅋㅋ​이젠 필수인 일상이 되었네요​​​​그러면서 마스크와 관련한 물건들이 점점많아지는 것 같아요 :)비록 일회용 마스크더라도 좀 더 깨끗하고 위생적으로 사용할 수 있도록마스크 보관 파우치, 케이스도 많이 나오고 있잖아요 ~​그냥 가방 위에 툭, 테이블 위에 툭~올려두는게 내심 찜찜해서 저도 이번에 마스크 보관 파우치 들여왔어요 !​​​​100% 친환경 천연 화산석제습, 탈취, 항균을 한번에 할 수 잇는 마스크 케이스, 마스크 보관 파우치예요​반영구적으로 사용할 수 있어하나만 마련해두면 위생적으로 보관도 가능하고제습과 항균으로 마스크를 하루 이틀은 더 사용할 수 있기 때문에훨씬 더 경제적익도 하죠? :)​​​​​마스크의 성능을 회복시켜주는비엔느 프리미엄 마스크 보관 파우치​그냥 보관만 가능한 케이스가 아니라제습, 항균, 탈취까지 되기 때문에더 좋아요 :)​실리카겔이나 염화칼슘이 아닌 천연 화산석으로 더 안전한 것은물론이구요!​​​​​요렇게 방수파우치?처럼 생긴 작은 파우치예요디자인도 귀엽고 :)마스크 보관케이스가 생활밀접형이라 저는 디자인은 전혀 기대하지 않았는데생각보다 넘 괜찮아서 놀램 ^^​마스크 쓴 곰돌이가 빼곰하는데너무 귀엽지 않냐며..ㅋㅋ​​​​흡착지?같은 종이 안에 천연화산석이 들어있어요가루가 새어나오는 것도 아니고제법 도톰하더라구요~​*천연 미네랄 화산석은원적외선 방사 92~93%탈취율 97%, 항균 곰팡이 99.9%의 성능을 가지고 있고공기정화, 항균, 살균, 탈취 효과가 있어요​​​평소에 이렇게 가방에 툭올려놓고 사용하는 마스크...요즘 마스크 줄도 많이 나오던데 생활 중에 마시거나 하면서 뭘 많이 흘릴 것 같더라구요그래서 간편하게 사용하는 파우치가 더 좋을 거라 생각했어요 :)​장시간 벗고 있을 때먼지나 비말 등에 대한 오염 걱정도 훨씬 적어지구요​​​​사용법은 초간단마스크를 접어서 파우치에 넣어주면 끝! *_* ​사진처럼 보관이 가능하구요지퍼를 꼭 닫아주면천연 화산석이 습기를 흡수해 뽀송뽀송한 마스크로 만들어주고항균, 탈취, 살균까지 해줍니다 ㅎㅎ​​​​움짤도 찍어봤어요 :-)이어밴드때문에 조금 고생하였으나너무너무 좋다고 한다 ㅎㅎㅎㅎ​사이즈가 조~금만 더 넉넉하면 더 좋을 것 같다는아쉬움이 살짝..있습니다ㅋㅋㅋㅋ​​​​요런식으로 보관하면 돼요굳이 가방에 안넣어두고 테이블에 올려놔도 걱정없어요 *_* ​음료수, 음식같은거 흘릴 걱정도 없구 ㅋㅋㅋㅋ날파리 앉을 일도 없네 >< ㅋㅋㅋㅋ(여름이라 날벌레들이 많잖아요ㅠㅠ)​​​​천연 화산석이라 훨씬 안심할 수 있는 성분!게다가 시험결과를 통과한 제품이라 더더 신뢰가 가기도 해요~​꽤 오래 사용했다 싶으며햇빛에 말려주기만 하면 되니까 너무너무 좋구요 !​​​​​이렇게 깔끔하게변신 완료 !!!파우치에 넣어서 보관하니 가방 수납도 훨씬 효율적이게 되고저처럼 가방 정리 안하고이것저것 던져놓고 사는 분들은 더 만족하실 것 같아요 :)가방 안 먼지나 화장품들이 마스크에 묻을 걱정 1도 없다구욧​식사하러 가서, 카페 가서 마스크 벗어두는게 걱정이셨던 분들이제는 마스크리뉴 마스크 보관 파우치와 함께해보셔요 ♩​​​​​​​​​​​ 

-
트 086비610
04066

본 포스팅은 실제 상품이나 서비스를 제공받아
건강한 리뷰문화를 만들기위해 작성한 진솔한 후기입니다.

 

 
 
 
 
",16,2,1,325,2,0,315.2,6,text_ad,2020. 8. 12. 15:39,528,1068352,맛집,"['오! 이거 잇템이네요 ㅎㅎ저도 갖고싶어용 >_<', '맞아요 은근 꿀템! ㅋㅋ 찾아보니 마스크 안접어도 되는 케이스도 있더라구요 ~~']"
4,https://blog.naver.com/livelyming89?Redirect=Log&logNo=221765195011,"내가 애정하는 블랙마틴싯봉몇년째 쓰다보니 가방도 신발도 몇개씩이나 가지고 있는데요샌달 수선맡기러 갔다가 아니...  백화점에서 매장이 빠진다고 ㅠㅠㅠ이 당시에 브랜드데이도 당겨서 하고,, 암튼 아쉬웠어요​그래서 수선 맡기러 간거였지만 이 당시, 봉사활동 갔다가 사망한 내 블랙마틴싯봉 스니커즈를 대신할 스니커즈도 한켤레 샀어요​​... 충동구매 뿜뿜 그치만 후회는 없답니다 !!​​​짠제가 구입한 운동화는 요거에용​블랙마틴싯봉 달리다 슬립온 (GAYH353_39) / 129,000원​검정바탕에 귀여운 사슴이 그려진, 단정하면서 포인트가 되는 느낌 :)​​​​기존에 제 블마싯 슬립온은 송치여서 물에 젖으니회생 불가상태였거든요..^^; 하필 ㅠㅠㅠ 비 잔뜩 오고난 잔디밭에서 바자회를 하는 바람에...흑..​요건 송치는 아니라 겨울보단 사계절 내내 유용하게 신기 좋을 것 같죠?!​​​​날렵한 옆라인살짝 키높이 효과가 있어서 키도 커보여요 ㅋㅋㅋㅋㅋ검저색이라 여기저기 잘 어울려서 무난하게 신기 좋구요저는 청바지, 스커트 상관없이 여기저기 막 신고다니는데 안어울리는 코디가 없어요 >.<​​​​원래 신던 블마싯 신발이 편하고 좋아서 거의 그거만 신었는데빗물에 테러당하고 운명을 다하는 바람에 새로 사고싶었는데마침 :) ㅎㅎㅎㅎㅎㅎㅎ폐점은 아쉽지만 예정된 브랜드데이보다 빨리 하는 덕에 득템했습니다요! ​​​​짜잔집 앞 공원 산책하면서 찍은 사진 :)​제가 발이 좀 안좋은 편이라 신발은 무조건 편한걸 찾거든요너무 납작해도 발아프구 높아도 발아프구 골치 아픈 발인데블랙마틴싯봉 슬립온, 스니커즈는 대체도 다 편한 편이에요 :)뒷꿈치 까짐도 전혀 없구요​​​​밝게 나와서 회색처럼 보이지만 검정색 운동화예요 :)​검정 스타킹 신고도 찰떡이고, 청바지와도 잘 어울려요여름엔 주로 샌달이나 블로퍼를 신어서 그런지 운동화는 갑갑하고 더워서 멀리하게 되서저는 여름보다는 봄, 가을, 겨울에 더 잘 신어지더라구요 ㅎㅎ​추워지는 요즘 신기 딱 좋은 블마싯 스니커즈 !!​​​​​치마에 스타킹 신고 뿐만 아니라청바지에도 무난하게 잘 어울리는 운동화예요 :)​요즘 어글리슈즈 디자인이 유행이라약간 투박한 느낌에 굽도 살짝 있는 운동화를 많이 신는 느낌인데요런 기본 디자인도 있으면 정말 유용하게 신을 수 있는거 아시죠?​​​​검정색이라 무난할 수 있지만발등부분에 블랙마틴싯봉의 로고 마티니가 그려져 있어서전혀 심심하지 않고 귀여운 느낌도 들어요 :)​제가 여태 신고 다니면서 느낀건데 정말 여기저기 활용하기 좋아요!!!​치마나 바지나 여기저기 다 잘어울리니까 뭐~이 신발 하나로 1년 사는거지 뭐~​​​​​​/포항에 매장이 없어져서 너무나 아쉽지만그래도 새로 쟁여놔서 너무 좋네요 :)이제 론니데이땐 대구로 원정가야하나ㅠㅠㅠ온라인 론니데이도 있으니 앞으론 검색요정이 되어야 겠네요 ㅎㅎㅎ​​​​그 도
",8,0,0,282,2,0,315.4,3,,2020. 1. 9. 11:08,528,1068353,맛집,"['맞어 블랙마틴신발도 편하고 좋움!!!!', '맞아맞아 이제 포항에 매장없어서 전만큼 애정해주지 못한다ㅠㅠ 흑흑']"
5,https://blog.naver.com/livelyming89?Redirect=Log&logNo=222086470967,"로이스 연기나지 않는 황토 요리지에이어프라이어호일 / 종이호일​요즘 1가구 1에프 시대 맞죠?저도 자취하면서 나중에 내살림을 살면 이런저런 가전제품 넣어야지 생각했는데어우 에어프라이어는 필수템인 것 같아요아직 없으시다면 무조건 들이세요!!!​​​​​​에어프라이어를 사용하면서 튀김요리도 좀 더 가볍고 간편하게 먹을 수 있는 건 좋은데그만큼 설거지거리가 늘어나더라구요 @@...몇일 미뤄놨다가 설거지하려고 해봐... 그 기름때ㅠㅠㅠㅠㅠㅠㅠ​​​​​그래서 요즘 에어프라이어 제품 많이 나오잖아요에프'전용' 호일이나 실리콘 팟도 나오구요​저도 에어프라이어에 쓰려구 친환경 소재에 연기 나지 않는 안전한 종이호일 사용해봤어요 :)에프 사이즈에 맞게 큰거, 작은거 골라서 구입할 수도 있고표백제, 중금속, 포름알데히드 FREE!폐기시 퇴비화 되는 친환경 제품인 게 참 마음에 들었어요 ​​​​제가 사용한 로이스 황토요리지는 에프'전용'은 아니에요에프는 '물론' 오븐, 전자렌지, 후라이팬, 찜기까지 다양하게 활용할 수 있는 '멀티' 종이호일이랍니다 +_+​​​​한 상자에 30매씩 들어있어요로이스 황토요리지는 접시형도 있지만 롤형도 있어서 사이즈 가늠이 안되시거나 좀 더 다양하게 활용하고 싶으시다면롤형으로 하셔도 좋을 것 같아요 :))​​​​​황토 코팅이 되어 있는 요리지라 더 안심하고 건강하게 음식을 조리하고 먹을 수 있는데요,​요리에 직접 사용되는 코팅제의 경우 더 안전해야하는데로이스 황토요리지는 100% 친환경 황토코팅제를 사용해서 인체에 무해하다고 해요이미 언론 보도도 되고, 입소문도 많이 났더라구요 :)​​​​​접시형은 깊이도 있어서 에어프라이어에 사용하기에도 좋고살짝 국물이 자작하거나 기름 요리를 하기에도 좋겠더라구요 :)​식품지 중 유일하게 원적외선, 항균성, 항곰팡이성, 탈취성 효과를 인증PFOA, PTFE 등 불소수지 0%표백제, 프롬알데히드, 중금속 free​내열, 내유, 내수성이 뛰어난 요리지라 다양한 요리에 활용할 수 있어요!!​​​​제가 사용하고 있는 에어프라이어는 2~3L 정도의 작은 사이즈라로이스 황토요리지 중형을 사용하니 딱 맞더라구요!​중형은 16cm*4.5cm의 사이즈로 작은 에어프라이어, 오븐 사용시 적합할 것 같고대형은 23cm*4.5cm라 큰 에어프라이어나 후라이팬 조리에 좋을 것 같아요​​​​​저는 주먹밥 1개를 넣고 에어프라이어를 돌려보겠습니다맨날 뭐 깔거나 하는거 없이 에프 본체에 음식을 직접 갖다댔는데기름 새어나오고하니 설거지가 참 까다롭더라구요ㅠㅠ​​​​​​​에어프라이어 5분 돌리고 버터 장조림 주먹밥이라 버터가 새어나와 종이오일이 젖을 법도 한데내유성이 우수한 제품이라 그런지주먹밥으로 눌린 자리 말고는 뽀송뽀송하죠? ㅎㅎㅎㅎㅎ​굳이 그릇에 안옮겨담고 로이스 종이호일 자체로 그릇으로 쓸수도 있어 더욱 좋아요에어프라이어 팟도 깨끗접시도 깨끗로이스 황토 요리지 덕분에 설거지도 간단하게만 하면 되니 너무 편해졌어요 :)​요즘 에어프라이어 요리 많이 하니까 에어프라이어 종이호일로는 물론,주물럭이나 두루치기 등 양념이 자박한 요리도 로이스 요리지 깔고 하면 후라이팬 깨끗하게 사용할 수 있어 더욱 좋겠죠? ㅎㅎ​​구매링크 공유!​​​​ 
 
 
",12,1,0,306,4,0,315.4,7,,2020. 9. 11. 11:22,528,1068353,맛집,"['ㅋㅋㅋ 에어프라이어.. 설거지 귀차나가지고 ㅋㅋㅋ좀 덜돌리게되는데요거 괜찮네여 전 그냥 종이호일 잘라가지구썼었는데그마저도 귀채나가지구 가위로못자르고 손으로 막 찢어서 썼거든욬ㅋㅋㅋㅋㅋㅋㅋㅋㅋ 후... 글캐귀찮담서 먹는건 왜안귀찮ㄴ나몰라...요거 넘나유용하겠다요❤', '마자요마자요 근데 후라이팬은 써보니까 연기는 확실히 덜 나긴하는데물 날려야하는건 안되더라구요ㅠㅠㅠㅠㅠ 힝 전 그래서 에프 전용으로 쓰려구욥!!!!!!!! 저도 종이호일 잘라서 쓰다가 귀차나서 그냥 쓰고 설거지 미뤄두다 하고 그랫눈데있으니까 팍팍 쓰긴해도 좋더라구요ㅠㅠㅋㅋㅋ']"
6,https://blog.naver.com/livelyming89?Redirect=Log&logNo=222218054078,"미니 가습기 1년동안 사용해본 후기입니다 :)​트미, 네이버 새 글꼴이 나와서 이것저것 써보는 중안그래도 요즘 카페에 이런 글씨체가 많아서 궁금했는데 새 글꼴이었구나..어떤가요? 가독성 좋은가요? ㅋㅋㅋㅋ 글씨체는 귀여운데 가독성은 떨어지는 것 같은디.....;;​암튼댕댕이 USB 미니 가습기 사용 후기 시작합니다​​재작년에 사무실과 집이 난방 때문에 너무 건조해서 2개 같이 구입해서 삼실 책상에 하나, 침대 옆에 하나 두고 사용했어요​구입하는 김에 필터도 같이 구입해서잘 관리하면서 써야지 했는데 생각보다 필터 갈아주는 주기가 길어서 더더욱 만족!!!​​​​​댕댕이 가습기 저는 공구로 구입했어요자주 들어가는 카페에 저렴하게 공구 올라왔길래 바로 2개 구입했어요​필터는 원래 추가 구입해야하는데공구때 하나가 구성품에 있어서 훨씬 이득이었어요~​케이블 하나가 불량이라 집에 굴러다니는 케이블로 바꿔서 사용했어요.....이제 뜯었는데 왜 안되는거냐!!! ​​​​​​보조배터리 연결해서 사용할 수도 있고무드등, USB충전 방식이라 사용은 간편했어요​4시간 뒤에는 자동 off 되는데이건 좀 단점인 것 같아요 자기 직전에 틀어도 4시간 뒤에 꺼지니까 그건 아쉽더라구요ㅠㅠ 최소 6시간은 틀어져있는게 좋은 것 같아요 ​​​​​화이트, 핑크, 민트 3가지 컬러가 있고저는 핑크1개, 민트1개로 구입했답니다 *_* ​​​​​사용법1. 헤드부분을 시계 반대방향으로 돌려 개봉2. 물탱크에 물 채워주기 (물 채워주기 전에 한 번 세척해주기)3. 전원 케이블 연결4. 전원 버튼 눌러 작동시키기​무드등 온오프, 간헐적 분무, 전원 off 등 모드 변경도 가능합니다​​​​​구여워♥​민트색은 집에 놔두고 핑크색은 회사에 놔두고 사용했는데너무 귀엽죠?​사슴 뿔 모양도 있고 색상이나 디자인이 조금씩 다르게 종류가 꽤 많더라구요이게 제일 기본형 같았어요 ㅋㅋ​​​​​뿔 사이에 동그란 부분이 물이 분부되는 곳이에요​​​​​전원버튼과 케이블케이블이 구형이라 좀 아쉽다..C타입말고 다른 포트도 버리지 말고 하나씩은 아껴둬야겠어요​​​​​가습기 필터에요약간 스티로폼? 수수깡 같은 느낌인데 저기다 쏙 끼워주고 사용하면 됩니당오래 사용하면 교체해주면 되는데 몇번 교체 했는데도 저 흰 필터가 노랗게 변한것조차 구경한 적 없음ㅋㅋ​자주 갈아주는게 좋을 것 같아 자주 갈아줘서 그런가봐요​​​​​헤드 돌려서 오픈하면 이렇게 수조라고 해야하나?물통이 있어요한번 깨끗하게 세척하고 나서 (세제 안쓰고 부드러운 스펀지로만 문질러 씻었어요)물을 채워줍니다​처음엔 생수만 했는데 이젠 그냥 수돗물 넣어 쓰고있어요 ㅋㅋㅋ큰 문제 없는 듯​​​​​​무드등 모드가 있는데 불빛이 이렇게 색상이 변해요저는 무드등이나 수면등을 키는 스타일이 아니라자려고 누웠는데 불빛이 거슬려서가습이 키자마자 무드등은 끈답니다... ㅋㅋㅋ​​​​​귀여운 #댕댕이가습기​작지만 그래도 가습효과는 제대로 되고 있는건지칼칼하고 따갑던 목도 가습기 트니까 좀 덜하더라구요 :)4시간 후 자동 오프되는거만 아니라면 더 촉촉하게 가습효과 느낄 수 있을 것 같아요~​​​​​폭풍가습ㅋㅋㅋㅋㅋㅋㅋㅋ작은 사이즈라 작은 방이나 자취하는 분들이 쓰시기에 좋구사무실에 두고 쓰기 엄청 좋아요 !!!컴퓨터나 노트북 USB포트에 꽂아서 쓸 수 있으니까 전원도 따로 필요없습니당ㅋㅋ​​​​​처음 케이블 고장 빼고는1년 지난 지금까지 문제 없이 작동중인 댕댕이 가습기 :)​귀여워서 만족, 가격 착해서 만족가습 잘되서 또 만족♥​​​​​​",16,0,2,346,7,0,315.4,11,,2021. 1. 24. 10:55,528,1068353,맛집,"['귀여운데 가독성 인정요 ㅠㅠㅋㅋ 돋움 굴림 못벗어나는 옛날사람..ㅠㅠ.. 이게꼰대인가요', 'ㅋㅋㅋㅋㅋ새로나온글꼴 중에 마루부리가 제일 좋다는...맞아요 나눔고딕 이런거 제일 좋아해요!ㅋㅋㅋㅋㅋ', '나으니님 안녕하세요~ 오랜만에 들렀어요~꼼꼼하게 쓰신글  너무너무 잘  봤어요~https://blog.naver.com/sjhyo7400 항상 행복하시고요~시간날 때 놀러와주세용~', '댕댕이 가습기저희집 동생방에도 있어요 ㅎㅎ 하하~~', 'ㅋㅋㅋㅋㅋㅋ이거 귀엽져ㅠㅠㅠ째끄만게 은근 가습효과도 괜찮구~ㅋㅋㅋㅋㅋ']"
