,Post URL,Post,Image num,sticker num,gif num,Paragraph num,Comment num,Video num,weekly viewer mean,Sympathy num,AD,Posting Date,Buddy num,Total visit,Blog category,Comment detail
0,https://blog.naver.com/lovebeen1209?Redirect=Log&logNo=222068200013,"안녕하세요 코코아입니다​이번에 레이디버그 제품중에보석 십자수로 스티커,키링,거울등을만들수있는 제품이 나와서 포스팅해요^^​저는 당장 키링을 구매했답니다!제품을 구입할시엔​마리네뜨&레이디버그아드리앙&블랙캣​키링이랑 거울은이런식으로 나눠져있어서조금..슬펐어요ㅠㅠ​왜냐면..키링으로마리네뜨&아드리앙마리네뜨&블랙캣레이디버그 &아드리앙레이디버그&블랙캣​이렇게 걸고 다니고 싶었는데​그럼 두세트 다 구매하는 수밖에 없기 때문에..​스티커빼고거울이랑 키링 정가는11000원이더라구요ㅠ거울이랑 키링이 젤 맘에 들었는데두세트씩 구매하면 44000원..돈 좀 모으고 오겠습니다. .하하​​전 마리네뜨 &레이디버그 키링으로 구매했어요아직 배송시작이 안되서 다음주 중으로 올거니깐리뷰 꼭 하겠습니다~:)​보석 십자수 스티커스티커도 너무 귀여워 😍 보석 십자수 키링http://mitem.gmarket.co.kr/Item?goodsCode=1863934461​​아...키링도 너무 귀여워 😍 ​보석 십자수 거울​거울도 너무 예쁘다ㅠㅠ​오늘도 탕진..잼이군...하하너무 예뻐..​덕질은 역시 굿즈가 최고👍 http://m.minsbox.com/product/search.html?banner_action=&keyword=%EB%A0%88%EC%9D%B4%EB%94%94%EB%B2%84%EA%B7%B8(스티커,거울 링크)​- 16. 05 00
수 소령 려
 
659006906000
아래랑그

(00) 클릭-
1 져
",12,5,0,71,1,0,128.2,12,,2020. 8. 23. 3:16,3302,313305,상품리뷰,['헉 이렇게 보니까 더 예쁘네요..ㅠ포스팅 잘 봤습니다!']
1,https://blog.naver.com/lovebeen1209?Redirect=Log&logNo=221733104144,"​​아..친구가 카카오톡으로 생일선물을선물해줬는데요!!!​금방왔어요!!!!​카카오톡 선물 진짜 빨라요​​​무민이 들어있단걸 확 알게해주는 귀여운 택배상자아!!​옐로기프트라서 상자가 노란상자였어요!!​그리고 무민이 그려져있더라구요아..너무 귀엽더라구요​빼면 택배상자에 딱맞는 상자가 또 나오더라구요일러스트는 원작 그림인듯 한데​조금 으스스스한 느낌이 나면서 신비로운 느낌이들었어요​​설명이 있길래 읽어봤는데무민이 트롤이라는거 처음 알았어요 ㅇㅁㅇ네덜란드 요정이란거만 알았는데...​내용 구성물도 이미지로 귀엽게 표시되어있었어요usb케이블,설명서,무민 무드등딱 열면 이렇게설명서와 USB 케이블과 무민이 들어있어요안전하게 무민을 고정하는 덮개도 있었는데요빼면 귀여운 귀모양이랑 다리모양이 통에 남아있어서아..너무 귀엽다 했어요​#무민무드등​USB 케이블에는 스위치가 같이 달려있어서on,off가 쉽답니다!!저는 건전지가 없어서USB 테이블을 연결했습니다​​USB 케이블을 연결해주고스위치를 on해준 다음에 아무곳이나 터치를 요렇게해주면 되더라구요​그런데..무민이를 때려야합니다ㄷㄷㄷ미안하구나...친구야 고맙다#무민무드등 후기 끝​ 
으
00
마 ^
때

개

^
7 이 까이!

0 __
",20,4,1,80,3,0,128.2,7,,2019. 12. 10. 19:15,3302,313305,상품리뷰,"['너무 귀여워요 ㅎㅎ 요거 말랑한 재질인가요?', '귀엽죠오^^ 딱딱한 재질이라서 잘못 친적이 있었는데 아팠어요..ㅋㅋㅋㅋㅋ', '앜ㅋㅋㅋ 뭔가 말랑하게 생겼는데 딱딱한 재질이였군요 감사합니다ㅎㅎ 그래도 너무 귀여워요♡']"
2,https://blog.naver.com/lovebeen1209?Redirect=Log&logNo=221443707868,"#티몬 #오소무역 #여행용품 #추천​​안녕하세요 코코아 입니다~~여행...가기전 먼저 뭐가 떠오르시나요?​낭만이랑..추억 그런게 떠오르시나요..?​저는 아닙니다..ㅋㅋ​""으어어 짐은 뭐챙기지"" ""이것도 저것도 챙겨야되는데 """"으어어 깜박했다"", ""으어어 넣을공간이없어...""​네, 전...짐 어떻게하지 부터 생각합니다..ㅋㅋㅋ​그래서 ""여행용품 이왕 필요한거 다 사자!""해서​티몬에서 구매하여보았습니다!​일단은 여행용 큰가방이랑 파우치,담요구매했어요!​저렴해서 좋아요^^​​먼저 파우치 소개해드릴게요~~http://mobile.ticketmonster.co.kr/deals/1681711502​총 5가지 디자인이 있는데요..​ ...,그중 핑크색 너무이쁜데... 품절...ㅠㅜ그래서 플라밍고 디자인을 구매했어요​제가 깔끔한거엔..뭘 많이 묻혀서 패턴있는걸 골랐어요ㅋㅋ생각해보니 핑크색 사도 뭘 묻히겠네요..ㅎㅎ​플라밍고 디자인깔끔하고 이뻐요ʕ•ᴥ•ʔ벨크로 타입의 칸 만드는 칸막이가 들어있어서 자유자재로 떼어냈다가 붙혔다 할수있어요~평소에 쓰던 화장품을 넣고 닫아봤습니다가지고다니기 편해요 도시락 분위기도 나네요 굳​http://mobile.ticketmonster.co.kr/deals/1655868186이것도 이쁜색 많았지만 전 모든지 더럽히는 능력이 있어서 무난하게 베이지를 샀습니다딱 비행기도 그려져서 나 여행가방이다! 하는느낌이 확나네요캐리어에 끼울수도 있어서 좋은거같아요펼쳐보니깐 많이 크더라구요​ 플스 컨트롤러랑손이랑 크기비교 해봤습니다가방이 크기가 커서 옷 넣기 진짜 좋은거같아요한번 파우치를 넣어봤는데요 ​속도 깊어서 역시 하나만 넣으니 휭하네요​그만큼 공간이 장난아니게 넓어요여행용가방으로 완전 추천!!!http://mobile.ticketmonster.co.kr/deals/1662934410​무릎담요도 꼭 필요해요 수족냉증이 심하거나 추위를  못견디는분들 어디가서든 꼭 따뜻하게 해줘야돼요​저도 수족냉증이 심해서 꼭 담요를 챙깁니다 담요가 저렴해서 하나 구매했어요!두가지 색상중 역시 젤 때안타는 색..으로골랐습니다다리는 그냥 다 덮네요고급진 체크 디자인도 마음에 딱드네용ㅇㅅㅇb​마지막으로 전부 넣어봤는데요 역시 휭~하네요여행갈때 차곡차곡 넣어서 가면 다 넣을꺼같아요​완전 추천합니다:)​http://plan.ticketmonster.co.kr/seller/939414/227502(묶음배송가능)​​​",23,4,1,162,2,0,128.2,6,,2019. 1. 16. 19:37,3302,313305,상품리뷰,"['저같은 분홍색 덕후는 저게 참 탐남니다...+_+', '샤샤님도 분홍색 덕후셨죠! 저두 분홍색 엄청 좋아해서 저게 탐났는데 품절....또르륵ㅠㅜㅜ']"
3,https://blog.naver.com/lovebeen1209?Redirect=Log&logNo=222431974258,"안녕하세요 코코아입니다 오늘은 간편하게 먹을 수있는 에그타르트를 먹어봤어요!!!!!​​상자 너무 깔끔하고 이쁘지 않나요?!선물하기에도 좋은거 같아요❣❣구매처 https://smartstore.naver.com/daebak/products/4761779757에어프라이기에도오븐에도 다 좋아요!!!!200도 10~15분!​디앙뜨에그타르트 너무 간편해서좋네요6개입 360g(940kcal)에어프라이기 200도해동없이 10분 조리!!!!!!디앙뜨에그타르트영양정보!!!비닐포장에 플라스틱 통에하나씩 담겨져있었는데요뜯으면 낱개로 나눠서 소분해야겠어요~~~에그타르트는 은박지틀에 하나씩들어있어서틀 그대로 에어프라이기랑 오븐에 넣으면 된다는사실!오븐형 토스트기에도 넣어도 괜춘하구요겉은 바삭바삭 패스츄리속은 커스터드 크림이 들어있어요은박 틀은 잡기 편한 사이즈라서 딱이에요저는 오븐으로 구웠어요200도 예열 10~15분굽굽오븐에서 맛있게 구워지는중!!​다굽고 먹어주니깐 너무바삭하더라고요근데 맛있긴한데..​좀 달아서 하나 다 먹기가 조금 힘들었어요가족들 모두 다요!​조금만 안달았으면더 좋았을텐데그래도 괜찮더라구요​https://smartstore.naver.com/daebak/products/4761779757​#협찬 @cafedeant #디앙뜨 #디앙뜨에그타르트#포르투갈에그타르트 #디앙뜨홈베이킹 #패션후르츠타르트 #포르투갈직수입 #디저트맛집 #에어프라이어베이킹 #오븐베이킹 #냉동생지 #겉바속촉끝판왕 #오리지널에그타르트 ​​https://site-tracker.08liter.com/naver/blog/tracking/MjMyMzAzMTM=.png​ 

 

응를 통해 제품 또는 서비스 경험 후

직한 리뷰입니다.

 

 
2
아래랑그

(00) 클릭-
1 져
",18,2,0,83,1,1,128.2,11,text_ad,2021. 7. 15. 0:43,3302,313305,상품리뷰,['에그타르트 완전 좋아해서 사먹어볼까 했는데 너무 달다니 아쉽긴하네요 \U0001f972']
4,https://blog.naver.com/lovebeen1209?Redirect=Log&logNo=222097682814,"​​​안녕하세요 코코아입니다.요즘 많이 건조함을 늦길때가 많지 않나요?저도 비염이 심하기도 하고 해서재채기도 많이 나오는 편이라서 가습기를 알아보려고 여기 저기서 찾다가한일 가열식 가습기를 알게 되었는데요​​​​건조할수록 가습기는 꼭 필수인데요가습기도 꼼꼼하게 알아보고 구입을 해야하는데요​한일 가열식 가습기는 고온에서도 유해물질이 전혀 없고​실사용 조건(고온) 에서도 유해물질 ZERO 및 먹는물 수질테스트 완료인 제품으로 안심할수있더라구요​​​​​​고온으로 푹푹 살균하여 가장 깨끗하고 위생적인 가습​가열판 간편 분리 세척​가습후 가열수조에 남은 침전물은 간단하게 분리하여 세척이 가능해요!​블루투스 컨트롤러로 자동습도조절를해서 희망 습도만 설정하면 알아서 습도를조절까지!​진짜 다양한 기능을 가진 한일 가열식 가습기놀라움에 연속인데요우리나라 가습기가 정말이지 많은 발전을 해온게신기했어요가습기도 가습기지만 몸에 해로운게 전혀 없어서 더 안심인한일 가열식 가습기 SSVAM-4000BT​사전예약구매를 한 분들에게 이벤트도 하고 있으니 참고하세요^^​​신제품 출시기념 리뷰이벤트​​ #가열식가습기 #에어미스트스팀S플러스 #신생아가습기 #아기가습기 #임산부가습기 #블루투스가습기 #자동습도조절 #습도관리교스트1ㅇ 01
본 포스팀은 업체로부터
저|고바아마
ㅇㄷㅅㅅ  느

기저   종4송   /1ㄷ
ㄱㄴㅁ8 처「엄후 작 6긴

그
시준식앞 후7!입니다
 
 
",13,2,0,107,2,0,128.2,22,text_ad,2020. 9. 23. 17:46,3302,313305,상품리뷰,"['정독하고 갑니다 알찬포스팅 감사합니다자주들리겠습니다', '블루투스가 신기하네요!!!!!!!! 진짜 가습기 선탹 중요한데 저도 한번 알아봐야겠어요']"
