,Post URL,Post,Image num,sticker num,gif num,Paragraph num,Comment num,Video num,weekly viewer mean,Sympathy num,AD,Posting Date,Buddy num,Total visit,Blog category,Comment detail
0,https://blog.naver.com/lyni0712?Redirect=Log&logNo=222315937938,"집콕템 원래 레고를 좋아했는데 이번엔 미니어처 하우스를 해보자 하고 샀다.이왕 사는거 레벨 제일 높은? 큰 사이즈로 샀는데 시작하자 마자 후회 ㅋㅋㅋ​​처음 시작할때 설명서를 보고 부품이 있는지 확인, 불량 있는지 확인그리고 나서 불량이 있거나 없는 부품이 있다면 설명서에 기재된 부품 넘버를 산 곳 사이트로 문의하면 1회 무료 배송으로 부품을 보내준다.​​첫날 시작했을때 만든 소품?와.. 진짜 조그맣다저 의자가 내 엄지손톱 크기와 비슷하다본드칠이 너무 힘들었다 깔끔하게 안될 뿐더러 손에 덕지덕지냄새 맡기 힘들어서 마스크를 쓰고 했다.코로나로 인해 집콕템으로 산 취미템인데 집에서 마스크를 쓰고 있으니...​​하루 하고 몇일 안하다 다시 시작. 저기 기계는 오르골이다 소리도 나는데 지금 완성된 상태에선 한번도 키지 않았다 ㅋㅋㅋ​​힘들긴 하지만 소품 하나하나 늘어날때마다 뿌듯하긴 하다 ㅎㅎ​​이것도 진짜 많이 했다.자세히 보면 덕지덕지 깔끔하지 못한 마감? ㅋㅋㅋ 난리꽃 장식도 있는데 다 생략했다.그냥 풀로만 장식하거나 꽃만들라고 해놓은 장식을 그냥 위에 올렸다.​​점점 집 모양이 갖추기 시작.처음엔 속도가 더뎠는데 집 모양을 갖추기 시작하니깐 빨리 완성하고 싶은 마음에 작업하는 시간이 길어졌다.​​음악실? 악기방? 도 있다 ㅋㅋㅋ​​욕조 ㅋㅋㅋ 너무 성의없게 만들었다​​위에 지붕과 수영장만 올리면 되는 상태저 흰선은 조명 LED 선인데 저것도 너무 힘들었다 자르면 안되는 곳을 잘라서 선이 짧아져서 악기실은 불도 안들어옴​​드디어 완성!!!한달은 넘게 걸린듯할때는 힘들고 하기 싫어서 관둘까 엄청 고민했는데 막상 하고 나니깐 뿌듯불이 켜지니깐 너무 예쁘다가까이서 보면 진짜 지저분하고 안예쁜데 멀리서 보면 너무 예쁨아 예쁘다다시는 하지 말아야지 ㅋㅋㅋㅋ​ 
 
 
 
",15,1,0,199,0,0,65.6,0,,2021. 4. 21. 10:00,225,25121,상품리뷰,0
