,Post URL,Post,Image num,sticker num,gif num,Paragraph num,Comment num,Video num,weekly viewer mean,Sympathy num,AD,Posting Date,Buddy num,Total visit,Blog category,Comment detail
0,https://blog.naver.com/maddnjswl?Redirect=Log&logNo=222265813196,"안녕하세요 매드엔젤입니다.방구석에서 플레이트 칼림바를 뚱땅거리며 거의 한 달을 꼬박 보낸 이야기를 남겨볼까 합니다.요즘 학교에서도 그렇고 직장인들도 많이들 관심 가지고 취미생활로 많이들 시작하고 있다고 알고 있어요.이전에 오카리나에도 관심을 한참 가지다가 부는 것보다는 두드리는 타악기 쪽이 좀 더 취향에 맞는다고 생각했어요.하지만 피아노 학원은 문턱에도 안 가본지라 조율이나 연주는 정말 어렵겠지 하면서 시작하지 못하다가 설날 연휴 때 한밤중에 쇼핑하다가 지르게 되어 시작한 사연입니다.내 돈 내산으로 솔직하게 이야기 드려볼게요생 전 처음 뚜드려본 리뷰 시작합니다.고고싱~​별다른 구성품은 추가하지 않았고 만 오천 원 정도로 싸게 구입했습니다.이벤트 중이라서 메모에 남기면 전용 가방을 준다는데 굳이 사용할 것 같지 않아서 그냥 함께 동봉되어온 더스트 백에 넣어놓고 있어요.두께나 무게감 등은 괜찮다고 생각했고 여자사람인 제 손에 적당한 사이즈였습니다. ​알고 본 디자인은 국내지만 만들어진 건 중국에서 만들어진 녀석이더라고요.그래서 저렴한 건가 싶기도 했어요.실제로 한 달 꼬박 사용한 이후에 디테일이 눈에 들어오기 시작했는데 그건 좀 더 있다 막판에 이야기해드릴게요별다른 추가 구매 사항을 하나도 안 담았던 이유는 Pano Tuner라는 앱을 사용했기 때문입니다.구매 전에 조율을 할 수 있는 앱을 검색해봤더니 가장 심플하면서 가장 기본적인 용도로 쓸만하더라고요.핸드폰으로 앱을 다운로드해서앞에 켜놓은 다음 음을 하나씩 쳐보면서 정중앙에 오는지를 확인하면 됩니다. 키에 C라고 적혀있다면 쇠를 튕겼을 때 앱에서 C에 정확하게 가는지만 보면 되는지라 생각보다 빠른 시간에 튜닝이 가능했어요.​​동봉된 쇠망치는 아래로 위로 두드려서 튜닝을 하게 되는데요.기본적으로 주는 것이다 보니 키 사이의 간격을 조정할 수 있는 망치는 아니었어요. 쇠 사이에 들어갈 줄 알았는데 뭉툭해서 안 들어갑니다.거저 주는 거라서 어쩔 수 없다 싶기도 한데 살짝 웃겼어요 ㅋ하지만 거의 양옆으로 이동을 하지는 않는 상태라서아래위로만 잘 두드려 주니까 사용하는데 크게 무리가 없었습니다.매일 퇴근하고 조율 앱을 켜서 전체 음을 확인한 다음 연주를 시작하곤 했는데 특별히 음이 많이 어긋나진 않더라고요.​​그리고 다른 쇠로 된 키를 건들지 않게 조정하려면 여기 망치 때리는 부위가 작은 부분으로 톡톡 두드리는 게 섬세하게 조정이 가능했어요제방에 앉아서는 땅땅 뚜드리고 있으니 제법 시끄럽다는 생각이 들기도 했음.. ㅋ그래도 즐거워요.​가장 기본적으로 표준이라고 불리는 C장조의 17음계인데요.간혹 원하는 악보에 따라서 중간중간 음을 조율해야 할 필요성이 있지만 아직 뭣 모르는 초보 단계에서는 C의 17음계에 맞는 타브 악보나 숫자악보를 찾아서 연주했습니다.기본 음으로의 조율은 가능하지만다양한 음역대의 노래를 연주하기 위한 튜닝은 좀 더 공부를 해야 할 것 같아요.​그래서 한번 두드려봤습니다.맨 우측 E(3"") 소리가 좀 특유의 울림이나 청량한 느낌이 없어서 고객센터에 문의했는데 쇠망치로 두드려서 음을 맞추라는 이야기만 하셔서 답답했어요. 음이 틀린 게 아니라 그냥 울림 없는 띡, 짧은 소리만 나더라고요.결론적으로는 영상도 보내드리고비교 가능한 판매 중인 같은 플레이트 칼림바의 소리 영상을 보여달라고 요청했는데 결론적으로는 전달받지 못했습니다.​처음엔 음 하나씩만 집어서 할 수 있는 곡으로 엄지손가락이 익숙해지는 시간을 보냈어요나비야 나비야랑 학교 종이 땡땡땡이랑 떴다 떴다 비행기까지 골고루 쳐봤는데 그것만으로도 뭔가 힐링 되는 기분~~그리고 일주일이 꼬박 지나고 나서 타브 악보를 찾아서 치다 보니 이게 은근 눈에 잘 안 들어오더라고요.동봉된 스티커를 버리지 않고 잘 보관해놨기 때문에 꺼내서 붙였습니다. 건반의 길이에 맞게 길쭉한 스티커를 통째로 붙이면 소리가 좀 죽는 경향이 있어서 전체를 다 붙이지 않고 1/3 정도의 길이로 잘라서 동일하게 붙였어요. 그리고 클레멘타인을 연주하기 위해서 연습을 시작했습니다.​​또로롱 하는 한 번에 여러키를 튕기듯 해야 하는 부분이 매력이 있었는데요플레이트 칼림바의 경우에는 울림통이 없어서 소리가 깔끔하고 집에서 하기에 상대적으로 조용하기 때문에 저녁에 퇴근하고 2시간 정도는 거의 매일 쳤던 것 같아요.한 번도 손에 안 잡은 적이 없는 듯..초반에는 1절 부분만 계속하다가 아 아니다 그래도 끝까지 쳐보는 버릇을 들여야 내 악기에 익숙해질 거라고 생각하며 꿋꿋하게 천천히 해봤습니다.​​아예 없는 건 또 아직 불안, 하지만 칼림바 본연의 떨림이나 울림이 줄어드는 건 싫어서 좀 더 작게 붙였어요.그리고 지금도 저 상태로 붙어있습니다ㅋ 나중에 좀 더 예쁜 스티커가 생기면 붙일까 생각도 드는데요.아무것도 그려지지 않은 플레이트 칼림바의 경우에는 꾸미는 즐거움도 있겠다 하는 마음이 그제서야 들었어요​​저렴한 녀석을 구매했더니 결론적으로는 좀 더 다양하게 음을 많이 사용하는 악보를 찾아서 연주하게 되었더니 슬슬 거슬리지 시작합니다;사람의 욕심은 끝이 없는 거죠.? 아니죠 이왕이면 예쁜 소리를 듣고 싶은 걸로 합시다 ^^​​왜 그럴까 싶어서 진짜 한참 두드리고 간격 조정을 하고 난리를 쳤는데도 불구하고 어쩔 수 없는가보다 싶어요.칼림바 휘어짐을 검색해서 손끝으로 튕기는 건반 부분이 휘어져서 그럴까 싶어서 살펴봤는데 그것도 아니었고. 단순히 저 쇠막대의 길이가 짧아서 그런 것 같다.. 싶기도 합니다.​​세일러문 주제가도 영상을 녹음해놨는데인스타에서 그냥 방송 켜놓고 잠시만 두드리다 꺼버려서 따로 다운로드해놓은 게 없었네요.최근 시작한 건 하울의 움직이는 성의 인생의 회전목마입니다. 좋아하는 애니메이션이라 3번 넘게 보기도 했고 저 음악과 함께 하늘을 걷는 부분은 정말 잊을 수 없는 장면인듯해요.그리고 여러 건반을 한 번에 쳐야 하는 악보를 치기 시작하다 발견한 것이 바로 이것인데요​손가락을 움직이며 한 번에 쇠 건반 두 개를 동시에 쳐서 고른 소리를 내야 하는데 안되고 엄지손가락이 계속 헛도는 느낌으로 잘 안 쳐져서 확인해보니 한 달 쓴 칼림바가 벌써 이런^^;진짜 매일매일 하기도 했지만 생각보다 내구성은 약하다는 느낌입니다.음정은 제대로 맞게 나오지만 울림의 길이나 손끝의 세기에 따라서 음량이 차이가 좀 더 크게 나게 되더라고요.초보도 알 수 있는 차이였음..​내가 너무 열심히 친 건가 -_-그.. 그래도 그렇지?..체에~~요즘 초등학교나 중학교에서도 음악시간에 악기로 실습 같은 걸 한다고 하는데 그래서 그런지 은근 중고마켓에도 많이 나와있는 플레이트 칼림바들을 보았어요.몇 번 연습하고 시험을 본 이후로는 사용하지 않고 방치된 걸 부모님이나 본인이 직접 파는 분들도 많더라고요.저는 진짜  한 달을 꼬박 조율부터 찾아보고 이것저것 연주해 보니 좀 더 좋은 칼림바의 음색을 듣고 싶다는 생각이 들었는데 중고로 파는 분들은 아까워용 ㅠㅠ.​지극히 주관적인 이야기였지만 참고하시길 바라며 남겨봅니다.다음에 또 열심히 연주해서 돌아올게요.악보 같은 경우는 다들 저작권도 있고 하니까 올리지 않았고요. 궁금하신 분들은 댓글 달아주시면 제가 참고하는 분들의 링크 알려드릴게요그럼 저는 이만~~~^^​​* 내 돈 내산입니다. ** 초보가 사용하기 좋은 플레이트 칼림바 아시는 분들은 추천해 주세요 * 
 
 
 
",11,1,0,819,18,5,1189.8,40,,2021. 3. 5. 22:13,4451,3147366,패션·미용,"['연습은 걍 저렴한거 사서 하고좀 잘 하게 되면 비싼거 사즈아~~클레맨타인이 젤 좋아 또로롱 울리는거 넘 좋어', 'ㅎㅎ 열심히 연습연습 ㅜ.ㅜ 혼자 음따면서 또롱또롱해도 즐거워요 ㅎ', '우와 꾸준한 취미생활 정말 대단하셔요👍', 'ㅎㅎ 사또님 망극하옵니닷ㅋ', '넘 열심히 울리셨구만요~~~그래서... 합주는 언제쯤???ㅎㅎㅎ', '합주는 언제 서울가죠 ㅜㅜ?', '나는 칼림바 애들꺼로 해봤는데그냥 뚱땅거리기는 괜찮더라고용ㅋㅋㅋ취미로 즐겨요즐겨:))', '막막 더 좋은음색이 궁금해져요 ㅜ.ㅜ.. 욕심나구', '신기해용 소리가근데뭔가 오르골처럼 예쁜거같아용!!', '응 맞아 ^^ 중국산이라 저렴하지만 맨 끝음을 빼고는 소리는 예쁨 ㅎ', '소소하지만 소중한 일상이네요^^사진 예쁘게 잘나왔어요.', '감사합니다 ㅎ 즐겁고 재미있어요', '글을 정말 잘 쓰시네요. 잔잔한 예능프로 보는것처럼 즐겁게 봣어요 감사합니다. 저도 지금 지르려구요 ㅋㅋㅋ', 'ㅎㅎ앗 재미있게 편하게 읽을 수 있으셨다니 기분좋네요 ^^돌고래님도 저랑 같이 연습합시다 > _</ 종종 악보도 음을 따서 올리려고요 준비중이랍니다. ㅎ', '저뎌 오늘 도착했는데 생각보다 엄지가 아프네욕.. ㅠㅠㅋ', '유툽에 칼림바 잡는 자세 검색해서 확인하구 양 검지손가락이랑 엄지위치 ㅎ 제대로 하시면 좀 덜아프실꺼예요', '아무거나 저렴한거 살까 했는데.. 좀 더 좋은걸 사야겠어요!!! 리뷰 감사합니다 ^-^ !!', '확실히 소리가 틀립니다 맨 바깥쪽이특히요.. ^^']"
1,https://blog.naver.com/maddnjswl?Redirect=Log&logNo=222036360789,"안녕하세요 매드엔젤입니다. 계절과 상관없이 항상 필요한 생활용품이 뭐가 있을까요?얼마 전까지 장마전선이 지나가면서 2주 넘게 계속 비가 오거나 흐리거나 둘 중의 하나라서 맑은 하늘을 볼 수가 없었더니 생각나는 건 역시나 우산이었어요. 오늘은 저처럼 팔 힘 약한 여자분들이 사용하기에도 걱정 없고 가방에 넣어 다니기에도 좋은 사이즈의 자동3단우산 소개해 드릴게요.​실제 비가 오던 날이라서 몇 컷은 핸드폰으로 촬영했어요. 이렇게 펼쳤을 때의 전체 지름은 105cm 높이는 63cm예요. 작지 않은 사이즈라서 비가 많이 오는 날에도 나름대로 옷이 많이 젖지 않게 마음 놓고 다닐 수 있었습니다.​​무엇보다도 손잡이 부분의 그립감이 참 좋았어요.미니 우산의 경우에는 일반적으로 손잡이 부분이 너무 작게 되어있어서 오래 잡고 있는 경우에는 피로감이 좀 더 많이 쌓이게 되는데 이렇게 손에 알맞은 크기였달까요? 전체적인 무게는 412g 딱 들기 좋은 무게였어요.​​선물용으로 구매하기에도 괜찮게 되어있는데요. 개별 포장으로 박스 포장이 되어있어서 일반 비닐에만 담아져있는 상태는 아니었거든요.기본적인 기능인 이지 클로저, 탄력 프레임(뒤집혔을 때의 복원력 부분에서 중요해요) 부분이 일단 제 눈에 먼저 보이더라고요. 계절별로 가을쯤이 되면 바람이 많이 불게 되는 게 그 부분도 중요하죠.​​​모두 접어서 파우치에 넣었을 때의 총 길이는 32.5cm입니다. 좀 더 작은 사이즈를 찾는다면 슈피겐에 미니 3단 자동 우산도 있는데 그거는 27cm로 좀 더 핸들이 작은 데다 전체 지름이 92cm이에요.저처럼 우산을 쓰려면 아예 큰 걸 쓰는 분들에게는 좀 작게 느껴지실 수도 있겠지만 여성분들의 경우에는 작은 가방에 넣고 다니기 좋은 사이즈와 무게(263g)이다 보니 편의에 따라서 선택하실 수 있을 것 같았어요.​​​위 사진부터 실제 컬러와 동일합니다. 비 안 오는 날 따로 촬영했던 컷인데요. 제가 좋아하는 깔끔한 검은색이에요. 기본적으로 정장을 주로 입고 다니시는 직장인 남자분들이 들고 다니기에도 참 깔끔한 디자인과 점잔은 색상이라서 호랭이 차에 하나 놔두고 다닐 수 있도록 다음에 만날 때 들고 갈 생각이에요.​​​고정되어 있는 버튼을 풀어서 이리저리 흔들어봤는데 바스락거리는 소리가 기분 좋았던 자동3단우산그래서 한번 영상으로 남겨봤는데요. ​사실 이전에 사용했던 것도 2단 자동우산이었는데요 우산을 접을 때 스톱 기능이 없어서 지정된 부분까지 꾹 누르지 않으면 튕겨져 나가는지라 우산에 어퍼컷 맞은 적도 있고 복부를 가격 당한 적이 있는 눈물이 찔끔 났던 기억이 있는 매드엔젤이랍니다.영상에서 보시면 아시겠지만 한 손으로 들고 반대쪽에서 살짝 조금씩 밀어도 저절로 펴지지 않고 얌전히 있는 걸 볼 수가 있어요.​​내구성도 생각한지라 프리미엄 스틸인 화이버 글라스 프레임으로 녹에 강하고 오랫동안 사용할 수 있도록 튼튼하게 만들어져있었습니다. 거기에다 Hypertonia 스프링이 적용되어 있어서 강풍에 우산이 뒤집혀도 쉽게 복원이 가능하다는 장점도 +_+ 실제로 우산을 펴서 보면 깔끔하고 튼튼하게 모양이 잡힌 게 눈에 보여요.​​깔끔하게 뒤틀림 없이 펴지는 자동3단우산실제로 이렇게 펴서 보면 화려한 무늬보다는 단일 색상이 참 이쁘다 싶기도 해요. 다음에는 레드와인 컬러로 하나 따로 구해볼까 싶어요. 그러고 보니 남자분들에게도 와인 컬러도 예쁠 것 같다 싶네요.​​우산살 마지막 부분도 이렇게 깔끔하게 마무리되어 있고 따로 실밥이 튀어나오거나 재봉선이 흐트러진 부위도 하나도 없었어요.​​​작지 않아서 혼자 쓰기도 좋고 둘이 써도 좋은 자동3단우산 찾으신다면 아래 링크로 슈피겐으로 한번 들어가 보세요 ^^제가 나름대로 남겨놓은 것보다는 좀 더 자세하게 설명이 나와있으니까 참고하실 수 있을 거예요.​http://m.site.naver.com/0CubF​다행히 오늘은 날이 참 좋아요.그래도 혹시나 모를 소나기에 대비하려면 접이식으로 가방에 하나씩 놓기 좋은 우산은 꼭 챙겨 다니셔서 예쁘게 입고 나간 옷이 젖지 않길 바랍니다.울님들 그럼 안녕~>_</* 슈피겐에서 제품과 함께 소정의 원고료를 제공받았으며 직접 사용 후 작성된 리뷰입니다* 
",13,1,0,465,7,1,1189.8,28,text_ad,2020. 7. 20. 17:24,4451,3147366,패션·미용,"['슈피겐이 핸드폰 액정에서 여기까지 손을 뻗었군요 ㅎㅎㅎㅎ 저는 이상하게 장우산이 좋더라구요양산은 3단!!! 진짜 제대로 장마 시작이네[요~', 'ㅎㅎ 전 가벼운거좋아해서 양산은 수동을 즐겨쓰고 우산은 장우산이랑 접이식 둘다써요 :) 끼리님 댓글 감사합니다', 'MLB 모자 체험단 이벤트 하고 있어요! 놀러오세요~^^', '좋은정보감사해요', '어디꺼에요', '슈피겐 꺼예요 본문 하단에 링크 남겨놨어요 ^^']"
2,https://blog.naver.com/maddnjswl?Redirect=Log&logNo=221303481337,"제가 말이죠. 휴대용 선풍기 이런거 안들고다니는데 말이죠.갱년기 엄마도아니거니와 열이 많지도 않아서보통은 춥다춥다 하는데 말이죠.프롬비 아이스볼은 너무 귀엽고 깜찍하고거울도되고, 보조배터리도되고, 선풍기도 되고!!거기에 핸디용, 탁상용, 목걸이용으로 변신되는지라휴가철에 필수로 챙겨야하는 아이템이더라고요 ㅋㅋ​그래서 준비해봤어요.프롬비 아이스볼 바람세기 및 사용법 1분전격 후기 동영상 깔깔깔.바람세기도 1단2단3단까지 조절되는 아주 아주 조그만한 녀석이 안되는게 없는동영상은 매우 간단하니까 슥 보셔요요 ㅎ​프롬비 휴대용 선풍기 2018버젼이예요아이스볼, 스노우볼 이렇게 있던데아이스볼이 보조배터리로도 사용가능해서가격이 좀더 있습니다. 검색해보면 2만 7~8천 정도에 판매되고있어요.​탁삭용, 핸디용, 목걸이용으로 세가지버젼 모두휴대용으로 가능한 변신하는 미니선풍기예요.​구성품은 충전잭, 넥홀더, 본품, 설명서 간단하죠.설명서는 반드시 숙지하시고 사용하세요.저 맨첨에 1,2,3단 바람세기 ㅋㅋ 몰랐어요.​깔끔하고 군더더기없는 프롬비 아이볼 화이트하얀색 잘골랐다 싶은데요. 이번 월드컵을 기념해서빨강색도 한정판매중인걸로 알고있어요.커플로 하시려면 네이비 화이트, 혹은네이비 인디핑크 이런색으로 하셔도 좋을듯?​위쪽이 보조배터리로 사용할때 연결하는 부분아래쪽이 프롬비 휴대용 선풍기를 충전하는 부분​​​프롬비 아이스볼 후면에는 보조배터리용 휴대용 선풍기라고 나와있어요.본인이 들고있는녀석이 아이스볼이냐스노우볼이냐 궁금하시면 돌려보세요?​하단의 실리콘캡을 열면 깔끔한 거울이 ^^여름철 화장할때 필수품, 거기에 땀나기전에거울보면서 선풍기도 쐬어주면서 >_</1석2조예요. 따로 거울들고다녀도 되는 수고를덜어주는 착한 ㅋ 멀티제품이예요 ​목에 걸어서 다니고 싶을때는 넥스트랩으로 사진에서 보시듯 채워서는 착용하시면되구요.손이 자유로워서 활동하기에 용이합니다.​온국민이 다 아는 로또..랑 사이즈 비교 ㅋㅋㅋㅋ사이즈 느껴지시나요?​저는 밖에 들고다닐일이 잘없어서  사무실 한켠에놔두고서는 조금 더울라치면 1단으로 틀어서시원한 바람 쐬면서 일하고 있답니다 >_</​​https://coupa.ng/bg4x01​_
",18,0,0,177,8,0,1189.8,9,suspect,2018. 6. 21. 9:30,4451,3147366,패션·미용,"['귀여운 사이즈라 휴대도 편하고 거울도 있넹~~ 짱 유용하겠듬', '귀엽죠오오 ♥ 짱짱귀여워요 ㅜㅜㅋㅋ 완소템이여요 공간도 덜 차지하구용 ㅎ', '거울도 거울이지만탁상도 가능하다는 게 신의 한수인듯+_+', '나는 남색! *_*~~~~~~~~~~~~~~ㅋㅋ이거 왜 댓글 안달았찌 분명 단거 같은데 이솽하다~~ㅋ', '이상하네 ㅋㅋ남색도 깔끔하니 이쁘겠다 후기 ㅎ 올라오면 구경갈께♥']"
3,https://blog.naver.com/maddnjswl?Redirect=Log&logNo=221750603143,"​안녕하세요 매드엔젤입니다. 오늘 비가 오더니 세상이 너무 춥네요. 오들오들 떨면서 다니긴 싫어서 롱패딩 장착하고 출퇴근하고 있는데요.겨울철에 어울리는 실내 방향제 아로마 디퓨저 가져왔어요. 이름도 정말 사랑스러운 슬리핑 캣입니다.네이버 스토어 팜인 카프리 블루에서 판매 중인데요. 다양한 향기가 있지만 개인적으로 좋아하는 잠자는 고양이의 이미지가 너무 좋아서 담아왔어요.​​결론부터 말씀드리면잘 샀다. 잘 골랐다, 요즘 매드엔젤 센스 터진다이 정도랄까요?​세트 배송이라서 구매하면 아레카자야 조화와 튤립(컬러 선택 가능했어요) 그리고 고급스러운 트레이를 함께 골라서 받을 수 있거든요.꾸미는 센스 없는 제도 이렇게 예쁘게 디스플레이가 가능하다는 것!​​무엇보다도 깔끔한 선물 받는 느낌으로 배송되어오는데요. 내가 받아도 기분 좋고 남에게 선물해도 칭찬받을 수 있는 센스 있는 실내방향제라는 생각이 들었어요.따뜻한 느낌이 드는 종이박스 그리고 열어봤을 때 은은하게 풍기는 향은 제가 직접 골랐던 향이 나요.상자를 열었을 때 아.. 내가 선택했던 향기가 이 향기구나 하고 생각하면서 기대하면서 풀게 된다고 해야 할까요?​​-배송상태-상자에는 아로마 디퓨저 유리용기와 제가 고른 향이 담긴 용액이 담겨 있고요좀 더 큰 박스에 이렇게 리드 스틱이 별도로 포장되어 담아져있고(파란색 종이) 진짜 같은 조화도 제가 고른 따뜻한 컬러의 노란색 튤립이 비닐에 얌전하게 쌓여서 배송돼 왔어요.​​박스 포장상태 및 전체적인 이미지는 위 영상으로 풀 시청 가능해요.바스락바스락하는 느낌이 기분 좋은 언박싱 ^^​- 실내방향제 아로마 디퓨저 향기 -​하얀색 화지가 완충제 역할을 하기도 하지만 향기를 은은하게 머금고 있어요. 선샤인 슬리핑 캣은 노란색의 포근함을 닮아있거든요.창가에서 비치는 따뜻한 햇살을 맞으며 포근한 낮잠을 즐기는 고양이를 본 적이 있는 분들이시라면 누구나 선택하게 될듯한 그런 향기랄까요.​개인적으로 받은 3가지 향의 시향지에는 시트러스 향과 체리 시덕션 그리고 하나 더 있었는데 고거는 기억이 안 나요 ㅠㅠ달콤한 향기에 기분 좋으시려면 체리 시덕션 강추.시트러스 향은 기본적으로 자몽의 상큼함이 반기게 됩니다. 취향껏 고르실 수 있어요​​​진짜 꼼꼼하게 포장되어 있는 거 보이시죠.은근히 하나씩 하나씩 꺼내서 개봉하는 즐거움이 있습니다. 그 와중에 성격 급하신 분들은 ㅋㅋㅋ 이거 은근 쉽게 막막 찢어서 뜯지는 못하니까하나씩 하나씩 꺼내면서 화내시면 안 됩니다.우리 모두 마음을 예쁘게 먹고 은은한 실내방향제 향기로 마음을 다스려야 하지 않겠어요?​​​카프리 플루의 실내방향제는 인체에 무해한 천연 식물성 발효주정을 사용한 에탄올을 사용했어요. 거기에 포름알데히드, 프탈레이트, 계면활성제, 파라벤 등의 성분이 포함되지 않은 검증된 원료를 사용해서 만들어졌습니다.​상당히 키가 큰 조화예요. 유리병이 무게감을 잘 잡아주고 있어서 넘어지거나 하진 않을듯했습니다.하나 섬세하게 챙겨주시는 건 저 조화의 끝부분 팁이 아로마액에 직접 담기지 않도록 끝부분에 유리관을 꼽을 수 있도록 보내주시거든요. 디테일 컷에서 한 번 더 보여드릴게요.사실 아로마 디퓨저 리드 스틱만 받아봤자 이렇게 초록 초록한 아이들을 넣어놓으니 실내 분위기가 일단 너무 좋아진다는 걸 처음 깨달았어요.​​​개인적으로는 가정집 말고도 인테리어에 신경 쓰는 매장 분위기에도 참 예쁠 것 같다는 생각도 들었어요.저는 직장에서 이렇게 한번 개봉해서 세팅해놨더니 지나가는 사람들마다 입을 대더라고요 예쁘기도 하고 향도 좋고 받아서 꼽아놨던 조화가 생화 같으니까 만져보는 분들도 은근 계시고 ^^;;;​​​이렇게 유리관을 따로 챙겨주시는 카프리 블루의 센스 여기 네이버 스토어팜 사장님 사줘야 함.나 이렇게 잘 챙겨주는 곳 첨 봤음 ​​예뻐서 한참을 찍었던;저희 회사 몹쓸(?) 벽이 이렇게 예쁘게 화사하게 바뀔 줄은 누가 상상이나 했겠냐면서요.​​​아로마 디퓨저 사용방법 알려드려요.​1. 일단 장소는 위쪽보다는 공기의 흐름이 좋은 식탁이나 테이블 정도의 높이의 장소에 설치해주시는 게 좋습니다.2. 나중에 보여드리겠지만 리드 스틱은 처음에 2개 정도만 사용해서 향의 강도를 살펴봐주세요. 그리고 추가로 늘리면서 향의 강도를 조절해주면 됩니다.​​3. 2주 정도의 간격으로 스틱의 상하를 바꿔서 꼽아 주시면 발향력을 유지하는데 좋습니다.4. 사용한 스틱은 교체해서 사용하는 게 좋은데요. 정도의 차이는 있으나 보통 2-3개월 정도를 기준으로 교체해주셔야 원래의 향을 지속적으로 유지할 수 있어요.​​코르크마개를 뽁 뽑아서는 저는 4개 꼽아놓습니다.사람들이 지나다니는 로비라서 2개로는 꿈쩍도 안 하니까요! 집에서는 2개 정도만 먼저 꼽고 발향 정도를 테스트하는 거 잊지 마세요 ^^​​아 그러고 보니 리드 스틱 끝부분에 꼽아 놓을 수 있는 동글동글한 스틱볼도 2개 같이 주셨는데 안 찍어놔..할인행사 중이기도 한데 챙겨주시는 거 너무 많아서 사실 저는 뷰스타로 소품 욕심도 있는지라 냉큼 질렀..(속마음 대놓고 보여주는 중)​잘 고른 것 같아요. 핑크색대리석 트레이에 사랑스러운 노랑 튤립 그리고 기본적으로 챙겨주시는 우드스틱도 길이가 짧지 않고 제법 길어요. 그래서 발향에 상당히 신경 쓰시고 계시는구나 하고 생각했거든요.​​​모든 향기에는 다 취향이 있겠지만실내방향제 고민하시는 분들에게 도움 되는 후기였길 바랄게요.그 은근히 어떤 제품이 예쁜가 선물용으로 어떤 게 좋은가 고민하시는 분들이 많잖아요. 거기에 이거만 달랑주면 또 애매하고 그런 생각도 하실 텐데세트로 상품이 이렇게 잘 꾸며져 있어서 하나 구매하면서도 뭔가 한가득 선물 받는 느낌이라 제가 받으면서도 기분 좋았거든요.​여기까지 매드엔젤이었습니다.그럼 안녕~~~​카프리 블루 스토어팜 -  페이지 바로 가기!​",18,1,0,627,8,1,1190.0,22,,2019. 12. 27. 1:05,4451,3147367,패션·미용,"['공감가는 내용이네요 ^ 좋은 하루 되세요', '곧 한해가 지나가네요~ 오늘도 힘찬하루 보내세요~', '매드엔젤님 글 잘 보고 가요~^^\n오늘도 행복한 하루 보내세요~', '잠자는 고양이 이미지라니... 그런 이미지의 향은 어떤 향일까가 궁금해지네요~담에 디퓨저 구매할때는 저도 슬리핑캣으로!!! ㅎㅎㅎㅎ', '>_< 달달하거나 시크한 향 둘다 제외하고 편한 향기예요!!!', '몹쓸 벽이라니 ㅎㅎ^^ 향이 너무 궁금해져요. 포근한 향이라니>ㅅ<.유리관도 그렇고 트레이까지 함께 주다니 아이디어 넘 좋으시다~~~(새해 복 많이 받고 가족들 모두모두 건강합시다^^)', 'ㅎㅎ 언니:) 고마워요 가족들 건강이 최고입니다 역시 !여기 세트로 다 챙겨주니 좋았어요 ^^']"
4,https://blog.naver.com/maddnjswl?Redirect=Log&logNo=221804500414,"진짜 와~제가 저희 고돌이(?) 후기를 썼나 모르겠나 하면서 이렇게 적고 있는미러리스 카메라 가방인 캐논 고래 파우치 후기입니다.세상 귀여워서 지구뿌시고 우주 뿌시는게 가능한데요​​한차 카메라 사고 나서 어떤 카메라 가방을 살까 고민하다가 결론적으로 제가 고른 게 이 아이였어요.제 삼성이는 캐논 제품은 아니지만 쏙 들어가더라고요.표준렌즈 착용해서도 넣어보고 팬케이크 렌즈도 넣어봤는데 둘 다 잘 들어갔습니다.​​​나름대로 캐논 정품 사이트에서 구매했었어요몇 년 전에 구매했는지 기억이 가물가물한데 제가 삼성 미러리스 NX500을 사용한 지가 거의 4년이 넘었으니까 이 아이도 오래되었네요.​​울님들이 들고 계신 카메라 파우치에 맞을지 사이즈 확인하시라고 상품 자체의 크기와 내부 사이즈도 함께 올려드려요.미러리스 가방 치고는 외부 사이즈가 뭔가 길죠고래 꼬리 때문이에요 ㅋㅋㅋㅋㅋㅋ꼬리에는 수납공간이 되지 않으니까 상대적으로 내부 수납 사이즈에서 가로 길이가 퐉 줄어듭니다.폭이나 높이는 조금밖에 차이가 나지 않는 것도 그 이유예요.​​지금도 열심히 쓰고 있고얼마 전에 김해 삼성 서비스센터에서 점검도 받고 얌전히 다시 저한테 돌아온 NX500입니다.오래 써야죠 10년은 써야 함.ㅋ​​한입에 다 먹어버리겠다는 느낌이 느낌이 귀여워서 질렀어요.앙 하고 다무는 입이 너무 사랑스럽더라고요.​​​카메라를 맛있게 먹는 캐논 고래 파우치고돌이예요 고돌이 ㅋ​​​카메라 줄 길이가 나름대로 상당히 길어서 렌즈 부분에 돌돌 감아서 마무리한 다음 쏙 넣어주시고 지퍼로 잠그면 되는데요.저는 안쪽에 습기 방지제인 실리카겔 작은 걸 꼬리 쪽에 넣어놓고 사용했어요.​​​​제 손바닥에 올리면 이런 느낌사무실에서 받자마자 찍은 사진인데 안 버리고 아직도 잘 들고 있었던..지느러미 라고 해야 하나요? 여에 부분도 너무 귀엽고​​​캐논 고래 파우치는 자기도 일단 고래인지라.물 뿜는 곳에 이렇게 끈이 달려 있어서 잡거나 보관이 용이합니다.어디 걸어놓으셔도 돼요.​​미러리스 카메라 가방이 뭔가 웃고 있는 같은?심플한 천으로 된 카메라 파우치도 많았는데 공간도 차지하긴 하지만 저는 쿠션감이 있고 혹시나 흔들리거나 할 때에 카메라가 손상되지 않도록 뽕 실하게 뽕있는 녀석이라 마음에 더 들었어요.​​​​사실 인형놀이 안 좋아하는데(?) 이렇게 잘 가지고 놀아요. 나이가 백서른 마흔다섯 살 먹어도 귀여운 인형 가지고 장난치는 건 즐거운 것 같아요 (피식 ㅋ)​​캐논 정품 파우치인 만큼 재봉선이 참 꼼꼼했어요.그리고 튼튼~4년째인데 안 질리고 잘 사용 중입니다.컬러 자체가 회색 느낌인지라 사실 세탁도 한 번도 안 했는데 더러워 보이지 않는다는 것도 미러리스 파우치나 카메라 가방으로 추천하는 이유ㅋ​​공기 순환이 잘 되도록 메시형태고습기에 민감한 기기인 만큼 습기 제거제 함께 넣어서 보관하세요.따로 커다란 다이소 박스에 카메라 용품만 모아서 넣고 실리카겔 넣고 보관 통 만드시는 분들도 많으신데 저는 장비가 막 크지 않으니서랍에 실리카겔 넣고 파우치에 카메라 넣고 해서 보관 중입니다.​​​​배고플 땐 카메라를 먹이세요.ㅋㅋ​​혹시나 궁금하신 분들이 있으실까 봐 남겨본 후기였어요.배고픈 오후가 시작되었네요점심시간 되기 전에 후딱 쓴다고 썼는데ㅎㅎ즐거운 이야기였길 바라면서 저는 이만 밥 먹으러 가요!!!​여기까지 매드엔젤이었습니다!안뇽! “
가
",18,1,1,360,13,0,1190.0,29,,2020. 2. 11. 12:24,4451,3147367,패션·미용,"['고래 살까하다가 작을꺼같아서,,가격 안쌌던거같은데,,늠 귀엽다 어차피 두개 잃어버렸는데 이걸로 살까?200D들어갈까?', '200D 는 우리 고돌이 입찢어져요 ㅜㅜㅋㅋㅋㅋㅋ', '와~고래네요ㅋㅋㅋ', 'ㅋㅋㅋ 고래돌이 = 고돌이 에요!!', 'ㅎㅎ 정말 지구 뿌셔~~~ 귀여워요^^*내도 카메라 가방 어깨끈 잃어버려서 사긴 해야 하는데 마땅히 쩜쩜', '전 요대로 백팩에 넣어다니는 편이예용 ㅎㅎㅎㅎ', '좋은정보 감사드립니다(__)\n건강 유의하시고 행복하세요^^', '삼성 갤럭시 카메라 샀는데..케이스가 안와서..어떤걸 사야되나 고민인데..저게 들어갈까요?ㅎㅎ', '삼성카메라 사이즈랑 저기 고돌이 몸체 사이즈랑 비교해봐야할듯해요 ㅎㅎ 제품명 정확하게 확인해서 카메라 사이즈부터!', '제가 애정하는 고래파우치 반갑네요 ㅎ', '저도 지금까지 매우 잘쓰고있어요 이히히 ^^', '이런건 어디서 사요?/', '캐논 고래 가방 검색하면 나와요~~^^']"
5,https://blog.naver.com/maddnjswl?Redirect=Log&logNo=221583610566,"​​안녕하세요 매드엔젤입니다. 오늘은 제 평범한 까만색 직장인 화장품 파우치 안에 숨겨진 이야기를 들려드릴까 합니다.어떤 비밀인지 너무 까놓고 대문짝만하게 사진 걸어놓고는 무슨 ㅋㅋ 비밀이야기 하듯 하냐면서 지금 째릿 째릿 하시는 울님들 워워 진정~~결론은 원래 공개해놓고 말하는게 성격급한 우리들 세상 이야기 아니겠어요?​그럼 시작합니다 //_//​매드엔젤TV 뷰티인사이드 구독하기영상 후기 틀어놓고 시작할께요!우측 상단에 … 눌러주시고 하트부탁드려요!​​​자 아침이예요~!30대 직장인 여러분 어서 일어나서 출근들 하시죠?​근데??가방에 차키는 넣어가면서 왜!??! 왜??기초화장품은 안챙겨 가십니까?​​네이버 블로거 생활도 10년 직장 생활은 11년차인  저 매드엔젤은 그렇지 않습니다.제가 직접 적은 기초화장품 후기가 약 200예요. 피부관리 소중함을 얼마나 잘 알까요~​​​이렇게 차키 집키만 딱 빼가지 마시고다시 돌아오셔서 기초화장품 챙겨서 나가세요.​​​진짜 새벽같이   출근하는 너무 바쁜날에는 거짓말안하고 바르는것도 생략하고 막.. 뛰어가기 바쁩니다.도착해서는 이렇게 자리에 앉아서는 잠시 한숨 돌리고는 주섬주섬 가방을 꺼내듭니다.​​제 파우치는.. 사실 ^^; 혈압계가 들어가있던 가방이예요. ​30대 그리고 직장인 10년이상 손들어보세요! ​공감가는 이야기해줄까요?​출근용 화장품 가방이랑 외출용 파우치랑  별개예요.ㅋㅋㅋㅋㅋㅋ두개 있어요 들어가는 아이들도 달라요 ㅋㅋ​출근할땐 예쁜 파우치보다는 기초화장품 부터 기본 메이크업 아이템들까지 모두 들어갈수 있는  실용성을 따지거든요.​도착하자마자 사무실 구석에서 이것저것 바르고 있는 저를 상상하셨다면... 정확 -_-V​​사실 지금 제가 사용하고 있는  히알루론산 기초화장품 3종세트는  가성비템이라서 직장에도 하나 놔두고 집에도 하나 놔뒀다는;​무엇보다도 마음에 드는건 요즘 하도 대용량템들이 많이 나오는데​하이드히어는 적당란 용량과 가격컴팩트한 디자인까지 파우치에 넣고 다닐수 있다는 것! ​​자 이제 아셨겠죠?  30대, 그리고 10년차 직장인 화장품 파우치에는 메이크업을 위한 템들 뿐만 아니라 기초화장품까지 들어있다는 사실 ^^;​​그럼 여기서 제가 사용중인 하이드히어 히알루론산 기초 3종세트에 대해서 간단하게 후기 남겨요.​하이드히어 언제나 촉촉 기초3종 세트​요즘같은 대용량이 시대에  정품의 반정도 용량으로 개봉후에 오래 사용하지 않아서 화장품이 오염되는일 없이 깔끔하고 빠르게 사용할수 있어요.거기다 컴팩트한 디자인이라 저처럼 이동하게 되는 일이 잦은 30대 여성 직장인들에겐 필수 기초화장품 세트랄까요.​​​​하이드히어 히알루론산 에센스저는 평소 토너+에센스 겸용 제품을 즐거사용해요. 수분을 가득 머금은 물같은 제형의 에센스라 가볍고 미끈하게 발립니다.​​​히알루론 아이크림피부 눈가의 스트레스를 완하시키고 주름개선 미백 기능성 성분은 당연히 들어있는 제품이예요.눈가부터 입가, 그리고 이마 인중 미간까지 고르게 발라줘도 아깝지 않는 25ml 용량의 아이크림인데 단품 가격이 칠천원인가 밖에 안함.진짜 혜자템ㅜㅜ.. ​히알루론 크림마찬가지로 히알루론산 미백, 주름개선 기능성 제품이고 발림성은 아이크림보다 조금더 수분감이 있어서 더 좋아요.얼굴전체와 목까지 발라주는데 좋은 가성비템!​​​물처럼 주륵 흐르는 제형이지만 영양 가득한 포뮬러로 살짝 미끈 매끈 거립니다.  고르게 펴 발라주시면 잘 흡수되니까 끈적임 걱정말고 발라주세요. ​​​​아이크림은 발라보시면 느끼실텐데 살짝 피부 막을 형성하듯 하얗게 쫀쫀하게 발립니다.가격이 얼마 안한다고 유효 성분이 작게 들었을꺼라는 생각은 금물! 평소 사용하는 아이크림처럼 적당한 양을  발라주세요.대신에 가격대비 용량대비 하면 정말 혜자템이니까 이마, 미간, 턱, 입가 등 주름이 생길만한 부위에 모두 다 발라주셔도 좋아요!​​​저는 아침에는 사실  용량을 적당히 바르는 편이나 저녁에는 진짜 듬뿍 듬뿍 발라줘서 피부를 진정시키고 케어하는데  주력하는지라.이렇게 한가득 얼굴 전체에 다 발라줍니다.​​​목까지 아낌없이 발라주세요.아시잖아요 30대는 목에 주름 관리해야하는 나이라는거 ^^; 기초화장품만 잘 발라주고 자세만 바르게 해주셔도 좋아요!​​​짜잔. 이렇게 오늘~~매드엔젤의 파우치 공개 및 여러분들에게 도움되는 컴팩트한 기초3종세트 후기까지 함께 해봤어요.//_// 도움이 되셨으면 좋겠네요.궁금해하시는분들이 계실까봐서 링크 남겨놔요. 저는 네이버스마트스토어에서 발견했어요.​​끝까지 읽어주셔서 감사해요여기까지 뷰티인사이드 매드엔젤이었습니다.​그럼 안녕~~>_</​~!
내
연서

어
연서

어
",22,2,0,445,34,1,1190.0,43,,2019. 7. 12. 3:56,4451,3147367,패션·미용,"['뷰티/패션 흥하라♥ 직딩화이팅 30대 화이팅 냥냥 ♥', '우아~~~~~~ 이거 완전 대박템이네여. 기초 3종이 1만원대???? 저 당장 사러갑니다~~~~', 'ㅎㅎ 대박이죠? 거짓말 아니고 아이크림이 칠천원이라니 말이 안되는데 말됨  -_-b', '엔젤뉨 흥하라~♡♡ ㅎ', '앗. 미니미진님 //_// 애기 속싸개 포스팅 봤어요 덧글 못달았는데 감사해용!!', 'ㅎㅎㅎ다녀가용:)메인에 땋~~ 떠서 자연스레 클릭:)저거 기초템 징짜 써보고싶네용 궁금해욜!!', '악. 메인보고 오셨어요 미인 투늉님 ^^ 서이신청 고마워요! 진짜 레알-_-/ 알짜템이라 소개했어요!', 'ㅋㅋㅋㅋㅋㅋㅋㅋㅋㅋㅋㅋㅋ저도 이제 기초가 점점....ㅋㅋㅋㅋㅋㅋㅋㅋㅋㅋ', 'ㅋㅋㅋㅋㅋㅋㅋㅋ 악 ㅋㅋ 우리 애기한 인애님도 슬슬.. ㅋㅋ 챙겨야쥬? 기초화장품 제대로!!', '이렇게 가지고 다니면 갑작스럽게 외박(?)하게되도문제 없을거 같아요ㅎ', 'ㅋㅋ외박이 많아지는 나이가 30대긴 합니다. 일적으로도 ^^;ㅋ 개인적으로도 ㅠㅠㅋㅋ', '오늘도 활기찬 하루 되세요^^', '분명..아까...덧글을 남긴거 같은데..잠결에 꿈에서 남겼나?영상만 봤나?ㅋㅋㅋㅋㅋ아~~~~~~ 아직도 졸려~~', '백구 라온님 ㅋ반가와요 다시보네요???', '파우치가 아주 빵빵하니 부러운데요 내 파우치는 빈약한데 ㅋㅋ 기초3종 부럽다~~~', '진짜 가볍고 보관도 편한 신박템 ㅋ 파우치에 쏙들어가니 -_-b 출장갈때 굿', '와~ 잘보고갑니다 :D', '아주 꼼꼼하게 잘챙겨다니시는것같아용ㅋㅋㅋ', '언제 어디로든 -_-v 바로 갑니다. 신속 정확 매드엔젤?! 입니다 ㅋㅋ 응삼님 ㅋㅋㅋ', '이거 궁금했는데~ 리뷰로 딱~~ 난 파우치는 안가지고 다니지만 해외여행이나 장거리여행때 이거 진짜 탐나는 아이템이다!!', '공항에서도 용량 안걸릴 용량이고~~딱 좋죠!! 진짜 이건 힛템!!!', '화장품 파우치에 몽땅 들어가니까언제 어디서든 꺼내서 사용하기 좋더라구요 히히', '맞아요 진짜 와.. 엄청 편해요.   공간도 덜차지하고.. 가볍고 ^^', '샘플인줄 아랏는데 오홍요거 괜츈한 녀석가태용 ㅎㅎㅎㅎㅎㄹ부피도 작고!!!!!! 굳굳 가격도 좋아', '또또님 운동하러 가실때도 챙겨가시기 좋아요. 파우치에 쏙! 이니까요 ^^', '전 집에 와서 씻어요 ㅋㅋㅋㅋ', '언제 어디서든 외박할 준비가 되어있는 파우치..!!!!!', '저 파우치 내가 갖고 여행가고 싶다~~~', '포니님도 주말에 여행 고고싱하세요 이번주는 몸살나서 힘드셨겠지만서도 ^^;', '파우치속에 쏙~이거 완전 좋은데요?운동할때 센터에 놓고 다닐꺼 찾고있었는데..딱이다!', '운동도 다니시고 주말에 ㅎ 가족들이랑 여행도 잦으시니 필수템이실듯!', '얘 볼수록 매력적이에요!나 점심시간에 화장 싹 지우고 다시 하는데 그 때 쓰면 딱 좋을 것 같아요', 'ㅎㅎ 갑갑해서 중간에 세수하시는가봐요 진짜 좋아용 !']"
6,https://blog.naver.com/maddnjswl?Redirect=Log&logNo=222134100586,"안녕하세요 매드엔젤입니다.오늘은 여자분들이 즐겨 신을 수 있는 색상의 흰빨파(화이트레드블루) 콜카 스니커즈 리뷰입니다. 다양한 제품군이 많은데 최근에는 송유빈님이나 윤균상님이 신으셨던 1986 아시안 하이탑 흑청이 유명했었죠?개인적으로는 목이 높거나 천으로 된 스니커즈는 신기가 불편하기도 하고 세탁이 어려워서 레더를 좀 더 선호하는 편이에요.여자 스니커즈로 제가 신은 제품은 콜카 1992 알베르빌입니다.그럼 한 달 정도 꾸준히 신고 다녔으니 솔직한 리뷰 시작해볼게요.고고싱~~ ​KOLCA 박스가 도착했어요. 두근두근 열어봐야겠죠?기본적으로 올 화이트부터 화이트블랙 화이트카키 블랙 화이트, 베이지블루.. 등등 화이트를 기준으로 해서 옆선의 라인의 컬러가 다양하게 나와있어서 취향 따라 고를 수 있었는데요.아예 심플한 화이트/블랙이랑 화이트/레드/블루에서 고민하다가 저는 흰빨파을 선택~ 기존에 신었던 제품도 비슷한 패턴이라서 그거 하나 새 걸 하나 갖고 싶었거든요.​​콜카 1992 알베르빌은 하계 올림픽과 동계 올림픽이 함께 열렸던 마지막 해를 기념하고자 만들어진 네임인데요. 그중에서도 동계올림픽 개최지에서 따온 제품이에요. 하계 올림픽에서 따온 바르셀로나는 캔버스화로 좀 더 90년대 복고 감성을 담고 있어요.개인적으로 ㅋ 신발 세탁하는 거 잘 못하는 매드는 캔버스화보다는 레더를 좋아해서 pick ​따뜻한 햇볕이 드는 창가에서 찍었더니 포근해 보이는 건 제 착각?ㅋ신어보면 느낌이 발목 뒤에 닿는 부분이 일단 부드럽고 폭식한 느낌이 감싸는지라 기분이 좋아집니다.대신에 KOLCA 브랜드 네임이 있는 앞쪽 부분은 제가 평소에 목이 높은 신만 신다 보니 오래 신었더니 양말을 발목을 감싸지 않는 걸 신고 있었을 때는 살짝 쓸려서 물집이 생기더라고요.​​그래서 그 이후부터는 긴 목 양말이랑 같이 매치해서 신었더니 ㅎㅎ 아프지 않고 얌전히 잘 신고 다니고 있어요.사이즈가 10단위로 나오는지라 깔창을 기본적으로 하나 제공해 주시는데요.240cm이랑 245cm에서 항상 고민하는 분들이라면 평소에 스니커즈를 구매했을 때 정 사이즈로 사서는 항상 초반에 발이 아파서 고생한다면ex) 앞볼이 넓거나 발이 조이는 것에 평소에 불편함을 느끼는 분들 - 250을 신청하시고 깔창을 깔아서 신는 걸 추천해요.​호랭이랑 데이트할 거라고 신고 나갔던 여자 스니커즈인데요.사실 이거 신고 1시간 넘게 걸어서 호랭이집까지 쳐들어갔었던 날에 발등에 물집이 생긴 거라서;;; 신발 문제라기보다는 제가 좀 ㅋ 엄하게 발을 고생시키는 스타일이기도 하는지라 콜카 1992 알베르빌에게 사과(?)를 한번 해봅니다.워킹화가 아닌데 말이에요ᄏ​​개인적으로 이번에 오라비가 신고 왔던 목 긴 녀석이랑 닮아서 눈이 갔던 1986 아시안 하이탑 흑청, 안예은님의 능소화 뮤직비디오에서 윤균상님이 신고 계셨고 보라고 유튜브에서는 송유빈님이 신으셨어서 자료 제공받아서 함께 남겨보는데요. 실제로 +_+ 봐야 더 예뻐서 네이버에 검색해서 찾아보기도 했지요.​​그래도 매드는 아시다시피최근에는 검은색보다는 밝은 색 위주로 착용하고 다니는 걸로 스타일을 바꾸고 있는지라 +_+ 알베르빌을 잘 선택했다고 생각해요.​호랭이가 찍어준 사진들인데요.아직 날이 선선하고 바람이 시원했던 가을날 데이트룩으로 파스텔톤으로 입고 나갔었는데요.여자친구 룩으로 스니커즈를 매치할 때 콜카 1992 알베르빌 예쁘지 않나요?ㅋㅋ 오버액션 토끼 양말도 포인트인데 작년 겨울에 호랭이가 사줘서 잘 신고 다니고 있어요.​​파닥파닥 거리면서 걸어 다니고 뛰어다니는 거 좋아하는 저의 평소 데일리룩입니다만 스커트류는 거의 평소엔 잘 입지 않는데 남자친구 만날 때만 가끔 꺼내 입곤 합니다.​​애정 하는 오버액션 토끼 양말과도 거부감 없이 잘 어울리네요.사실 기본 청바지나 슬랙스에도 부담 없는 디자인이라서 까만 슬랙스에는 흰 검을 선택하는 게 가장 깔끔할 것 같았고 저는 하체뚱뚱이라 까만슬랙스는 하나도 없어서 이렇게 포인트컬러가 있는게  좋아요.이왕이면 밝은 거!!​​이날도 ㅋ 파스텔블루 롱 스커트에 면 티는 파스텔 핑크, 거기에 크로스백은 파스텔 옐로 알록달록한 컬러가 서로 다운되지 않고 상큼상큼 하게 다녔는데요. 거기에 여자 스니커즈인 화이트 레드 블루의 콜카 1992 알베르빌도 뒤처지지 않고 자기 멋을 뽐내더라고요 ^^.다음날에 분성산 놀러 갈 때도 루스삭스랑 같이 신고 가서는 사진 예쁘게 찍고 왔었는데~~~ 그 사진은 지난번 긴 목 양말 포스팅 참고해 주세요!​그럼~ 사이즈 고민하시거나 컬러 고민되는 분들에게 해결(?) 방안이 되었길 바라며저는 이만 안녕!!​* 브랜드로부터 제품을 무상 제공받았습니다* 
 
",14,2,0,497,4,1,1190.0,18,text_ad,2020. 11. 3. 11:00,4451,3147367,패션·미용,"['오~ 디자인 깔꼼하다 치마에도 잘 어울리넹~', '한참 신고있다가 늦게 리뷰하는..아주그냥 ㅋ못난 매드예요. ㅎㅎ 요즘 스니커즈 잘신고다녀용!!!그래도 워킹화나 러닝화가 아니라서 > _< 또 하나 더 사야하나 싶고 ㅋㅋ 운동화욕심..ㅋㅋ', '내도 요즘은 천보다는 관리가 좀 더 쉬운 레더가 좀 더 좋더라구요>_<레더는 아무래도 천보다는 단단해서 오래 신으면 걸리적거리는데가 있긴 하지만오래 걷는 경우는 드무니까 관리편한게 우선...ㅎ', 'ㅎㅎ 맞아요. 운동겸 산책겸 오래 걸을때는 워킹화 신고 나가고 ㅎㅎ 평소에 예쁘게 보일때는 스니커즈 신고 그러고있어용 저도 ㅎㅎ가끔 레더는 ㅋㅋ찢어지기도 하는데(신발 험하게 신는 스타일 ㅋ)그래도 저도 천보다 오래신어서 좋더라고용 ㅎ']"
7,https://blog.naver.com/maddnjswl?Redirect=Log&logNo=222051964492,"안녕하세요 매드엔젤입니다.혹시 저처럼 반려동물과 같이 생활하는 분들이 계신가요? 특히나 고양이님들 같은 경우에는 전용 모래 화장실을 사용하잖아요.저는 따로 놔둘 곳이 없어서 어릴 때부터 제 방에 함께 놔두고 있었고. 단비가 오고 나서부터는 잘 때도 그렇고 애들이 제 곁을 항시 떠나지 않더라고요. 물론 분리해서 잠잘 곳을 따로 마련하기는 하지만 그렇게 하더라도 제 방 안에서 이루어지다 보니 대놓고 펫공기청정기가 절실합니다.^^;워낙에 작은방이라서 큰 용량은 놔둘 곳 자체가 없었는데 리빙7 작은산소를 알게 되었어요.진짜 조그맣고 귀여운데 과연 어떨지 궁금해서 한번 받아봤습니다. ^^​​​제방 책상 밑에 떡 하니 자리 잡은 고양이 화장실이에요. 상단부분이 구멍이 숭숭 뚫려있는지라 민감한 저희 엄마의 경우에는 맨날 냄새난다고 자주 치우라고 잔소리를 하시곤 하시는데요.그래서 꼭 필요한 펫공기청정기 ㅠㅠ.보시면 뒤쪽이랑 옆에 콘센트를 꼽을 수 있게 되어있어서 위치도 딱 좋더라고요. 이왕이면 냄새가 발생하는 곳에 놔두면 좋을 것 같고 제방 자체가 진짜 코막만한 작은방이다 보니 오래 꼽아놓으면 없는 것보다는 낫지 않겠냐며!​​진짜 거짓말 안 하고 세상에서 제일 작다는 말에 한 표.일반적으로 헤어드라이기 전기 콘센트 부분 만한 사이즈라고 보시면 끝!​​주의사항은 꼭 지켜주세요.전기코드에 바로 꼽는지라 감전되지 않도록 젖은 손으로는 절대 만지지 마시고 꽂거나 뺄 때에도 주의하셔야 합니다.보시면 작은 새 한 마리가 생각나는데요. 눈 부분이 음이온이 배출되는 부분이니까 그 부분이 막힌 공간에 설치하면 안 되고 그 부분 자체가 따로 마개가 있지 않고 뚫려있어서 손이나 이물질을 넣지 말아야 해요.​​기본적으로 2000만개의 음이온이 발생하는지라 공기 청정과 항균효과를 발생시키고고 실제로 제품 상자 자체가 이렇게 한 손에 들리는 사이즈니 본품은 정말 크기가 장난 아니겠죠?청소나 필터 교체가 필요 없다는 점에서도 저 같은 귀차니즘러들에게는 안성맞춤 ​리빙7 작은산소의 제품 구성부분에 대한 설명은 정말 간단해요. 5cm라고는 하지만 실감하는 크기는 더 작은 느낌입니다.요 작은 녀석이 제품 상세 페이지에 가보니 항균 기능에 대한 시험성적서까지 제대로 가지고 있었어요.​​자 그럼 내 손안의 펫공기청정기한번 제대로 꺼내볼까요?제가 봤을 때는 작은 새 모양 같다고 생각을 했어요. 가운데 불 들어오는 곳이 부리 느낌이고 나머지 음이온이 나오는 곳은 양쪽 눈? 느낌이랄까요?디자인 자체가 귀엽습니다.​​요리조리 돌려보고 살펴봐도 신기해요이 작은 콘센트 사이즈에서 어떤 방식으로 실내의 공기를 깨끗하게 만드는 걸까?​​​앞으로 브랜드가 더 발전한다면 다양한 색상과 다양한 모양으로도 나왔으면 좋겠다 싶었어요조금 아쉬운 점은 색상 부분인데요.지금도 귀엽지만 더 예쁜 캐릭터 모양으로도 변신할 수 있을듯하고 회색이 아니라 기본 블랙 화이트 컬러도 괜찮다는 생각이 들었습니다.​​이렇게 마른 손으로 잘 잡은 다음 필요한 곳에 전기 콘센트에 꼽아주시면 됩니다.​​기본적으로 사람이 생활하는 공간 안에는 눈에 보이지 않는 미세먼지와 바이러스가 있기 마련이에요.작은산소는 2000만개의 음이온을 생성하게 되는데요. 공기보다 무거운 음이온이 공기보다 가벼운 미세먼지나 담배연기 등과 같이 결합을 해서는 바닥으로 가라앉게 하는 원리를 활용하였으며이렇게 음이온을 생성해서 공기가 정화가 되는 것을 레널드 효과라고 부른데요. 신기함..*-_-*​​궁금해서 한번 뜯어보고 싶은 펫공기청정기그래도 참아야겠죠?공인기관에서 인증받은 음이온 발생기로써 증명서도 있어요! 믿자 그냥 믿고 쓰자! 테스트에 대한 성적서 같은 걸 캡처해서 올리기에는 내용이 너무 많아지니까 정말 궁금하신 분들은 제 글 맨 아래에 링크 누르셔서 확인해보셔도 되어요.​​​​리빙7 작은산소는 평소에 고양이 모래로 인해서 먼지가 상당할 듯한 제방 공간에 딱 꼽아놓기 좋은 펫공기청정기 였어요.사실 강이랑 단비랑 저랑 셋이서 부대껴 지내다 보니 고양이 털 강아지 털부터 미세한 공기 중의 먼지들이 항상 떠다니기도 하고 ^^;;분사 방식의 음이온 배출이라서 곰팡이 냄새나 화장실 냄새도 잡아주는 데 도움이 되고 전기세는 한 달 꼬박 사용해도 백원 정도?진짜 다양한 장점이 많이 있는데 일일이 다 나열하기가 힘드네요.거기에 소음도 거의 없어요!!!!!!!이걸로 제방도 나름대로 쾌적한 환경에 한발 다가간 것 같아서 뿌듯합니다 ㅠㅠ울님들!!! 혹시나 저처럼 고양이님을 한방에서 모시고 사는 집사님들 계신다면 도움이 되셨길 바라며!!그럼 안녕~~​ ​이 포스팅은 61ㅎ를 통해 업체로부터 제품 또는 서비스를 제공받아 작성된
 
빠기
",14,1,0,499,3,1,1190.0,22,text_ad,2020. 8. 5. 21:00,4451,3147367,패션·미용,"['오오. 이거봤었는데 살균기능도 있는 줄은~~애들 화장실 근처 놓으면 딱이겠어요+_+', '와 이 작은게 엄청난 효과를 가진다니 너무 신기하다~ 자리도 안차지하공~ 우리집에도 하나 놓아야겠넹']"
8,https://blog.naver.com/maddnjswl?Redirect=Log&logNo=221820443310,"안녕하세요 매드엔젤입니다.이번에 같이 일하는 동생이 차를 샀거든요. 그래서 뭘 선물할까 고민하다가 결정한 게 요거였어요.차량용공기청정기 추천해주시는 이유는 다들 비슷하시더라고요. 미세먼지니 코.로.나.니 세상이 흉흉해서 차 문 열고 환기시키기 어려운 요즘에 딱 필요한 거라고 ^^;​​스타벅스 보틀 크기라서 차량 내부와 참 잘 어울리는 심플한 사이즈와 모양이었어요.검색하다 보면 수많은 제품들이 보이는데 으어아엉 그 늪에 빠져서 허우적대다가 발견 ^^;​​간단하게 언박싱 동영상도 만들어봤어요. 사진보다 영상이 좀 더 제품 실물에 더 가까울 것 같으니까 참고해주세요.​과연 어떻게 다를지 궁금하시죠? 일단 생긴 것부터 마음에 들었는데 그건 뭐 차차 보시면 아실 거예요.제가 먼저 말씀드리는 건 일단 시가잭에 꼽는 형태가 아니라서 너무 좋아요.  자동차가 아니라도 실내에서도 사용할 수 있도록 USB로 되어있더라고요 -_-b​​​소중하니까 다치지 않게 눕혀놓고 보실께요.기능부터 살펴보면 공기 정화, 공기질 측정, 온도 표시, 습도 표시, TVOC, 냄새제거, H13 필터, 자동모드 이 모든 게 가능한 똑띠예요!!이 중에서 일단 울님들이 제일 모를만한 거를 찾아봤더니 TVOC라는 생각이 들었는데요. 유해가스를 인식하는 센서로 생각하시면 되고요 공기질 상태를 측정하고 LED 컬러로 보여주며 자동으로 그에 맞는 모드로 체인지 해준다고 해요.처음에 그냥 작동만 시키고 그대로 놔두시면 현재의 온도와 습도 그리고 공기질까지 모두 측정한 다음에 알아서 해주는 -_-b...혼자서도 잘하는 녀석이었네요.​​진짜 스마트한 차량용공기청정기 추천, 제조일자도 2020년 1월에 나온 따끈따끈한 신제품인데요.아직 많은 분들에게 알려지지 않은 걸 제가 발견한 기분이랄까요 ^^;K 마크 인증받은 제품이니까 걱정 말고 사용하세요. 그럼 한번 꺼내볼게요 상자만 보는 거 이제 지쳤죠;;;​​개인 보틀이라도 하면 믿을 정도의 심플한 사이즈였여요무게도 가벼워서 손목 약한 매드엔젤이 들고 댕기기에도 무겁지 않았습니다. 차량에도 사용 가능하지만 좁은 방안에서도 쓸만한 사이즈라서 제방이 진짜 작은 데다가 고양이 화장실도 함께 있어서 필요했는데 저는 차에도 놔두고 집에도 놔둘까 생각 중이거든요.방이 작다 보니 집에 사용하는 큰 걸 놓긴 진짜 공간이 협소할듯했는데 잘 됐다 싶기도 하고 ^^;디자인 진짜 예쁘죠?열에 강한 알루미늄 합금 소재로 만들어졌고요.차량용 컵홀더에 딱 맞는 사이즈라서 어디 놓을지 고민할 필요가 없어요.​​​분해도 쉽더라는,바닥면을 한쪽 방향으로 살짝 돌린 다음 열면 열리고 동일한 방식으로 닫은 다음 반대 방향으로 돌려서 잠그는 방법이었어요. ^^은근 뭐 교체하기 힘들게 생기면 짜증 나는 성격 급한 제가 잘 사용하니까 여러분 모두 걱정 마세요~ㅋ​​일반적인 필터에 비해서 일단 필터 크기가 상당하죠? H13 필터라고 헤파 13필더라고 불리는데요.기본적으로 5대 균인 황색 포도 군, 폐렴균, 녹농균 대장균, 살모넬라균을 99% 향균 하며 알려져 있는 유해되는 논란 성분인 MIT, OIT, CMITT의 불검출 테스트를 인증받은 믿을 수 있는 차량용공기청정기 추천!​​필터가 차지하는 부분이 상당히 컸어요.단계별로 살펴보면1단계. 미세 필터만이 머리카락 같은 큰 오염물질을 거른 다음에  2단계. 고밀도 면이 먼지와 미생물을 걸러주면서 안쪽의 필터를 보호한다고 해요. 3단계. 활성탄 필터가 프롬 데이 하이드나 벤젠 등의 해로운 냄새를 흡수하는 역할을 하고 마지막으로 4단계. 헤파 필더가 PM2.5 같은 미세한 입자나 냄새, 그리고 박테리아 등을 거르는 구조로 이루어져 있어요.​​울님들 똑똑한 거 다 알지만 아시죠?모든 기기의 사용에 있어서는 설명서를 꼭 읽으시고 대충 눌러보면 알겠지 하고 사용하시면 오래 사용하지 못하고 고장 나는 수가 있다는 거죠.(엔젤의 경험담 아니라고 할 수가 없.... 군요.. 쳇;;)필터 교체방법에 대한 부분부터 많은 내용이 간략하게 설명되어 있으니 보시면서 구성품도 빠지진게  없나 꼭 잘 살펴보세요.^^​​소음 정도는 지금 실외 바깥에서 차문 열고 찍은 상태라는 걸 참고해주시고요.실제 데시벨로 측정했을 때의 결과물은 최대가 45dB 정도로 조용한 주택의 생활 소음 정도라고 보시면 될 것 같아요.차량은 시동 걸고 출발하면 차량 내부 소리가 이따 보니 신경 안 쓰게 되는 게 대부분이죠. ​차에 가져와서 한번 설치해봤는데 그냥 커피 보틀 들고 오듯 가져와서는 컵홀더에 올리고 시동 켠 다음에 전용선을 기기에 먼저 꼽고 반대선을 USB에 꼽아주니 끝. 자동으로 파란불이 들어오면서 LED 창에 현재 상태를 표시해줬어요.​호랭이차는 시가잭에 꼽는 걸로 뭐 많이 설치되어던데 저는 개인적으로 USB 연결 방식이 좋아요. 다른 데서도 사용할 수 있으니까 꼭 자동차에만 국한되지 않게 사용 가능한 게 좋더라고요.이왕이면 멀티로 사용 가능한 차량용공기청정기 추천이랄까요? 거기다 전용 연결 선을 잃어버리는 걸 대비해서 2개 넣어주시는 센스 있는 제이코^^​​현재 온도는 17도 습도는 40% 제가 버튼을 조정해서 4단계로 틀어놨거든요. 그랬더니 조금 이따 보면 또 상태창이 바뀝니다.센서가 상당히 똑똑하네?아까는 35%였던 것 같은데..ㅋㅋ혹시나 앞자리가 불편하다고 생각하면 뒷좌석에 있는 홀더에 넣어도 될 만큼 선의 길이는 넉넉했어요. 위치 조정은 운전자가 편한 곳에 선을 잘 숨겨서 설치해놓으면 되겠다고 생각^^​​​실시간으로 바뀌는 온도와 습도,필터의 수명은 교체 알람이 울리는 걸로 알 수 있는데요.오염 정도에 따라서 틀리겠지만 짧게는 3개월 길게는 5개월 정도 사용이 가능하고 교체 시기가 되면 요 녀석이 울어요.세 번 정도 알림음이 울리면서 전원 등이 빨간색 점멸등 상태로 5번 정도 깜빡깜빡하면 교체해주시면 되고요. 필터 교체 이후에는 전원 버튼을 8초 이상 길게 눌러서 재설정을 해줘야 한다고 남겨져 있었어요.​필터는 본품 살 때같이 추가로 구매하면 하나에 9900원 하더라고요.구매하고 구매후기 남겨주면 3개 증정하는 이벤트가 진행 중이니까 울님들은 고거 놓치지 마세요. 살림살이 알뜰하게 아껴야죠 ㅋ​​쉽고 간편하게 사용 가능하면서 똑똑한 차량용공기청정기 추천해볼까 이 늦은 새벽 시간에 글 남겼네요.이왕이면 예쁜 것, 그리고 다용도로 활용할 수 있는 걸 좋아하는 매드엔젤의 취향에 맞는 제품이라 반가웠어요.사실 컬러도 더 이쁜 거 있으면 동생 취향인 핑크나 화이트도 ㅋㅋㅋ 끌리긴 한데 그래도 제일 무난한 건 블랙이라는 게 정석이니까요 그렇죠?​도움 되는 후기였길 바라며오늘은 이만 + _+​여기까지 매드엔젤이었습니다. 안뇽~​​​​제이코 구경하시려면 클릭해주세요 ^^http://bit.ly/2pbk3Sr​",23,1,0,734,13,2,1190.2,43,text_ad,2020. 2. 23. 3:01,4451,3147368,패션·미용,"['오 안그래두 저두 이번에 차 바꾸면서 차량용 공기청정기 살까 고민하고 있었는데!!이거 넘 사이즈는 컴팩트하구 성능은 짱짱해보여요 ㅎㅎㅎ', 'ㅎㅎ 댕댕 시트 샀으니 이제 공기청정기 하나 합시다용 ^^', '차에도 필요한거 같아요~~', 'ㅎㅎ맞아요 필요해요 창문열기무서운 요즘이예요', '오늘도 활기찬 하루 되세요  : )', '잘보고갑니다:)', '매드엔젤님 오랜만에 방문해요~항상 건강관리 유의하시면서!자주 블로그 다녀 가겠습니다!월요일마무리 잘하세요^^', '포스팅 잘 보고 갑니다! 비가 많이오네요 우산챙기셔요!', '네 챙겼어용 ㅎ', '우리집에도 차량용 공기청정기 필요하드아~ 오래된 차라서 더 필요한듯ㅜㅜ', '죄송하지만 제이코차량용공기청정기필터 주문하려는데  연락처 좀부탁합니다']"
9,https://blog.naver.com/maddnjswl?Redirect=Log&logNo=221717996693,"​상쾌하고 맑은 공기를 사계절 내내 어디에서나 걱정 없이 숨 쉬고 뛰놀고 할 수 있다면 얼마나 좋을까요.어린아이들도 그렇고 저희 집 단비도 그렇고 뛰노는 것 좋아하는 아이와 반려견과 함께하는 많은 분들이 매일 하루에 한 번씩은 꼭 하는 게 미세먼지나 초 미세먼지 수치 확인하는 것 일 겁니다.우리는 그렇게 걱정하고 날씨가 좋지 않은 날엔 나가면 안 된다고 타이르곤 하지만 야외활동을 좋아하는 아이들이나 댕댕이들은 밖에 나가지 못하는 날에는 불만과 칭얼이 늘어나죠^^;​아닌데~ 건강을 생각해서 그런 건데 ㅠ_ㅠ​오늘은 실외의 공기는 어쩔 수 없지만 실내와 차량까지 걱정하는 분들을 위해서 제가 차량용 공기청정기를 가져왔어요​​필립스 제품이에요이름이랑 모델명을 찾아보니 GO pure GP7101입니다. 그리고 필립스에서 나오는 다양한 공기청정기용 필터 중에서도 초미세먼지를 차단해주고 알레르기 케어를 해주는 AFP120 필터를 가지고 왔어요.일단 보라색 컬러가 제 취향(.. 매드 아니랄까 봐서 보라색 좋아하는 매드엔젤)​깔끔하고 심플한 디자인이고 컬러는 블랙이에요잘 몰랐는데 검색해보니 세계에서 유명한 3가지 디자인상이 있는데 그중에서 한 가지인 레드 닷 어워드 인가?에서 디자인 부분에서 수상 받은 디자인!!​딱히 돌출 부분이나 그런 것 없이 터치하는 버튼 하나 없는 심플한 제품입니다.​http://bitly.kr/8JLYT0디자인도 디자인이지만 공기청정기는 무엇보다도 성능이겠죠?다양한 제품군들과 비교했을 때 제일 우수한 제품으로 뽑혔다고 해요. 위는 해당 기사 부분이니 궁금하신 분들은 클릭하셔서 확인해보세요 ^^​​어떻게 고정시키느냐 했더니 이렇게 공기청정기도 벨트를 매줍니다.사진에서 보면 제가 거꾸로 벨트를 넣었는데요. 필립스 문구가 바닥 쪽이 아니라 위쪽으로 가도록 장착해주세요 ^^벨크로로 되어있어서 쉽게  탈부착이 가능합니다.​​​설치해놓고 보면 이런 느낌이에요. 좀 더 안쪽으로 해도 될듯한데 일단 가운데로 해놨거든요. 밸크로로 단단하게 고정되는지라 움직임 없이 잘 고정됩니다.차량용 공기청정기가 심플한 디자인에 컬러가 블랙이라서 뒤에서 보고 옆에서 봐도 진한 회색 시트와 잘 어울렸어요.​시가잭에 연결해서 사용하는데 연결선 자체가 길어서 거슬리지 않도록 바닥으로 빼서 올리는 식으로 해서 깔끔하게 정돈하기도 편해 보였습니다.​은근 선이 거추장스럽고 걸리적거리잖아요. 너무 짧아도 문제고 길어도 문제인데요. 뒷좌석으로 가져갈 수 있을 만큼 충분한 길이감이라서 바닥으로 선을 정리하거나 천정으로 정리해서 차량에서 활동할 때의 움직임에 거추장스럽지 않게 할 수 있습니다.​​​필립스 차량용 공기청정기 사용방법   설치를 마쳐놓은 뒤에 핸드폰을 꺼내세요. 그리고 구글 플레이스토어에서 Air matters를 검색해서 다운로드합니다. 블루투스 사용 가능하도록 설정한 상태에서 어플을 실행시킨 다음에 가입이 되어있지 않다면 이메일 주소와 비밀번호 만으로 간단하게 가입이 가능하니까 가입해주신 다음에일반 공기청정기 아니고 차량용을  눌러서 들어가시면 켜고 끄고 부스터 모드까지 다양하게 작동할 수 있어요거기에 현재의 실내 공기 상태까지 확인 가능 한 똑똑한 제품이에요 + _+​​​차 안에 공기청정기 설치하는 동안 뒷좌석에서 얌전이 기다리는 단비인데요.요즘은 그러고 보니 반려견 전용 카시트도 나오더라고요.견주가 함께 앉고 탈수 없는 경우도 있으니 신기 방기~​헤에헤에 거리면서~얼른 놀고 산책 가자고 ^^;​또리방또리방 쳐다보면서 언제 다하냐고~~정색하다가 웃었다가 그래도 단비는 이리저리 막 시끄럽게 조르거나 칭얼대지 않는 편이에요 순해요.​​​가만히 보고 있다가 끼잉 끼잉 한 번씩 해주는 단비단비 목소리 듣고 싶으시면 클릭해주세요. 다 해놓고 사진 찍는다고 안 나갔더니 나를 계속 쳐다보더라고요.​​필립스 알러지필터 플러스를 그럼 넣어줄게요전문가가 아니니까 설명충이 되고 싶지 않으니 담아온 이미지로 설명을 일단 간단하게 보시라고 올려드릴게요.​​깐깐한 HEPA 필터로 알레르기 유발 물질을 99.97% 제거차량 내부 미생물의 번식을 억제해주는지라 차 안에서도 언제나 쾌적하고 건강하게 숨 쉴 수 있도록 도와주는 필립스 전용 차량용 공기청정기 필터예요.​​에구 더럽다.새 거로 얼른 갈아줘야지..공기청정기는 필터가 역시 중요하니까 그때그때 필터 교체주기를 잘 기억해놓으시고 교체해주는 것 잊지 마세요.​​필립스  필터 장착하는 방법은 쉬웠어요위의 뚜껑을 열어준 다음에 이렇게 방향을 확인한 다음 보라색 부분이 위로 향하도록 해서 넣어주면 되는지라 매우 간단.​​필립스 알러지필터 플러스의 장점은​1. 담배연기 같은 경우에도 강력한 미립자 여과 물질이 차량 내부에 남아있는 연기를 완벽하게 걸러줍니다.2. 거기에 꽃가루, 곰팡이 포자. 먼지 등 천식이나 알레르기를 유발할 수 있는 물질을 완벽하게 차단합니다.3. 초미세먼지 요즘 미세먼지보다 초미세먼지에 더 신경 쓰이잖아요. 초미세먼지도 차단해주는 필터!​호흡기가 약한 노인, 어린아이, 임산부, 혹은 반려동물과 같이 함께하는 드라이빙 필수품이라고도 할 수 있겠어요. ​​여기까지 매드엔젤과 단비와 함께하는 >_< 차량용 공기청정기와 알러지 필터에 대한 후기였답니다. 소음의 정도도 작아서 크게 거슬리지 않았고 실제로 차량 주인인 언니에게 물어보니 이 정도 소리는 차 타면 인식도 안된다고 하시더라고요.​고민고민하시는 분들에게 도움 되는 이야기였길 바라며여기까지 매드엔젤이었습니다.그럼 안녕 //_//​1

느
",24,1,0,568,11,2,1190.2,40,suspect,2019. 11. 25. 16:30,4451,3147368,패션·미용,"['요새는 진짜 차량용 공기청정기도 필수인것 같아요!!저는 아가를 위해서 마련해야하나 싶네요 ㅎ_ㅎ그나저나 얌전히 기다리는 단비 너무 사랑해 ㅠㅠㅠㅠㅠㅠㅠㅠㅠ', 'ㅎㅎ 집-차-실외 이렇게 노출되는 곳에는 공기청정기가 필수인것 같아요.방문하는 곳에도 공기청정기 있으면 뭔가 숨이 편하게 쉬어지는 기분 들잖아요..//_//조이를 위해서? 공기청정기!?', '전 엄청 쪼맨한거 달아놨는데 이거보니 바꾸고 싶네요', 'ㅎㅎ 작은거 보틀넣는곳에 넣는것도 많이 나오긴 하는데공기청정효과는 이왕이면 확실한게 좋지 않을까? 싶기도 하고 그래용 ㅎ', '저희도 차량에 공기청정기 두고 쓰는데이제는 정말 핸드폰처럼 공기청정기도 개인구비를 해야할 시대 같아요 ㅜㅜㅜ그래도 오늘은 미세먼지 좋음이라 외출할 맛 나네요 히힛', 'ㅎㅎ 그쵸 저도 맨날 확인하는 미세먼지!!좀 덜한날에는 숨쉴때 안심된다는..ㅠㅠ 옛날엔 안그랬는데 아휴~~', '단비가 모델역할 톡톡히 하네요~ 너무 귀엽고 예뻐요.이제는 공기청정기 없으면 안되는 시대가 온거 같아요.좋은하루 되세요^^', 'ㅎㅎ 감사합니다. 시강이죠 저희 단비~~~>_<ㅋ', '안녕하세요~ 방문 드렸다가 메세지 남깁니다~ 다음에 또 들를게용~']"
