,Post URL,Post,Image num,sticker num,gif num,Paragraph num,Comment num,Video num,weekly viewer mean,Sympathy num,AD,Posting Date,Buddy num,Total visit,Blog category,Comment detail
0,https://blog.naver.com/meertd?Redirect=Log&logNo=222449936516,"요즘에는 너나할 것 없이 육아하는 집이라면 아이들에 대한 양육부담으로 더욱 더 지쳐가시는 분들이 많으시죠. 저도 한창 여름 만삭 임산부인지라,  아이의 체력을 빼는 게 쉽지 않거든요. 곧 다가오는 어린이집 방학에 대비해서 미리 놀이키트와 함께 여러가지 장난감들을 많이 마련해놓고 있어요.​기존에 집에 있는데 아직 활용 못한 것들도 많지만..ㅎㅎ 추가로 최근에 만들었고, 4살도 잘 하면서 감성돋는 힐링 자장가 오르골이 있어서 유아 집콕놀이 추천할 겸 후기 남겨볼게요~ 육아로 지친 엄마들을 위해 조금이라도 시간을 덜어줄 깜짝 소소 이벤트도 진행해보려고 하니 살펴봐주세요.​​반짝반짝 거리는 포장지부터 맘에 들었고요!ㅋ 키트 구성을 보니 피규어가 넉넉해서 저걸 다 쓰려나? 싶은 생각도 했거든요. 역시나 다 하고 나니까 정말 풍성하게 들어있어서 또 다른 엄마표 미술놀이나 꾸미기를 활용하시는 분이라면 넉넉하겠다 싶더라구요~​오르골 만들기 놀이키트 1차 조립은 오르골 부품 두개를 조립해주는건데요. 첫번째 사진처럼 해놓고 저걸 어떻게 클레이를 붙이지...했다가 ㅋㅋㅋㅋ 다시 뒤집어보고 이해했답니다. 요런 소품 활용을 올해부터 시작하다보니 집콕놀이 고수가 되려면 아직도 멀다 싶어요 -_-;;; ​옵션에서 피규어는 소녀/소년 둘 중 하나 선택할 수 있게 돼 있어요. 저는 4살 아이의 의견을 물어서 여자아이로~ 선택해서 요렇게 왔어요. 다소곳하니 웃고 있는 모습을 보니 벌써부터 마음이 평온하네요. ​​저는 아직은 첫째 아이가 성장하는 과정이고, 전문가 급은 아니기에 어떤 종류들이 있는지 반짝 하고 떠오르진 않거든요. 그럴 때 활용하면 좋은 게 유아 집콕놀이 키트더라구요. ​재료가 다양한 구성으로 이루어져 있기에 다음번에는 이렇게 활용해봐야겠다~ 배우는 과정이 될 수도 있구요. 남는 소품들이 있다면 내가 비슷하면서도 다른 작품을 만드는데 응용을 해볼 수도 있으니, 아이와의 놀이를 통해서 엄마도 함께 성장하는 계기가 되기도 하더라구요. 처음부터 독창적일 순 없으니 길잡이가 되주는 과정이라고 볼 수 있겠죠! ​조물락조물락 만지는 클레이만 보다가, 이렇게 크림 형태도 이번에 처음 만나봤어요. 쭉-짜서 아이에게 나무막대로 슬금슬금 잘 발라보라고 해주었더니 만들어진 결과랍니다. 아이의 취향에 따라서 저 부분을 전부 다 크림으로 덮기도 하고, 상단만 놓기도 한다하니 형제자매가 있는 집이라면 아이들만의 개성을 볼 수도 있겠어요 ㅎㅎ ​피규어는 큰것부터 차례대로 꾸미라고 돼 있어서 일단 소녀부터 딱!! 아이가 원하는대로 올려놓았지요. 그리고 이제부터 본격적으로 꾸미기 시~이작 ㅎㅎ​자장가 오르골 만들기, 크림으로 배경을 만들어줬으면 이후는 작은 소품들을 내 맘대로 마구마구 꾸며보기! 우리 아이의 센스와 감각을 볼 수 있겠죠?ㅋㅋ​​점점 더 완성 되가죠. 일단 메인 소녀피규어 장난감이 있으니 다른 작은 피규어들을 클레이 사이에 묻어도(?) 비쥬얼이 나오네요 ㅋㅋ​색색의 진주 장식을 할때면 더 가늘어지는 눈~~ 초 집중중이죠?ㅎㅎ 꾸밀만큼 꾸미고 나서도 놀이키트 재료들이 엄청 남았어요. 미술놀이 좋아하시는 분들이라면 종이컵이나 다른곳에 뿌리기나 붙이기를 통해서 활용할 수 있는 여유까지~​둥글둥글 진주 장식을 꾸미고나서 뭔가 신경쓰였는지 나무막대를 한 번 더 들고 클레이를 슥~슥 칠해주네요. 그래~~ 맘대로 하거라. ​대망의  마지막 장식은 반짝반짝 뿌려주기!! 이것도 보기만 해도 넉넉해보이죠 ㅋㅋ ​하지만.. 4살 유아 집콕놀이의 길은 험난하기만 하죠. 와구와구 뿌리더라구요 ㅎㅎ 엄마는 소심하게 했는데, 거침없이 전부 다 가져가서 쏟기도 해요. ​작은 가루들이라 아주 흩어지진 않았지만 - 주변에 떨어져서 청소하기 속상할 것 같다 하시면 미리 마음의 준비를 해주세요 ㅋㅋ 유아 집콕 놀이키트 활용전에 뒤처리는 괜찮은지 재료도 꼼꼼하게 살펴주기!ㅎㅎ 그래야 마무리까지 엄마의 마음이 평온하죠~​1. 본 글을 스크랩해주신 ★선착순★ 다섯 분께 놀이키트 바로 당첨!! 시켜서 발송해드릴게요. (이웃님들 한정. 혹시나 이웃추가 안돼있으면 이웃추가해주세요~ 스크랩은 활동하는 블로그 계정에만 가능합니다)-> 자장가 오르골 (3명) / 보석십자수 LED 무드등 DIY 세트(2명)2. 선착순 이후부터의 스크랩+이웃분들은 출산전까지 매주 1명씩 유아 집콕놀이를 위한 키트를 발송해드릴게요. 자장가 오르골이 될 수도 있고,  다른 게 될 수도 있어요. 아이가 없는 집이라면 네이버페이 5천원으로 대체 선물해드립니다. ​-> 예정일은 9월이지만, 언제가 될지 모르니 출산발표(!)가 올라오기 전까지를 이벤트 기간으로 할게요. 8월달 내내 할 수 있기를 바라고 있어요.-> 선착순 이후 1번째 당첨자는 7월29~8/1일까지 진행 후 -> 8/2(월)~3(화) 사이 발표-> 8/8(일)요일까지 공지, 미확인시 취소됩니다.​<본 글과 상관없이 출산전에 소소하게 퀴즈 이벤트 하나 더 주최해보려고 하니 이웃님들 기다려주세요~~ㅋㅋ>​원래부터 쳄단을 많이 하지도 않았지만..ㅋㅋ 지금  출산을 언제할지 모른다는 생각에 다 정리하고  아이와의 시간에 집중하고 도움이 되는 것들만 이야기하려고 계속 노력중이거든요.​이 와중에 최근 휴원/휴교 로 힘든 엄마들도 너무 많고 어떻게 놀아줘야하나, 유아 잡콕놀이 고민하시는 분들이 많다보니 소소하게라도 이벤트를 열어서 힘내보자는 생각이 들어서 급하게 주최하게 됐고요. 놀이키트를 사용하다보니 그나마 앉아서 저희집 4살 유아도 그렇지만 아이들이 집중할 수 있는 시간을 벌어주니 도움이 되겠다 생각이 들더라구요. 부디 조금이나마 놀이걱정 덜었으면 하는 바람이랍니다.​소소하지만 꾸준하게 이웃님들을 위해서 진행하고자 하는 이벤트, 재밌게 참여해주시길 바랄게요. 우리  함께 으쌰으쌰해봐요!! #집콕놀이 #놀이키트 #유아집콕놀이 ​놓
 

 
』
))

Ｌ

 

|세웠!

10
0

2

『

 
제 사비로 구매하여
직접 사용해핫습니다.
(덕분에 통장은 팅렁)
",27,3,3,627,1,2,470.4,6,,2021. 7. 29. 19:07,1206,245885,패션·미용,['글 보고 공감 누르고 갑니다 ^^']
1,https://blog.naver.com/meertd?Redirect=Log&logNo=222444634392,"​​​봄브라이트 봄웜라이트 전부 드루와! 오늘은 그동안 인별에 뜨문뜨문히 올렸었던 제 취향의 립 추천을 들고 왔어요. 봄웜톤을 위한 꿀조합도 있고 정말 찐으로 자주 사용하는 파우치 데일리템도 있답니다.​저는 퍼스널컬러는 봄브이고, 취향은 봄라이트에 더 가까운 편이에요. 상큼하고 쨍한 색조도 좋아하고 여리여리 맑은 파스텔 계열도 좋아합니다. 저랑 비슷한 분들에게 취저 탕탕하는 글이 되길 바라며 시작해볼게용♥​​*협찬은 각 제품명 옆에 괄호로 표시합니다​​​​메이블린 레모네이드 크레이즈 팔레트MAYBELLINE Lemonade Craze Palette​맥 파우더키스리퀴드 리조트시즌MAC Powder Kiss Liquid Resort Season​​레모네이드 크레이즈 진짜 봄웜 친구들한테는 꼭 선물해주고 싶은 제 최애 팔레트 탑쓰리 중 하나인데... 한정판이라는게!!! 그냥 딱 제작년에 생산하고 끝난거 같아요 그럼 요새 인터넷에서 팔고있는거는 아마 유통기한이 거의 다 되어가는 애들이겠더라구요 ㅠㅅㅠ​이 팔레트의 메인 컬러인 진짜 상큼한 레몬 컬러의 레모네이드 크레이즈를 제가 넘 좋아해요. 요렇게 쨍할 수 없는 오렌지 팡팡 튀는 리조트 시즌을 먼저 깔고, 립라인 주변을 섀도우 묻힌 총알브러쉬로 블렌딩해주면 좀 특이하면서도 상큼한 립조합이라 여름에 즐겨하는 편이랍니다.​오렌지 좋아하는 봄웜 분들에게 꼭꼭 추천해드리고 싶은 꿀조합!​​​​​​릴리바이레드 로맨틱 라이어 무스 틴트LILYBYRED Romantic Liar Mousse Tint​01 사과필링인척04 살구커스터드인척​​이건 봄가을에 너무 좋아했던 립조합이에요. 살구가 블렌딩하면 되게 여리여리하면서 생기는 좀 있는 베이스립으로 딱이거든요. 중앙에 사과 얹어주면 진짜 물든듯이 수채화 그라데이션으로 말간 레드립이 되는데 너무너무 예쁘답니다. 이건 진짜 봄웜톤 중에서도 봄브라이트 분들에게 완전 추천조합!​​​​​입생로랑 베르니 아 레브르 워터스테인 YSL Verni a Levres Water Stain ​605 뱅드코랄 Bain de Corail​​단종되었다는 슬픈 전설이... 봄웜라이트인데 이거 모르시는 분들이 있을까 싶을 정도로 봄라 찰떡이죠. 진짜 맑은 글로우에 맑은 피치코랄색이 어우러져서 반짝반짝 빛나고 예쁜 입술. 이걸 어떻게 단종을 시키는 것일까~~~​원어 그대로 해석하면 Bath of Coral - 코랄로 목욕을 하는 것처럼 푹 빠진다는 뜻이겠죠! 그만큼 물탄듯 희뿌옇고 말간 코랄색이에요.​비록 저는 쨍한게 잘어울리는 봄브지만, 뱅드코랄은 단독으로도 베이스로도 예뻐서 오늘 올린 립 중에서 가장 가장 예쁘다고 자신있게 말할 수 있어요. 진짜 생얼에도 어디에도 잘 어울리는 애라서 파우치에 제일 많이 들고 다녔던 템이기도 합니다. 입술 컨디션 상관없이 물막 코팅되는 립이기도 하구요!​​​​​​헤라 센슈얼스파이시누드글로스 191 탠저린샤워HERA Sensual Spicy Nude Gloss 191 Tangerine Shower​미샤 데어루즈 모닝베이킹 (협찬)MISSHA Dare Rouge Morning Baking​이니스프리 스머지 블러 립스틱 누디오렌지INNISFREE Smudge Blur Lipstick Nudy Orange​마몽드 크리미틴트컬러밤쉬폰 02 베이크드로즈 (협찬)MAMONDE Creamy Tint Color Balm Chiffon 02 Baked Rose​​이거는 작년 가을에 요새 잘쓰는 립이라고 소개했던 제품인데요! 보시면 알겠지만 철저히 봄웜톤의 기준에서 그렇다는거ㅋㅋㅋㅋ 탠저린샤워 빼고는 평소에 잘 쓰는 애들보다는 살~짝 더 분위기 있고 톤다운된 애들이죠?​탠저린샤워는 봄웜라이트라면 하나쯤 들고 계셔야할 귤에 우유 한방울 떨어트린것 같은 말간 색이에요. 누디오렌지는 단독으로는 잘 못 쓰고 베이스립으로 엄청 잘쓰는 제품이구요. 모닝베이킹이랑 베이크드로즈가 비슷해보이는데 모닝베이킹이 좀 더 오렌지기가 돌고, 베이크드로즈가 찐 로즈 다워요. ​​진짜 잘쓰던 애들이라 이미 따로 리뷰한 적도 있다는... 궁금하신 분들은 구경와주세요♡​​​​문샷 허니커버렛 스틱익스트림 901 테이크오프MOONSHOT Honey Coverlet Stick Extreme 901 Take Off​맥 파우더키스리퀴드 리조트시즌MAC Powder Kiss Liquid Resort Season​​오늘만 벌써 두번째 보이는 리조트시즌이죠? 제가 그만큼 사랑하는 컬러에요. 톡톡하게 올리면 올릴수록 형광기마저 도는 쨍쨍한 햇살가득 오렌지 컬러. 옅게 펴바르면 약간 당근색에서 살구색 사이 오묘한 느낌도 돌아요. 오렌지립 좋아하시는 봄웜톤이라면 소장해야 할...​이 조합에 사용한 베이스립은 문샷 테이크오프에요. 저는 허니커버렛 참 사랑하는데 립 중에서는 테이크오프가 제일 만만하게 손이 잘 가요. 입술 라인은 어둡지 않게 가려주면서 다른 립 올라가기에 좋은 바탕을 깔아주는 그런 컬러감.​파우더키스 라인은 블렌딩도 잘되고 포슬포슬한 질감이 좋아서 자꾸자꾸 사들이고 싶은 녀석들인데요. 특히 파우더키스리퀴드는 하나씩 사모으는 중인데 그동안 들인 아이들이 별로라는 생각이 드는 컬러가 한개도 없어서 만족도가 최상입니다!​​​​맥 라우드앤클리어 립스틱 (러스터) 플뢰르디코랄MAC Loud and Clear Lipstick (Lustre) Fleur D'Coral​페리페라 잉크더벨벳 04 갑분생기PERIPERA Ink the Velvet 04 Vitality Coral​​한국에서 구하기 힘들어서 직구까지 했던 플뢰르디코랄...ㅎㅎ 컬러감은 강하지 않고 피치베이지 정도의 느낌인데 챠르르한 윤기 때문에 잘못하면 립토퍼로 착각할 그런 재질이에요. 내 입술색보다 여리여리하고 발색보다 윤광에 초점을 둔 립스틱이라 단독으로 쓸때는 컨실러 사용을 잘해줘야 합니다. 뭔가 피부톤 밝은 봄웜라이트 분들이 사용해주셨으면 하는 그런 아이인데... 한정이라 지금은 구할 수 없을 것 같아서 이만ㅠㅠ​그래서 요거 두개는 그라데이션보다는 섞발했을때 예뻤던 립조합! 페리페라 갑분생기는 봄웜이라면 누구나 호환될만한 코랄레드에요. 사진에서는 플뢰르디코랄 옆인지라 새빨갛게 나온것 같지만 실제로는 봄타입 형광등 켜주는 코랄~핑크~레드가 적절하게 섞인 예쁜 컬러입니다.​​​​홀리카홀리카 하트크러쉬글로우틴트에어HOLIKAHOLIKA Heart Crush Glow Tint Air​01 윈썸 Winsome04 버블리 Bubbly​​이건 사실 웜쿨의 경계에서 살짝 쿨톤으로 치우쳐있지만, 봄브라이트인 제가 쓰기에 쨍해서 나쁘지 않은 조합인데요. 일단 홀리카홀리카 이 라인은 완전 탕후루립 완전 이쁨!​버블리는 여쿨라이트 분들에게 찰떡이지만 봄라도 쓰기 나쁘지 않은 컬러. 윈썸은 쿨한 체리레드이지만 봄브인 제게 확 뜨지 않는 어찌저찌 쓸만한 컬러. 봄웜톤 중에서도 오렌지 계열이 안받는 분들이 있을 수 있는데 그런 분들은 이 립조합 한번 추천드려 보겠습니다-☆​​참고로 이 라인에는 봄라이트에게 추천하는 저의 인생립도 들어있는데요 바로바로 03번 BAE 랍니다. 생얼에도 맨날맨날 바르고 다녀요. 저 개인적으로는 입생 뱅드코랄 저렴이로 쓰고 있음. 광택이나 사용감은 좀 다르지만...그래도 색감과 손이 가는 빈도는 비슷한듯!​BAE는 아래 코랄립 모음집에서 보여드렸던 아이기도 해욥~~​​​​​디어달리아 립파라다이스 인텐스 새틴 803 벨라 (협찬)DEARDAHLIA Lip Paradise Intense Satin 803 Bella​​​​봄웜라이트 분들에게 증맬로 추천하는 핑크코랄 립스틱! 일단 디어달리아는 패키징부터가 어나더레벨이쥬... 립스틱은 새틴타입인데 발림성 괜찮고 촉촉이인데도 착색이 쬐끔 있다는 점이 특이하더라구요. 그리고 요거 SPF지수가 있어서(!!) 맘에 들어용 입술도 피부니까ㅎㅎㅎ​​​​​페리페라 잉크타투스틱 05 코랄티저 (선물)PERIPERA Ink Tattoo Stick 05 Coral Teaser​맥 파우더키스립스틱 스윗노슈가MAC Powder Kiss Lipstick Sweet No Sugar​​요 립조합도 매우매우 맘에 들어요. 스윗노슈가는 제 최애 베이스립 중 하나구요! 코랄티저는 이벤트 당첨돼서 받았던 건데 이 사진 찍고나서 어디로 들어갔는지 못찾고 있지만(?!) 봄웜톤을 목놓아 외치는 정석 코랄 컬러랍니다.​​​​마지막이니까 립발색도 가져와보기! ​이렇게 간단간단하게 봄웜 취향의 립제품 추천글을 쪄봤는데요. 오늘 소개해드린 꿀조합 여러분 마음에도 들어서 파우치에 골인하면 좋겠네요♥​봄웜톤 취향저격 포스팅 몇개 더 놓고 저는 이만 물러갑니당~~~​​​​2
",18,0,0,806,9,0,470.4,42,text_ad,2021. 7. 25. 11:20,1206,245885,패션·미용,"['색상넘이쁘네요ㅎㅎ', '포스팅 잘봤습니다 ت', '우아 ㅎㅎ 넘나 이쁘네요!!', '봄웜톤 립 추천 feat. 꿀조합 파우치템이 끌려 정독하고왔습니다. 뷰스타 미어님 서로 소통하고 도움이 되는 이웃이 되고 싶습니다.', '포스팅 잘보고 갑니다행복하고 즐거운 하루 되세요^^']"
2,https://blog.naver.com/meertd?Redirect=Log&logNo=222342871610,"​쿠모 메이크업브러쉬 &화장품파우치 추천 :: 더 바이올렛  포 트래블러​​​안녕하세요 뒷북 잘치는 미어입니다! 오늘은 작년 9월에 받았지만 인별 리뷰만 했던 쿠모 x 씬님 콜라보 여행용 브러쉬 & 파우치 세트를 소개해드리려고 해요~~ 협찬이지만 블로그에 올릴 의무 없는 그러나 제일 맘에 들었고 알차게 쓰고 있는 아이템 중 하나라 가져와봅니당...♡​​​​𝑲𝑼𝑴𝑶+𝑺𝑺𝑰𝑵  𝑻𝒉𝒆 𝑽𝒊𝒐𝒍𝒆𝒕 🔮#더바이올렛 브러쉬&파우치 포 트래블러​​우선 가치있는 소비, 환경을 생각하는 소비에 마음이 가는 저이기에, 이 세트에 구성된 모든 제품이 비건 인조모 브러쉬, 비건 인조가죽 파우치라는 점이 가장 맘에 들었어요! 그치만 퀄리티 하나만 놓고 보더라도 브러쉬들 완전 애기궁둥이처럼 부들부들하고 질이 좋다는점!! 화장품파우치 마감도 넘 튼튼하고 잘 되어있어요👍​​​​​​✔ 파우더브러쉬​모질이 진짜 부드럽고 아주 야들야들한 녀석이에요. 파우더브러쉬로 쓸 때는 톡톡 가볍게 아주 살짝살짝 표면만 두들기듯이 쓰시면 좋습니다! 쉐딩브러쉬로도 쓰기 좋은 쉐입이에요. 물론 코나 입술 선은 좀 더 작은 브러쉬가 필요하실 것이고, 얼굴 바깥쪽 윤곽을 그냥 막 문질러도 별다른 스킬없이 잘 살릴 수 있는 그런 제품입니다. 실제로 쉐딩용으로 썼을 때 발색도 잘 올라오고 여드름과 흔적이 많은 제 턱선에 자극도 없고 베이스가 벗겨지지도 않아서 아주 만족스러웠어요.​​✔ 블러셔브러쉬​길이가 다른 모가 이중으로 디자인 되어있어서 어떤 제형의 블러셔를 발색해도 자연스럽게 올라오는데요! 아주 흠하게 볼 수 있는 형태는 아니고 진짜 국내+해외 브러쉬들을 많이 접해보신 씬님의 노하우가 들어가지 않았을까 조심스럽게 추측해보는 아이입니다. 국내에서는 이런 쉐입 거의 못 본것 같거든요. 수채화 발색이 되고, 거의 피부에 닿는 느낌이 없어서 건조한 볼 쪽에도 자극이 없어 좋아요. 그리고 하이라이터브러쉬로 쓰기에도 적당할 것 같아요!!​​​​✔ 쉐이더브러쉬 (아이섀도우 포인트)​아이섀도우브러쉬인데 아주 훌렁훌렁한 베이스 섀도우브러쉬 바로 다음 단계에 사용하면 좋을 듯 해요. 쉐이더라는 이름에서 유추할 수 있듯이 중간 음영, 컬러 포인트 넣어주는데 최적화된 아이입니다. 얘도 음영 넣으면 신기하게 블렌딩이 너무 잘 되고 경계선 따위 보이지 않아서 애용하게 되더라구요!​​✔ 펜슬브러쉬 (아이섀도우 포인트, 글리터, 컨실러)​귀염뽀짝한 크기와 적당한 뾰족~뭉툭 사이 그 어딘가의 모양으로 애교살 그림자 넣기에도 좋고 글리터를 얹을때도 찰떡인 브러쉬입니다. 아이라인 블렌딩하기에도 좋을 사이즈이고, 아주 국소부위를 가릴 때 컨실러브러쉬도 사용해도 좋을 것 같아요. 저는 글리터 얹을때 썼는데 눈가가 피부가 좀 약한 편인데 눈 밑에 자극이 1도 안가서 좋았어요!!   ​​​​​더바이올렛 화장품파우치도 브러쉬와 일반 2가지 층으로 분리되어 있는 공간과 엄청난 수납력이 인상적인 아이인데요. 브러쉬를 꽂은후 덮어줄수 있는 투명 덮개와, 손잡이가 달려있어서 휴대성도 있으면서 캐리어 안에서 굴러다녀도 끄떡없을 튼튼함, 꼼꼼한 마감까지💓 파우치 진짜 대박 탄탄해용 씬님이 영상에서 벽돌이라고 하시던데 왠지 알겠어여ㅋㅋㅋ​왠만한 화장품파우치로는 내가 갖고 다니는 양은 감당하기 힘들다! 하시는 분들에게 딱일 것 같아요.​​​자 그래서 코로나 언제끝나죠? 나 여행가고싶단 말이다... 라는 말을 인별 리뷰할 때 덧붙였었는데, 아직도 상황이 나아진 게 없다니ㅠㅠ 너무 슬프지만 요런 파우치는 내구성이 진짜 좋아서 오래오래 쓸 수 있는 아이템이거든요. 그냥 가볍게 호캉스 가거나 캠핑 가는 길에도 쓰기 좋을 듯 하여요~~ 기초샘플까지 한방에 다들어갈듯!!ㅋㅋㅋ​​오늘도 쿠모 메이크업브러쉬 & 화장품파우치 포스팅 잘 보셨다면 댓글 하나 남겨주시고!저는 또 유익한 포스팅으로 돌아올게요~~♥​​​​↓ 쿠모 브러쉬 더보기 ↓​​​↓ 미어 추천 꿀템 ↓​​​제품을 무료제공받아
작성하였습니다
 
 
",7,2,0,423,0,0,470.4,0,text_ad,2021. 5. 8. 19:05,1206,245885,패션·미용,0
3,https://blog.naver.com/meertd?Redirect=Log&logNo=222294252578,"​​​안녕하세요 미어입니다. 그동안 집사로서의 삶에 살짝 무심했던 것 같아 들고 온 (늦어버린) 티키캣 브로스 후기입니다. 일단 티키캣이 정식 수입돼서 너무 기쁜 1인이고요ᅲᅲ 예전에 수입, 통관 이런 거에 무지할 때 겁도 없이 고양이 캔을 직구했다가 한 박스는 운 좋게 통과되고 한 박스는 걸려서 버린 적이 있더랬어요... 그때 외국 미수입 캔 중에서 제일 급여해보고 싶었던 티키캣! 성분도 좋고 기호성이 대박이라 평가가 좋은 브랜드 중 하나였거든요.​​​​오늘 소개해드리는 티키캣 브로스 제품은 broth 라는 이름에서 특징이 잘 드러나는데요. broth는 국물인데, 그냥 국물 말고 진하게 우려낸 육수의 느낌이에요.  급여하기 편한 개별 파우치 형태로 되어 있는데 파우치 맨 위에 Add moisture to your cat's diet 라고 쓰여있네요! ​고양이에게 음수량이 중요한 건 다 아시죠? 습식을 좋아하지 않는 아이들은 건사료 위에 토핑처럼 얹어서 수분을 더해줄 수 있는 제품이고요. 저처럼 단독으로 습식처럼 급여하셔도 상관은 없습니다.​​​​​제가 제목에는 고양이 간식이라고 썼습니다만 성분 상으로만 보면 주식으로도 손색이 없습니다. 닭고기 육수, 닭고기, 어류 추출물, 구아검, 잔탄검이 들어가 있는데 곡물, 소금, 설탕이 전혀 안 들어간 그레인프리에 백 프로 고기 육수만을 원료로 사용해서 믿을 수 있습니다. 마지막에 들어간 검류가 조급 아쉽지만 내용물을 뜯어보시면 비중에서 육수가 대부분을 차지하겠구나 하실 거예요.​​​​​​생후 3개월 이상의 반려묘를 위한 제품이고, 아마 입이 좀 짧은 아이들은 이걸로 한 끼를 채우지 않을까 싶어요? 다만 식탐냥 달래에게 37g은 식사로 충분하지 않은 양이기 때문에.. 저는 점심과 저녁 사이에 주인님께서 간식을 갈구할 때 하나씩 뜯어주고 있습니다. 다행히 칼로리는 낮은 편이라 체중 유지에 큰 해가 되지 않습니다.​​​​​제품을 열면 육수부터 낭낭하게 쏟아져 나온답니다.​​​진짜 닭고기 + 진짜 100% 닭고기 육수가 들어간 치킨 파우치. 충전제, 첨가물, 방부제가 들어가지 않아 식단에 민감한 아이들도 먹을 수 있을 것 같아요. 이렇게 찢어진(?) 닭고기 살을 달래가 엄청 좋아하는지라 기호성은 걱정이 없네요.​​​​​역시나 사진 몇 장 찍을 새도 없이 달려드셨어요ㅋㅋㅋㅋ 찹찹 대면서 먹는데 저도 먹어보고 싶은 생각이 들 정도로 너무 좋아하더라고요. 파우치는 물에 헹궈서 한 번 더 따라줬습니다. 맹물 안 먹는 아이들 음수량 확보하는 데는 최고!​​​​첫 사진이랑 동일한 사진 아니구요!!!ㅋㅋㅋ 급여 후 사진입니다... 역대급 설거지 고양이간식 티키캣 브로스 후기ㅋㅋㅋㅋㅋ 진짜 말로 해서 뭐 하겠어요, 이 사진에서 강렬하게 보여주는 기호성 보시면 아시잖아요? ​​음수량 늘리기를 통한 달래의 묘생 행복 프로젝트는 계속됩니다☆​​​​",11,0,1,323,0,1,470.4,0,,2021. 3. 31. 21:44,1206,245885,패션·미용,0
4,https://blog.naver.com/meertd?Redirect=Log&logNo=221860292823,"​달래의 목욕날이 돌아왔다. 등털을 항상 밀어주는지라 엉키거나 하진 않지만 여전히 기름기는 많이 끼는 편인데다가, 응꼬 그루밍을 대충 해서 2-3달에 한번은 내 흰 티샤쓰들에 x파티를...^^ 증거사진은 안구보호를 위해 생략! ​그대의 운명은 모른 채 샴푸박스를 킁카킁카하는 달래. 새것이라면 무엇이든 탐색한다. 그러다 갑자기 그루밍을 시작하는데, 도대체 이유가 뭐냐. 목욕 필요없다고 시위하는 것일까?ㅋㅋㅋ​​평소 '반려동물용' 이라고 나와있는 공용 간식이나 미용 제품들을 선호하지 않는다. 장사를 해먹겠다는 속셈으로 밖에 보이지 않기 때문! 특히 아이들 몸에 닿는 제품들은 특별히 더 강아지와 고양이용을 분리해야 하는데, 사람들은 좋다고 쓰고 강아지에게도 사실 별 탈이 없는 성분 중에 고양이에게는 치명적인 것들이 존재하기 때문이다.​가장 크게 예로 들수 있는 것이 바로 각종 에센셜 오일이다. 바질, 페퍼민트, 티트리, 유칼립투스 등 향을 내기 위해 자주 사용되는 아로마 성분들은 고양이에게 독성으로 작용한다. 시트러스 계열의 모든 성분들 또한 안 좋다. (달래는 레몬 냄새만 맡아도 도망가던데, 이것은 냥바냥이려나?!) ​또 이번에 페토세라 바디워시 포캣 파우치의 설명을 보며 알게된 내용인데, 강아지와 고양이의 피부pH가 다르기 때문에 샴푸를 따로 써주는 것이 특히 좋다고 한다!​​전성분만 봐도 반려묘를 사랑하는 마음과 연구해오신 세월이 느껴짐... 세라마이드와 아르기닌을 통해 피부장벽 강화 및 보습, 털 컨디셔닝을 잡고 고양이도 안전하게 쓸 수 있는 여러가지 자연유래 성분들로 깨끗한 세정과 보습을 보장한다. 사람의 편의를 위해 미용을 해주면서도 피부에 자극을 주는 것은 아닐까 걱정했는데, 피부장벽을 구성하는 지방 성분인 세라마이드로 피부질환을 미리미리 예방해 줄 수 있을 것 같아 안심이 된다. 특히 눈에 띄는 건 개다래추출물(마따따비)과 개박하추출물(캣닢)이었다. 달래가 환장하는 향인데 혹시 먹으려고 드는 것은 아닐까 걱정했지만 향은 배제된 상태로 첨가되어있다고 한다.​​​파우치 형태로 낱개 포장된 점도 좋았다. 고양이도 목욕이 필요하지만, 아무래도 목욕을 극도로 싫어하는 아이들도 있다 보니 아무래도 반려견보다는 목욕 주기가 길어지게 마련. 샴푸도 유통기한이 있다보니 일반 샴푸용기는 용량이 너무 크고 낭비가 심해져서, 개별 포장이 훨씬 경제적이다. 또 파우치 입구에는 간편하게 열 수 있도록 이지커팅 선이 있다.​​자 이제 목욕타임 시작. 그녀를 조공으로 유인해본다.​​​들어가긴 싫다. 간식만 내놓아라. 냥냥펀치! 원 투!​​식탐냥은 결국 욕조로 들어오고 말았다. 몸을 적시면 무서워서 벌벌 떠는 쫄보.​​​아아 이것이 대체 무슨 일인가 눈이 휘둥그레... 귀여워라.​​바디워시를 손에 덜어 거품을 내준다. 거품은 무척 부드럽게 잘 나는 편. 달래는 미용을 한 상태이기 때문에 반 포만 사용했는데, 장모종도 한 포면 충분히 샤워 가능할 양이었다.​​다른 샴푸를 사용할때보다 얌전한 것 같은 느낌적인 느낌이 들었다. 달래는 물을 극도로 무서워해서 샤워기를 들면 꼼짝도 못하지만 물이 꺼지면 바로 도망다니고 몸을 부르르 터는 습관이 있는데, 비누칠을 하고 있을때 몸을 털어버리면 집사는 서든어택을 당하는... 그렇지만 오늘 목욕하는 동안 달래는 몸을 한 번도 털지 않았다!​​몸 헹구기도 가볍게 성공.​​물에 빠진 생쥐냥. 미용을 한 뒤로는 타올로만 드라이를 해도 금방 마른다. 드라이기를 무서워하기도 해서, 습기 찰까봐 발이랑 목 중심으로만 빠르게 해주는 편이다. 샤워할 때는 잘 모르겠다가 털을 말리면서 향이 좀 느껴졌다. 샴푸 향이 강하지 않은데 은은한 꽃 향이 나서 자꾸 달래에게 코를 박게 된다. 물론 달래는 질색한다.ㅋㅋㅋ​페토세라 포캣 파우치! 성능도, 성분도, 향도 만족스러운 잇템이다. 이제 정착할 샴푸가 생긴 것 같아서 좋다. ​​8
",22,0,0,432,0,0,470.4,0,,2020. 3. 18. 17:39,1206,245885,패션·미용,0
5,https://blog.naver.com/meertd?Redirect=Log&logNo=222147179398,"​​요즘은 옷도 신발도다 심플한게 끌리더라구요​ 군더더기 없는 디자인 선호💓​​​오프화이트OFF WHITE​​​​예전에도 잘신었던 기억이 있는스코노라는 브랜드의헤이온 스니커즈에요​​스웨덴어로 '안녕, 어서와'라는 뜻을 담은#헤이온 #스니커즈​100% 천연원단을 사용하고생분해성이 뛰어나게 만든 친환경스니커즈에요​가치있는 소비에 앞장서는 착한 브랜드😚​​​​​블랙, 딥그린, 블루, 오프화이트이렇게 4가지 컬러로 나왔어요​​​오프화이트 컬러는신발 전체가 하얀색이라벌써부터 관리의 두려움이 엄습하지만그만큼 예뻐서 용서가 됩니다😚​​​​앞코는 이렇게 살짝 둥근 디자인너무 뭉툭하지 않고발볼을 적당히 커버해주는 디자인이라컴플렉스이신 분들에게 살포시 추천해요​​​아웃솔 인솔 모두 화이트 컬러이고3cm 정도 굽높이가 있어서살짝 키높이로 느껴져서 전 좋았어요​쿠션감도 적당히 있어서발이 아주 편했어요!!​​​​밑창은 이런 모양이에요저는 왜인지 새로산 신발 더럽히기 전에 늘 맘이 아프더라구여ㅠㅠㅠ​데일리슈즈로는 적합하지만운동이나 등산에는 다른 운동화를!​​​​요런 올화이트 신발은관리를 조심해야하지만(신발 막 신는 1인)​그만큼 청바지든, 원피스든,레깅스에 후드만 걸친 스포티룩이든안어울리는 데가 없다는 큰 장점이 있죠💘​​​​게다가 이런 가을 날씨에 신어도 예쁘지만​봄여름가을겨울사계절을 타지 않을 컬러라서더 고민없이 골랐던것 같아요🔅​​​​이렇게 크림색 바지에 매치해도절~대 부담스럽지 않고톤온톤 심플룩 코디가 완성돼요​저는 스니커즈의 라인이 예뻐서살짝 발목이 보이게 하는게 좋은것 같아밑단을 접어주었어요!​​​요행으로 너무 예쁘게 찍힌 사진으로 마무리🍂꼬까신 신고 놀러가고 싶은 마음 한가득이네요데일리 슈즈 등극입니다👍​​​브랜드로부터 제품을 지원받아 작성하였습니다​​느느
",11,0,0,144,1,0,470.4,0,text_ad,2020. 11. 18. 0:39,1206,245885,패션·미용,[]
