,Post URL,Post,Image num,sticker num,gif num,Paragraph num,Comment num,Video num,weekly viewer mean,Sympathy num,AD,Posting Date,Buddy num,Total visit,Blog category,Comment detail
0,https://blog.naver.com/miss_ssuun?Redirect=Log&logNo=221943919174,"#주파집 미니 #가습기 차랑 집에서도 엄청 잘 쓰고 있는데,홈트룸 만들어 운동할 때, 쓰고 싶어서 #대용량가습기 주문 했어요. 물론 잘 때도 쓰려고 #무드등가습기 도 찾아 봤는데 주파집에 #가정용가습기 가 디자인도 깔끔 하고 무드등 색도 예쁘더라구요 주파집 사용설명서예요 간단해서 한번 쭉~ 읽고 바로 사용할 수 있었어요다 분리해서 보니, 전면다이얼,플로티,물탱크, 미스트아울렛, 물탱크커버, 콘센트, 사용설명서, 청소붓? 이렇게 있었어요기계치인 제가 ! 한번에 쓱! 완전 넉넉한 4L 대용량!인데 뚜껑이 윗부분에 있고 통세척! 한번에 하니까 청결하게 관리하기 편하더라구요! 콘센트 꼽을 때 , 가습기 바닥 부분에 있구요. 이게 젤!! 좋았는데 선정리가 아래서 될 수 있더라구요 방향을 좌우 편하게! 가습기 통에 물을 넣고나서 틀었는데 , 저소음에 초음파식이라저녁에 쓸 때도 신경 쓰이지 않고 수분 분사도 엄청 높이 올라 갔어요시간 설정도 여러가지 6단계 타이머설정에 ,최대 32시간 사용할 수 있어요125ml , 250ml, 375ml 따라 분사력이 달라요 이제 10단계 무드등!! 컬러가 넘나 예쁜! 불껐는데 넘나 예쁜거 있죠! 자기전엔 무드등으로 틀고 잘 땐 무드등 끄고! 32시간 까지 켜놔도 되니까 요즘 편하게 잘 쓰고 있어요~~!!추천해요!! ​​​​​https://smartstore.naver.com/jupazip/products/4724862372​60 0)송
에
5

)
60 0)송
에
5

)
60 0)송
에
5

)
",34,1,1,151,0,1,40.4,11,revu,2020. 5. 3. 23:25,131,199245,국내여행,0
1,https://blog.naver.com/miss_ssuun?Redirect=Log&logNo=221743121046,"​​​​집에 가습기가 큰거 밖에 없어서 미니 가습기 찾고 있었는데 무드등 가습기를 보고 맘에 쏙 , 벤티 사이즈 음료보다 작지만 듀얼분사에 무드등 까지 맘에 들더라구요​#미니가습기 #휴대용가습기 #가습기추천 #USB가습기#차량용가습기 #소형가습기 #무드등가습기 #수피아 #주파집가습기, 사용설명서, 필터, usb케이블 까지 군더더기 없이 깔끔! 소형 가습기라  메이크업 할 땐 화장대에 두고잘 때는 침실에 , 여행 갈 때는 차에 두고 쓰려구요 ㅎㅎ​우선 충전부터 시켜놓고, 설명서 봤어요사용법이 쉬운것도 좋기만 세척도 편리하고 쉽게 깨끗하게관리 할 수 있어요​​​버튼을 길게 누르면 어느 단계던 꺼집니다버튼을 1번 누르면 위에만 분사버튼을 2번 누르면 위 아래 동시 분사버튼을 3번 누르면 위 아래 교체 분사버튼을 4번 누르면 아래만 분사버튼을 5번 누르면 분사 꺼짐​​​​​빠르게 버튼 빠르게 두번 따닥! 끝! 4시간 충전하면 최대 6.5시간 사용가능한 배터리니 잘 때 켜두기 좋고, 두 개의 분사구로 가습기량도 좋고 거기에 무드등으로 눈 편하게  사용가능 하니 만족입니다​​​​​​​ 
 
 
",11,1,4,126,0,4,40.4,7,revu,2019. 12. 19. 23:56,131,199245,국내여행,0
2,https://blog.naver.com/miss_ssuun?Redirect=Log&logNo=222037132117,"오늘 #스타벅스 #21주년md 나오는 날이라서 오빠 출근시간에 맞춰 나왔는데 , #데미머그 하나랑 #키체인 3개 남아 있더라구요;; 동생은 출근전에 dt 들려서 안전하게 데려왔다는데, 새벽부터 줄서서 기다릴 정도 였음 그냥 동생한테 하나씩 다 사라고 할걸 ㅠ 난 자고 있었다니 ㅋㅋㅋㅋ 내 딴엔 일찍일어나서 오빠 출근할 때 맞춰 나왔는데 이게 뭐람 ㅎㅎ 3군데 들러서 장우산 하나랑 데미머그 하나 남은거 가져오고 , 역시 dt매장은 오늘 엠디가 안들어 온것 처럼 하나도 없어서 당황 ; #21주년머그 가지고 싶었는데 , 머그는 3-4개 정도 들어온곳도 있었나봐요 후기 보니까 1,2등이였는데도 3개있는 매장도 있었다는 ;; #스타벅스장우산  _ 25,000원 그래도 제일 많이 들어와서 그런지 마지막으로간 매장에 5개? 정도 남아 있었어요 , 매장 직원분이 2개 사고 내가 하나 겟! #스타벅스우산 찾으러 다니시는 분 있었는데 저 나오고 바로 들어갔다는데 없었다고 ,, 퀄리티 이번에 좋은듯! #21주년데미머그 처음 간 매장에 달랑 하나가 덩그러니 있어서 바로 집어 왔는데 기스가 나서 안데려간듯 했지만 그래도, 나왔는데 이거라도 가져가야 들 아쉬울거 같아서 데려 왔어요#21주년키체인 호불호가 있는건지 방금 까지 안나가고 3개 남아 있었는데 나는 패스 , 18,000이예요 ​​​오늘은 #21주년md 랑 #프리퀀시체어 랑 같이 나와서 더 많이 몰리고 #스타벅스앱 서버도 다운되고 오전에 난리도 아니였다는 얘길 들었어요~ 제일 아쉬운 21주년 엠디 저번 엠디때 엄마집 가있는게 아니라 어제 가있다가 집근처 스벅 갔어야 했는데;;ㅎㅎㅎ​​​​​내돈내산후기​​60 0)송
에
5

)
60 0)송
에
5

)
60 0)송
에
5

)
",9,1,0,191,1,0,40.4,3,,2020. 7. 21. 12:32,131,199245,국내여행,"[""글 잘 보고 갑니다 ღ'ᴗ'ღ\n앞으로도 좋은 글 많이 부탁해요~""]"
3,https://blog.naver.com/miss_ssuun?Redirect=Log&logNo=222447484652,"오늘 #스타벅스22주년 md 출시했는데요 #스타벅스 오픈런을 못해서 그냥 이번거는 마음에 드는게 없다 생각 했는데 , 동생이 오전 운동하고 사러 갔다고 연락와서 저는 #스타벅스하드파우치 일단 담아달라고 했어요 실물 보고 예쁘면 내가하고 아니면 동생이 하는걸로 ㅎㅎ 동생은 #22주년기념케틀 #22주년기념드리퍼 세트로 샀더라구요 오픈런이라 1등으로 서있었다는데 어떤 노매네 분이 문 오픈하자 마자 그냥 들어가서 물건을 집... 었다네요?! 직원분이 기다리라고 했고 줄을 서있는 사람이 있는데?!  우이씨!!!  그래도 살거 샀으니 다행이죠 , 생각보다 사람들이 많이 없어서 사고나서 찍은 사진들인데도 #22주년md 들이 많이 남아있더라구요 #22주년텀블러 가 엘마로 나오면 난리났었을 텐데, #22주년글라스 #22주년글라스머그 도 너무 예쁘더라구요확실히 #스타벅스케들 #스타벅스드리퍼 는 다 나갔구요 #스타벅스하드파우치 도 다 나갔어요​#SS22주년기념케틀 550ml 1999년 스타벅스 개점 당시의 사이렌 로고  550ml 용량의 스테인리스 스틸 케틀이예요 용량이 커서 좋다고 하더라구요#22주년기념드리퍼​1999년 스타벅스 개점 당시의 사이렌 로고 디자인이 특징인 #4 필터용 푸어 오버 세라믹 드리퍼라고 하네요케틀과 드리퍼 세트로 너무 예쁘네요 ​​​#22주년기념하드파우치​1999년 스타벅스 개점 당시의 사이렌 로고가 음각으로 새겨져있고 , 그린 컬러 배색으로 클래식한 분위기를 자아내는 하드 파우치예요 W180 * H115 * D70 (mm) 사이즈​내부에 주머니 2개가 나눠져 있어 소지품들 넣기 좋겠어요세탁이 불가 하구요  오염 시엔  마른 수건으로 두드려 닦아내야 하고 패키지는 매트한 표면 특성상 오염되어 있을 수 있고 불량이 아니래요 내부 원단의 특성상 이염이 발생할 수 있다고해요​#스타벅스쓱 에 잠깐 올라온거 같은데 온라인은 빨리 빠지더라구요 ​#서머조이버터스터드텀블러 는 아까 3시부터 3시20분까지  계속 구매버튼 눌렀는데 화면이 넘어가질 않더라구요중간중간 품절 떴더가 재입고 되고 몇번 반복하다가 포기 하고​#카카오톡선물하기스타벅스 에는 있길래 주문 했는데 물량이 모자르면 취소 당할 수도 있다는 글을 봐서 ;; 무사히 잘 받길!! ",15,1,0,237,3,0,40.4,3,,2021. 7. 27. 17:08,131,199245,국내여행,[]
4,https://blog.naver.com/miss_ssuun?Redirect=Log&logNo=222298267741,"#스타벅스오로라파우치 후기를 이제야 올려요 , 블로그 올릴건 너무 많은데 요즘 너무 다 귀찮아서 ㅋㅋ미루고 미루고 물건들은 계속 사는데 ㅋㅋㅋ저번 달에 오랜만에 멀리 바람 쐬러 다녀 왔거든요바다는 강원도 바다를 한달에 한두번은 가다보니 (바다 해변 후기도 많은데.ㅋㅋㅋㅋㅋ 하하) 다른 지역으로 가보자 해서 !!! 울산으로 달려갔어요  #울산호캉스 도 하고 #울산바다 도 보고 #스타벅스울산정자비치DT 가서 #오로라파우치  사왔어요  (너무너무 예뻐요 외국온기분ㅋㅋ)​​반짝반짝 너무 예쁘죠?!?! 사이즈도 손보다 조금커요 아이라이너  마스카라 넉넉하게 들어갈 길이라 화장품 파우치로 쓰려구요 로고도 예쁘고 깔끔하게!아! 안에는 젤리와 스티커가 있어요​​#스타벅스젤리 #스타벅스스티커 젤리는 식물성 성분 펙틴 과일 농축액으로 만들어졌는데 호불호가 좀 갈릴거 같아요 ㅋㅋㅋ 엄만 맛있다거 했는데.저랑 오빠는 별류 힝 쫀득 함이 아예없고 씹으면 슥 ~하고 씹히는 식감 ㅎㅎ 어린이들 주면 좋을거 같아요 건깅한맛! ​화장품 파우치로 아주 잘 들고 다니고 있어요 팩트로만 넣으면 두개.정도 들어갈 크기예요 스티커는 작아서 귀여운데 어디에 쓸까 ㅋㅋ 고민 ㅋㅋ 생각보다 많이 들어가요,  마스카라 빗 아이라이너2개 미니뷰러하나 브러쉬통 아이쉐도우 등등등!!! 많이 들어가요텀블러 엠디는 너무 많아서 모아놓은 장도 꽉 찼고 ㅋㅋㅋ 그래도 사겠지만 ㅋㅋ 이런 소품들 많이 나옴 좋겠어요 ㅋㅋ #스타벅스가방 이랑 #스타벅수파우치  생각보다 잘 들고 다니게되요​ 
 
 
",12,1,0,171,1,0,40.4,4,,2021. 4. 4. 18:32,131,199245,국내여행,['블로그 잘 보고가요~ \n쇼니님 즐거운 하루 되세요 ^^\n앞으로도 좋은 글 많이 부탁해요~']
5,https://blog.naver.com/miss_ssuun?Redirect=Log&logNo=221847575824,"​​​#스타벅스베라왕 3월10일 #스타벅스 #베라왕 콜라보 MD와 카드가 나왔어요집순이 하고 있다가 , 오빠랑 같이 드라이브스루 하러 갔다가주차하고 저만 후딱 들어가서 실물 보고 왔어요 ㅋㅋㅋ차에서 사이렌 오더로 주문 해놓고 텀블러 직원분께 드리고바로 #베라왕텀블러 #베라왕파우치 보러 ㅎㅎㅎ​​​​#SS베라왕트로이텀블러 473ml사진으로 봤을 때 쏘쏘 였는데 실물이 조금 더 괜찮았어요옛날에 좋아했던 스타일 텀블러 ㅎㅎ 요즘은 콩코드 같이 둥근라인? 있는게 이뻐보이드라구요​​​​​#베라왕DW머그 355ml 뚜껑이 있는 #베라왕머그 엄청엄청 무거워요 머그 들고 있는 손가락 힘엄청 주고 있어요 ㅋㅋ 한 손으로 들기엔 무리 ㅜ 제가 손이 보통 크기 거든근데 텀블러 보다 머그가 더 예뻤어요​​​​​​​#베라왕콜드컵 473ml#스타벅스콜드컵 예쁜데 이건 그닥,,,​​​​#베라왕핸들머그 355ml무게감이 좀 있어요. 무궁화 머그가 너무 예뻐서 요즘 다른 머그는 눈에 잘 안들어 오네요 ㅋㅋㅋ사진보다 실물이 괜찮았어요 ​​​​​마지막으로​#베라왕트래블파우치 요거 보러 간거긴 한데 ㅎㅎ #스타벅스파우치 트래블 파우치라고 하네요 가로20cm X 세로 11cm X 높이 18cm상단에 손잡이가 있고 짙은 컬러의 상품과 마찰 시 이염될 수 있으니 사용 시 주의! 오염 시에는 상품의 변형 및 이염이 발생할 수 있으니 세탁은 삼가해주시고 마른 수건으로 즉시닦으라고 하더라구요내가 생각했던 파우치는 아니여서 패스,, ​후딱 보고 음료 받아서 바로 차로 고고! ㅋㅋ60 0)송
에
5

)
60 0)송
에
5

)
60 0)송
에
5

)
",16,1,0,160,1,0,40.4,9,,2020. 3. 11. 1:06,131,199245,국내여행,[]
6,https://blog.naver.com/miss_ssuun?Redirect=Log&logNo=221779481433,"​​​​​ #BTS #BTS스타벅스 #BTS스타벅스캠페인 #BTS스타벅스콜라보#스타벅스와 BTS 캠페인 MD가 1/21~ 소진시 까지! 오픈! 머그 글라스 부터 체크 타탄 파우치2종에 퍼플 테슬 키체인까지 ,컬러 조합이 넘  예뻐요 ​#타탄체크파우치​​​​​​​​MD 1인1개 구매 제한 이구요 #미판매매장 있으니 확인하고 가세요​​​​​BTS 스타벅스 캠페인 케이크도 나왔어요캠페인 푸드 2종 구매시 퍼플캔들 준데요​화이트뱅쇼 들어가서 따뜻하게 마실거 찾고있었는데 #블루밍퍼플뱅쇼 나왔어요, 요거 마셔볼라구요#블루베리스티마카롱 #퍼플베리치즈케이크#파플스타컵케이크 #퍼플스타파운드​​​​​​​#타탄체크파우치스몰가격 43,000​​​​​​​#타탄체크파우치라지가격 48,000​​​​​​​​​​​#리얼골드스타글라스#리얼골드글라스#본차이나머그​BTS 스타벅스 캠페인MD 실물로 보러 나갔다 와야겠어요​굿밤​1
60 0)송
에
5

)
60 0)송
에
5

)
60 0)송
에
5

)
",34,1,0,62,0,0,40.4,4,,2020. 1. 20. 23:57,131,199245,국내여행,0
7,https://blog.naver.com/miss_ssuun?Redirect=Log&logNo=221943919174,"#주파집 미니 #가습기 차랑 집에서도 엄청 잘 쓰고 있는데,홈트룸 만들어 운동할 때, 쓰고 싶어서 #대용량가습기 주문 했어요. 물론 잘 때도 쓰려고 #무드등가습기 도 찾아 봤는데 주파집에 #가정용가습기 가 디자인도 깔끔 하고 무드등 색도 예쁘더라구요 주파집 사용설명서예요 간단해서 한번 쭉~ 읽고 바로 사용할 수 있었어요다 분리해서 보니, 전면다이얼,플로티,물탱크, 미스트아울렛, 물탱크커버, 콘센트, 사용설명서, 청소붓? 이렇게 있었어요기계치인 제가 ! 한번에 쓱! 완전 넉넉한 4L 대용량!인데 뚜껑이 윗부분에 있고 통세척! 한번에 하니까 청결하게 관리하기 편하더라구요! 콘센트 꼽을 때 , 가습기 바닥 부분에 있구요. 이게 젤!! 좋았는데 선정리가 아래서 될 수 있더라구요 방향을 좌우 편하게! 가습기 통에 물을 넣고나서 틀었는데 , 저소음에 초음파식이라저녁에 쓸 때도 신경 쓰이지 않고 수분 분사도 엄청 높이 올라 갔어요시간 설정도 여러가지 6단계 타이머설정에 ,최대 32시간 사용할 수 있어요125ml , 250ml, 375ml 따라 분사력이 달라요 이제 10단계 무드등!! 컬러가 넘나 예쁜! 불껐는데 넘나 예쁜거 있죠! 자기전엔 무드등으로 틀고 잘 땐 무드등 끄고! 32시간 까지 켜놔도 되니까 요즘 편하게 잘 쓰고 있어요~~!!추천해요!! ​​​​​https://smartstore.naver.com/jupazip/products/4724862372​60 0)송
에
5

)
60 0)송
에
5

)
60 0)송
에
5

)
",34,1,1,151,0,1,40.4,11,revu,2020. 5. 3. 23:25,131,199245,국내여행,0
8,https://blog.naver.com/miss_ssuun?Redirect=Log&logNo=221743121046,"​​​​집에 가습기가 큰거 밖에 없어서 미니 가습기 찾고 있었는데 무드등 가습기를 보고 맘에 쏙 , 벤티 사이즈 음료보다 작지만 듀얼분사에 무드등 까지 맘에 들더라구요​#미니가습기 #휴대용가습기 #가습기추천 #USB가습기#차량용가습기 #소형가습기 #무드등가습기 #수피아 #주파집가습기, 사용설명서, 필터, usb케이블 까지 군더더기 없이 깔끔! 소형 가습기라  메이크업 할 땐 화장대에 두고잘 때는 침실에 , 여행 갈 때는 차에 두고 쓰려구요 ㅎㅎ​우선 충전부터 시켜놓고, 설명서 봤어요사용법이 쉬운것도 좋기만 세척도 편리하고 쉽게 깨끗하게관리 할 수 있어요​​​버튼을 길게 누르면 어느 단계던 꺼집니다버튼을 1번 누르면 위에만 분사버튼을 2번 누르면 위 아래 동시 분사버튼을 3번 누르면 위 아래 교체 분사버튼을 4번 누르면 아래만 분사버튼을 5번 누르면 분사 꺼짐​​​​​빠르게 버튼 빠르게 두번 따닥! 끝! 4시간 충전하면 최대 6.5시간 사용가능한 배터리니 잘 때 켜두기 좋고, 두 개의 분사구로 가습기량도 좋고 거기에 무드등으로 눈 편하게  사용가능 하니 만족입니다​​​​​​​ 
 
 
",11,1,4,126,0,4,40.4,7,revu,2019. 12. 19. 23:56,131,199245,국내여행,0
