,Post URL,Post,Image num,sticker num,gif num,Paragraph num,Comment num,Video num,weekly viewer mean,Sympathy num,AD,Posting Date,Buddy num,Total visit,Blog category,Comment detail
0,https://blog.naver.com/mkil618?Redirect=Log&logNo=221593828138,"행복이가 돌쟁이가 됐어요 :)11개월부터 신나게 걷고있지만, 유모차 없이는 다니기 힘들다는​유모차 초여름부터 이미 태양도 뜨겁고 더위를 식힐땐 필수템인 유모차 선풍기!​도노도노 유모차 선풍기시원한 아쿠아블루 색상으로 여름나기 준비완료손바닥 만한 크기라 작지 않고 너무 크지도 않은딱 알맞은 사이즈유모차 손잡이 지지대에 고정하게끔 클립 집게타입위에 날개부부을 360도 위아래 어느방향이든다 가능 +ㅅ+뒤면에는 전원 버튼과 풍량(4단계)그리고 usb충전단자전용충전식건전지(2개) 장착구로 구성​배터리 한번 완충하면 14시간까지 사용하니일주일에 한번 충전 하는거 같다충전 자주 하지 않아도 되서 넘나 편하다는하늘하늘 아쿠아블루색상보기만해도 시원해보인닷usb충전 중일때는 빨간색led가 깜빡거리고충전이 완료되면 led가 꺼진다밑면에도 미끄럼방지패드가 있어탁상용으로도 테이블에 놓고 사용해도 움직이지 않아집에서도 커피숍에서도 테이블에 올려놓구도 유용하게 쓸 수 있다구아이가 잘때 수면시 사용해도 조용하고 좋아클립 고정부 최대 4cm 까지 벌어져 디럭스타입 유모차도 고정 충분히 가능클립 부에도 미끄럼 방지패드가 있어빠지지가 않아 확실히 고정된다는바람 세기는 3단계로 조절이 가능하고버튼1번에 1단계 -> 한번더 누르면 2 단계 -> 이런식으로 4단계의 바람​선풍기와 아이와의 거리로 자유롭게 조절하면 되니작동법도 쉽고 편하닷​유모차 앞보기 시 장착은 옆면 손잡이에360도 방향 전환이 죄서 옆면에 장착해도 시원손잡이 뒤보기 할때는 아이 몸쪽 방향으로 향하게어디든 장착 가능주말 장마가 지나고 급 뜨거운 무더위를 헤치고 카페행역시 여름엔 카페가 세상 시원 :)에어컨 직바람을 피해 자리를 잡고​앞보기 유모차 상태라 옆구리에 장착했지요옆구리에 장착해도 360도 회전 가능하니어느방향으로도 바람이 갈수 있다지요돌쟁이 아가가 손가락을 넣으려해도들어가지 않아 걱정없구가장 넓은 부분에 저정도 넓이(6mm)손가락이 들어가지 않아요(조금더 어린아이는 조심해서 사용해야 할듯)오늘도 도노도노 휴대용 유모차 선풍기와함께땀을 식히며 간식타임중인 행복이♥︎올 여름은 선풍기와 함께 시원하게 유모차 나들이 하자​여름에 유모차 타야하는 아가들에겐휴대용 유모차 선풍기 필수템 :)​​​​​​•함께하면 좋은 글아기 여름이불 도노도노 쿨리플 시원함을 부탁해​​​​​​​건
",18,0,0,219,6,1,72.0,47,,2019. 7. 24. 7:26,1199,484879,국내여행,"['순간 손가락 들어갈까봐 놀랬는데.다행이네요. ^^', 'ㅎㅎ 네 안들어가더라규용 :)', '저도 이거 써요ㅎ 똑같은 색상으로요ㅎㅎ 4단 조절에 색상도 예뻐서 아주 맘에 들어 잘 쓰고 있어요ㅎㅎ', '맞아용 이거 넘나 만족하고 있어용 ㅎ 굿밤되세요', '귀염둥이네', 'ㅎㅎㅎㅎㅎ']"
1,https://blog.naver.com/mkil618?Redirect=Log&logNo=221932948494,"안녕하세요. 디자인 유아용품, 플루토나인입니다. 정말 오랫만에 블로그 체험단을 진행해요~그동안 제품력을 업그레이드 하기 위해 고심이 많았어요!플루토나인의 기저귀가방을 사용하신 고객님들께서다양하게 주신 의견을 적극 반영하여 업그레이드 출시 하게 되었답니다!오랫만에 오랫만에 준비한 만큼 신경을 많이 썼어요~ 업그레이드 된 기저귀가방과 함께 사용하면 딱 좋은 이너백(백인백, 유모차가방겸용)을 함께 준비했습니다!!​​● 이벤트 안내- 응모기간 : 2020년 4월 28일 ~ 5월 10일- 당첨자 발표 : 5월 12일- 당첨상품 : 플루토나인 업그레이드 기저귀가방+백인백 (※ 디자인 선택가능)- 당첨 인원 : 5명​● 신청방법 안내① 블로그 서로이웃 신청② 플루토나인 인스타 팔로우 https://www.instagram.com/plutonine_official/③ 본 컨텐츠를 블로그 또는 카페에 1건 스크랩  (※ 전체공개 필수)④ '비밀덧글'로 스크랩 URL / 디자인번호 /  간단한 신청사유​​● 당첨자선정기준- 블로그와 인스타 모두 활발히 활동 하시는 분, 리뷰를 정성껏 작성해주실분으로 선정됨- 기존당첨자+신규당첨자 모두 선정함​● 체험활동(필수미션)- 후기등록기간 : 2020년 5월14일 ~ 6월 7일까지- 필수미션 : 후기 네이버블로그1건, 인스타그램2건 - 리뷰내용 : 착용사진 / 수납성 사진 / 유모차장착사진 / 수납 동영상 (필수)- 기간내 필수 등록 당첨자에게 블로그 후기 작성기간과 인스타 작성 기간 별도 안내됨- 해시태그(필수)#플루토나인 #기저귀가방 #유모차가방 #이너백 #백인백 #아기기저귀가방 #가벼운기저귀가방 #기저귀가방세트@plutonine_official​​● 베스트후기당첨안내- 베스트후기발표 : 2020년 6월 9일 - 베스트후기 사은품 : 보냉백(디자인 3종 중 택1) - 후기로 지급된 사은품은 간단한 리뷰1건 등록 해주셔야 합니다. ​​​​​​​[주의사항]- 체험단 선정 기준은 플루토나인 선정기준에 의해 선정 됩니다. (비공개 계정은 이벤트 선정에서 제외됩니다.)- 후기작성 가이드를 별도로 보내드리니 가이드에 맞춰 작성해주세요. - 후기 마감 기한을 꼭 지켜 주시고, 사정이 있을 경우 미리 연장 신청해주세요.- 후기등록 후 후기 URL을 카톡플친 @플루토나인 으로 보내주세요. - 체험단 활동 시 작성한 리뷰 또는 사진은 해당 업체에서 마케팅용으로 자유롭게 활용할 수 있습니다. - 안내해 드린 해시태그를 #태그에 꼭 넣어주세요. 단어 및 띄어쓰기를 정확하게 사용해야 하며,지켜지지 않으면 수정요청이 있을수 있습니다.- 후기 등록기간 내 후기 미등록시, 리뷰는 최소 6개월이상 지속되어야 하며 삭제 또는 비공개 시 서비스이용료 및 제품 가격에 대하여 비용 청구됩니다.- 제공받은 제품으로 후기 용도 외 재판매는 절대 불가합니다.- 재판매건 적발 시 제품 가격 환불 및 체험단 참여 제한됩니다.​​● 플루토나인 업그레이드 기저귀가방 자세히 보기체헌단 모집기간에는 기저귀가방 정가의 30%할인 진행합니다~!!​​​​​​​​1 고
|
쯤
 (7@
'

1:
",5,0,0,306,2,0,72.0,23,text_ad,2020. 4. 27. 23:31,1199,484879,국내여행,[]
2,https://blog.naver.com/mkil618?Redirect=Log&logNo=221746031288,"​​열이 많은 행복이 이제 17개월 되었답니다.몸에 열이 많아 본능인지 물도 무척이나 좋아해서 겨울에도 워터파크는 필수​요며칠 한파가 찾아와서 도톰한 수면 잠옷을 입고 잤더니 등이며 엉덩이에 땀띠가 ㅠ미안하다 아들. 엄마만 추웠나보다​겨울에도 열이 많은 행복이는 기저귀도 통기성이 필수가 되어버렸어요 기존에 쓰던 기저귀는 흡수력은 좋은데 통기성이 조금 부족해서 이번에 통기성이 좋다는 마미포코 골드통기케어팬티를 입어보았어요>.< 땀띠가 주로 나던 허리 밴드부분이어찌나 뽀송하던지 정말 놀란.​1팩에 32개입 마미포코 통기케어팬티 기저귀행복이는 13kg 움직임이 상당히 많은 아이라팬티 기저귀 특대형 사이즈가 딱! 맞는​단계별 아이의 몸무게나 행동발달에 따른구분으로 선택하세요​남아용 마미포코 통기케어팬트 특대형​남아라서 그런지 아빠와 아이의 행복한모습으로포장 구분되어 있다. 행복이도 아빠랑 이런 사진 연출해야하는데 ㅎ기저귀 포장 박스를 풀어 행복이가 오더니아빠아빠~라며 연신 아빠와 아기를 외치던요즘 단어가 조금씩 느는 듯한 귀염둥이​​​귀여운 유니콘 그림의 하얀색과 하늘색으로 되어 있는기저귀 아이의 상상력을 자극 시켜주는 그림이라 너무 좋아하더라​​​​허리 부분에 특히 아이 땀이 많이 생겨자주 땀띠도 나고 울긋불긋한데블루 퀵 드라이 허리 밴드로 습기를 싹~ 말려준다니진정 엄지 척 -_-b​기저귀 면 전체에 에어 통기홀로 공기가 솔솔 빠져전체적으로 통기케어팬티가 뭔지 알게해주는​​​행복이는 밤잠 11시간을 내리 자는 아이여서 흡수력이 아기때부터 무엇보다중요시 했는데 12시간 흡수력 뿐만아니라블루퀵 드라이 허리밴드로 허리부분도 뽀송하게에어통기홀로 엉덩이 부분 전체적으로 뽀송하게에어 물결 커버로 물결 홈 사이로 공기가 솔솔 통해이중으로 엉덩이 전체적으로 뽀송하게 해줘 오래도록 착용해도 엉덩이 발진나지 않도록 해줘요​​​본격적으로 기저귀를 살펴볼께요​허리 부분의 밴드가 어찌나 주름이 부드럽게 많아배가 많이 나온 울 아기가 답답하지 않도록늘어나던 밴드의 짱짱한 탄력 굿굿​​기저귀를 교체 할때는 허리 밴드부분 옆 마감된부분을손으로 뜯어내서 벗기면 된다어른 힘으로 부드럽게 뜯기는 타입이라간편하다​​​엉덩이 뒷부분 스티커로 기저귀 교체시에 돌돌말아 스티커로 고정시켜버려주면 된다는스티커 부분도 넓이가 넓어 고정이 잘된다​​허벅지 부분 마감도 부드럽게 프릴처럼 마감되어있어아기의 민감함 피부에 긁히지 않아 새심하게아이를 생각하며 만든 정성이 보인다​​이중 옆샘방지 밴드로 아이가 활동하면서 혹은 누워서 뒹굴거리며소변을 누워도 옆으로 새는 일 없이쫀쫀하게 허벅지에 고정되어​​소변양이 많은 밤 통잠 중에도 새는일이 없었다는 굿굿!​기저귀에서 무엇보다 제일 중요한게엉덩이 부분에 닿는 면이 정말 중요한데부드러운 재질의 면이 얇게 여러겹으로 이루어져아이의 엉덩이 발진이 일어나지 않도록정말 눈으로 봐도 부드러운​​그리고 기저귀 전체를 감싸고 있는 에어 통기 홀로 바람이 솔솔~ 기저귀 안의 습기와 열기를 바깥으로 내보내 아기의 피부가 상쾌 뽀송해져요​​기저귀 겉면에 작은 미세 구멍인 에어통기홀이 있어 눈으로 보기에도 공기가 잘 통할 것 같은 느낌적인 느낌, 기저귀가 갑갑하지 않아 평소보다 아기 피부가 짓무르지 않고 늘 뽀송함​​​​허리 밴드부분도 진짜 맘에 들었던게360도 탄탄한 허리 밴드인데 주름이 부드럽게 여러변 접혀 바느질 되어​​​배가 볼록하게 나온 울 애기도 갑갑하지 않도록 쫀쫀하게 늘어나는 정도가 너무 좋았고​​​​블루 퀵 드라이허리 밴드로 습기가차서 배 부분에 땀띠가 종종 났는데배부분이 늘 뽀송하게 유지되니깐엄마인 내가 다 뽀송해지는 기분​​​​허리쪽부분은 기저귀 착용시 가장 습기가 많이 발생하는 곳이라 민감했는데,  습기를 싹 흡수해주니까 아기 피부가 항상 쾌적하다는​엉덩이 꼬리뼈부분도 습기가 차서 울긋불긋열꽃 올라왔었는데 그런게 없어져서 넘나 굿굿​​​허벅지 부분 마감도 그냥 칼로 자른듯 날카롭게 잘려진 타입이 아닌프릴타입으로 아이가 활동적으로 움직일때긁힌 염려가 없이 부드럽게 마감되서 감동​​​​아기때 모 브랜드 사용하면서 정말허벅지나 허리부분 마감이 너무 책 종이 같이날카로워서 연약한 아이 피부에자국나던거 생각하면 마미포코 기저귀는새심하게 꼼꼼하게 잘 만들어 칭찬해​​​​활동적인 행복이는 목욕하고 기저귀 차는 동안에도 너무 움직여서 팬티 기저귀가 딱!​기저귀 흡수력 테스트​​​기저귀의 중요한 흡수력이 얼마나 되는지 한번 확인해 봤다​​​​파란색 물감을 탄 물을 준비하고 물은 일단 많이 준비했는데 실제 부은 양은 저거 반정도​​​​​처음 막 붓고 난 뒤에정말 몇 초 있다가 싹~ 스며는데눈으로 보는거 처음 해보는데넘나 신기했다​​​​​실제로 15초쯤 뒤에 휴지로 닦아보니 뽀송뽀송손으로 묻어나는 습기도 없고휴지에도 묻어나는 습기가 없어 >.<​​​​사용하지 않은 기저귀(위) 와 사용한 기저귀(아래) 두께차이측면이나 앞 뒤면으로 새지 않는건 기본​​​처음에 있던 살구색의 물결 무늬가소변을 보게되면 사라져요아이 소변 체크시에는 무늬 여부로 확인하시면 되요​​​다 사용한 뒤에는위에도 언급했듯이사용한 기저귀를 돌돌말아후면에 붙어있는 스티커를 떼서 쭉 붙이면 끝!​​겨울에도 땀많은 우리 아이를 위한에어 솔솔 뽀송한 마미포코 통기케어팬트 기저귀 추천해요 :)​​​마미포코 기저귀는 쿠팡에서도 구매 가능 합니다​​​​​​​​#팬티기저귀 #팬티기저귀추천 #겨울기저귀 #피부온기기저귀 #온기케어팬티 #피부온기케어 #기저귀추천 #마미포코 
 
 
",45,1,4,545,2,1,72.0,59,revu,2019. 12. 22. 22:41,1199,484879,국내여행,"['잘보구가용  ◡̈', '방문감사해요 굿밤되세용:)']"
3,https://blog.naver.com/mkil618?Redirect=Log&logNo=221742945772,"​행복이가 벌써 17개월에 진입!언제 이렇게 큰건지 새삼 시간가는거에 놀랐다​어린이집을 아직 다니지 않아이른 감이 있지만 집에서 기저귀떼기 배변훈련을미리 연습해보고자 한다내년부터 어린이집가면 적응 잘 해야할텐데걱정이 태산​리쳇을 소프트튜브의자로 알게된브랜드인데아이와 엄마까지 생각하는 구나 생각했던 브랜드휴대용 변기의자가 있어 마련해보았다배변훈련성공 사례가 후기에 젤 많다는 릿첼 유아변기​릿첼 유아변기는 3단계별 사용이 가능해서 더 유용한유아변기에서 보조변기로 사용하고 보조변기에 발판까지 사용가능한 다양하게 오래 사용가능한 리첼1세부터 6세까지 사용가능하니 요거 하나면 되겠다며​​일단 뭐든 새거면 신기할 나이 이게 모지? 쉬야 응아 하는 변기야일단 호기심 자극은 됐고​​​비닐에 2차 포장되어있는 릿첼 유아변기​​변기본체, 보조변기, 변기발판커버, 변기뚜껑보조변기 지지대 부품사용설명서로 구성되어있다​​​​​​조립되어있는 변기를 맞추기만 하면유아변기 완성색도 흰색과 그레이 조합이라 세상깔끔(크기- 33x24.5x34cm) ​유아변기 의자부분을 떼면소변받이가 나온다흰색 소변받이만 들어서 세척해서 사용하면되는​소변받이가 뭔가 곰돌이 젤리 모양 같은 ㅋ​​발판 커버를 덮으면 본체를 발판으로 사용해서세면대나, 소변기 앉을때 발판으로 사용하면아이가 스스로 혼자 앉아서 볼일을 볼수 있게끔배변훈련을 할 수 있다발판 높이는 14.5cm로아이가 세면대 높이 손을 스스로 닦을 수 있는 높이가 된다​​유아 변기를 사용할때위에 앉는 의자부분 결합시앞부분 홈에 끼우면 딱 들어맞으면서 고정이된다따각 소리가 나며 고정됨​​​​​​아이가 알아서 손잡이를 잡고 앉는입으로 ‘쉬’ 소리를 내며 소변보는 행위를 ㅋ​​​튼튼한 등받이와 손잡이로 안정적인 배변자세를만들어 성인변깅에 앉았을때 불안감을감소시켜 줘요​낮은 높이일때도 옆 손잡이를 꼭 잡고배변활동하는 17개월 행복이​기저귀 벗고 하는 연습도 슬슬 하자꾸나​​​​성인 변기에 설치해보았다위에 앉는 부분만 떼어내어 성인 변기 의자에올려놓으면 된다임시 설치로 그냥 올려놓았는데밑 바닥 부분이 우레탄으로 미끌리지 않고 고정되어아이가 앉고 내리는데 고정이 잘 되는​이후 아이가 쭉 사용하려면보조변기와 성인변기를 연결 고정할수 있도록 홀더 부속품을설치해서 사용할때 고정해서 사용하면된다.(설명서 참조)​​위에서 보는 설치된 모습디자인이나 색상도 엄마 맘에 쏙인테리어와도 너무 잘 어울려원래부터 있었나 하는 착각이​​​아이가 앉았을때에 허벅지가 의자 손잡이 안쪽으로안정감있게 앉을 수 있도록 나 온 디자인유아 변기 엉덩이에 맞게 설계되어아이가 앉아서 불편함을 못느끼는​​릿첼 유아변기에서 젤 맘에드는 손잡이 부분둥근 형태로 아이가 다치지 않도록 둥근 모양이라서잡기도 쉽고변기에 세균이 많은데, 아이가 높은 곳에 앉아 떨어질까 무서워 변기옆쪽을 잡는거는 정말 싫었는데 그런 아이를 생각하며 만든 손잡이라니 진짜 맘에 쏙​​손집이 부분은 나중에 더 크면 옆에 손잡이 부분 볼트를 해체해도 되고 높이 조절까지 되니6세까지 쓸수 있는 릿첼 유아변기​​​​​​아직 아이가 어려 성인 변기 앉을때 높이가 높아변기본체 뚜껑을 씌우면 발판으로 사용가능​변기 앞에 발판으로 놓으면아이가 스스로 변기에 앉을 수 있다​ ​2단계로 보조변기로 사용할 수 있고3단계는 보조변기 + 발판으로 사용해 1석3조의효자템 릿첼 포티스텝변기K​​앞 부분 소변가드가 튀는 것을 막아 깨끗하게 사용할수 있도록 해줘요​쉬쉬 소리내며 배변연습중 ㅎ>.<이런식이면 두달안에 가능하겠어 아들​​기저귀 착용한 것만 빼면완벽한 배변활동 자세 ㅎ차근차근 소변 보는 것부터 한번씩 경함하게해서기저귀떼는 연습을 해보고자 한다​​​​ 본 건 있어서 내려오지마지 변기 물부터 내리는‘행복아 넌 기저귀 차서 볼 일 본것도 없는데?’​암튼 이렇게 물 내리는 행위도 배변활동 교육에 하나​다음은 손씻기​아직 17개월이라 세면대 높이가 상당히 넢은 편행복이 키가 대략 86쯤 되니​​발판을 놓고 위로 올라가게 해서 손을 뻗었더니그래도 물줄기까지는 닿지 않는 ㅋㅋ​발판의 높이가 대략 14.5cm이니참조하세요​그래서 안방 욕조에 설치해 뒀던코끼리를 영입손 뻗는 곳까지 물줄기가 닿자 신난 행복이아이들은 역시 물을 너무 좋아해​​갑자기 아푸어푸 세수하는 행복이아이야 볼일을 보고난 뒤에는 손을 깨끗이 씻어야해​​비누칠 꼼꼼하게 야무지게 팔까지 닦고물로 샥샥 닦는 꼬꼬마​유아변기 1개로 3단계까지 사용가능한릿첼 포테스텝변기K배변 성공사례가 많은 변기 왜인지 알겠다며역시 육아는 장비빨​​​​​울 행복이 배변훈련성공 금방하겠다며유아변기 릿첼 포티스텝변기K 추천해요​​​​​​​​​​​",46,0,2,447,0,2,72.0,58,revu,2019. 12. 19. 20:56,1199,484879,국내여행,0
4,https://blog.naver.com/mkil618?Redirect=Log&logNo=221558774219,"안녕하세요. 디자인 유아용품, 플루토나인입니다. 벌써 여름이 성큼 다가왔어요~ 벌써부터 여름휴가 계획을 세우시는 분들도 많더라구요!그래서 여름에 딱~ 들기 좋은 디자인으로  기저귀가방 체험단을 준비 해봤어요~​#가벼운기저귀가방 을 찾고 계신 이웃님이시라면 #플루토나인기저귀가방 체험단이 딱이에요. 260g으로 이보다 더 가벼울 순 없거든요.​​​​기저귀가방은 패션 아이템인만큼 디자인을 선택 할 수 있도록 준비했어요~원하시는 디자인명을 꼭 선택해주세요~화면으로 보는것보다 실제로 들었을 때 더 예쁜 #플루토나인 #맘백 과 여름휴가 미리  준비 하세요~체험단 관련 문의사항은 댓글로 남겨주시면 안내드릴게요. 많은 참여부탁드려요!",1,0,0,69,0,0,72.0,33,,2019. 6. 10. 17:06,1199,484879,국내여행,0
5,https://blog.naver.com/mkil618?Redirect=Log&logNo=221472330718,"안녕하세요. 디자인 유아용품, 플루토나인입니다. 벌써 2월의 끝자락이 보이네요~ 이제 날이 좀 풀리면 나들이 많이들 하실텐데!미리 준비하셨으면 하는맘에 기저귀가방 체험단을 진행 합니다!봄과 잘 어울리는 디자인으로 준비 했어요~^^​#가벼운기저귀가방 을 찾고 계신 이웃님이시라면 #플루토나인기저귀가방 체험단이 딱이에요. 260g으로 이보다 더 가벼울 순 없거든요.​​기저귀가방은 패션 아이템인만큼 디자인을 선택 할 수 있도록 준비했어요~원하시는 디자인명을 꼭 선택해주세요~화면으로 보는것보다 실제로 들었을 때 더 예쁜 #플루토나인 #맘백 과 봄맞이 준비 하세요~체험단 관련 문의사항은 댓글로 남겨주시면 안내드릴게요. 많은 참여부탁드려요! 
 
 
",1,0,0,69,2,0,72.0,11,,2019. 2. 22. 17:30,1199,484879,국내여행,"['당첨되라 얍!ㅋㅋ 화이팅입니다💕', '좋은 기운 받겠습니다🙏🏻 감사해용😭']"
6,https://blog.naver.com/mkil618?Redirect=Log&logNo=221584921006,"이제 장마가 시작되는 본격 적인 여름이 시작되었다그런데, 비가 많이 온다던데 일기예보가 쫌 언제쯤 잘 맞출건지.. 그나마 최근에는 그래도 비가 꽤 내렸다더위가 한풀 꺾여 다행인 요즘​집안도 축축 이럴때 건조기 없는 우리집은날씨를 꼭 확인하고 빨래를 해야 냄새없이 뽀송한 빨래를 할수 있다는 이럴땐 섬유유연제의 향 고를때 신경이 쓰인다는거새로 마련한 아이린 섬유유연제대용량 아이린 섬유유연제 무려 3000ml세가지 종류의 다양한 꽃향기 섬유유연제 ​식초 성분 첨가로 세제 찌꺼기 까지 깨끗하게 제거 가능야자유에서 얻은 식물유래 유연성분 함유로 정전기 방지와 부드러움을 유지한다는 거​여름 빨래할때 제일 고민될때가행복이파파 흰 기본면티랑 수건 냄새나지않게 건조하기여름이다 보니 수건을 어찌나 많이 사용하는지일주일 두번 세탁 필수가 되어버린 요즘​일주일에 두번 다른 꽃 향기로 집안 가득 은은하게퍼져 좋다는#아이린메리골드향메리골드의 따뜻하고 부드러운 꽃향기#아이린핑크로즈향내가 제일 좋아하는 핑크핑크핑크로즈의 우아하고 사랑스러운 꽃향기#아이린블루데이지향블루데이지꽃의 싱그럽고 산뜻한 꽃향기세가지 다른 향이라 다른 옷을 입는 듯한 느낌빨래를 실내에 건조해도 햇볕에 말린 듯꽃 향기 가득습기많은 여름 실내에도 꿉꿉한 냄새가 없어 좋아걱정되는 성분(광물유, 합성 유기색소, 동물유래성분, 설페이트, 합성방부제) 및 파라벤 6종 무첨가​무색소 무방부재로 피부자극 시험까지 완료해서 믿고쓰는 아이린대용량이라 직접 세탁기에 붓는 것은너무 많은 양이 부워질 수도 있고무거워 팔도 손목도 아프니덜어쓰면 좋은데 뚜껑에 덜어쓰면 좋은데아이린 섬유유연제 뚜껑 용량 표기되어 덜어쓰는게 아니라서 조금 아쉽;세가지 향 모두 색은 흰색의 묽은 타입색소가 첨가되어있지 않아 (피부자극 시험 완료)고농축이 아니라 묽은 타입의 섬유유연제​세탁후에 세제찌꺼기 남을 까 행복이가 돌 전이라자주 안거나 같이 부비부비하며 아이피부에 영향을 줄까 걱정 되기도 하는데 아이린 삼유유연제는 순한 성분이래서 맘껏 껴안고 놀아주는 중​빨래 양에 따라 섬유유연제 양도 조절하지만개인적으로는 소량을 사용하는 편그래도 세탁 후 빨래에 꽃 향기가 은은하게 오래간다여름철 잦은 샤워로 사용량이 많은 도톰한 수건들도매일 입는 면티도눅눅 꿉꿉한 냄새 없이 실내에서도뽀송하게 꽃향기내며 빨래 끝여름에도 실내에서 꽃향기 내며 건강한 빨래 살림템아이린 섬유유연제 꽃향기 추천​ , 의
시가 아
",18,2,1,250,2,0,72.0,39,,2019. 7. 13. 21:24,1199,484879,국내여행,"['여름철 빨래에 꿉꿉한 냄새를 완전히 잡아즐듯 하네요. 소통해봐요.ㅎㅎ', '반갑습니당:) 장마철 빨래때 한번 기대해 봐야겠어요']"
