,Post URL,Post,Image num,sticker num,gif num,Paragraph num,Comment num,Video num,weekly viewer mean,Sympathy num,AD,Posting Date,Buddy num,Total visit,Blog category,Comment detail
0,https://blog.naver.com/mombrity?Redirect=Log&logNo=222352119426,"아이러브페인팅보석십자수취미생활추천요즘들어 아이들을 돌보는 것이 너무 힘들어지는 때가 온듯 싶다. 사람이 매번 같은 모습을 보일 수는 없지만, 아이들이 자기주장이 강해짐에 따라서 나도 모르게 아이들에게 큰 소리로 화를 내거나 소리를 지르게 되는 행동을 보이게 될 때가 종종 발생하곤 한다. 심지어 이 녀석들조차도 엄마가 하는 일을 고스란이 따라한답시고 큰소리로 징징거리고 울고 짜증부리고 하다보니 정말 오히려 내가 질려서 더이상 아이의 목소리가 듣기 싫어지는 때가 와서 너무 힘들었다. ​아이들 때문에 멘탈이 붕괴되서 화장실 문을 잠그고 혼자만의 시간을 보냈더니 아이들이 문을 발로 차고 소리지르고 울고 난리도 아니었다. 이래서는 쉬는 것도 휴식도 뭐도 아닌 것 같은 마음에 너무 힘들어 소리를 꽥 질렀는데. 결국 그날 밤에 나 혼자 엉엉 울었다. 이럴려고 육아를 하는게 아닌데 하는 자괴감도 들고 너무 힘들어서 모든 것을 놓고싶었다. ​저녁에 퇴근해서 내 모습을 본 신랑이 뭔가 집에서 할 수 있는 취미 찾는 것은 어떻겠냐고 권해주었다. 아무래도 아이들 때문에 스트레스 많이 쌓인 것 같다며 심심할때 할만한 것이나 요즘 보니까 사람들 보석십자수 많이 하는 것 같은데 단순반복이기 때문에 머리가 너무 아플 때에는 그런 것을 하면서 마음을 좀 진정시켜보는 것은 어떻겠냐고 권해주었다. ​​정말 그냥 두었다간 내가 미칠 것 같아서 보석십자수 유명하다는 아이러브페인팅 찾아서 내 수준에 해볼 만한 것을이것저것 살펴보기 시작했다. 의외로 간단하면서도 가볍게 할 만한 것이 많아서 고르는 데 한참을 허비했다. 몇 가지를 고르긴 했는데 내가 다른 제품은 해보지 않아서 모르겠지만, 여기 제품은 바로 액자로 걸 수 있도록 캔버스에 나무로 틀이 만들어져 온다고 한다. ​마음의 힐링을 위해서 선택한 고양이 보석십자수 아이러브페인팅에서 고양이, 백호, 해바라기 세 가지를 골라서 선택했는데, 고양이가 제일 귀여운 맛이 있어서 먼저 시작하려고 뜯었다. 액자 모양과 다양한 색깔의 비즈, 그리고 색깔 비즈를 맞출 수 있는 도안까지 함께 있어서 더욱 즐겁게 시작할 수 있다. 왜? 1도 몰라도 도안보고 붙이기만 하면 되는 간단작업이기 때문에 숫자, 문자, 도형기호만 똑같은 찾아서 대입할 줄만 알면 아이들도 할 수 있는 집에서 할 수 있는 취미 보석비즈십자수 처음에는 왜 그냥 눈에 보이는 숫자대로 하지, 무슨 영문에 숫자에 기호까지 썼을까 싶었는데 막상 저거 다 숫자로 되어 있다라고 한다면 10자리가 넘어가는 것 부터는 많이 헷갈렸을 듯 싶다. 11번, 21번 32번 등  적혀져 있는 숫자만 봐도 정말 딱 헷갈리기 좋을듯 싶어 바로 생각을 정정 다양한 색감이 있는 제품은 더 많이 있다고 한다. 정말 많이 헷갈릴듯 싶어서 딱 필요한 것만 열어서 사용하고 나머지는 한꺼번에 모아두려고 생각했다. 역시나 비슷한 색깔이지만, 그럼에도 불구하고 번호가 있으니 깔끔하게 색깔별로 구분 가능하다. 조금 잊어버리거나 해도 넉넉하게 사용할 수 있게 20% 정도 더 들어가 있다고 하니 혹여라도 잊어버려서 발 동동 구를 필요 없을듯 싶다요. 핵심은 비즈와 보석십자수를 넣는 통이다. 저게 처음엔 왜 저런 모양인가 했더니 십자수모양이 딱 통에 하나씩 올라가 있도록 설계되어 있는 제품움. 그냥 일반 통에다 할 때와는 속도면에서 차이가 커서 좋다. 도안표를 보고 붙이는 것도 속도가 나기 위해서는 손에 콕 찍어서 콕콕 들어가야 하는데, 이 통이 있으면 그게 무척 쉽게 된다. 요 두 사진을 보면 이해가 빠를 것이다. 한 알씩 나와있는 것을 숫자에 맞춰서 붙이면 되는 아주 단순한 작업이지만 뭔가 묘하게 사람의 호승심과 승부욕을 불러일으키는 마성의 녀석이다. 하나씩 콕콕 찍어서 붙여주기만 하면 되는 단순작업인데, 시간이 순삭되는 느낌과 함께 머릿 속이 멍 하게 되면서 힐링이 되는 기분이랄까겉 부분을 감싸고 있는 비닐은 완성하기 전에는 따로 빼지 않아주는 것이 좋다. 그래야 덕지덕지 먼지도 덜 붙고, 필요한 것을 빠르게 완성해 나가면서 뜯는 맛이 있기 때문이다. 핸드폰 처음 샀을 때 기본으로 붙어있는 비닐 같은 느낌이라고 할 수 있겠다. 다 뜯어놓은 것이 아니라면 다시 눌러서 부착할 수 있다는 장점이 있어 혹여라도 작업 중에 비즈가 떨어지거나 잊어버리는 것을 최대한 방지해줄 뿐더러 먼지가 붙는 것도 줄기 때문에 최대한 많이 뜯고 진행하지 않길 바란다. 내가 조금 해 본결과 일단 아무 색을 먼저 집고 한개만 쭉 이어서 하는 것이 속도도 빠르게 나오고 결과물도 잘 나온다. 중간에 잘못 부착했을 때에는 펜 뒷부분을 이용하여 제거하고 다시 붙인다. 고체풀은 넉넉하게 준비되어 있지만, 혹여라도 부족한 사람들을 위해서 2개가 들어가 있어 여유롭게 작업이 가능하다고 한다. 그리고 두 세번 풀을 사용할 필요가 없는 것이 한 번정도에 바로 작업을 하면 풀 낭비도 없고 좋다. 간만에 집중해서 하다보니 뭔가 울컥 응어리진 것이 풀리기도 하고, 스트레스 받던 것에서 잠시 벗어나 아무런 생각을 하지 않고 같은 반복을 집중해서 하면서 머리를 힐링시킬 수 있었던 하루였다. 일주일이면 마무리 할수 있을듯 하다 ​​1. 재료는 물론이고 도구를 따로 살 필요가 없이 모두 들어가 있어 추가적인 지출이 필요없어요.2. 도안표에 있는 숫자, 문자, 기호를 보고 붙이기만 하면 되기 때문에 어렵지 않아요.3. 십자수, 도안표를 잘 볼줄 몰라도 그림 / 숫자/ 도형을 매치할 수 있으면 되요. 4. 도안 종류도 많고, 색감도 다양하고 비즈의 퀄리티도 높음5. 깨진 비즈들이 없어서 좋았음 6. 취미도 즐기면서 완성 후의 성취감도 느낄 수 있음 7. 구매페이지 :  https://smartstore.naver.com/alphaway/products/5209853628​#보석십자수 #아이러브페인팅 #보석비즈십자수 #인테리어액자 #집에서할수있는취미 #취미생활추천 #심심할때할만한것 #스트레스받을때 #머리식히기좋은 #육아스트레스해소 ​​",16,0,5,715,8,0,3481.4,10,revu,2021. 5. 15. 17:22,1298,1422321,육아·결혼,"['우와 이건 첨봐요~킬링타임용으로 딱인거같아요~~~^^', '하다보면 정말 머릿속이 멍~ 해지면서 기계적으로 손놀림을 하고있는 나 자신을 발견하게 됩니다. ㅋㅋ', '글 소소하게 너무 잘적으시는거 같아용❣자주 보고 있어요 :)', '새댁님 답방갔는데 좋은 글 많더라고요 선순환되는 좋은 소통 해요', '블로그 좋네요 잘 보고 갑니다 ㅎㅎ 자주 소통해요 ^^', '자주 소통감사합니다. 저도 답방갈게요', '우와앙... 이거 완성되면 진짜 이쁠 것 같아요!! 집에서 가족이랑 함께 넌 이쪽 난 저쪽 이렇게 맡아서 하면 함께 할 수 있는 취미가 될 것 같아서 좋을 것 같네요 : )', '랄롬이님은 예쁘셔서 완전 깨알같이 작은 비즈도 콕콕콕 빠르게 완성하실거 같아요. 이게 하다보면 기계화되다보니..... 뭔가 끝장을 봐야할거같고... 마치 미드를 연속보기 하는 것 같은 기분이에요 ㅋㅋㅋㅋ']"
1,https://blog.naver.com/mombrity?Redirect=Log&logNo=222405725449,"차량용우산형햇빛가리개차량용 앞유리 선쉐이드 아이들과 외출하는 시기가 많아진 요즘큰 맘먹고 온가족이 다 함께 좌대낚시첫 출조 갔었답니다. ​토요일 오전에 서해안 고속도로는8시에 출발 했는데도 당진까지 내려가는 그 길이 엄청나게 막혔어요 차들끼리 있다보니 에어컨을 켜고 달리지 않을 수 없었는데요.​오전 9시 17분 현재 차량은 거북이걸음이고 외기온도는 무려 27도이런 날은 한 낮기온은 30도가 넘어가기 마련이죠. ​​#미세먼지 이슈가 없었을 땐차량 문이라도 살짝 열어놓고 가면 조금 나았다지만 요즘 #휴가철좀도둑 때문에라도 차 문은 꼭꼭 잠그고 다니기 때문에 ​차 안 온도가 50도가 넘는 경우가 많이 있더라고요. ​아침에 꽁꽁 얼린 생수가 이렇게 녹아서 왔으니까요.한여름철에는 정말 지하주차장밖에는 답이 없는 듯 싶더라고요. ​하지만 아이들과 함께 외출#야외외출 하는 날엔 그게 정말 어렵지요. 땡볕에 있으면사람이나 차나 녹아들어갈 것 같은작렬하는 태양 길 건너 살짝 그늘 진 곳은유료주차장이랍니다. 흑흑오늘은 잠시 세우는 것이 아니라 온 가족이 바다 좌대를 들어가기 때문에최소 6시간 이상을 세워둬야 해서 유료주차장을 이용할 수 없었어요. 무료 주차장에 우리 쏘렝이 세워 둡니다. 고생해 쏘렝아벌써 차량을 운전한 지 이제 2년 차에 접어들은 김여사 #똑똑한김여사 작년에 고생한 탓에올해는 단단히 준비한 #더위대비아이템 바로 차량용 우산형 햇빛가리개 되시겠다. ​차량 앞 유리에 설치하여 햇빛을 차단하고 내부 온도를 줄여주는데 공헌하는 요 아이템은사실 작년에는 잘 몰라서 엉덩이 뜨겁게 차량을 탔었는데 다른 차에 달려 있는 것을 보고올해는 미리미리 선택해 보았다. ​#당진도비도항 도비도항 근처 무료주차장입니다. 차량들이 하나같이 뙤양볕에익어가고 있더라고요. 회심의 준비물 챠량용우산형햇빛가리개 겉 보기에는 일반 우산처럼 보인답니다. 고급진 가죽커버가 아니었다면 알아볼 수 없을지도요 제품은 비를 맞는 제품이 아니라서 이런 가죽커버에 싸여 있으면 바로 눈에 띄더라고요. 물론 구매 시 함께 딸려오는 옵션이랍니다. ​제품을 꺼내 들었어요. 야물딱지게 손으로 쥐어봅니다. 차량용우산형햇빛가리개 제품은 그냥 언뜻 보면 일반 우산처럼 보이지만 요렇게 차량 앞유리에 안전하게 딱 걸쳐 있을 수 있는 제품이에요.자외선 차단 효과는 물론앞 유리로 들어오는 빛을 줄여주어 차량 내부의 온도를 낮추어 주는 효과가 있답니다. 처음엔 이 제품을 알아볼 때 자바라 형태의 제품도 알아보았었는데요. 자바라 형태의 제품의 경우 끝 부분을매번 고정을 시켜서 사용하거나 아님 좀 지저분한 모양이지만 그냥부착한 채로 두거나 그도 걱정스러우면차량 밖에 설치해야 하는데 도저히 그건 안 될듯 싶어서 찾은 것이 바로 요 #우산형 제품이다. ​우산형 제품의 경우에는 평소 흔히 사용하는 우산과 정말 큰 차이가 없을 뿐더러 너무 익숙하게 눈감고도 펼 수 있는 1초 장착이 가능하다는 점게다가 익숙한 방법으로 정리도 가능하고 휴대성은 물론이고 차량안에 둬도 전혀 부담없는 제품이라는 점 ​처음에는 저 블랙박스도 가릴까 하다가 누가 우리차 긁고가면 어쩔까 싶어서 어거지로 블랙박스까지 꺼내놨다. 신랑이 아이들을 꺼내는 사이에 김여사 혼자서 10초 이내로 설치 완료 정말 뿌듯한 김여사 아이들 햇살이 따가워서 모자도 쓰고 썬크림도 바르고 다녀왔다는 덕분에 차량은 온도가 오르지 않아서 빠르게 귀가할 수 있었음 집 지하주차장 도착우산형태이기 때문에 가볍기도 하지만 보시다시피 보관 정말너무 쉽게 된다. ​5단 고밀도 소재와 실버콜로이드코팅으로 자외선은 물론이고 빛 차단이 모두 가능할 뿐더러 겨울에는 단열까지 된다고 하니 겨울철 외부 주차시에도 차량에 사용할 수 있어 여러모로 사계절 사용이 가능하다. 자외선을 99% 차단하고 높아진 차량 온도를 낮춰주는 1등공신차량용우산형햇빛가리개 안써본 사람 있으면 꼭 써보길한 여름철 신세계 등극 고급진 가죽커버가 있어서 한 눈에 알아보기 쉽다. ​#김여사의선택 올 여름을 시원하게 보낼 수 있는#쏘렝이필수품 #차량용우산형햇빛가리개 혹시라도 빵빵이 앞유리 선쉐이드선택 못하신 분들 있으시다면​​​​​​>> 차량용햇빛가리개전면형 보러가기 << ​​​​​​​#차량용햇빛가리개전면형 #차량용우산형햇빛가리개 #차량앞유리햇빛가리개 #소렌토앞유리가리개 #앞유리햇빛가리개 #차량용선쉐이드 #차량가림막 #운전석햇빛가리개 #앞유리햇빛가리개#우산형햇빛가리개 #김여사추천 #차량용우산 #앞유리 #차량더위 #실내온도 #차량실내온도 ​​​​​​​​​​​ 

미      불을 통해 본 업체로부터
제품 또는 서비스를제공받마 작성된 리뷰입니다
「,】

 
",17,0,3,476,0,0,3481.4,8,text_ad,2021. 6. 21. 23:02,1298,1422321,육아·결혼,0
2,https://blog.naver.com/mombrity?Redirect=Log&logNo=222306723843,"입문용 골프용품골프 거리측정기 추천808 버디뷰캐디 gv5날씨가 아주아주 화창했던 어제아이들은 저에게 맞겨놓고 우리집 사는 남의 아들이 거래처 분들과 함께 친목도모차골프 라운딩을 다녀오셨다요. ​승진 하고나서부터 회사에서작년에 골프를 연습하라며 대뜸 돈을 주면서 골프장비를구하라고 하질 않나​연습장을 끊어주면서 연습을 하라고 등 떠밀더니 드디어 이 회사가 주말에도 사람을 일을 부려먹으려고 갑자기 라운딩 이야기를 꺼냈다며내 입에서 화르륵 불을 뿜었는데 그래도 어쩌겠어요. 정년까지 안짤리고 다닐라면회사에서 하라는 거 다 해야지 ​뭐 다들 업체 사장님들이니 골프를 꽤 오랫동안 치셨다길래 며칠 전부터 신랑도 연습한다고 저녁에 애들 안보고 회사근처골프연습장을 열심히 다니더니 ​요 며칠 새 집에 골프 옷 박스가 배송되더이다. 부들부들​한 번만 칠꺼 아니냐고 했더니 아마도 꾸준하게 갈듯 싶다며양평에 있는 더 스타휴 골프&리조트회사에 있는 회원권으로 한참 인기있는 시간을 겨우 컨택했다고​골프어린이인 우리 남편그래도 어디가서 기 죽으면 안되니까부부싸움하고 집 나갈때 들고가기 딱 좋아보이는 더플백도 하나 장만해주고 한 장에 몇 만원이나 하는 골프웨어도 부들부들 떨면서 구매했는데 검색하다보니 입문용 골프용품 중에 골프 거리측정기 라는게 있네? ​왠만한 골프용품들은 회사에서 지원해줬을 때 거의 다 샀는데 그때도 살짝 듣긴 들었던 것 같은데 굳이 당장 나갈 일이 없었으니 그땐 필요하지 않았는데 막상 필드에 나가게 되니 제일 중요한 것 중에 하나가 되어버렸다는 ​급한대로 신랑이 시골에 계신시아주버님께 부탁해서 받아오겠다고이야기 했었는데 결국 일이 바빠서 못받아오게되고 전전긍긍 하길래 ​입문용 골프용품, 골프 라운딩 준비물808 골프거리측정기 버디뷰케디gv5준비 해 드렸다. ​이제오나 저제오나 택배아저씨만기다리고 있었는데 정말 천만다행으로라운딩 나가기 직전 날 저녁에 도착신이 날 버리지 않았구나 하는 안도감 뿜 ​드디어 도착한 녀석 808골프 거리측정기뭔가 투박하게 생긴듯한느낌이 있어서 열어 보았는데의외로 꽤 다양하게 들어있고 손에 쏙 들어오는 그립감이 손이 작은 여성도 충분히 쥘 수 있는 크기로 나와 있었다. 나침반, 손에 걸 수 있는 끈 심지어 전용건전지까지 들어있다 천만 다행인 것은 이게 일반 AA사이즈나 AAA건전지가 아니라는 점이다. 색감도 흰색과 검정으로 되어 깔끔한 느낌을 가지고 있었다. 골프채 사러 갈 때도 느낀거지만뭐랄까 골프쪽으로 넘어오면서 제품이나 느낌, 스타일들이 고급스럽게 바뀌고 색감도 너무 과하거나 화려하지 않게 바뀌는 듯한 느낌이 들었다. 신랑의 골프백도 마찬가지 그때 살때 추천받은 색깔도 검정다행이 이것도 검정/흰색 조화라 무난하게 가서 사용하고 왔단다.​사실 나는 아직 골프를 꾸준하게 배워보지 않았기 때문에 이게 왜 필요한지 이해를 못했다. 굳이 왜 이걸 거리를 재야 하는가?그래서 홈페이지를 찾아보았다. 궁금한 것은 당연히 배워야지 ​>> 808골프 버디뷰캐디gv5 제품구매페이지 <<​여기에 가보니까 설명이 나와있다. * 아래 화면캡쳐 사진은 홈페이지에서 가져옴 * * 문제시 자삭하겠음 * ​​처음 샷은 대부분 골이 들어가는 곳까지 공을최대한 멀리 보내야 하기 때문에 풀 스윙으로 때린다고 한다. 그래서 공이 멀리멀리 날아가면그 다음부터는 거리를 조절해서 공을 구멍까지 이끌어 가야 하는데 그때 거리와 각도를 보고 조절해서공을 얼마나, 어느정도로 때려서홀 안에 넣어야 하는지를 거리를 측정하는 도구를 이용하여 사용하는 것이라고 한다. ​아. 그래서 골프 라운딩 준비물 이었구나 ​상세페이지를 보다보니 허리춤에 벨트로 끼우는 형태로 사용하던데 신랑은 그냥 가볍게 손목스트랩으로끼우고 다녔던 듯 하다. ​보다시피 이렇게 각도는 물론거리가 정확하게 지정되어 나와주기 때문에 정확하게 거리가 파악될 수 있다고 한다. 거리보정 뿐 아니라 정확한 경사보정 기능까지 있어서 현재위치에서 목표지점까지의 정확한 거리보정은 물론이고 단순직선거리를 측정하여 알려주는 보정기능이 있다. 위의 6.9m는 직선거리 아랫쪽에 경사보정에 대한 표시가 되어 있고 각도도 표시되어 있는 것을발견할 수 있다. ​뿐만 아니라 특수 다층 코팅렌즈고화질을 지원하는 렌즈로써 멀리 있는 사물까지 왜곡 없이 화면에 보여질 뿐 아니라 여러 구조로 이루어진특수코팅렌즈가 있어 관찰효과는 물론측정의 정확도를 향상시켜 준다고 한다. 확실히 위에 사진을 보았을 때도 화면이 깔끔하게 보일 뿐 아니라 테스트로 재 보았던 6m 밖의 물체도 한 눈에 바로 편하게 볼 수 있었다 .게다가 고성능 줌 기능으로 7x 광시야각 렌즈가 탑재되어 있어 물체가 가까이 있는 것처럼선명하고 깨끗하게 보여지는 기능도 있다고 한다. ​타게팅 모드라고 해서 초점을 맞추고 핀 혹은 목표물을 향해 전원버튼을 짧게 눌렀다가 떼면 1~2초 후에 핀을 인식함과 동시에 측정결과를 알려주는 모드라고 한다. 테스트 삼아서 베란다 밖에 있던물체를 인식해보았는데 정말 빠른 시간에 거의 정확한 거리가 나왔다. ​​여기서부터는 신랑이 사진을 찍어왔는데 너무 한컷씩만 찍어서돌아와서 사진을 받고 등짝을후려갈겨버렸다. ​갔더니 다른 사장님들도 모두 각자의 제품을 들고 오셨더라는자기도 없었더라면 뭔가 좀 부족한느낌이 들었을 것 같다며 이야기 했다. 흰 모자 쓰신 사장님이 골프를 꽤 오랫동안치셨다고 하셨는데 요 808골프 제품을 보시더니 하시는 말씀이 요거 괜찮네 가격 얼마짜리야? 라면서 직접 물어보셨다고​신랑도 기존에 시아주버님의 제품은가격이 비싼거라고 해서 알고있었는데 수동인 제품이라 골린이인 자기로써는줘도 잘 못사용했을 것이라고 하던데 이건 가격도 저렴하면서도 자동이고 꽤 정확하게 거리측정이 가능하고 방수기능도 좀 있는듯 하다며 제품에 대한 극찬을 함께 해주었다. ​세상 날씨가 너무 좋아서 발로 찍은 사진도 이렇게 잘 나오는데 친구랑 간게 아니라서 그런가 사진이 정말 손가락 만큼만 찍어와서 나만 열폭했다. ​신랑이 갔던 날에는너무 날씨가 좋아서 사람들이 양평도착시간이 모두 주르륵 늦어버렸다고 심지어 같이 치기로 한 다른 업체 사장님도 4홀을 거의 다 돌때 겨우 오셨다면서 본인이 사진을찍을 수 없었던 이유를 설명했는데 사진이 없어도 너무 없어서결국 다음 달에 회사 직원들이랑다시 다녀오라고 등을 떠 밀었다. ​1. 특수 다층 코팅렌즈라 관찰효과 좋고 정확도를 향상시켜줘요2. 핀고정.스캔모드로 빠르고 정확하게 측정결과를 알려줘요.3. 정확한 거리보정, 경사보정 기능이 있어 오차를 최소화해요. 4. 7x 광학렌즈가 있어 선명하고 깔끔하게 볼 수 있어요.5. 측정대상에 조준하고 이동하는 대상을 따라 움직이면 속도측정도 가능해요.6. 포커스 조절도 돌려서 한손으로 할 수 있어요. 7. 카메라 손떨방과 같은 기능 흔들림방지 핀시커 기능이 탑재되어 있어요.8. 생활방수기능이 있어요. ​​#골프거리측정기추천 #골프라운딩준비물#입문용골프용품 #가성비좋은 #거리측정기 #필드준비물 #필드나갈때 #808골프 #808 #머리올리러 #양평더스타휴 ​​",19,0,0,762,0,0,3481.4,17,text_ad,2021. 4. 12. 1:15,1298,1422321,육아·결혼,0
3,https://blog.naver.com/mombrity?Redirect=Log&logNo=222424886234,"베피스기저귀 바람아솔솔아썸머기저귀 ​아이들이 4세가 되니까외부로 외출하는 날도 많아지고 여행도 많이 다녀야 하고 아이들이 체험을 해야 하는 그런 날들도 많아지게 되더라고요 ​그러다보니 외출시에 제일 걱정스러운 점이 바로 기저귀 ​아무래도 남자 아이가 아니라 여자라서 그런지 더더욱 신경이 쓰이죠.​낮 시간에는 어린이집에서 배변훈련으로 기저귀를 착용하고 있지 않지만 어린이집 등하원 시간이 차량으로 30분등하원 할 때에는 혹여나 실수를 할까봐 기저귀 착용을 한답니다. ​그렇게 돌아오는 하원 길집으로 바로 가느냐고요? 아니죠. 신나게 놀이터에서 놀다가 들어갑니다. ​날씨가 더운 날에는 가끔 집에 갈 때 바지가 벗겨지지 않을 정도로 땀이 잔뜩 차 있을때도 있어서 ​이대로는 안 되겠네 싶어 준비해본 여름기저귀 베피스 랍니다. ​아이들이 4세가 되니까 팬티입는 버릇을 들이기 위해서라도팬티기저귀를 선호하게 되는데요. ​기존의 제품보다 한층 더 얇아지고 통기성이 좋아진 베피스 바람아솔솔아 기저귀​베피스 라인업 중에서 패키지가 제일 귀엽고 뽀송뽀송하단느낌이 들었답니다. XL 특대형 사이즈랍니다. 18kg 아이까지 사용할 수 있도록설계되어 있다고 하네요. ​베피스기저귀는 여름기저귀 스테디셀러 중하나라고 하는데요 벌써 3년 연속 인기 상품으로사랑을 듬뿍 받고 있다고 해요. ​게다가 이번에 나온 바람아솔솔아는한층 더 얇아졌다고 하니 기대감 뿜뿜이네요원래 체온도 높은 아이들인데 여름철 활동성이 많은 아이들이라면 땀차는 것은 정말 뗄레야 뗄수 없는 관계​한 층 얇아진 팬티기저귀로 이번 여름 편하게 이용해 보고 싶은 마음이 있네요. ​베피스 라인업은 점보형까지 있지만요 제품은 13kg ~ 18kg까지 사용가능아이들이 15kg 이라서 살짝 고민했지만여름철 옷 입는 것도 있고 아이들의 활동성 때문에 혹여라도 샐까봐 걱정스러워 타이트하게 입혔답니다. 그럼에도 불구하고 별 걱정을 안하는 것이 바로 쭉쭉 늘어나는 밴드 덕분이죠. ​​​베피스 기저귀는 한 팩에 두 가지의 다른 무늬가 있어서 같은 기저귀를 매일 보는 지루함은 없더라고요.소소한 부분이긴 하지만 재미도 있고 다른 모양이라서 그런지 갯수 세기도 편하고요. ​그리고 제가 베피스 제품을 선택하게 된가장 결정적인 계기가 바로 여기에 있어요. Made in KOREA 라는 점​한국 브랜드의 제품이라고 해도 요즘은단가가 맞지 않아서 공장을 중국에서 만들어서 한국 브랜드 제품으로 파는 제품이 있더라고요. 제품력이 좋아서 꾸준히 사용했던제품이었는데 제조공장이 중국이라서 깜짝 놀랬던 기억이 있어서 그 이후로는 국내제조. 생산된 제품만사용하려고 노력중에 있어요. ​공장의 자동화 생산설비와 라인도 한국 기준으로 짓기 위해서는 받아야 하는감리도 많고 여러가지 깐깐한 검사를 득해야 허가가 나기 때문에 같은 상황이라면 저는 한국 공장에서 제조하고 품질도 직접 퀄리티체크 한 제품을 선택하게 되는 듯 해요.아무래도 안심된다고나 할까요? ​제품 오픈은 옆쪽에서 하는데요 한 가지 아쉬운 점은 뜯고나서 제품의 허리밴드 부분이 위쪽으로 가 있어서 그런지 하나씩 잡고 뺄때 살짝불편감이 있어요. ​저는 그래서 다음 제품부터는아랫쪽으로 뜯는답니다. ​​허리 밴드쪽이 위쪽이네요.옆 면으로 뜯게되면 장점이 저 모양으로 그대로 통에 넣어 보관할 수 있다는 장점이 있고 두 번째는 통에 비닐을 제외하고 넣을 경우 뒤집어서 쏙 빼기 좋다는 점이 있죠. ​아이들 기저귀 보관함을 쓰시는 분들은저렇게 된 부분을 뜯어서 뒤집어서비닐만 빼면 깔끔하게 정리되니 이런 부분들은 케바케가 되겠네요. ​베피스기저귀 앞 부분입니다.한개는 사이즈인 XL이 표시한 개는 앞 전 자가 적혀져 있어요.개인적으론 다음엔 한글도 적혀져 있었으면 하는 바람이 있네요. ​하얗게 사진을 좀 찍어보았습니다. 바로 아랫부분에 소변선 때문이죠.흰색으로 찍으니 노란색이 좀 더 선명하게 보이긴 합니다. 쉬를 하게 되었을 때 이 소변선의 유무가 정말 큰 도움이 되고 있답니다. 두께 보이시나요LG G7 입니다. 핸드폰 두께만 하네요. 두겹인 것을 감안했을 때 무척 얇은 것을 느낄 수 있어요. ​한류드라마가 인기를 끌면서덩달아 외국에서도 한국산 기저귀에 대한 수요가 늘어나고 있다는소식을 기사로 접한 적이 있었는데 메이드인 코리아의 위상을 높이면서한글의 우수성을 전 세계로 알릴 수 있었으면 하는 바람입니다. ​활동성이 많은 우리 아이 저녁 시간이라 기저귀를 갈았는데요. 가끔 팬티에 실수를 하면 직접 가지고 와서 기저귀를 착용하겠다고 하기도 해요. 아직 실수 하는 것에 대한두려움이 많은 기저귀러버 4세 랍니다. 허벅지가 튼실한데도 불구하고 쭉쭉 늘어나는 밴드로 인해서 자국이 남지 않을 뿐더러 넉넉한 핏감을 가지고 있어서 조금만 불편해도 벗는 아이인데 아주 편안하게 입고있어요. ​엉덩이 쪽을 확인해보면 밑 위의 밴드부분 끝까지 패드가 들어가 있어서 혹여 누워 있을 때에도 쉬야가 밖으로 새어나가는 것을 막을 수 있어요.​배 나온거 보이시나요? 앞부분 밴드가 늘어나면서 살짝 안으로 들어가면서 전체적으로 배를 감싸주어 불편하지 않게 지켜줘요. ​​허벅지가 통통하거나 배가 나온 아이라 이런 저런 제품들의 기저귀들을사용해 보면서 배가 찡겨서 못입고 한 사이즈 크게 사서 통기성 따지기 전에 쉬야가 새는그런 경우를 겪어보았었는데요.사용하던 기저귀가 똑 떨어지는 바람에 때마침 선택해본 베피스기저귀 ​통기성도 좋고 아이도 만족해 해서 가성비 좋은 제품으로 여름철에는 번갈아가면서 사용해 보려고요. ​여름철 기저귀 찾고 계신분들이라면베피스 바람아솔솔아 제품도 눈여겨 보세요. 한층 얇아진 두께와 함께 넉넉한 핏감의 찐 made in KOREA 기저귀 ​​​​>> 쿠팡에서 대형 알아보기 << >> 쿠팡에서 특대형 알아보기 << ​​​​​​​#기저귀추천 #팬티기저귀 #팬티기저귀추천 #여름기저귀 #썸머기저귀 #아기기저귀 #베피스 #바람아솔솔아 #베피스기저귀 ​​​​​​​​​​​​으
본 포스팅은,

업체로부터 제품만을 제공받아
직접 체험 후, 작성된 후기입니다.
으
본 포스팅은,

업체로부터 제품만을 제공받아
직접 체험 후, 작성된 후기입니다.
으
본 포스팅은,

업체로부터 제품만을 제공받아
직접 체험 후, 작성된 후기입니다.
",21,1,1,646,0,0,3481.4,6,text_ad,2021. 7. 8. 20:58,1298,1422321,육아·결혼,0
4,https://blog.naver.com/mombrity?Redirect=Log&logNo=222366279163,"오케이광자매 기저귀 아토잼잼 초유성분기저귀 한달사용 후기   오케이광자매기저귀 아토잼잼 처음 후기 : https://blog.naver.com/mombrity/222329281695​날씨가 나날이 더워지고 있어요. 이제는 낮 시간에 아이들을 데리고 나갈 때에는 차량 내 에어컨도 필수지만 찌는 듯한 더위 때문에 모자가 필수품이 되어버렸네요. 작년에는 코로나 영향 때문에 집 밖으로 나가는 것 조차도 시도를 하지 않았는데, 요즘은 방역수칙을 제대로 지키는 곳을 찾아서 방문하는 편이에요. 저도 애들도 식구들이 이제 조금 숨통이 트이는 기분이에요. ​그래서 요즘은 좀 프라이빗한 곳으로 여행을 가거나 혹은 집 근처에 괜찮은 한적한 곳을 찾아 방문하는 편이에요. 최대한 사람들과 덜 부딪히는 곳을 만들거나 혹은 우리만 있을 수 있는 공간을 찾아서 많이 이동하는 편이죠. 그래서 그런지 편의시설이 잘 되어 있는 곳을 만나기가 쉽지 않더군요. ​화장실을 맘 편하게 갈 수 없는 곳이 많아서 외출 시에는 기저귀를 착용하는데 보통 1회 착용 하는 시간이 3~4시간이 넘어가게 되면서 #흡수력좋은기저귀 찾게 되더라고요. 그뿐 아니라 더운 시간에 아이들이 마음대로 돌아다녀도 #기저귀발진없는 제품을 찾아야 하고요. 신생아 시기에는 하루에도 몇 번씩 기저귀를 갈다가 시간이 다 갈 정도로 꾸준히 갈았는데, 이제 40개월이 넘어가고 외출할 때나 자기 전에 가는 #밤기저귀 가 되다보니까 제일 중요한 것이 #흡수력 부분이더라고요. 최근 #오케이광자매기저귀 로 유명한 #아토잼잼 기저귀 사용해보고 너무 좋아서 한달 째 사용 중이랍니다. ​#아토잼잼 기저귀를 처음 알게 된 것이 바로 #오케이광자매 였어요. 드라마 협찬으로 유명한 기저귀인데다가 최근 드라마가 40%에 가까운 시청률을 보이면서 엄청난 인기를 끌고 있다고 하더라고요. 극 중 아기가 사용하는 제품 중에서도 가장 뗄래야 뗄 수 없는 것이 바로 기저귀인데 역시나 매의 눈으로 발견해서 알아보고 찾아보았답니다. ​#기저귀고르는법 고민하시는 분들이라면 지금 제 글을 주목해 주세요. 쌍둥이 독박육아 하면서 진짜 왠만한 기저귀 제품들을 모두 사용해보니 저만의 기준이 생겨났는데요. 제가 가장 크게 보는 점은 바로 #기저귀냄새 였어요. 기저귀 제품은 어찌되었든 간에 화학성분이 들어갈 수밖에 없고, #소창 #면기저귀 제품을 사용한다고 해도 그 제품을 화학성분이 들어간 비누나 세제로 빨래를 하면 결국 그 내부에 세제찌꺼기들이 끼일 수밖에 없겠더라고요. 그래서 저는 저의 #편리성 외의 여러가지 이유를 들어서 면 기저귀를 사용하다가 일회용 기저귀로 다시 옮겼었어요. ​#기저귀발진 부분은 솔직히 Case by Case 라는 말을 하고 싶네요. 남들 다 문제 없다는 비싼 국민기저귀를 사용했는데 우리 아이들은 둘 중 하나가 아주 심각하게 발진이 와서 박스 째로 다른 지인에게 주고 여러가지 제품을 사용해 보았어요. #기저귀국민브랜드 라는 것은 결국 우리 아이가 만족하고 사용하는 브랜드 라는 사실을 깨닫는데 그리 오래 걸리지 않았답니다. ​그래서 #흡수력좋은기저귀 라는 #아토잼잼 기저귀도 사용해 보았는데요. 아이들이 40개월이 넘어가니 이제 한 번에 싸는 소변량이 많아지더라고요. 기존에 사용하던 기저귀가 순간 흡수력이 떨어져서 그런지 자꾸 새서 옷을 갈아입어야 하는 횟수가 많아지게 되어 #초유성분 들어간 #흡수력 좋다는 후기를 들어보고 사용해 보았는데 완전 대만족이에요. ​#오케이광자매기저귀 제품으로 유명해서 선택했는데 제품의 겉 포장부터 고급지게 왔어요. 솔직히 이렇게까지 과할 정도로 비싼 포장을? 이라는 생각이 들기도 했답니다. 하지만 그래서 그런지 다양한 용도에 활용이 가능했어요. 우리가 알고 있는 그 어떤 제품도 포장지를 이렇게 멋들어지고 쓸모있게 만들지 않았는데, 아토잼잼에서는 포장까지 알뜰하게 사용할 수 있게 만들어 주셨더라고요. ​이번 달에는 펜션여행을 다녀왔는데요. 말이 펜션여행이지 남편의 낚시여행을 빌미로 양평을 다녀왔어요. 1급수 서식하는 꺽지나 쏘가리 포인트를 확인하고자 한 번 다녀와보았답니다. 아이가 없다면 아마 차박을 했을텐데 아이들이 있다보니 아직 어려서 차박은 좀 걱정스러웠어요. 아침에 6시전부터 일어나서 7시 반에 출발했지만 여전히 양평에 가는 길은 2시간 이상 걸리네요. 주말에는 조심스러울 수밖에 없어요. ​아이들이 아침 7시부터 일어나서 기저귀를 하고 양평에 도착한 시간은 10시 남짓, 새벽부터 일어나서 이동할 생각에 전날 저녁에 아이들 옷을 입혀놓고 재웠는데 역시나 그대로 입힌채로 들려서 차에 탔더니 자고 일어나서 밀린 쉬야를 기저귀에 했더라고요. 아토잼잼 기저귀를 사용하면서 제일 만족스러운 것 중에 하나가 바로 #뛰어난흡수력 이랍니다. ​사실 기저귀의 용도가 애들 쉬야를 빠르게 흡수하는 것인데, 아이들 나이가 커가면 커갈수록 신장에서 걸러내야 하는 것들이 많아지면서 오줌의 농도가 짙어지고, 냄새가 나며, 한 번에 하는 양이 많아지게 되더라고요. 그래서 그런지 아이들이 아침에 일어나고나면 일반 변기에 쉬를 할 때도 양이 많다고 느껴져서 집에서 쓰던 기저귀는 자연스레 사용하지 않고 아토잼잼 제품만 쓰게 되더라고요. 한 번에 많은 양을 빠르게 흡수하는 기저귀라서 그런지 저희 아이들에겐 정말 딱인 제품이랍니다. ​차량 트렁크 한 구석에 턱 하니 던져놓은 기저귀, 겉 커버가 방수재질인데다가 단단해서 주변에 다른 짐들이 많이 쌓여도 크게 문제되지 않을 뿐더러 혹여라도 겉면에 찢어진다 하더라도 속에 한 겹 더 포장이 되어 있어 정말 안전하게 사용할 수 있었어요. #2겹안전포장 덕분에 아이들 기저귀도 안전하고 다 사용하고 난 기저귀포장은 가방으로도 사용하여 짱짱하게 물건수납까지 할 수 있어서 일석이조였답니다. 아빠가 낚시간 틈을 타서 아이들 기저귀를 낚시포인트 도착한 11시에 갈았는데요 . 일단 아침 7시부터 아이가 일어나서 몰아서 한번 기저귀에 쉬를 한 것도, 아주 안전하게 새지 않고 잘 버티었고 옷에 앉아있으면서도 눌리는 부위에 오줌이 묻어나오지 않아 뽀송한 엉덩이라 기저귀 갈아주기가 아주 편리하더라고요. #밤기저귀 사용하는 이유가 다 있었어요. 집에서 사용하던 밤기저귀 기저귀를 다 사용하고나서 요 제품으로 갈아탔는데 아이들 방수패드를 빨래한 적이 그 이후로는 한 번도 없었답니다. 그리고 또 한가지 마음에 드는 점은 바로 #넓은 #허리띠 부분이었어요. 타사 제품을 여러 종류 사용하면서 떼었다 붙였다 할 수 있는 제품들을 몇 번 사용해 보았는데, 아이가 바지를 입은 상태에서 갈아주는 것은 쉽지만, 지금처럼 여행을 갔을 때에나 외출 해서 기저귀를 갈아야 할 때에는 수유실이 따로 없는 척박한 환경(?)에서는 요런 팬티형에 쭉쭉 늘어나는 제품을 사용하는 것이 최고더라고요. 허벅지와 다리 사이도 들뜸 없이 착 붙을 뿐 아니라 4세 정도 되면 활동성이 엄청난데도 불구하고 보시다시피 엉덩이라인, 허벅지라인이 절대 들뜨지 않는 것을 알 수 있었어요. 넓은 허리밴드 때문에 아이도 불편감을 호소하지 않아서 좋았고요. 옆에도 창문이 있으나 굳!이! 꼭 뒷창문으로 기어 나가려고 하는 녀석의 똥꼬발랄함은 도대체 어디서 나오는 것일까요? 이놈의 유전자의 문제인지..씁.​제가 오케이광자매 기저귀 아토잼잼을 추천하는 또 다른 이유 중 하나는 바로 요 #초유성분 때문이에요. 4세쯤 되니까 아이들이 남근기가 지났는데도 불구하고 가끔 손을 넣어서 소중이 주변을 손으로 긁을 때가 있거든요. 가려움 때문에 그런가 싶기도 하고, 아이가 이제 기저귀를 떼려고 해서 그런가보다 생각을 했었는데, 기저귀 성분 때문이었던듯 해요. 제품을 교체하고나서는 한 번도 긁지 않는답니다. 엄마로써 좀 미안했어요. 쭉쭉 늘어나는 허리밴드는 물론이고, 넉넉한 사이즈 때문에 15kg 이상 사용하는 아이들도 뚠뚠허벅지를 자랑하는 아이들도 모두 편안하게 사용할 수 있어서 좋은 아토잼잼기저귀 벌써 #한달사용 했는데도 불구하고 계속 대만족이에요. 아이들도 늘어나기 때문에 옷을 조이지 않고 얇아서 옷을 입어도 크게 티가 나지 않아서 좋고요. 그리고 우리신랑이 대만족한 요 아토잼잼 기저귀 포장한눈에 봐도 묵직해 보이는 요건 신랑의 낚시와 캠핑제품을 넣었는데요. 토치며, 낚시릴, 캠핑용랜턴 등 무거운 것들이 들어가 있는데도 불구하고 짱짱하게 버티어주고 있어서 남편이 아주 만족했어요. 포장까지 버릴 것 하나 없는데다가 요거 은근 튼튼하고 심지어 100% 방수재질이니 낚시제품 담기에는 딱이더라고요. 이제 기저귀를 거의 떼 가는 4세 아이. 한 번에 쉬야하는 양이 많아지는 시기이면서도 활동성이 엄청난 시기. 넉넉한 허리밴드로 아이들도 만족하고 초유성분이 함유되어 있어 냄새가 덜해 부모도 만족하는 아토잼잼기저귀로 소중한 아이의 엉덩이와 소중이를 지켜주세요. 1. 요즘 시청율이 한참 핫한 오케이광자매기저귀 로 유명해요.2. 초유성분이 함유된 기저귀라 싸고나서 냄새가 적어요. 3. 가려움 때문에 자꾸 기저귀 속으로 손을 넣고 긁던 아이가 긁지 않아요. 4. 활동성있는 아이들에게 들뜸 없이 착 붙어서 쉬야가 새지 않아요. ​#오케이광자매기저귀 #아토잼잼 #전설의밤기저귀 #외출기저귀 #여행기저귀 #비싼기저귀 #효과좋은기저귀 #4세기저귀 #4세여아 #4세 #개띠맘 #개띠기저귀 #아기기저귀 #초유기저귀 #초유성분 #여행기저귀추천 #오줌많은 #초유 ",17,0,0,1042,9,0,3481.4,14,text_ad,2021. 5. 25. 16:21,1298,1422321,육아·결혼,"['잘 보고 갑니다~', '창비님 감사해요. 답방 다녀올게요', ""잘부탁드려요~ 율맘님 ㅎ\n'일상다반사'게시판의 내용들 많이 봤어요\n하시는 일 번창하시고 담에 또 뵈용^^"", '감사합니다. 백호맘님. 답방 갈게요', '재밌게 잘 읽었습니다~~^^', '나무님 반가워요. 더 좋은 포스팅으로 다시 올게요', '저희애기가 발진이 심해요발진없다는 유명한 비싼 리베로 쓰고있지만 그래도 맨날 똥꼬 빨갛고 아프다고 자주 울어요ㅠ초유성분 들어가서 여쭤보는데 발진 없나요?']"
5,https://blog.naver.com/mombrity?Redirect=Log&logNo=222329281695,"오케이광자매 기저귀아토잼잼기저귀밤기저귀 초유성분 흡수력 아이들이 이제 40개월이 되어가니 낮에는 팬티를 입고 밤에만 기저귀를 하거나혹은 외출시에만 기저귀를 하게 된다. 기존부터 여러제품의 기저귀를 사용하고 체험해 보았는데 이번에는 특이하게 오케이광자매 드라마에 PPL된 제품을사용해 보기로 했다. ​KBS에서 주말저녁을 사수하고 있는 드라마 집에 TV가 없어서 자주 볼 기회는 없지만시댁이나 본가에 가면 어르신들이 주말에 저녁 드시고 나서 꼭 보는 드라마 중에 하나 나름 코믹이 있어서 그런지 부담없이 편하게 볼 수 있는 드라마이기도 하다. ​드라마 상에서도 나와있길래 어떤 브랜드인가 살짝 궁금하기도 했던 요녀석오케이광자매기저귀 검색하니 딱 나오네 ​정식 이름은 아토잼잼 밴드와 팬티형태 두가지로 나오며밴드는 XL(13kg이상) , 팬티는 XXL(15kg이상)이다.​아토잼잼 브랜드의 제품을 보고 제일 처음에 마음에 들었던 것은이중포장 처음에 어디로 뜯어야 할지 살짝 몰라서 걱정을 했었는데 알고보니 가운데 부분이 아니라 위쪽부분으로 뜯으면 바로 뜯긴다. ​심지어 가방으로도 사용할 수 있을 정도로 짱짱해서 가방용도로도 쓸수있겠단 생각이들어버릴 정도! ​내부 이중포장이라 안전하고 습기로부터 한 번 더 안전요렇게 포장된 부분은 커틀랜드 기저귀 제품외에는 못본듯 싶은데 이 제품도 이중포장되어 있다. ​지금껏 보았던 제품 중에서 포장을 따로 사용할 수 있을 정도는이제품이 거의 독보적이다. ​아이들과 태안에 펜션에 놀러왔는데 물놀이용 가방을 안가지고와서 걱정스러웠는데 이걸로 사용해 볼수 있을 정도로 짱짱하고 좋다. ​물놀이용 가방으로도 사용가능한아토잼잼 포장지 ​밤기저귀용으로 흡수력이 좋고15kg 이상으로 큰 아이들도 충분히 사용할 수 있는 제품이라 나는 대만족 우리애들 몸무게가 15kg이 살짝 넘지만아주 낙낙하게 잘 입었다. 얇은 울트라 슬림형에 초유성분기저귀 기저귀를 하루종일 착용중인아이들의 경우에는 가려움증 간지러움 같은 것들이 발생하고특히 우리 아이들의 경우에도 민감하다보니 신생아 때 국민기저귀라고 했던 제품에도 엄청난 발진이 발생해서 한달 내내 고생했던 기억이 있다. 오케이광자매기저귀 아토잼잼에는초유성분을 함유한 기저귀특허도 받은 제품이라더욱 믿을 수 있다. 한방성분을 함유하고 있어 초유성분까지 함유되어있고 부드러운 실크감촉이라 아이들이 꺼끌함을 느끼지 않아서 면팬티 같은 느낌을 갖는 느낌도 있다 .3줄로 된 소변선은 겉에서도 한 번에 바로 보이는 장점이 있다. 확실히 확 보이는 소변선과 라인이 보이는 곳에는 흰색으로 되어 있어서 바로 도르라지게 보이는 장점 ​밴드기저귀 뿐 아니라 팬티기저귀까지 다양한 제품군을 보유하고 있는 오케이광자매기저귀 아토잼잼귀여운 소 그림과 함께 눈에 보이는소변선이 잘 보이게 흰색이라 좋다. 초경량이라 가볍기도 하고 슬림해서 작은 사이즈에도 많이 들어가서 기저귀가방에들어가는 양이 많아서 좋다. 허리밴드부분이 넓고 잘 늘어나는 재질이고 부드러운 실크재질이라서 겉부분, 안부분까지 모두 부들부들허리밴드도 넓어서 앉아서 응가를 하고 뒤굴뒤굴 해도 옷까지 응가가 묻지 않아 똥파티를 할 상황까지 가지 않아서 밤기저귀는 물론이고 낮에도 활동량이 많은 아이들에게 딱이다. ​초유성분이 들어가 있어서드라마에서도 나온게 아닐까 싶은오케이광자매기저귀 아토잼잼​사진을 찍는 것도 흔들릴 정도로 빠르게 움직이고 활동량이 많은 녀석들그럴 때 일수록 짱짱하게 잡아주어샘방지가 잘 되어 있다이렇게 활발하게 움직여도 기저귀가 새거나 위치가 바뀌지 않는다 ​오케이광자매기저귀 아토잼잼초유성분과 한방성분이 함유되어 간지러움이나 발진이 없는 기저귀 흡수량이 좋아서 4세아기 밤기저귀로 사용할 생각이신분들이라면 추천요 1. 오케이광자매 PPL 기저귀 2. 밤기저귀로 사용하기 좋은 놀라운 흡수력3. 가벼운 초경량, 초슬림이라 기저귀 가방에도 많이 들어감4. 초유성분, 한방성분으로 냄새, 가려움증에도 좋음 5. 초유성분이 들어가 있는 특허있는 기저귀 6. 발진이 거의 없는 기저귀 ​#오케이광자매기저귀 #아토잼잼 #밤기저귀 #흡수력 #초경량 #초슬림 #발진없는 #발진없는기저귀 #초유성분 #흡수력 #기저귀PPL #협찬 ​​",31,0,11,431,0,0,3481.4,5,text_ad,2021. 4. 30. 21:15,1298,1422321,육아·결혼,0
6,https://blog.naver.com/mombrity?Redirect=Log&logNo=221870508054,리베로기저귀 이웃나눔 후기 블로그 지인 님보님의 이벤트에 운 좋게 선정되어 리베로 기저귀를 직접 사용해 보게 되었어요 리베로 컴포트 7 단계리베로 제품이 사이즈가 좀 작다는 이야기가 있어서 아이들 몸무게는 아직 12키로~ 13키로 인데도제일 큰 사이즈인 15kg 이상을 신청하게 되었죠제품의 옆면에는 찢을 수 있는 라인이 되어 있고 상단면에는 유럽백조마크가 찍혀져 있네요 유아박람회에서 처음 만났던 리베로 제품인데 직접 사용해보는건 어떨지 벌써부터 기대되네요 한 팩에 42개가 들어있어요적은 양은 아닌데도 아이가 둘이다보니 금방 사용하게 되는 느낌 모양 : 밑 위가 좀 짧은 느낌이 나요 두께 : 얇지만 강력해요허리 밴드 : 넉넉한 감이 있어요​아이들이 사용하기 전에 꼼꼼하게 뜯어서 보았어요두께는 그렇게 두껍지 않아요 ​저는 밴드형은 애들 밤기저귀로 써요 자기 전까지는 팬티형으로 입고 다니고자기 전에 기저귀를 누워서 갈거든요 어린이집 선생님들도 팬티보다는 밴드를 선호하더라구요기저귀에는 여러 무늬가 있지 않아요 일러스트 같은 그림이 있어서 슬쩍 봤는데도 귀엽더라구요 외출할 때 쉽게 옷을 갈아입히려면바지를 벗지지 않고 빠르게 갈아입히는데밴드기저귀 만한게 없더라구요​어느순간부터 외출시에는밴드기저귀만 챙기고 있는데 리베로 기저귀 의외로 괜찮았어요 ​한가지 아쉬운 점은밑 위가 좀 짧은 느낌이라 똥을 와장창 누워서 싸는 아이들에게는 살짝 ㅠ_ㅠ..​아마 이제품이 15키로 이상아이들을 위한 제품이라 그런지 일반 바지를 입어도 잘 안보여요 작은 사이즈는 안써봐서 솔직히 잘 모르겠어요​가만히 앉아서 있는 아이들보다 이 시기의 아이들이 활동성이 많아지다보니 같은 제품이라도 허벅지가 너무 딱 붙어서 힘든건아이들고 귀신같이 알고 싫어해요​리베로 제품은 허벅지 부분이넉넉해서 허벅지 굵은 아이들도편하게 사용할 수 있어서 좋아요​리베로에서 나눔이벤트지원 받아서 작성했습니다. 뿅 ~ ​,20,0,0,209,0,0,3481.4,4,text_ad,2020. 3. 24. 15:18,1298,1422321,육아·결혼,0
7,https://blog.naver.com/mombrity?Redirect=Log&logNo=221690147630,"슈베스 제품은 처음 베이비페어에서 알고나서 쭉 사용하고 있는데쓰면 쓸 수록 주변 맘들에게 소개해주게되는 기저귀는 처음인듯#쌍둥이맘 이다보니 하루에 갈아야 하는 아기기저귀의 양도 상당하고한 팩을 뜯어도 다 사용하는 데 3일도 채 안걸리다보니 #가성비 도 무시할 수가 없고, #쌍둥이외출 시에도 가방에 넣어야 하는 부분도 생각을 해야 하다보니 정말 슈베스 슬리머 아니면 답이 안나왔지요소형 S부터 베이비페어에 갈 때마다 구매를 하면서 여러 종류를 써봤는데아이 둘을 데리고 지하철로 한 시간 이상의 거리를 움직이면서 수유실 찾아삼만리 하지 않아도 되서 너무 좋았어요 바로 요녀석이 우리 빵꾸똥꾸가 선택한 울트라 기저귀 슈베스 슈퍼슬림 팬티이게 뭔가 싶긴 하지만 베이비페어 하루 다녀오게되면 짐이 이정도 나와요 솔직히 저렇게 짐을 들고 올때는 가방도 무겁고 유모차도 휘청하긴 하지만그래봐야 아이들 간식, 먹을 것, 기저귀 등 필요한 제품들 밖에 없어요이런 저런 흥미 때문에 여러 종류의 기저귀 브랜드 제품들도 사용해보았는데가방에 기저귀 10개 들어가면서 부피가 많이 안차지 하는 제품은 단연 요녀석초강력 3중흡수 시스템이라 흡수력도 빠를 뿐더러 빠르게 옆으로 퍼져서 쉬야를 했을 때 한 군데에 뭉텅이지지 않더라구요 특히 밤에 잠을 자고 아침에기저귀를 갈아야 할 때를 보면 엉덩이 부분에 골고루 퍼져 있는 것을 확인할 수 있어요가끔 쭈그려 앉아있으면 갈아야 할 시기인가보다 하고 한번씩 아랫 부분을 만져보는데 확실히 잘 퍼져 있다는 것을 확인이 되더라구요 지난 여름에 문화센터에서 역류방지를 실제 겪어보고나니 더 믿음이 가더라구요 문센에서 여름수업 중에 물놀이가 있었는데 깜박하고 물놀이용을 가지고 가지 않아서 일반 팬티를 착용하고 잘 놀았어요 한 시간 동안 아이들이 신나서 놀았는데 저정도면기저귀가 터질듯 한데 끝까지 안터지고 지켜주더군요 선생님도 엄지척 한 슈베스 평소에 사용할 땐 대충 올려서 쓰는데도 말리지 않아요 하나는 몸이 11kg초반이고 다른 애는 11kg 중반인데 아빠 엄마를 각각 닮다보니 같은 키로수라도 체형이 틀려요뱃살이 많고 통통한 아이도 커버가 가능하고 날씬하고 살 없는 아이도 모두 커버가 가능사진을 보면 배에 쭈글쭈글하게 자국남을 것 같지만 전혀 No 부드러운 허리밴드에요허리밴드부터 흡수시트까지가 하나로 되어 있기 때문에 엉덩이 부분을 다 감싸줘서 응가를 싸고나서도 기저귀가 내려오지 않더라구요 설겆이 하다보니 어디선가 스물스물 응가냄시가 폴폴 난다 했는데 역시나 똥폭탄화장실로 데려가서 씻기고 옷을 확인하는데 저 상태까지 갔지만 옷에는 1도 안묻음이래서 슈베스 기저귀를 버릴 수가 없음 나의 최애 아이템 샘방지 이중 사이드게더라더니 끝까지 옷을 지켜주고 장렬히 전사했다는 하하광고들을 보면 모두 자기제품이 좋다고하지 안 좋다는 점은 없는데말로만 괜찮아요가 아니라 직접 받은 인증서가 뒷받침 해줘서 믿을 수 있어요Formaldehyde포름알데히드, Optical Brighteners형광증백제, 인공향이 들어가지 않아서 유해물질 무첨가로 안전확인 기준 통과를 했어요 SUBES for joyful parenting슈베스가 추구하는 즐거운 육아아이들 신생아 때부터 베이비페어에서 수 많은 브랜드의 제품을 사용해 보았지만 지금까지 꾸준히 사용하고 있는 단 하나의 제품을 꼽으라면 단연 SUBES를 꼽는다. 중형까지는 밴드를 사용하다가 대형으로 옮겨오면서 계속 팬티제품을 애용하다가 밴드가 잘 안늘어나는 타사 제품을 사용했는데 아이도 불편해하고 기저귀를 갈아주는 엄마도 불편하다는 사실을 깨달았다. 사용할 땐 몰랐지만 다른 제품을 써보니 그 장점을 더욱 잘 알겠고, 더더욱 내가 쓰는 제품을 다른 이들에게 입소문 낼 수밖에 없다고 느꼈다.​#신생아기저귀추천 #슈베스기저귀 #기저귀발진 #슬림기저귀 #슈베스슈퍼슬림 #팬티기저귀 #여름기저귀 #여름기저귀추천 #육아용품 #출산용품  ",13,0,0,429,1,0,3481.6,1,suspect,2019. 10. 27. 17:29,1298,1422322,육아·결혼,[]
8,https://blog.naver.com/mombrity?Redirect=Log&logNo=222453273635,"위닉스 제로S 공기청정기 필터 교체AZSE430-IWK 필터먼지방어사령부요즘 날씨가 더워지고 외출 하기가 걱정스러워지다보니 아이들과 함께 집에서 노는 시간이 더욱 많아지게 되었어요. 그렇다고 더운여름 가만히 누워만 있어도 땀이 줄줄 하는 수 없이 에어컨을 하루 종일틀어놓고 지낼 수밖에 없어요. 요즘은 거의 내내 틀어놓은 듯 싶어요예전엔 집에서 공기청정기를 썼는데 에어컨에 자체 공기청정기능이 있어서 따로 사용하지는 않았거든요. ​인터넷을 찾다보니 에어컨만 틀지 말고 공기청정기를 함께 가동해주면더욱 좋다는 소리를 듣고 베란다에 두었던 공기청정기를 다시 데리고 왔네요. ​이번에 사용한 제품은 먼지방위사령부 위닉스제로S 호환필터에요.사용시 주의사항이 적혀져 있어요1. 물세척 금지! 2. 충격금지(필터 찌그러짐)3. 직사광선 피하기 4. 화기근처 NO5. 물기, 습기 NO아이들로부터 조심...예전에 필터를 하나 샀는데 아이들이 밟고 올라가더군요.그 뒤로부터는 아이들로부터 진심으로 조심해 집니다. 허허. 100% 국내 제조 생산한 제품이라 사실 가장 크게 믿을 수 있었던 점이에요.저렴한 제품들의 경우에는 중국산이 많고 사용한다 하더라도 제대로 걸러지는건지 사실 좀 걱정스러울 때가 있잖아요? 하지만 국내생산제품이라 믿을 수 있지요. ​그리고 통째로 갈아버리면 되니 교체도 용이하더라고요. 물론 요즘 나오는 제품들이 다들 편리하긴 하지만 말이에요. ​제품을 열어보니 필터가 두 가지가 모두 담겨져 있었어요. 깜짝 놀랬답니다.보통 앞 부분에 들어가는 헤파필터만교체하는 경우가 많이 있는데요 요건 그 안쪽에 활성탄필터까지 함께 갈아주기 때문에 정말 새 제품처럼사용할 수 있겠다 싶더라고요. 위닉스제로S 공기청정기 필터 교체 시한 쪽만 교체하면 두개를 다 교체하는 것 보다는 훨씬 효율이 떨어지니까요.  손글씨 느낌의 편지도 좋았지만저는 QR코드가 나와있는 스티커가 더욱 좋더라고요. 저도 몇 번호환필터 제품을 사 보았는데 제품이 마음에 들면 다음 번에 다시 찾아서 살라면 어디서 샀는지 기억이 나지 않는 경우가 많았는데요 요거 부착해 놓으면 그럴 일은 없을듯 해요. ​헤파 13등급의 필터라고 하는데요 먼지방위사령부 위닉스제로S필터는일반 H13 미만의 중국산에 비해서 마감이나 제품 처리가 깔끔하고 이격이나 들뜸 없이 딱 맞아들어가더라고요. H13등급의 트루 헤퍼팔터의 초미세먼지, 미세먼지 집진률은99.989%라고 하네요.아이들이 있는 집이라 이런부분안 챙길 수 없잖아요? 하루 종일 에어컨 틀었던 날은공기도 꿉꿉해지는 느낌 ​어쨌거나 실내의 공기를 빨아들이고 다시 내 뱉어 시원하게 하는 에어컨실내 공기질이 떨어지면나오는 공기가 깨끗하지만은 않겠져. 특히 요펠렛 활성탄 탈취 필터는실내 5대 유해요소에 대해서 최대 99.8%제거 및 생활악취 제거도 가능하다고 하네요. ​요 제품이 우리집에 있는위닉스 제로S 제품이랍니다. 맘카페 벼룩시장에서 뽑기 1등 상품으로 우리집에 온 아이에요.아직도 요 녀석 탈 때의 그 느낌이 잊혀지지 않는 답니다. 허허 ​아이들이 버튼을 자주 눌러서 잠금버튼이 필수인 요 녀석들필터는 이미 이사 오기 전에 빼 놓은 상태라 활성탄 필터만자리잡고 있어요. 위닉스제로S 공기청정기 필터 교체 해 보도록 하겠습니다. 필터를 분해, 조립하는 방법이 겉 부분을 열면 아주 자세하게 기재되어 있어요. ​요 부분이 바깥쪽에 있어야앞 부분을 열기 쉬운데 살짝 들어서 올리면서 열어주어야 잘 열린답니다. 힘으로 하면 부러져요. ​​프리필터는 월 2회 정도 물로 씻어서 사용탈취필터와 마이크로 집진필터는 사용기준에 따라서 6개월에서 12개월 가량에 한 번씩은 갈아주어야 한다고 해요. ​기존 앞부분에 있었던 집진필터는 버렸고 활성탄필터는 계속 재활용해서 사용하고 있었는데요 제 눈에는 안보이겠지만 활성탄 필터는 물로 씻어서 쓰거나 세척해서 쓰지 말라고 되어 있어 과연 깨끗할까 싶었는데 ​AZSE430-IWK 필터먼지방어사령부 제품은요 활성탄필터까지 한꺼번에 교체가 가능해서 이거다 싶네요. ​아이들도 하루 종일 집에서 노느라 바쁘신 두 녀석한참 들썩들썩 움직이니먼지도 폴폴 나는 듯 싶어서 빨리 갈아야지 싶었다는​AZSE430-IWK 필터비교 해 보도록 할게요 ​왼쪽이 정품 오른쪽이 먼지방위사령부제품 ​색깔 차이도 있고 눈에 보이는 차이도 있지요? 위닉스 공기청정기 필터다양한 브랜드들이 있지만전체적으로 통으로 갈게 되니 마음도 편하고 두개 다 갈아서 깔끔하고 깨끗하게 사용할 수 있어요. 부착하고난 뒤에는이제 전원 연결! 엇 빨간불??? 이럴 때에는 ​재가동 하고 5분도 채 안되서 빠르게 떨어지는미세먼지수치 시원하게 놀 면서도 이제 안심되게 놀아야겠어요. 하루 종일 집콕육아에어컨을 꺼 놓을 수 없다면올 여름은 공기청정기도 함께 먼지방위사령부 호환필터로 믿을 수 있는 Made in KOREA 미세먼지와 초미세먼지를99,989% 걸러주는집진필터가 있는 제품으로 선택해 보세요. ​​​​​​​>>> 우리집 필터 빠르게 찾아보기 <<< ​​​​​#먼지방어사령부 #위닉스공기청정기필터#위닉스제로S필터 #위닉스호환필터 #여름철에어컨 #에어컨공청기 #공청기교체팁 ​​​​​​​​​​​​​​​​ 

미      불을 통해 본 업체로부터
제품 또는 서비스를제공받마 작성된 리뷰입니다
「,】

 
가 -
|.
 
",27,0,0,538,3,3,3481.6,12,text_ad,2021. 8. 1. 14:48,1298,1422322,육아·결혼,['']
9,https://blog.naver.com/mombrity?Redirect=Log&logNo=222277866935,"천연가습기 나무와백년 폭포수공기청정기서울에서만 살다가 시흥으로 이사를 오니 제일 먼저 큰 산이 가까이에 있어서 참 좋다.서울보다는 조금 더 공기가 맑아진 기분하지만, 봄철의 황사나 미세먼지 덕분에 산이 진짜 눈 앞에 바로 펼쳐져 있는데도 창문을 한 번도 제대로 열어 본 적이 없다. 집에 큰 창문만 여섯개나 달려있는데어쩜 이리 실내는 탁하고 건조한건지 ​집에 공기청정기는 물론이고 뒷베란다의 습함 때문에 제습기도 거의 매일 돌리고 있는 실정이다. ​하지만 잠을 자는 안방과 거실은계속 닫아놓고 사용하기 때문에 습도도 낮고 심지어 새 아파트 첫입주라미처 빠져나가지 못한 새집증후군도걱정스러운 상황 ​가습기도 사용해 보았는데 공기중 물기를 먼지로 인식해 애꿎은 공기청정기만 맹렬하게 돌아이래저래 돈만 더 나가는 꼴이 되서어느 순간부터는 아얘 꺼버린지 오래 ​그나마도 초음파식이라 오히려 안좋다는 소리도 들리고 나는 나름 만족하고 사용중이었지만​그래서 선택해본 것이 바로 나무와백년 폭포수 공기청정기자연기화식가습기 이기 때문에 초음파든 가열식이든 생기는문제점들이 생기지 않는다.  ​간편하게 본체와 2L 짜리 물병바닥 물통으로 이루어져 있다 사실 처음에 너무 간단해서 이게 뭐지? 이게 가습기가 맞아? 했는데 가습기는 물론이고 물병도 여차하면 집에서 생수 2L짜리 그냥 꽃고 사용해도 되서오히려 더 좋다는 결론...팬과 연결되어있는 고무호스가 보인다. 윗 부분의 검정색은 오래두면 상하므로 필요할 때만 사용하고 필요하지 않을 땐물에서 빼 놓도록 하자 전원부가 있고 수면/쾌속모드가 있다.  편백칩, 자동공급캡, 전원부 꼼꼼하게 사용설명서 읽으면잘 몰라도 바로 따라할 수 있다. 7.5V 2A 를 사용하고있다. ​통을 적절하게 세척하고 편백칩을 사용하여 지정된위치에 놓아두었다. 인터넷에 보면 편백나무 판매하는 곳이 몇 군데 있는데 그 곳에서 편백 나무를 개별적으로 구매하는 것도 나쁘지 않을 듯 싶다. 3일에 한 번 계속 삶으면그 시간에는 사용하기 힘들어서 여분을 두어개 사 두던지 아니면 3일에 한 번은 세척하는 날로 정해서 진행하던지 해야겠다. 전원을 먼저 연결하고 편백칩을 끼운다. 저 편백나무는 꼭 저 사이즈가 아니어도 상관 없는 듯 싶다. 가로세로 사이즈만 맞으면 될 듯 시판 2L 짜리 병은 대부분 맞아들어가고 편백수오일이 함유된 편백수는제품과 함께 동봉되어 왔다. 필요량에 따라서 가감하여 사용하면될듯 하다. 편백칩을 넣고 뚜껑을 덮어서 기기안에 넣고 고무호스를통 안으로 넣게되면 자동으로 물이 내려오면서 고무호스로 빨려들어갔다가 다시 내려오게 되는데 그렇게 되면서 공기를 걸러가는 방식 공기정화는 물론 편백향까지 평소 관심있던 제품이었는데 이번기회에 사용해보게 되었다. 아이들이 있어서 항상 맑은 공기를전해주고 싶은 마음이있었는데 꾸준히 사용해 보고 오래오래사용해 보아야겠다. 이제 비염걱정 제로! 1. 자연기화식 공기청정기 가습기 이기 때문에 초음파, 가열식에 비해서 안전해요 2. 구매하는 곳 : https://smartstore.naver.com/woodenlifetime​#공기청정가습기 #자연기화식가습기 #편백가습기#편백나무가습기 #아로마테라피#공기청정 #천연가습기 #비염#봄철황사 #아기있는집 #천연가습기추천 #편백 #환절기 ​이 글은 택배의여왕을 통해 본 업체메서
제품 또는 서비스를 제공받아 솔직하게 작성하였습니다,

^
",28,0,8,346,0,1,3481.6,2,text_ad,2021. 3. 16. 22:57,1298,1422322,육아·결혼,0
10,https://blog.naver.com/mombrity?Redirect=Log&logNo=222277866935,"천연가습기 나무와백년 폭포수공기청정기서울에서만 살다가 시흥으로 이사를 오니 제일 먼저 큰 산이 가까이에 있어서 참 좋다.서울보다는 조금 더 공기가 맑아진 기분하지만, 봄철의 황사나 미세먼지 덕분에 산이 진짜 눈 앞에 바로 펼쳐져 있는데도 창문을 한 번도 제대로 열어 본 적이 없다. 집에 큰 창문만 여섯개나 달려있는데어쩜 이리 실내는 탁하고 건조한건지 ​집에 공기청정기는 물론이고 뒷베란다의 습함 때문에 제습기도 거의 매일 돌리고 있는 실정이다. ​하지만 잠을 자는 안방과 거실은계속 닫아놓고 사용하기 때문에 습도도 낮고 심지어 새 아파트 첫입주라미처 빠져나가지 못한 새집증후군도걱정스러운 상황 ​가습기도 사용해 보았는데 공기중 물기를 먼지로 인식해 애꿎은 공기청정기만 맹렬하게 돌아이래저래 돈만 더 나가는 꼴이 되서어느 순간부터는 아얘 꺼버린지 오래 ​그나마도 초음파식이라 오히려 안좋다는 소리도 들리고 나는 나름 만족하고 사용중이었지만​그래서 선택해본 것이 바로 나무와백년 폭포수 공기청정기자연기화식가습기 이기 때문에 초음파든 가열식이든 생기는문제점들이 생기지 않는다.  ​간편하게 본체와 2L 짜리 물병바닥 물통으로 이루어져 있다 사실 처음에 너무 간단해서 이게 뭐지? 이게 가습기가 맞아? 했는데 가습기는 물론이고 물병도 여차하면 집에서 생수 2L짜리 그냥 꽃고 사용해도 되서오히려 더 좋다는 결론...팬과 연결되어있는 고무호스가 보인다. 윗 부분의 검정색은 오래두면 상하므로 필요할 때만 사용하고 필요하지 않을 땐물에서 빼 놓도록 하자 전원부가 있고 수면/쾌속모드가 있다.  편백칩, 자동공급캡, 전원부 꼼꼼하게 사용설명서 읽으면잘 몰라도 바로 따라할 수 있다. 7.5V 2A 를 사용하고있다. ​통을 적절하게 세척하고 편백칩을 사용하여 지정된위치에 놓아두었다. 인터넷에 보면 편백나무 판매하는 곳이 몇 군데 있는데 그 곳에서 편백 나무를 개별적으로 구매하는 것도 나쁘지 않을 듯 싶다. 3일에 한 번 계속 삶으면그 시간에는 사용하기 힘들어서 여분을 두어개 사 두던지 아니면 3일에 한 번은 세척하는 날로 정해서 진행하던지 해야겠다. 전원을 먼저 연결하고 편백칩을 끼운다. 저 편백나무는 꼭 저 사이즈가 아니어도 상관 없는 듯 싶다. 가로세로 사이즈만 맞으면 될 듯 시판 2L 짜리 병은 대부분 맞아들어가고 편백수오일이 함유된 편백수는제품과 함께 동봉되어 왔다. 필요량에 따라서 가감하여 사용하면될듯 하다. 편백칩을 넣고 뚜껑을 덮어서 기기안에 넣고 고무호스를통 안으로 넣게되면 자동으로 물이 내려오면서 고무호스로 빨려들어갔다가 다시 내려오게 되는데 그렇게 되면서 공기를 걸러가는 방식 공기정화는 물론 편백향까지 평소 관심있던 제품이었는데 이번기회에 사용해보게 되었다. 아이들이 있어서 항상 맑은 공기를전해주고 싶은 마음이있었는데 꾸준히 사용해 보고 오래오래사용해 보아야겠다. 이제 비염걱정 제로! 1. 자연기화식 공기청정기 가습기 이기 때문에 초음파, 가열식에 비해서 안전해요 2. 구매하는 곳 : https://smartstore.naver.com/woodenlifetime​#공기청정가습기 #자연기화식가습기 #편백가습기#편백나무가습기 #아로마테라피#공기청정 #천연가습기 #비염#봄철황사 #아기있는집 #천연가습기추천 #편백 #환절기 ​이 글은 택배의여왕을 통해 본 업체메서
제품 또는 서비스를 제공받아 솔직하게 작성하였습니다,

^
",28,0,8,346,0,1,3481.6,2,text_ad,2021. 3. 16. 22:57,1298,1422322,육아·결혼,0
11,https://blog.naver.com/mombrity?Redirect=Log&logNo=222195411501,"미로가습기 초음파식 최근 이사 예정으로 인해 이사 갈 집은 물론이고 현재 사는 집의 뽁뽁이를 모두 제거했다 그랬더니 아뿔싸...​집안과 밖의 온도 차 때문에 환기는 아이들 없을 때만 나날이 바닥 보일러는 돌아가니 가만히 있어도 집 온도는 물론이고 건조해지는 나날이 계속된다. ​​​집 온도는 24도에서 25도를 육박하는데습도가 33%정도밖에 되지 않는 거실그러다보니 아이들이 씻고 나오면로션을 많이 발라주지 않으면 거칠거칠머리가 금방 마르는 장점이 있으나 결국은 피부가 마르게 되는 결과를 낳는다 ​​이건 외벽에 가까운 베란다쪽에 붙어있는 녀석외풍으로 인한 온도차가 크다는 것을단적으로 알려주는 예다온도차이도 그렇지만, 심각한 건 습도 차이도 큼​​그래서 선택해본 이 녀석초음파식, 가열식, 자연기화식 세가지 중에서 한가지를 골랐는데 통짜로 세척이 가능해서 선택해 본 미로가습기 NR08M​​뭔가 두툼하게 와서 열어보았다 나는 통짜로 다 조립이 되어 있을꺼라 생각했었는데 그게 아니고 일일이 내가 조립을 해야 한다. ​간단하게 볼 수 있는 동영상가이드가 있기 때문에 QR코드로 손쉽게 스캔하여 확인이 가능하다. ​동영상 한 번만 보면5분이면 조립할 수 있다 보여지는 QR로 바로 확인! ​가습기 설명서도 이렇게 자세하게 되어 있기 때문에 혹여라도 확인하기 힘든 점이나 동영상에서 이해가 안가는 부분은설명서로 충분히 알아듣기 쉽게 되어 있음 ​제품을 열어보면바닥판(전원부분+등이 나오는 센서) 본체부분 + 아답터로 되어 있다는 것을 알 수 있다. ​특히 요즘 ioT기술을 접목시켜 핸드폰으로 원격 제어가 가능한""미로티"" 라는 것을 추가로 구매하면핸드폰 원격제어(음성인식도 된다 함)로 누워서 제품을 조절할 수 있는신박한 신개념 되시겠다 ​​바닥판을 자세히 보면왼쪽의 동그란 전원부와 가습기 본체를 연결하는연결부로 나뉘어 있다. 가습기 본체는 거의 대부분 물세척이가능하게 방수처리로 이루어져 있지만아무래도 저 입구 부분과 붙어있는 부분은 물이 절대 들어가면 안된다. ​​미로 클린팟 이라는 제품으로 베트남에서 제조한 제품시리얼 넘버는 솔직히내가 안까먹을라고 찍어서 올린거 2020년 10월 생산분이다. ​​요건 LED전구가 숨겨져 있는 바닥판전원부분이 들어오면불이 들어오고 터치가 된다. ​본체 부분이다. 처음에 무척 당황한게 당연히 조립이 되어 있을 줄알고 있었는데 다들 따로따로 나와서 처음엔 뭔가 했는데 ​우리도 아이들 플라스틱 제품처음 받으면 뽀득뽀득하게 닦아서 사용하는 것 처럼당연히 이 제품도 뽀득뽀득하게 닦아서 써야 하는 제품인데 우리는 그동안 당연스럽게 플라스틱 사출된 상태에서 바로 나온 그것을 속까지 닦지 않고 그냥 썼던 것이다.​환풍기도 방수제품이고안에 있는 제품들은전기선 부분을 제외하고는모두 통째로 뽑아서 세척이 가능하다. ​그래서 그런가 기존에 세척제 문제는 물론이고 처음 사용할 때 찝찝함도 느끼지 않게 되었다. ​사실 처음에 이걸 끼워 넣을 때만 해도 왜 이걸 이렇게 하는거지? 싶었는데 다 조립하고나서 뚜껑을 덮으니 깔끔하게 이격 없이 그대로 들어갔다 설명서에서도 이 부분을제대로 넣지 않으면 이격이 생기니 꼭아랫부분이 볼록하게 넣으라고 되어 있다. ​​전체적으로 이격이 없는 모습을 하고있다 내부 부분을 모두 조립하고나면외부 통을 끼워 넣기만 하면 되는데 아마 이게 처음부터 모두 조립이 되어 있었던 상황이었더라면나 같은 사람은 두번은 열어보지 않았을 듯 싶다 ​​통세척이 가능한 제품들은 모두 깨끗하게 씻어말려서 사용했고, 그러다보니 혹여 뭍어있을 플라스틱 기름때들을 걱정해야 할 필요가 전혀 없다. 아무래도 아이들과 함께 사용하는 제품이다보니 걱정스러웠었던 부분이 있었는데 미로가습기 제품은 전혀 그럴일이 없어서 다행이다. ​​선택옵션이 있는데 그게바로 수면캡 소리가 덜 난다해서 끼워넣었다 개인적으로 끼워넣는게 맞는듯 싶다이격이 딱 맞아서 틈새가 벌어지지 않는다 ​가습기를 틀고나서 3분 뒤 온도는 살짝 낮아지고 습도는 많이 늘어났다 ​대부분을 마루에서 보내고 있는아이들에게 좀 더 가까이 놓았다처음에 아이들은 바닥에 놓인바닥판을 유심히 관찰했다 ​벽과의 거리는 50~60cm 정도 뗀 상태에서 사용하고 주둥이 입구에있는 방향판을바깥쪽으로 해야 습기가 잘 유지된다 ​외벽일 경우에는 안개 사출 방향구를특히 반대쪽으로 필히 돌려놔야 한다. ​통세척을 모두 마쳤기 때문일까?아이들이 저렇게 가까이 얼굴을 대고 가습기 연기를 맡고 있어도 전혀 걱정스럽지가 않다역시 미로가습기 ​연기 나오는 부분에 아이가 신나서 난리가 났다 물 한통이 다 빠질 때까지 아이는신나게 저 놀이를 진행했다 ​​* 본 포스팅은 미로가습기 로부터 제품을 제공받아 작성되었습니다 * ​​#미로가습기 #겨울철가습기 #겨울가습 #아기집가습기 ",44,0,0,517,6,0,3481.8,56,text_ad,2021. 1. 4. 0:42,1298,1422323,육아·결혼,"['33프로 진짜 건조하네용 ㅎㅎ 겨울엔 가습기 있어야된다며🥰', '잘지내고 계신가요? 소통하고 지내고싶어요!', '저희집도 요거 사서잘쓰고 있어요.근데 청소는 여전히..귀찮아요.코막히지않아서 제품은 대만족이에요시간되시면 제블로그에도 놀러와주시면 감사하겠습니다', '집에서 미로 가습기.잘 쓰고 있어요 ㅎㅎㅎ 괜찮더라구요 ㅎㅎ']"
