,weekly view,2021 post num,5years post num,보석십자수,미니어처,펀치니들,3d펜,3d프린터,가죽공예,가방만들기,양모펠트,프랑스자수,스크래치북,LED조명,무드등,칼림바,오르골,발난로,우산,캡슐세제,전자저울,산소포화도측정기,소음측정기,거리측정기,온습도계,적외선온도계,높이측정기,타이머,유수분측정기,아두이노,라즈베리파이,마이크로비트,휴대용선풍기,스피커,디퓨저,기저귀,파우치,운동화,청소세제,로봇청소기,전동칫솔,수납박스,청소포,에어프라이어,거북목베개,컵홀더,공기청정기,진공청소기,자외선차단제,섬유유연제,가습기,마우스패드
love_yulian,1230.0,150.0,1567.0,32.498110796098516,28.77174506119511,30.895413086781957,26.26596227676207,26.876458292789913,23.90864407044074,25.007507036079684,31.24925564782557,30.792096431834985,28.699066870534445,30.375958249977057,34.42273411760835,26.381859305003342,26.87763727597202,21.43172353780709,34.81240899452872,19.249826401612133,33.88174433743176,33.89245177092354,34.771249692186736,33.58433171437904,32.83621371598985,33.17790357377551,,33.81907865183995,35.16343119194896,26.740943219805825,25.65204188696732,25.184381330907318,38.677855707710904,28.624146526363376,32.24683894632247,37.316837218696705,30.89317930773954,30.893179307739537,26.561542482154188,25.948589389685587,22.6858067722521,28.525686301022986,26.00660783852266,20.55427771994155,23.594646508055586,32.68788677556027,25.56935781201255,28.19844017231934,29.760405008653034,33.45660489293293,27.365448807969415,29.41652258812159
hyukmint,7071.0,60.0,1995.0,22.282017282141005,22.282017282141005,22.282017282141005,26.218202818412184,28.393222115783587,23.28897591097531,23.72182434907222,26.26789922519902,22.28201728214099,22.282017282141005,29.533020577626175,34.1798669611432,21.606757108446836,21.606757108446836,18.305274494958542,34.362294552864114,32.15975406738101,35.32395118764177,34.614331288879825,36.119042197363285,34.86490453271403,34.899530491141746,35.01408131652612,,35.30012009380393,35.72804291925276,33.046327627788344,25.213622394207256,25.312377217373985,39.57305375836618,29.78228682515645,32.18350803940617,37.22441652524961,33.673124441750524,37.72194126088999,29.477647008449814,27.215956030447416,18.398380942266936,26.109583749400834,37.72194126089,39.573053758366186,28.974609704834755,31.974244495078946,34.20931318624744,31.730936259493237,33.542757385750335,29.837785737066252,33.80334375818956,30.003422862028973
pm0146,3385.2,30.0,802.0,34.76113650702225,30.65797263384678,32.172891636490014,22.85187382401254,27.353810969461186,18.083570649643327,18.26236673566009,32.28412177302055,32.160521958121464,31.09179239568253,29.501939194608003,30.14290151145118,19.92824458778101,23.255461435258063,19.96986934825305,35.09639593533905,31.907177541043946,35.29099141546767,34.716797487673446,35.98351403756102,35.06260423131234,35.022577878598035,35.14169398409648,,35.28297785938474,35.73213869461771,36.55060118565357,25.934613981261624,25.881998750150903,22.374670179926085,28.52369640646988,26.806281152413195,34.14552972455434,26.57625980413473,26.674972209474333,33.14572720349288,32.1401912160832,18.6211551842443,32.99665606876137,29.197632668383115,36.85647744344236,22.48687926404669,32.95020852293269,32.74392849424518,33.71506009458357,29.08549513120677,29.434976963543406,24.02541002118942,28.443285599374892
s98soon,1424.4,120.0,3571.0,31.700619717257574,36.15103644531508,35.3884501335221,28.198406059331493,26.350838925282122,46.61896105622924,33.264099472393205,35.13425469625777,35.3884501335221,34.073166907287344,34.50059004903351,37.095307143618356,38.36222539789196,40.78325784500039,20.67178248390981,47.24187854273482,35.33288979751435,34.02437101870882,34.45725645443674,33.93424386752197,34.73978815589314,34.05694876859661,34.27168441417979,,33.691764603754166,34.20830341706397,30.95486608762522,34.500590049033505,26.9542260092108,33.39421630163673,29.336504834944638,45.58111586500814,32.773302147393814,33.94694797432426,33.54277849372672,35.35021367597443,35.616264192293215,24.861493676179805,23.320590042073043,25.19740798514651,34.688735977359514,34.984080001467085,47.24187854273481,36.32960053578287,35.616264192293215,41.47085790262199,43.01172320222304,34.839254681427654,27.943662154202592
melonheads,3606.8,60.0,814.0,31.588188369378674,29.431562442590263,30.88789157024346,24.94618685843406,26.463117914183773,22.307344570477444,24.34774567372889,31.075768197919416,30.771574454161136,29.520329446959607,28.146993361991974,33.931624957446196,33.79397049769222,33.793970497692236,21.58836031292161,34.062400218326,29.582621114834172,40.24052412013679,40.24052412013679,40.24052412013679,40.24052412013679,36.76524598287919,37.00908777219418,,40.24052412013678,40.24052412013679,32.508337418195524,25.72483018185052,25.26423180116827,30.823960607130243,24.517194282639455,31.829171370313507,42.48708083685519,35.75820689403397,35.75820689403397,35.14939153399555,29.950136605573093,23.308503595315752,29.582621114834172,29.582621114834172,35.14939153399554,24.51719428263946,32.41761038847155,31.30041023430016,31.656699294672528,29.602564073837257,33.81248704698097,28.250403091627412,32.670414004434065
miminimkkk,8062.2,60.0,1091.0,36.63577600628225,36.63577600628225,36.63577600628225,27.260956785309034,28.909262026386642,21.760952445105286,21.206710652697446,36.63577600628225,36.274997686985905,36.63577600628223,30.047299955320565,34.38143268218391,20.393521950668244,26.022278705224267,30.35912623410176,35.70453242707532,28.292640115648833,35.07587503457201,34.742858024045475,35.64128461598563,34.810915210363206,34.74857831772869,34.945839008317144,,35.06551968140656,35.79556601179895,33.19854254993152,26.11220937057247,26.23392897901602,33.19496760749441,28.510971183090696,25.748635198212394,35.68437509906404,25.833023684006847,25.874613660537804,29.430013560875256,31.962266883952875,21.239560935710763,25.871787134267585,28.292640115648833,30.97671129719432,23.085118487163523,33.413295905519696,33.26513291937006,33.6166657137996,25.756408630059042,34.82303502441205,26.48544677290023,27.14087437073764
kyakya_4001,7431.2,120.0,1574.0,32.90763152882019,29.840150617909373,31.36769116365284,26.07961661244539,21.847848332496447,21.409261236219102,24.093680113524503,31.417337881787144,31.278834646747693,29.970486005689743,25.305996949205444,34.00853537657237,27.280096638899746,26.741938943996512,44.92346081902019,34.651663423091854,25.702189022443548,28.47766833088945,28.477668330889458,34.69286285054549,28.477668330889458,28.477668330889458,28.477668330889458,,28.477668330889458,35.2304513820825,26.438303377764363,25.30599694920544,25.30599694920544,32.03456146602111,25.57086651909046,32.26360611016211,35.90777114114653,36.686553118604515,36.686553118604515,29.962180857216527,37.388554574127866,22.947019471588845,25.216932794296323,25.216932794296323,29.96218085721652,30.459348999607332,34.65166342309185,37.388554574127866,37.388554574127866,30.679916242229375,33.157651462117094,37.388554574127866,28.509659153364918
popopo2013,1202.2,60.0,1455.0,32.437169901555976,30.37568720275129,31.04866137687954,26.32352921949012,25.453314410747865,25.288920543236987,25.288920543236987,31.055620995364695,31.04561251613631,30.49712706881211,28.213177781444923,38.31083668684023,28.37830759117783,28.37830759117783,19.90082143086611,31.59179791033757,37.77342868686412,35.56342202576983,34.816402435912,36.17795661136552,35.29543223194713,35.214896587324844,35.34214359923409,,35.501836764005084,35.934393425275296,35.83253491981379,23.07138713018193,23.07138713018193,31.079405201868866,39.11604559865052,31.89753040766589,35.014413849760324,28.25129052374255,35.633163034316205,35.969355040615675,31.722274823823266,23.915713454502928,32.994266909076416,52.48165752913465,32.89273888994635,31.846920380123855,31.59179791033756,37.81487040263377,32.98087613621644,30.14045751671241,27.76881346548781,28.234723173455237,29.63483316404412
u_ulla,2275.0,90.0,1328.0,32.58499144999009,34.9782500344073,32.58499144999009,27.856028671948653,24.1682811240982,39.44207065497895,29.843698850632567,33.63974869940358,31.38836215778148,34.9782500344073,27.87745182308584,36.40564011910092,29.24112188255603,29.24112188255603,19.851440900945867,32.369874154543325,22.75659578200156,36.95760270146056,36.957602701460566,37.02412809523326,36.957602701460566,36.957602701460566,36.957602701460566,,36.957602701460566,36.26954126398491,26.871123463039954,23.639613677395783,25.326841010091286,30.42540324518611,29.347045665310368,34.7436299830732,36.02342064912257,34.83713634195705,32.577681285249675,23.5873053863764,29.415872597150766,23.598619817157577,22.756595782001558,23.544197808546993,34.25336659359676,27.03569357456172,32.36987415454332,30.809663711601598,25.99475816145146,29.400386403012874,19.15252929005286,29.698989115141295,27.285843933714975
masejin,2629.8,30.0,607.0,32.51069167218198,30.11907375795102,31.0420398832132,27.37329113235355,37.01161931223693,25.45962962672586,25.61093510105434,31.156273080028363,30.93516934961825,30.233302487809105,29.499373383882705,40.2017075474504,27.7004608231854,32.9057379896145,20.43090216484608,50.58738411182347,32.42859413207359,34.590458296734596,34.26144294422104,35.44709173152243,34.417717995551286,33.82310487899643,33.999626704746994,,34.50814052532239,35.67659937132185,30.483181539321016,26.299830541406013,36.94380187096553,33.333695630455225,28.64083101275057,36.42587597248664,36.20437111441625,40.77655313043543,38.86017750070048,33.00488688921082,31.420696354425523,24.835108678183747,27.77775151063886,32.42859413207359,33.004886889210816,26.220061828563427,34.18136161933031,36.98043884167866,40.5186873387065,30.64253633467357,34.405536799571145,36.98043884167866,50.58738411182348
bijoubitna,9261.6,60.0,1021.0,37.12781136608658,34.74155408998485,37.12781136608658,25.384289398086057,26.102296302097695,23.97152949580517,18.38106692376038,37.12781136608658,37.12781136608658,35.091192541839476,28.718742959892506,35.297039408728466,20.626630685431298,20.626630685431298,22.331803941671332,35.64983392859981,23.412445397635494,35.04326632583832,35.01864283230527,35.60420293429709,34.89617889812287,34.605733980346876,34.74290592714667,,35.143673144795535,36.0862481448552,29.643356918709824,26.251028158728445,25.98128235610099,32.314281086748416,28.81309997908214,26.497068470090827,35.617194261623645,27.031937122165093,26.764502796127957,22.770324161932827,30.957318427947982,31.01414945948541,24.53857558734802,25.164028661222716,28.784493301244893,23.453467783701758,33.38591791683636,27.349065437609422,25.03978997323853,19.90927887046105,34.3543193872836,24.39574681645858,28.635193585813674
skyjh0902,2949.0,300.0,2266.0,34.49349889624234,28.62802701436785,31.09489809908238,28.665474223555986,13.309099471549935,26.4718307290549,25.741115974081385,31.508369314585323,31.05498841640921,28.74478872767695,27.523181400119462,38.9958791848779,49.940543911943074,29.978198049208437,8.485443819917707,34.81859992177441,16.24000711555559,26.12244702429536,26.12244702429536,26.12244702429536,26.12244702429536,34.09597924496258,34.09312063314679,,26.122447024295354,26.12244702429536,32.41461749462734,25.38293105331871,25.608367579582048,29.703107525225377,29.495781209145505,29.96118171470299,34.80037815890547,28.473995999472926,28.473995999472926,25.879209927177236,26.24136803298847,16.309398290200836,13.784753052497692,15.165499295127571,18.56827284092956,24.894895374386557,35.499276526518074,16.778030617444088,14.171275500704994,28.72803203393377,10.050670325641928,25.48487151003619,26.689194992553617
shining1984,3179.8,120.0,1799.0,32.26942355235637,29.833899545462266,30.538911467694142,26.036946082080533,34.537146455489655,29.994567945345008,28.452346353786446,30.689274573795903,30.49128649873376,29.972843650346004,29.54262443187496,43.10319187620818,33.81063471603992,40.79326448312321,28.64441647672944,34.72249050618116,43.47618128895246,35.01981716937693,34.57003579086771,35.83230823770957,34.79270979402317,34.56893549073405,34.67551838544688,,35.00682491528637,35.79249102283963,33.05668005420091,25.70296110432619,25.63970332795455,31.78260419701974,34.6609428874047,31.801604069246245,50.53877552023044,29.364958886795232,44.770133255689494,29.446205294639032,40.52275408677598,27.708824037071118,38.17849639466232,28.324345056193152,48.747008136281856,36.093067716743725,32.26511849189551,47.54527387276478,41.60846748728391,29.86969585077596,42.123751160051285,40.188045337914986,28.9554085175267
rudtj7177,3589.6,30.0,295.0,27.45749005056851,28.206382923563975,29.003142470651785,24.912397368543658,26.18800266334818,22.937239302317003,25.644120523841906,29.4024084158661,29.042411855867194,28.442622052764264,26.554101025127213,35.166838780015134,34.748214240921506,34.74821424092152,21.222688691883274,32.75653580583975,29.61142649473248,33.68761460792863,34.5340880731519,33.67850939141255,34.806166504049955,35.033999138182814,34.87206295216021,,33.75413786490028,34.16083087928482,32.76034909225472,25.234064459341432,24.776743388113797,29.444045948576733,25.209488763021483,29.244980110454172,33.756590054888406,23.997619157426232,23.99761915742623,35.18361742535253,28.489256754166504,25.4722027643953,29.61142649473248,29.61142649473248,35.18361742535252,22.703247431067346,31.777821496933363,29.035291257970357,30.71697311986108,27.586375710438677,31.08469084818511,20.19700609911321,26.804522826079353
lizela87,1828.8,90.0,922.0,31.51475387455401,28.88808885573083,31.09424647774397,26.0174776071421,24.160380650834995,24.037872862088555,24.96249551891883,31.390978453208817,31.123045030397936,29.308233737457826,28.245890320428074,34.85795356571136,26.523993700103638,26.884543411360692,19.656615405421665,33.500271597686165,25.9946059256219,34.20212499934434,34.19249934986365,34.327124580669526,34.37442672868849,35.27660150128288,35.338997247662036,,34.42842224444125,33.86899845859759,32.872851849551274,25.23561405063142,25.006586190746912,31.127305942123154,27.37005964400253,29.55495847885358,36.690872370378166,34.53612930105775,32.04554388995566,30.886194225481727,28.301149672232444,22.557554718582455,25.9946059256219,25.9946059256219,30.88619422548172,21.257423581423303,32.10027890816731,28.838273461744187,29.79261436266441,29.282976231505994,31.9912990734817,21.257423581423303,26.516182538615293
sdsd0536,19606.4,60.0,475.0,33.52259862050307,30.417555025666783,31.9218387133796,25.30260054229261,25.669612717957204,24.67657032718393,25.558618743147083,32.0658022174752,31.764122410971048,30.4045302918972,28.439527956890398,34.08462686232461,26.64472198484885,27.261803357321558,20.337821277917918,34.942146643473464,30.80964305554567,24.302806598787935,24.302806598787935,24.302806598787935,24.302806598787935,25.91013180604044,26.020912144173366,,24.302806598787928,24.302806598787935,23.990012250846256,25.548568564167166,25.603475920385712,32.137157132630875,28.352681751647694,32.808352804764404,35.02299190348483,30.763973248892807,30.660007477277617,36.6073108457243,37.22520016002222,22.81180970244477,30.80964305554567,30.80964305554567,36.60731084572429,37.22520016002222,32.310979602600625,37.22520016002222,37.22520016002222,30.841801259621057,33.4812388715961,37.22520016002222,27.312081732080948
alway0131,4065.8,30.0,385.0,27.464145193078,29.84616946481037,30.181128618170664,25.76058230140335,28.98172944380708,22.28743626236256,22.28743626236256,30.26859285153329,30.01017008032847,29.727791072976714,29.47785843961816,33.84579723947119,25.01023028835118,25.01023028835118,21.22915040215535,34.74664998973059,28.099072977631185,34.925065077766085,34.43471711941061,35.86219373896306,34.52848785207645,34.00517791841099,34.229234809398626,,34.84922703197593,36.13766252940195,27.738544064860697,25.740017466351393,25.314299435036403,34.4354258400004,28.587459847062423,29.71658168315008,36.73567437459239,28.981729443807076,30.947408822191697,28.62238924239906,31.452631616582796,22.578723863051437,25.05860002864755,29.035731368318284,30.684722521780472,25.01023028835118,32.652345091679535,33.2493179051978,32.93131877951207,30.928170955876524,34.43542584000039,34.4354258400004,28.981729443807076
leehaksoon,3821.0,90.0,1463.0,20.20848535421497,27.179885724211495,20.20848535421497,27.95367038155045,25.580386838703266,16.477047121151678,21.991164262768454,20.20848535421497,20.20848535421497,27.040680425942607,21.094988982259878,34.321825613205164,21.07337618000473,23.017439497729576,19.943762747870657,29.290691803681113,29.3685898774667,34.66884989735499,34.47404606582254,35.31749080295028,34.735109359047385,34.063953117725944,34.27234344152067,,34.50520983401864,35.72359853427424,36.32875008676078,21.03988985859863,21.668222475130193,33.130101236180394,18.109325571996337,24.262260432860216,36.2535526494127,27.505373689749646,24.34106290473686,27.534612786531795,30.971813410450423,17.944201471485478,27.01819081670787,29.356826230430062,23.41741937951849,25.767991987721835,29.215244221361036,32.181923266029166,32.15530568793455,40.96711856642332,30.468434889513205,23.373177657275086,24.31317355757101
threecolor_cat,1241.0,90.0,655.0,32.31655749065092,30.56818591343095,31.57588635440119,27.577524749010347,27.02438941049374,19.638761674655544,19.638761674655544,31.81391791021852,31.50999570286435,30.747992541895634,32.54947514928905,34.640870062133956,20.787583775202194,20.787583775202194,20.51305137895107,44.57020443554863,35.19153242842345,34.828711380847885,34.76521744147448,35.28767213949159,34.98963143055733,34.223336352150746,34.35679411961106,,34.750343231813154,35.63475480810815,38.52622819590266,32.549475149289044,32.549475149289044,32.56452232153169,26.92964447235477,26.18501556620739,34.49265738520442,22.667709659285304,22.667709659285304,19.07772047044247,32.52163803942318,16.63612537717185,26.272099338568346,35.19153242842345,31.381083559517833,20.557847486137874,44.570204435548625,33.801805626926765,41.813771241104945,22.667709659285304,34.27506514265964,28.180047291497747,29.685764051225917
tnalalstn,2843.8,90.0,2684.0,31.411423819950244,24.462347478914804,22.836648345872277,29.665687914494942,18.20367057699351,19.73143288941467,19.73143288941467,30.753299052449318,23.784980574390143,30.015403825088356,43.04350405028336,36.22650681002039,26.956762347179627,26.956762347179627,20.34629725599571,31.43453082987356,18.8425147375781,34.459471376679026,34.19728867972215,34.72645606519225,34.44062879971401,34.49723550684706,34.56998292892467,,34.50843919161795,34.706115221199504,34.913860665011164,19.083730317228277,21.64785067275633,31.358405777081625,34.99197863922154,26.375482620342005,35.187532623064364,26.375482620342005,23.445322974485265,22.388243605097685,29.17293075086959,17.378768012639508,18.8425147375781,18.8425147375781,22.38824360509768,20.40853778901619,28.783002385050715,30.800887018538106,30.434083509112646,28.813025123789643,32.17905071444388,17.266082779065695,21.91105356218287
ceoseri,9459.2,90.0,2116.0,39.31418279039377,39.31418279039377,39.31418279039377,20.489271207840883,32.69903516603045,24.32841741956842,25.33757202037277,39.31418279039377,34.27901159195902,39.314182790393744,29.728959286702864,36.9507902056578,27.666050073176756,26.476566101844245,42.03635661784689,43.505028318886254,32.664649763106844,33.8900863727984,33.896410184729,34.62107091700648,33.839142196651856,33.74358918189338,33.849507278851554,,34.05389269733585,34.73104685983789,28.374069609962337,31.771580500206724,26.714621611080076,36.777890852162855,27.59434070283595,35.045317269279714,46.26761694853985,40.71961985607221,36.65541121125956,28.15494254966542,36.6019609732063,42.3144125547816,31.750165869275847,34.83864555465207,35.0231338180647,25.419495429880207,32.60799523442969,34.7443572720565,34.7642142927607,29.748727360667914,28.635439710631932,33.315481947640876,43.33819782559071
yej45864586,3482.0,90.0,2138.0,31.459774101594018,31.459774101594018,31.459774101594018,21.670762647885617,24.41831483465092,21.850358530232686,24.550974481194636,31.459774101593997,31.459774101594018,30.930100289383773,31.443247245624324,23.671279446156255,26.474581219723063,30.7316537864681,33.969882817018785,22.962901063520825,24.379314752455187,45.919550454795974,45.919550454795974,45.919550454795974,45.919550454795974,37.01164530617384,37.264927344663505,,45.91955045479597,45.919550454795974,23.286476754002237,25.654257845157748,24.167828941796344,33.4476413040263,31.780582123557902,28.266952383977657,35.659341122218514,29.732230687118463,29.01841155147814,21.989820213270775,32.23345398018357,21.058164689308576,20.584745458488072,24.379314752455187,24.458322166226672,24.382037192132834,29.045720179068883,36.4185708499598,32.89870526571576,30.013494540714866,34.446513730419305,40.55036970892685,29.19966247243112
xo-elliott,1127.8,270.0,1926.0,26.198340506163355,26.664124344925888,26.198340506163355,27.471945231295905,23.487156839617317,28.6107592257511,26.783544344859774,26.198340506163355,26.198340506163355,26.420993490003983,29.576631294448113,35.53596163328414,25.59030202979387,31.73785557265893,19.0888445826167,34.39491594305009,31.172958685949666,26.386657147082396,30.991256604776055,26.386657147082396,31.03072547046047,26.38665714708239,26.386657147082396,,26.386657147082396,31.899741710421456,33.8416756288842,25.58058885719626,25.61349140999279,30.164643413530346,27.823813137345798,30.36280135103478,34.984933035197415,32.7560778248281,31.814075593974557,28.007786666694116,37.038994140247745,21.952785664755936,35.68434540225988,30.872073363121032,31.525609656738855,27.79382574887828,32.08281843235831,33.488029795316,32.94397576197682,33.91551762165906,28.80367717032183,28.630666707165705,29.89555389191719
seoji11,3126.0,30.0,543.0,29.542710701017846,25.64010404746697,29.542710701017846,28.379027660300682,31.265951568397,24.518031376497404,29.608592415071538,29.542710701017846,29.542710701017846,25.115649703499038,41.17662113752647,34.655290710292725,33.22579170155164,33.22579170155164,19.56196721770053,30.071152318489695,30.862403056804876,28.514097650428067,28.514097650428067,28.514097650428067,28.514097650428067,28.90615797798514,28.945846093105896,,28.51409765042806,28.514097650428067,28.16686684108677,23.677039181874374,23.161849389858634,30.837502861318164,29.03630599433272,39.47812322009538,30.980779570686195,29.58636259085161,30.244093889740743,33.63350594468725,32.54536580543897,35.10021842102586,31.52298669850989,25.42395994516843,33.63350594468724,36.63779064514306,30.071152318489695,40.38774188961483,37.743980155320344,30.20371333913235,41.27627283967107,38.62877803703802,27.532342353386678
yacomworld,7903.2,30.0,603.0,32.90882961792025,30.24793042527405,31.778070331816465,26.46950916917507,24.173987251673463,24.792272852587423,28.984063225064148,31.789032113161323,31.889525362817142,30.300529053279057,28.746832020634844,35.50353422260695,26.203047030706202,26.100863580078524,17.92629907774194,34.2060736919332,32.813806945920426,34.528067908674565,34.528067908674565,34.528067908674565,34.528067908674565,36.48244054258604,36.62673960524349,,34.52806790867456,34.528067908674565,31.841271684612384,25.192567452457613,25.332218161428898,30.942693015290732,29.165701994465348,29.602745716410976,33.76185872138474,18.50647140753868,25.717041854637536,30.056052894745676,39.599064728587024,29.413570672849158,27.88589792327793,32.813806945920426,33.133383974918395,25.815115101610218,32.07436976535537,38.06882964604511,35.91638366807066,28.599021577735602,32.00237785887277,24.63645533148473,27.947778680607463
arom0520,1692.4,60.0,668.0,32.49587729279233,30.403644457757856,32.81118548486875,28.323815819317673,23.811709389104585,30.582886576315378,30.582886576315378,32.87134293022192,33.22248329733756,30.647142615886743,28.012551472001178,45.42763604497404,34.98812456080392,34.98812456080392,19.83287674316686,34.466544097718185,32.374322354259625,36.05672364420471,35.13288619924955,36.109099227808045,36.2340354751212,36.57895055445649,36.80700732240132,,35.97261450967104,35.82508057207355,34.425074045460605,25.293730767384094,25.98601759181402,29.427529579996335,28.80010425641547,19.59790173188079,31.446377924470088,19.59790173188079,19.59790173188079,38.466426881526004,30.093268272900847,28.063491503147812,32.374322354259625,32.374322354259625,38.466426881526,33.97271457122588,32.58199929386128,31.67711514663116,31.638702702423966,27.411527179357517,30.71819172189083,23.2857770967841,25.986112043070204
darksea02,6534.6,90.0,1926.0,33.768024650506106,29.784981379860557,30.694396759273875,26.24088211032247,28.844968219150594,24.48965176714685,27.18253153679278,30.77956087084711,30.65487550708672,29.824837819032158,30.403461435827392,36.75582813285903,36.06401969977229,31.176931265684974,20.067338916843845,34.51677040519705,29.43798826871489,35.103036653027466,34.60850729732743,35.949791729274565,34.71664014934032,34.37754814786209,34.55211284296418,,34.93195627886645,36.048169020985796,28.535924173618053,25.183696299988217,25.152119228997947,39.4936632085524,32.64912763824803,40.13680150627116,39.643208073383775,29.642226888080494,34.77921131134658,31.137287250056964,31.484814598943643,21.437890633693943,31.765500842142444,43.882981015395146,34.26908624643561,28.375982897134715,28.696449893776183,33.522472423537394,32.68747713021314,30.830169740991618,37.23003791033561,45.51866771785299,30.843926784780617
cyber3578,3288.0,60.0,2082.0,28.19257637104316,29.605407749146874,30.607670116911525,25.776176931347305,27.08172191122683,22.59324471850633,27.397671204705198,30.7437528956588,30.618152063298286,29.81021503208441,29.672070034367465,34.29604037024544,28.51213982141756,26.104684108246868,16.145238829050463,34.811166961031276,30.963644752666347,35.03436729840097,34.580950496354944,35.76399961801783,34.80977410930481,34.51698048328941,34.68542657130764,,34.901608759535534,35.77187196539706,30.66143863846437,25.66748952152036,25.425344798204588,32.51371760786421,26.26795538083096,36.530228272940256,35.17505999074864,31.16293104209124,31.9648820714582,29.78043242038036,38.61034007705285,16.227358648053034,26.203602460573006,37.441826546007086,29.259867506912087,26.52800510556469,32.278495234898884,32.97393831903186,33.36251574788328,34.711513639430535,36.53716513303835,29.688657410467073,30.08401438795446
yyumun,2507.4,60.0,1500.0,19.353720946307103,29.471401401762677,30.069599564856247,19.345260075050632,21.457055982272436,13.976660805186023,13.976660805186023,30.195073556306134,30.04253898286698,29.77638407227795,28.06905347330131,23.62362868072964,26.109119173415515,26.45562253051017,20.16285151705054,20.49873834019447,23.195278535772374,34.796147426231514,34.26620816694951,35.59102255331846,34.543813424798365,34.31853259109286,34.459593725838594,,34.767083648376186,35.470419935268474,31.668806059817356,25.535124298427526,15.788842578731984,23.429465363838485,28.370985026556774,24.736512521804865,36.337099707122796,22.227672975288677,22.711617488170884,29.768381078785985,31.845080043998703,13.080258756307662,26.01393934869636,29.29038743117461,31.060412663590967,16.385856426681748,20.49873834019447,33.16703838623182,27.560097661025544,22.711617488170884,23.42946536383848,20.419968331424286,21.714022801704754
tsslove,2292.8,60.0,959.0,31.564510060288974,29.49426959109742,29.494269591097442,26.653708760375373,30.55597234427284,30.492939062376372,30.492939062376372,29.494269591097442,29.494269591097442,29.494269591097442,28.53434424219124,46.19453829684662,26.073103096815835,26.388229266354156,19.675956065084687,29.93244306389254,27.199689435844924,38.95947952110165,38.95947952110165,38.95947952110165,38.95947952110165,35.91473969921432,36.13533822882908,,38.95947952110164,38.95947952110165,29.248823223015854,21.85956568977731,23.574570240484668,46.638775945943664,28.684361536776752,36.1232690615753,36.96154992798975,30.06095973647516,36.1232690615753,28.716411356915277,38.89031848035339,28.53725498068964,24.903696295714752,27.36062882968218,30.23817927330649,33.97667062127611,29.93244306389253,38.89031848035339,38.89031848035339,35.60269753354403,34.15766951628017,38.351701054346705,29.273124736918138
kbearp,1443.4,30.0,503.0,32.30950005057193,29.12946648471998,30.510138532112396,25.403292966019716,35.485907415453084,23.92715996273152,25.000112951970557,30.630072748063345,30.49411487345723,29.186677731389164,30.347002066883455,34.784495890452995,26.657399929912415,27.0986376583427,20.80235902093345,41.55434396171994,27.42696976119736,34.28039258282748,34.08268965390157,35.339828180600676,34.01684955120368,33.73645988217803,33.951919114529204,,34.28742843335507,35.44000802048091,25.272836624574666,30.34700206688345,24.943159254893736,51.93684104116742,28.328747796124983,41.1387849074956,36.74314986075088,30.09652973710441,41.1387849074956,28.503237625921248,30.16092305527096,23.03935575702851,24.636312176510888,27.75651142378856,30.16692690288302,25.59758611198427,41.55434396171993,31.625551332508987,31.54302103579735,35.776624650696846,51.936841041167405,38.67686573595203,36.91599237021737
wltn786,1125.8,60.0,394.0,32.20375631751063,30.047429538092036,30.45562564145008,25.36043221208016,25.674415984136782,28.234275018305915,28.234275018305915,30.592654121014217,30.31301941489504,30.046126428657338,28.940672105030348,34.17875362224341,31.683577775383718,31.683577775383718,20.71950340987038,35.12716637491696,28.51024434305102,35.053663550582385,34.6958675713972,35.65434014254568,35.063228598539915,34.342974310249936,34.49655653875294,,35.03932427368905,35.788943339979305,33.99766785828422,25.897487712006214,25.68320553736695,32.980930177595404,28.970106704824715,38.43383991472022,36.393360659824225,30.09408814308461,38.43383991472022,29.28584418368461,30.61015985684789,22.457453175014628,25.759039269235792,28.952233962361166,30.70937705847182,34.018700696225565,32.66466691886221,32.30439264993324,32.17244571780511,40.81430943670813,34.04859809770311,36.35382361706741,40.81430943670813
seven-queen,1209.2,60.0,1414.0,24.381820442729023,29.728797780883056,31.060227249607948,27.50363705335742,14.815608209052415,26.381500099995506,26.381500099995506,31.108299740369965,30.982396777743556,29.81468194449044,28.64965505215634,39.94816166831342,19.194741694509155,19.194741694509155,18.894127376764107,32.377722701415934,24.258854474452733,34.7131079408281,33.99097369143514,35.796748155947824,33.96540218050209,34.020107835813256,34.26248736219734,,34.55174444312028,35.607918914193974,29.429958678523874,23.6453454456168,23.6453454456168,32.93245042056122,12.090866689408212,30.932962050749293,35.92112570599299,32.132502883362555,32.132502883362555,28.438454596784787,25.362528556885373,16.07388098186723,24.258854474452733,24.258854474452733,28.8238141839697,28.003825337991046,32.37772270141593,25.362528556885373,25.362528556885373,31.309307950010936,33.458433822429065,36.75383564584816,29.082862002957803
sesirlis,1311.2,60.0,974.0,34.42463397984489,29.405170253363643,34.648901603247104,26.258556238139025,24.415707023782247,24.545952468277985,25.802553653276394,34.869098618465046,34.91711927145045,29.64551644728936,28.21849120325953,35.91718275138843,26.4303239621117,26.859947046194854,20.523569110859768,35.276421334942,26.07167111406387,33.66196053002537,33.777786997458335,34.19891946533354,33.62087801739862,33.72254388304478,33.93052820428235,,33.9191201141091,34.13166145009532,30.581542087086657,25.474287649200175,25.80615666518054,31.52774676758935,28.46620701562362,32.18119786089179,36.903039895421,18.684121337912508,18.684121337912504,27.915253354757073,13.58176970406364,22.74637899049501,24.12038211915129,26.048156058144663,28.975549874719594,14.653400507081969,32.95436018899071,13.58176970406364,13.58176970406364,18.684121337912504,32.805463051196185,14.653400507081969,28.39160477061007
ddiamosho,1998.0,60.0,397.0,32.07024377876089,29.932102416252366,31.139271550542617,25.82745425708818,16.972036577425683,25.98260900364387,25.98260900364387,31.230316399391263,31.214753830915946,30.332313885921177,28.261301175121897,35.31250818078419,27.013983031051296,27.013983031051296,21.07085916858667,33.30839346927928,29.853517935687865,36.255278717182044,35.62948016395218,36.5208931136976,35.848975873458784,36.71983542033697,36.6909138471262,,36.035332592000124,36.12176664021683,32.043425634937776,25.243083672578013,24.87726863427304,31.03900040212972,34.28183344555451,34.64347867152515,34.24037098707524,21.413342071787635,21.413342071787632,35.47126491987772,30.48371068376518,21.178032259023684,29.853517935687865,29.853517935687865,35.47126491987771,24.665738837276177,31.84832168774448,31.570158752640396,31.848164662845658,29.03512446561024,31.85873676913208,22.420192259034703,27.710611267907584
starule,2980.4,60.0,1053.0,32.69100987529841,30.834071022724494,31.515230165011243,34.30183502589411,27.107635229107917,20.56635859455982,20.56635859455982,31.608920553671336,31.452950823383713,30.893185897049477,29.999594319362025,34.33303947981981,20.896606295470786,20.896606295470786,20.749307198239638,35.937378295351365,34.61027665460855,35.50199450447018,34.67562800043878,36.40297092812376,35.08305802463837,34.626955061597535,34.823835003615216,,35.411489659128584,36.34121900539412,31.173036266221306,25.701133899370276,29.999594319362018,32.899833848857575,33.75867532450547,20.557393317012178,35.97155255380411,30.730640111599506,30.486958180853676,27.797607178840316,32.55348658863556,20.85484477309931,33.028478938511405,33.819377796559976,32.02212130565692,26.452830236347488,32.7039538138773,36.34871403802878,35.089819228811145,30.730640111599506,27.797607178840316,32.219149387612255,41.07863631179607
11ansgallry,3642.4,180.0,3623.0,38.49904762921278,40.452016924225724,38.49904762921278,26.09341884258124,23.760846618029518,25.676563662571947,39.76996779918308,36.54607833419984,38.49904762921278,40.452016924225724,28.24698068411158,32.03522879076887,23.00652919805394,27.380333871612322,19.49116334454545,31.043463068074303,31.07101987419334,35.604108878712104,34.76082838510121,36.346214272049124,34.90658834351299,35.89578940588925,36.05478537045525,,35.5376190652339,35.613978305855454,31.28952233821978,24.669833187411108,22.670939980617096,31.44919043646811,23.03731619943756,34.379368698532744,35.31435098130379,29.208721408140786,31.30443628831932,34.730500750065836,31.48104720643488,19.69023283845216,29.23007198642313,31.07101987419334,34.73050075006583,25.230524040598823,31.839527167240853,31.081161309627156,35.09320306323502,29.027153438707344,32.12948708621402,26.92656811334668,31.04346306807431
ddalgi11,2289.0,60.0,1282.0,32.21395437094071,30.32418765466121,32.21395437094071,35.08407366514426,26.257608966400074,24.920419304869334,30.036189315684318,32.21395437094071,32.21395437094071,30.618776828346963,50.90532440234453,39.51388662038624,29.63506894021408,26.962027708140155,18.378466296027568,40.210505927789356,24.380513065266076,32.75696048978427,41.44263160140995,35.24426876027905,41.44263160140995,24.071289378158585,24.071289378158585,,24.071289378158585,41.44263160140995,31.348238684989884,26.90911124547024,26.946325126267908,34.74531241801401,29.901368307015016,45.319102396816575,34.7965501460602,27.925594048313734,32.6345537829853,27.469954466102322,30.55061167275915,21.441071850133046,25.87352213079551,25.40774279266156,30.742325239151747,36.661650568660725,37.175992629709704,30.550611672759157,28.081386574975195,30.386781479723556,35.70739522779643,31.05196867873471,31.365658529510995
tncjq5,1125.8,30.0,224.0,38.33053043554183,30.349036682907496,35.18014094083361,27.645021375267067,17.61222170034006,24.98647592268362,26.217018388113893,35.05021808390162,35.45932282078234,30.546223425641585,29.05704051413297,35.14976167631383,26.43017317377125,26.84482800402496,19.89118482910887,33.59113849453908,27.068438654857303,34.56623543258509,34.33438687413085,35.30928270925847,33.706310540868046,34.30854299577778,34.48320131392599,,34.530974604771025,35.4092913533053,24.700169854372742,25.160501599355527,24.788778559389396,20.926437651542624,28.366913240678496,31.447428568737063,35.6313481271322,17.61222170034006,29.761662620767826,27.92908472995747,31.221051608203634,22.72976892579555,24.355117674977947,27.152100200063988,29.541530719122164,26.999537261157563,32.713454114380596,33.22650509800653,32.30646200372623,29.792968278020314,20.92643765154262,20.926437651542624,17.61222170034006
shanesemi,3252.2,60.0,838.0,31.558469854406443,29.740471846079632,30.518731307915953,26.31356391291685,30.68169532185484,25.42013725649719,27.15994575015078,30.611772002608433,30.462995285861364,30.062274553834822,38.17973134914608,41.1453009343941,40.872441152287536,33.15450427728005,21.046189999089425,37.89893356876152,32.041273223263595,46.41450196795358,46.41450196795358,46.41450196795358,46.41450196795358,36.883489991643245,37.126128074973195,,46.414501967953576,46.41450196795358,30.39785230348911,27.677467761333922,24.576783322614297,31.475703952129653,26.98227171237329,32.06240203383079,44.428793254945575,37.06666513851171,33.13738328087409,30.70405906386864,30.040869333620915,23.538765004532557,31.71937759048066,27.757455881354424,27.48497037119587,26.802391737993958,32.890733517323724,25.888770363279196,36.156119614228594,29.408469864216816,33.923147756541404,31.283877119815227,29.277455943950105
sj1229,1216.4,30.0,192.0,31.990801209557922,29.096335138071638,31.062170543242512,26.65189544144078,24.18624776545532,23.955596627046475,24.82563950033905,31.446894282541855,31.003367261454706,29.333135908226513,28.74279322700109,34.68009931376504,26.01093916280837,26.487095470777653,19.944511562409613,34.15754946261413,19.29277062995372,34.24194079883218,33.71858579246798,34.87042208580789,33.73182268716054,34.857295131781456,34.96689578123431,,34.48435689082979,34.03907056626446,30.21752308737745,25.397225600125314,25.33626148363393,31.822335020005713,27.91040640412572,32.25011165620439,36.671275282033534,23.82181488467487,23.821814884674865,22.923227323753473,29.014679740071536,21.989663298517083,19.29277062995372,19.29277062995372,22.92322732375347,20.04904475571008,32.742369757754304,29.959262367392398,29.979204202991973,29.329548006303508,32.10213404991875,20.04904475571008,21.55729275731429
vhglglgl,1235.6,30.0,745.0,31.815322937592757,28.087559944230456,29.609296152076038,32.30432365057948,31.81651618269921,28.2320956046834,25.48621091010974,29.79148289215093,29.586628559912096,28.06397295743785,46.87203916872512,33.72233350111453,42.76952834697156,42.76952834697158,23.12066438463058,34.23049755863524,25.612757118092098,33.15432862262277,33.06265786080249,34.212032207675186,32.90478420993272,32.500661040337405,32.59024550460094,,33.100508140684546,34.59869415442834,22.51761132876754,26.249088949082644,25.150293572348737,38.82133929037283,31.028873506626425,33.28037873204993,35.41833817855442,31.618930612270518,30.564835568128533,25.18424550170345,33.08036025619351,24.05223935041225,20.265507527198277,25.612757118092098,24.079010982276817,32.05461688140997,34.23049755863524,34.93316487216302,34.93316487216302,28.43521018801221,33.62720943440462,35.950849773283174,27.213369637690796
dailycindy,1026.4,60.0,846.0,32.44168244946042,30.112508912144456,31.30880493537371,26.856600985281293,14.65691540774098,22.381324414771605,22.381324414771605,31.522844293461308,31.275219088345754,30.313547530808336,29.431839574247086,33.906044468110444,21.47851299231571,21.47851299231571,18.196625902466806,34.78566234177307,27.810791434748918,34.94485622914564,34.44771387028466,35.484471619723045,34.73919779341248,34.50847915230524,34.65998860019452,,34.8967970195505,35.439459608461455,30.993227395422707,25.376533886088744,25.51287223881949,32.116084785683384,29.605517908327062,32.76665852595734,36.19657668966365,29.884709444065873,32.76665852595734,29.035661166976954,30.503525880389446,19.61753181849741,25.50952106697913,27.93186553208012,30.374815798436966,26.049991589314672,32.31585013680171,32.209279883305015,31.5314611489081,32.72164316869534,32.49320676560392,27.501480329215877,32.72164316869534
alsl720,1796.8,60.0,654.0,31.51866438156718,20.17554617376117,20.175546173761184,27.46102606372684,25.22526847507254,23.384767774801112,23.384767774801112,20.175546173761184,20.175546173761184,20.175546173761184,29.293651310237742,32.50924544556417,28.402316919742283,28.402316919742283,19.756475723356658,36.38790425819814,18.444385022149795,33.78994380468405,33.560440885024434,34.97476616503599,33.34590874253635,32.91285766403981,33.07582486713182,,33.70590418975671,35.2657092166883,26.21716529751947,26.458858047912376,26.436653577745435,32.89058474849223,28.490363806474445,30.188790903005504,35.72676183428935,35.35080899903052,35.35080899903052,28.00590989490187,29.3358322198684,20.082993806504117,18.444385022149795,18.444385022149795,21.91519501367688,28.854978192100432,40.51282709505554,29.3358322198684,29.3358322198684,30.479292193494476,34.21656349990706,35.86962856565699,28.62109255760258
ilov2h5691,3303.2,60.0,409.0,32.55568443602879,28.878708340309707,31.215251973844094,26.396237485103075,24.00858019826821,24.728904937025835,25.552067595480118,31.568072372379913,31.138398972025108,28.936104241858235,28.99224908259845,34.96898208495449,27.265124046332804,27.575105909116203,19.714131100938793,35.05076867103069,22.451314764828805,32.64197253282333,32.63139434027816,33.36942174064774,32.53786499019127,32.49057714294245,32.57615279740858,,32.75495923768356,33.2759227911372,28.251092186526837,25.41243929393865,25.701364018077534,30.528755225122357,27.91951141118035,38.88036024525008,36.104803771294776,30.164563100282685,42.428481910126344,32.685607442880304,29.170330701820006,22.384279790272146,22.451314764828805,22.451314764828805,26.676136981189416,32.775853533470794,32.738592402816806,30.606131936735558,30.289251234125125,29.282395907798207,31.540014250055897,26.856629162370403,34.804677259597405
nora_nori,1125.0,30.0,335.0,42.325204628219566,29.628540072408168,33.49592215867616,27.886250861406793,18.987715809535263,24.868538156351782,25.76849256647909,33.7098343063518,33.442248641187184,29.766065836921456,27.283778596401692,34.94849366413238,37.6739885879881,37.67398858798811,20.204350483299855,34.518495582489805,19.923683235532305,33.63141884788254,33.39934585810623,34.43543700459255,33.876589038483914,33.29647583387967,33.47869745538194,,33.353305784717875,34.851588152064416,31.63370505743483,25.649869273082498,25.3947270867194,22.560768186660844,27.332109367756072,31.707386149348515,33.83907422115554,29.563605113295065,36.513750338781705,28.11036610536962,29.396277523329193,22.522635223755557,22.70942610006455,41.85169351106525,23.67286320324945,28.553955336281042,38.125952391984825,31.333375743380973,30.60863498689929,29.197649114409174,21.457382071860074,27.934717345507845,27.58916676843298
fbwogus123,1383.0,60.0,725.0,23.426054298558437,29.215200292281352,29.584795814137344,25.87156308949805,24.54646119870829,22.37308000950419,22.37308000950419,29.75322620053615,29.628502133603916,29.57208220002802,29.303394396944828,26.466974812636124,25.7756901332403,25.7756901332403,17.743678167877288,34.22330794697086,34.80084477144845,35.13538516835289,34.708282734275336,35.84671201575401,34.982511031740415,34.97364740783765,35.02991431475565,,35.08250914855967,35.61133296789641,35.747427737542885,25.62381764863123,25.313303194272397,31.987292714559672,28.868581712583858,36.36713773133812,35.5485348774274,29.33224928294478,29.332249282944776,30.907219655098388,32.30546598813211,17.092116776999614,27.189090043598267,34.80084477144845,32.1944955438848,23.059944621713125,32.22280774464726,33.341759822913495,41.34956513275481,25.207616060436116,32.82748025180526,21.215370240559142,25.207616060436116
yelloww613,1024.6,30.0,289.0,33.73064919685248,28.947805152677244,31.943371104748984,26.869236615270516,12.945565548619474,25.377205936308677,26.154066824846115,32.13399299320009,32.033017518817594,28.582720268105277,29.356734881060348,35.35861958914638,18.97066948220541,18.97066948220541,16.071977413452096,33.93462369543196,27.45710600882836,35.91897342808798,35.381248417054614,36.39726212482189,35.26255502433186,36.077666993558516,36.149130616098844,,35.75549797290397,36.045546863503944,31.532480532682566,25.019283673312387,24.782252826219068,31.94424733348383,26.14876063763448,32.98637654472567,36.31567248170145,29.13714788301402,29.746717236938554,28.41951503670602,30.415771566403343,16.153724601597204,24.84557837668466,27.052197105862682,29.55922997594415,26.54574573246081,32.21487960525556,32.324438515404836,32.28606397760429,29.780676032457567,32.66155079737345,29.16667559027757,28.714418488988958
zellove12,4745.4,120.0,2406.0,32.15960607808198,30.347835784486932,31.31369578184977,28.367015851498486,28.834419300867353,25.637747759334758,29.38435524410479,31.505080941081452,31.252505884918197,30.531895646681793,28.866311687735895,44.5151161347633,34.52401902477847,30.853760023393,19.746906807041047,44.86782515157485,32.86428106895335,34.965075055902645,34.64438625073349,35.4358837328478,34.911881386972134,34.71758421960055,34.897442440143315,,34.94134558459609,35.36333941058711,36.858652904038564,32.76682658895358,32.76682658895358,31.707086310992945,26.118639497484374,31.50148714485246,34.99618861586516,33.905129191335554,32.866671572795404,36.289451149163376,37.3529386617915,25.323403967099647,30.542124257618728,32.86428106895335,36.28945114916337,28.843630460642707,44.86782515157484,40.17386671197973,32.89815930766074,29.464006397830182,32.81664698589639,29.842796487590604,28.457778879874486
rin141206,8611.2,90.0,725.0,31.74975469957163,29.891464477416267,30.800461144724345,26.031992983608124,26.316851614778408,22.04386095781812,23.429538870394033,30.981086858989013,30.80031725307662,30.239477914773758,29.256396022335363,35.49401152876363,26.09181565757007,28.6937144550109,22.105022298647484,34.70106567432008,33.695407676505084,35.064898580870604,34.75868933349832,35.514350568617914,35.09496188188124,34.77924801788796,34.945560381060815,,35.05941310624302,35.50970926676656,33.86066098139029,25.67972611201297,25.651396019667022,32.484656720829186,22.704660594915946,29.46115156400636,36.249255970620645,38.76009852828329,35.93664604473168,38.25488718321828,30.3722838650994,22.07216296678581,32.562140575106184,33.695407676505084,38.68958818140297,27.942004990790956,32.419995000165045,31.419553473363305,31.544221224632928,30.19090366899323,33.37808473701118,25.492615799601452,35.09301967732531
hyey00n,1220.2,60.0,271.0,30.053054241688958,30.282226441499528,31.17462767121223,24.322464997968634,26.32457341530855,23.596287680564387,25.127524171267417,31.29392109696737,31.174627671096474,29.78364620326452,31.153069742067178,34.1578940870957,25.62202741745215,25.91527304126208,19.606571070983385,34.81288258755416,27.174351679711673,34.141531411936775,35.72562396518023,34.141531411936775,35.97589083942365,35.72562396518023,34.9335776885585,,34.9335776885585,31.89891198085749,35.22770925052305,28.298803837583858,27.00202801367947,31.316765895273324,28.59203500752368,32.09165533654296,31.05257833607803,29.309163297264732,29.618119994489465,27.761787852491032,29.757278707311816,23.919137753682932,24.079673279661808,25.39821837744972,29.691906189349446,25.11671018509607,32.50695716580765,30.055424392126728,30.384268949830208,29.255796500469817,32.42248917808484,28.27674914387148,28.54779095808093
hyetaeng,1114.4,60.0,117.0,32.172380230841824,22.282017388020954,30.87800211241712,22.851873846687326,27.541163756014626,21.52806927083069,24.864443767725337,39.47398680735297,30.87800210944426,22.282017381132754,29.229107456616738,34.62120216723218,23.433502291390397,27.144026910651952,18.30527460755932,45.44983078640592,27.856793196985443,27.59458699783025,27.59458699783025,27.59458699783025,27.59458699783025,34.869003895229305,34.92157610430925,,27.59458699783024,27.59458699783025,14.764662578625506,25.471575952485576,25.27503109643936,33.07831739859362,27.492845783816712,30.074238730871972,43.6776265172188,29.65231319163058,30.453127710311676,29.106564415355255,26.58227277804736,20.39124803493565,30.761171058426786,34.19147806120854,32.2686654222809,23.85913465164602,28.21470521072791,29.89680280194827,30.326758675231925,25.967402961908345,30.909789219927617,27.896905522725262,33.40003403639226
shinegirl05,1117.4,30.0,728.0,31.298070296976736,30.513390935498567,31.298070296976736,27.30611178603529,25.713916823744473,27.145963689247782,34.05901001209535,31.298070296976736,31.298070296976736,30.765476080922834,27.48325117004774,36.95914004062356,35.695100180919965,35.69510018091998,22.001686618308383,33.37053208521366,23.161426721334017,33.42492773339834,33.67610650176933,34.057991693060146,34.1496825190734,35.176877257038335,35.226780494008786,,33.440645934739145,34.305152720603644,27.99952473023599,25.095024729397192,24.981082162824386,28.228510055139612,24.632881002210638,28.57606997685472,32.05535580751052,20.36567386214981,20.365673862149805,27.519875711955816,28.97991976976914,26.660849009479936,23.161426721334017,23.161426721334017,27.51987571195581,23.2736189489258,32.335970346781046,30.22830261195533,30.094537407613828,26.442228592869572,30.09412035184288,21.91435689564096,25.07923288268428
o_ogns07,1198.0,60.0,727.0,31.95751456547207,30.01081531288036,31.071897472875456,25.47371520307021,15.947033079731167,21.621016570458924,21.621016570458924,31.233965324507317,31.070294958667375,30.229554998470906,27.468079619322307,34.715560029293385,24.262395958417564,24.262395958417564,19.284823801602432,33.81555991873421,27.578354118453916,34.63671722421537,34.01448491737829,35.14866609551835,34.32024006422781,34.935208746681994,34.96017614491998,,34.51542755417431,34.58289082305685,32.322671810135446,25.38732353483737,25.0576798969991,18.947898745996284,29.1305067501242,34.36146936315883,34.47105758021369,23.175696664327315,28.768583013743072,28.69757674489997,29.82838107840057,21.51694626756637,25.130543479303107,26.90942162591208,29.71851617686432,23.99327534924197,31.91612187802271,31.45492429364368,30.963395111252563,30.352741585088904,18.94789874599628,22.221776278434877,26.75131445874947
hoegod6004,1974.0,90.0,925.0,33.82164135938628,29.760716540690176,30.344371814806742,24.68835986558663,30.646103994206793,24.651397261003826,26.265912050573817,30.444427871457524,30.341558814555857,29.8850569949768,28.04571642653474,36.69493178640701,25.813314532032976,31.76805981718464,20.118600168970744,25.195136575174168,37.62006250195676,34.88032623101581,34.17906722378011,35.5083246367777,34.39517205218712,34.61838667500965,34.85760305188841,,34.79440085028428,35.09759731599649,30.634630443844376,18.399926188861787,18.399926188861787,38.497056749892245,28.559269484319405,32.7163473708028,36.04905884632491,27.62094117422551,41.82855262295272,41.5401384901015,30.900032416928664,22.668754002011383,35.86095147097008,52.30669499591162,39.05763327848564,30.73458730300054,25.19513657517416,32.276942223908264,32.1362077185625,30.12648512809026,46.160685892202665,32.315838515834855,37.52456044192459
ilook2u,1263.6,90.0,649.0,32.641849251002895,29.13083115985823,30.248822077937202,25.681192367862934,35.302116772438765,22.000908265246228,22.000908265246228,30.317949620783203,30.184088107334173,29.201313305259223,28.390451665720025,21.09717232840137,29.94460550288725,29.94460550288725,22.145293574872586,50.502458583885925,38.21380867488108,44.55593014358095,35.759618975541656,46.27299513297949,46.272995132979496,44.55593014358095,44.55593014358095,,44.55593014358095,36.867204981562736,26.445388213283124,25.676963791726678,36.881781034486295,33.87038174047664,36.029915052942414,46.13057697669074,36.343811049903486,45.74714826148576,41.50617900558852,29.03023928087515,37.60500710420143,17.64548709665132,25.415388829745602,28.477893751751626,30.44347253682474,26.438204013614797,33.2800087967478,36.44218275927496,42.029633151887545,46.13057697669074,53.90013053883945,44.589744476593964,50.50245858388594
amaim30,3969.0,30.0,779.0,32.383749655606806,29.01470434088093,30.443511679408154,24.966675056539422,24.345739866438045,18.48910742427274,24.675629126911343,30.628196553804283,30.304140573506814,28.88300174426576,28.964527702036207,33.58689334540253,28.00962476060243,28.009624760602446,23.035448449584823,34.48948588129505,20.33037358915849,33.61279277237029,33.72925434847967,34.69136231590104,33.4883418214362,32.87517536088557,33.096244124198115,,33.62244614496093,35.186955967416296,27.806338497373766,25.895365907773115,25.135310350311908,27.376355563388124,20.320708159652742,32.05372097950115,35.597533713799194,26.558874501504363,27.66544181903753,24.156083348523797,24.91156076593671,23.34738971480617,20.33037358915849,25.1731528529992,24.15608334852379,22.616134462794726,32.547467778788665,24.91156076593671,24.91156076593671,29.860021934647516,28.927049412843484,26.9193050893901,28.118320444117646
skyfox1011,3684.4,60.0,1292.0,21.031635262646482,26.77689447855294,21.031635262646482,26.225815080290886,25.913239429706387,20.47691959573427,17.99894269215867,21.031635262646482,21.031635262646482,26.360005291304326,29.36051269791529,33.843958763146105,22.66590625163549,29.17057019538896,25.94056568452211,34.82679010505786,40.02217707971834,37.91472751213675,37.91472751213675,37.91472751213675,37.91472751213675,35.30916494617663,35.578286482773564,,37.91472751213674,37.91472751213675,27.560681068684232,25.581205831961995,25.351797529988154,32.85561095808678,42.20474092513727,17.4812767443706,66.16928354775341,26.68105316110256,17.442236801811116,36.536273558302064,32.298119794710814,26.07250765090568,25.99977753903506,29.392663677258845,36.37885252401815,25.820867650323095,38.5236754424391,40.053630366156455,42.69239382923166,48.486492201795215,49.00825240232585,54.07982616716848,29.879373308043004
77ended,14257.8,150.0,3081.0,31.963806572673008,29.630883550958863,30.332169649800047,26.121795548918346,28.829816794620577,27.68815812658386,27.68815812658386,30.696285178498446,30.27886624262683,29.41565944071733,29.190032658064116,35.322610505279876,26.576402827626247,26.576402827626247,18.707953754029948,34.07967010803094,28.80924854786898,33.77606920747918,35.737663062127304,33.77606920747918,35.84061109113528,31.814475352831057,31.814475352831064,,31.814475352831064,35.737663062127304,28.793849869708165,25.543665462024457,24.87194669192874,37.76813109282634,30.43743729533973,27.972873629280464,36.577527047823075,29.48315227534431,33.97776339249105,29.34748394725748,39.40372943455359,37.5606490641292,28.544223226124156,39.98265315570164,33.915590992229475,28.665944065040843,32.11896743041086,32.99597973253579,21.91759423823386,29.41027588550743,38.637749110846656,31.587124060967326,29.271157134439644
sufreesia,3502.2,90.0,1238.0,33.00877415996811,29.57403224853713,32.297051347294456,25.94172623694846,17.569048037768233,24.279539746567927,24.942902419977724,32.547466613902124,32.27680899192186,29.665666581201076,29.35090348617745,34.23706676146228,22.807235899229394,22.807235899229394,19.322321786245944,33.77369622591776,23.23960485003379,24.050217402936084,24.050217402936084,24.050217402936084,24.050217402936084,35.18621884431865,35.25623332831414,,24.050217402936077,24.050217402936084,31.79319867206413,25.09339268966474,25.009324204958098,30.45030473486301,31.43700083407295,32.46871579671557,32.8428470072251,29.059396732950155,27.64137462827833,27.612765170411727,26.445021970324106,19.420601259507183,23.23960485003379,27.18527606811531,27.61276517041172,22.54834487022844,31.760641066035156,26.445021970324106,26.445021970324106,29.53749803995751,23.257925961077305,22.784871900511394,28.205176257743304
mslink,1384.6,30.0,261.0,32.71286521585373,30.36460121306661,31.618084959997244,34.784342333798314,17.48704071779951,25.177124757368162,25.177124757368162,31.77092674088693,31.6231259022822,30.657531938496806,50.47042847773386,42.477195137676915,17.852093935563218,17.852093935563218,15.124318663836734,36.858389552274595,27.125107648348727,34.84796989763316,34.22423054368364,35.79617577248512,34.21073553597876,34.377704579926245,34.554151395564915,,34.81681901070753,35.39682059483734,37.4634483120952,26.732199928791502,27.026305920475078,27.080730203024626,24.606940289560114,32.63286420895847,35.42430497145327,27.712347455308326,26.798714864954015,28.60394519119499,34.00337665587987,19.38180978621421,24.731406677136707,26.974895935853198,29.551989057146955,26.4396511538918,36.858389552274595,34.00337665587987,34.00337665587987,26.798714864954015,32.596388125934844,26.242805981008313,28.674556192521187
ssbling,3228.6,60.0,1482.0,28.727678565663165,28.727678565663165,28.727678565663165,26.15682842834282,26.36888462080749,24.67769276826676,24.67769276826676,31.537982978488973,28.727678565663147,28.727678565663165,22.625676186759538,34.29939286764993,23.839005944843777,23.839005944843777,19.881454212743176,30.981483065739184,28.107197068261158,34.90259134765107,34.36918484479522,36.202445772990615,34.383442773176185,34.05137343132571,34.217712105531795,,34.8074205808691,36.27414097305723,26.305216111713435,22.625676186759534,25.377418584042672,35.20512044387205,27.54760053562009,32.903590357689005,31.842473374716302,27.813664050944244,27.892260440606325,28.324665731528583,34.202005667456454,17.017875479985836,21.928046705773152,27.449215031831557,26.05440188159886,26.253447308317817,30.981483065739177,31.225463819073735,34.12783323688402,30.541257508008083,35.557943183415254,29.61687101698967,29.949101185445368
delphine0327,2670.4,30.0,401.0,43.33622351088484,30.223809038427305,33.995426394455656,27.31836263149165,20.268949200550356,25.040768792144842,26.034412777824933,33.89273488155176,34.185417071090505,30.53959895763432,20.268949200550356,33.360050599898166,25.949861812810013,26.397692286016593,19.21712054539434,28.350822966563562,27.526301364667223,35.5139359336733,34.89580857231985,36.70033457808484,34.9290770106202,35.20974758331363,35.34869848776455,,35.43206676095125,36.66638053684993,28.285016106393112,23.568766436084935,21.282562695860193,31.05314141080055,28.971792942615014,34.314412634278035,35.284809279388504,34.314412634278035,28.290217018891184,28.66688278238195,37.87675334123318,22.329210233492912,24.83852095092032,26.880361765995683,29.492772595536355,26.839948854934338,28.947244197957783,37.87675334123318,37.87675334123318,32.3008509280616,32.44960462308928,31.683652798350998,27.754401735169345
love3550,3835.6,30.0,195.0,36.31264878731783,29.591959364055068,34.064704718957195,23.80064689542681,37.06548180957166,24.49680854022567,25.808455896741496,34.24408625955561,34.68516267354147,29.771539087835873,26.672951188091158,36.406338505069606,25.717236912910828,26.10851012043333,20.665174629697592,33.78745928208117,37.06548180957166,33.9472855444559,35.28297760753627,34.36682878356147,35.245192762839835,33.90468246103858,33.95524002085871,,34.11123949130395,35.52115920946137,37.65627435492133,25.476637646377608,25.116421090331855,29.80516968032483,27.70770007662275,29.48595503078524,32.762385543645394,22.34756311496692,22.347563114966917,29.65503574144163,31.69088743059789,44.040354891592806,25.88353757921535,37.06548180957166,31.255516454418117,22.634835169988467,32.08111379496323,33.13473077078867,44.04035489159281,26.89419171509532,33.32368560389371,22.634835169988467,26.89419171509532
chloeagit,2159.4,150.0,2057.0,32.34460183468297,30.404321724917107,31.05531791694897,26.1310249643645,31.11186041296257,22.00814435235544,22.92507213250667,31.294077504774204,30.96126149670571,30.3873493009992,29.932696012101033,36.536770947684445,22.244804048858782,25.017385830069944,20.188525362170576,26.53224443287565,30.123711908299157,33.49745576814778,33.49745576814778,33.49745576814778,33.49745576814778,35.87275518151114,36.12899294808725,,33.49745576814777,33.49745576814778,32.358657135975,19.3764117028358,25.020690426526244,38.67227195959706,27.708650327868355,26.7760739201578,36.809757840996554,26.436016444747903,36.629444866661125,27.954561721816386,29.771323401362988,19.844207084622226,26.175913751552102,29.92290881935851,27.916492510774773,26.273709673315825,26.532244432875643,23.35702473879209,29.72766432790496,33.54211993167678,27.71729216358249,28.042904695314576,76.16409224335645
tinynova,1613.8,60.0,1572.0,27.59708173457527,31.24084247390941,27.59708173457527,27.781763657582246,25.329347730124915,17.9844429803798,19.88912015462032,33.02386690258005,23.953320995241132,31.24084247390941,29.252300451059728,30.25736127075726,16.803366811851717,21.479660700879148,19.69262117032055,38.06186361079891,20.84348493187825,34.26643866037353,36.29767576516506,37.11706042874759,34.266438660373524,34.26643866037353,34.26643866037353,,34.26643866037353,36.816987994135474,32.11850275302757,27.79645504042611,27.79645504042611,33.09048774169543,25.243124720682424,27.349344909773393,34.990706482027,22.352388628297263,26.489629004148195,21.717574119828328,21.660770903441552,17.143060399393843,23.53813357308194,17.871826329488123,21.23489391437821,21.049145985946193,38.0618636107989,23.27811182920434,21.660770903441552,23.81514353426838,34.388245252684314,34.159479515707,29.176424904146717
lovmaria,1108.8,30.0,889.0,32.60907960356267,30.667857474225283,31.36870569083479,30.886266567861522,35.60368776244904,29.221348379332976,30.06585958328904,31.44698223468816,31.210875888075968,30.754387822179897,44.81450569910079,40.75259735390274,31.6620005256437,26.51818713352805,42.35556290790933,46.93840216483518,35.34935113567987,34.12902125748885,34.02388372670649,34.83439387305095,34.07541120246808,33.346902785082804,33.49189136930852,,34.05659302862648,35.43496753801351,30.228149608093435,34.27896223857272,26.96102469062259,43.87749321777869,28.11062134741195,34.17435464191169,36.573327645101344,37.58164396329336,37.832193889648714,31.467141232955946,29.560857220029337,25.175427760322222,35.34935113567986,35.34935113567986,30.140784051180624,32.39818131559685,39.83314486564514,32.1722415421496,29.750912196891154,38.01617975135758,29.750912196891154,43.35327588534601,37.39135331107209
kwonsh0637,1845.4,150.0,2201.0,22.37140212630578,22.37140212630578,22.37140212630578,17.51699132926013,19.84323333383024,25.5620708090946,25.5620708090946,28.02508655683424,22.371402126305767,26.407236023622115,25.41632236552245,21.391022770466368,21.26115533233301,21.26115533233301,19.22571247916007,18.561457451226275,29.458711240675427,34.3398296604537,33.689136280520074,35.18387193859833,33.76635980009808,33.66219623286428,33.8882482727595,,34.204551806792125,34.97625525463758,30.628889468729,29.45341992229761,21.875050626451994,32.63604768299868,17.071296326706793,29.59864268681009,36.51971220164052,31.080146083399573,34.70475285327825,32.00308114014402,28.889533750189432,16.62871054560483,29.458711240675427,34.14107793596991,35.272163512343646,28.29982332797549,29.446106834506217,28.889533750189432,32.02368830296908,30.278588020138724,34.73216581777025,27.487445790320375,28.79761753426771
meruya9876,3254.0,60.0,1498.0,29.821325125922854,28.56915481621832,29.821325125922854,25.982147021510645,24.713259326452437,23.67973116900674,28.74717779434051,32.65905671158148,31.073495435627393,28.56915481621832,29.625403909384065,34.4200623845996,22.481682922580223,22.481682922580223,15.580667012021745,34.977870980296196,26.54258605156346,34.91698430969235,34.32814983615744,36.10306946536522,34.24011123932662,34.1603082044235,34.361126191658755,,34.82690884322269,35.97475794188805,28.876771223066292,25.80992950846174,25.624471049965095,32.73799010915556,25.349409210284332,31.572974892008983,33.19508839236811,31.08799110889242,32.18716021489598,28.05793421800378,32.968126881444334,15.659915239224453,23.52034868685642,26.716261781734378,27.94633855469465,26.599583229591275,32.58785329058535,29.79733767695401,31.097361608432703,29.952503457029326,34.32602259995995,30.47628553621182,29.082946994033367
clamsh,1369.0,30.0,503.0,32.52224728852319,29.167912167146337,29.331504687953043,24.76935028782596,27.501925496962308,26.747881688930633,25.651946162916648,29.308270995349645,29.219057152419545,29.162892614221132,27.501925496962308,34.527380331141636,40.52105448121194,40.52105448121196,22.906164985111783,37.65856242378184,27.6729692816599,34.09810261741292,33.928370322522866,34.90316852252038,34.33349600126944,34.097624317513045,34.25312375124112,,33.94272417202051,35.03841706592525,30.99614013731556,24.780957545394493,27.501925496962304,30.446269855977636,29.39762776087925,34.10354915338655,33.621548224623844,27.957173868192314,27.501925496962304,28.81424542392949,30.114251284003636,23.456643597197118,25.482425684714258,27.745859753846183,30.51005933007471,25.419037021872995,32.682098582485665,31.77768693684316,31.06171243417456,29.15009504785406,32.39969285465406,27.7677451777607,37.658562423781845
xingyuner72,1775.8,90.0,1087.0,34.85335246224801,28.75243504855228,27.757714954741026,27.570983388442244,37.11212839171365,24.277925806440788,25.01154894153324,27.87610536023664,27.72891096371979,28.735350637754557,28.512782293537587,35.035057783329464,26.30638376464248,26.69431944646651,19.93827350090481,32.941010153814,27.1310084554282,35.136070843551785,34.47883391503728,36.12646885074434,34.05754952161692,34.59235850009815,34.67171035594575,,35.00236638348455,35.853923824978814,29.77852839266762,24.926961780682493,24.254584704563367,44.09577929002818,28.632265389110916,31.490532931241503,35.67229984969208,37.11212839171364,29.49943111200145,28.602689603552204,31.27393737157687,22.221606335885927,25.04487409285548,26.771362397409064,44.09577929002819,27.177066572908547,32.119172650643044,33.39362972327151,32.3739664124318,29.890545133643496,33.225205119642794,44.09577929002819,37.11212839171364
ksuzy0329,3480.6,60.0,659.0,30.942971172947843,30.20293059921033,33.24731534089449,27.879914984193213,18.768547232681893,23.902217310313084,25.442626637158,33.448780739855415,33.247248876685106,30.48606264483849,24.667754223311636,35.595781194886634,26.191148623037073,22.220138645358116,19.042418420392796,33.77771357775279,24.77658920965651,34.962928441519125,34.7825748280866,35.368473867424846,34.85910049244881,34.991492293236824,35.07790013286881,,34.92161819669538,35.411892593332865,32.549746488284924,24.667754223311633,24.667754223311633,30.959594773498495,21.901599623807478,28.511305178921916,34.734643892252286,22.756643828340717,22.756643828340714,26.035481178285643,29.96236236103924,13.52998765640299,25.83369877833292,27.478207868312456,29.43897471514054,22.683830906760576,33.777713577752785,31.19359823319068,22.631987641430737,29.208719171685356,22.631987641430737,20.771835685459084,22.56395146231708
