blog id,보석십자수,미니어처,펀치 니들,3d펜,3d프린터,가죽공예,가방 만들기,양모펠트,프랑스 자수,스크래치 북,LED조명,무드등,칼림바,오르골,발난로,우산,캡슐 세제,전자저울,산소포화도 측정기,소음 측정기,거리 측정기,온습도계,적외선 온도계,높이 측정기,타이머,유수분 측정기,아두이노,라즈베리 파이,마이크로 비트,휴대용선풍기,스피커,디퓨저,기저귀,파우치,운동화,청소세제,로봇청소기,전동칫솔,수납박스,청소포,에어프라이어,거북목베개,컵홀더,공기청정기,진공청소기,자외선차단제,섬유유연제,가습기,마우스패드,weekly view,2021 post num,5years post num
luna0723,,,,,,62.34831710409783,,,,,,,,,,,,,,,,,,,,,,,,,,33.178278660690545,,,,,,,,,,,,48.14102697273094,,,,,,481.6,30,374
daily_something,,17.413925197571054,,,,,,,,,,,,,,32.31629550842819,,,,,,,,,,,,,,,,,,,,,,,,,25.139957075842727,,,,,,,,,321.8,120,1367
skawjd1112,,,,,,,,,,,,,,,,,,,,,,,,,,,,,,,,,,25.304670651603878,,,,,,,,,,,,,,,,84.2,30,137
slow6441,,,,,,,,,,,,,,,,,,,,,,,,,,,,,,,,,,,,,,,,,,,,,,,,,,18.6,30,150
changbum2,,,,,,,,,,,,,,,27.952686423784606,,,,,,,,,,,,,,,,,,,,,,,,,,,,,41.07468144961326,,,,,,413.4,60,528
lim8419,,,,,,,,,,,,,36.974437211909574,,,,,,,,,,,,,,,,,38.43200277062715,33.50468332932484,34.3058343275449,,35.82587892956201,35.26557696097715,,35.68892827130293,,,38.49012301159915,32.51669466407454,,,,,,33.65670682831608,37.077851044372075,,288.0,90,1734
hr2love,,,,,,,,,,,,,,,,,,,,,,,,,45.232960958119826,,,,,,,,,,,,,,,,,,,,,,,,,225.4,60,540
77ended,,,,,,,,,,,,,,,,,,,,,,31.814475352831057,,,35.7376630621273,,,,,37.768131092826344,30.43743729533973,36.91754416877848,,,27.852996728160708,,39.40372943455359,37.560649064129194,,39.98265315570164,33.915590992229475,,,32.514551111889354,21.957067922444384,,38.637749110846656,33.236726512834885,,13816.8,150,3076
ultrajee,,,,,,,,,,,,,,,,,,,,,,,,,,,,,,,,,,,,,,,,,,,,,,,,,,47.4,30,111
mintnbambi,40.956012268217506,,,,,,,,,,,,,,,,,,,,,,,,,,,,,,,,,29.903360392046903,,,,,,,,,,,,,29.210933319505088,,,878.2,30,249
marilyn1,,,,,,,,,,,,,,28.17974065348146,,,,,,,,,,,,,,,,,,,,,32.761518723356836,,,,,,,,,,,,,,,115.4,30,904
pure_yeong0,,,,,,42.1423701705108,,,,,,40.58833512933874,37.928557986759586,30.09689471653099,,36.37996339912765,,,,,,,,,,,,,,,,38.55179846408513,,32.89632805941304,31.736965667174296,,,,32.84446353454559,,27.348673335680534,,,42.3300653224224,,40.589313010401405,,40.48392403772366,,302.6,60,1666
vov1077,,,,,,,,,,,,,,,,,,,,,,,,,,,,,,,,,,,,,,,,,,,,,,,,,,499.2,30,180
jae2653,,,,,,39.22198457548371,,,,,,,,,,,,,,,,,,,,,,,,,,30.46479947756069,,,,,,,,,,,,23.97131820182919,,,,,,51.6,30,915
threecolor_cat,,,,,,,,,,,,,,,,44.570204435548625,,,,,,,,,,,,,,,26.92964447235477,26.18501556620739,,,,,,41.81377124110494,,,,,22.667709659285308,,,,,,,888.8,90,653
o_live_you,,,,,,,,,,,,,,,,,,,,,,,,,,,,,,,,,,,,,,,,,,,,,,,,,,220.8,30,373
quf4147,,,,,,,,,,,,27.04135531230691,,,,,,,,,,,,,,,,,,,,19.062975797444512,,,,,,,,,,,,32.13114084719442,,,,29.41373769419808,,46.8,30,318
alsmekwyd,,,,,,,,,,,,,,,,,,,,,,,,,,,,,,,,,,,,,,,,,,,,,,,,,,105.0,30,240
sufreesia,,,,,,,,,,,,,,,,,,,,,,,,,24.74296277989198,,,,,,32.29414369121581,,33.051381628803206,,22.888442143362663,,,,,,27.612765170411716,,,32.3857795128414,,,23.257925961077305,,,3423.4,90,1236
honeypigmom_,,,,,,,,,,,,38.99921722335248,39.68281450822911,,,37.52048956856026,,,,,,,,,,,,,,41.095853922535895,35.3732158256133,,,39.332197291001464,37.216643347562226,,,48.60158501355076,,,28.70582930283588,,34.702044239824154,39.667691679179526,,,,40.431604198733034,51.04475712824496,11286.6,150,1102
arom0520,,,,,,,,,,,,45.42763604497404,,,,,,,,,,,,,,,,,,,,41.57208668069021,,,,,,,,,38.466426881526004,,,,,,,24.49411043011743,,1753.4,60,667
hoegod6004,33.82164135938628,,,,,,,,,,,36.694931786407004,,32.453296229158816,,25.195136575174168,,,,,,,,,,,,,,,,37.746079647745674,,27.62094117422551,41.828552622952714,46.16068589220266,,48.879565659900784,,52.30669499591162,39.05763327848564,,,,,,38.49705674989224,45.29233008533347,,2029.4,90,924
orangesirena,,,,,,,,,,,,,,,,,,,,,,,,,,,,,,,,,,,,,,,,,,,,,,,,,,592.4,90,590
jdmkr,,,,,,,,,,,,,,,,,,,,,,,,,,,,,,,,,,,,,,,,,,,,,,,,,,821.2,30,238
sunju914,,,,,,,,,,,,,,,,,,,,,,,,,,,,,,,,,,,38.49624680804004,,,,,,,,,,,,,,,80.8,60,391
alwayspurelu,,,,,,,,,,,,39.24796290124809,38.07060881783708,,,,,,,,,,,,,,,,,42.08219450949427,31.953851748860053,31.869857429420144,,22.616127442836216,23.42931211464276,32.74785216004378,,,,,,,,,,,,,,669.2,90,1938
beautifuller,,,,,,,,,,,,,,,,,,,,,,,,,,,,,,,,,,,,,,,,,,,,,,,,,,11.2,30,130
jidud030512,,,,,,,,,,,,,,,,,,,,,,,,,,,,,,39.49160588975972,,42.7853305718857,,,,,,,,,20.668106772083597,,,,,,,,,847.6,60,349
kies1614,,,,,,,,,,,,,21.20914571288359,,,,,,,,,,,,,,,,,,,,,,36.62199915227805,,,,,,,,17.288114653532247,,,,,,,394.6,30,469
rain8200,,,,,,,,,,,,37.000561208046236,,,,29.218637453618665,,,,,,52.518217022776994,,,,,,,,,35.17193236856649,36.37603981421383,,27.0499779106422,33.868340557390766,,,,,,,30.596401082998746,32.937174183083826,39.49028123527058,,30.744051911542797,35.79697154208257,31.26768670442945,,234.6,30,1009
hwp1209,,,,,,,,,,,,27.62376506568136,,,,,,,,,,,,,,,,,,,,24.05844848752478,,,,,,,30.68288398752835,,,,,,,27.324616444891802,,27.588080282088093,,226.6,120,2648
thxjamie365,,,,,,,,,,,,,,,,,,,,,,,,,,,,,,,,32.32610684980221,,,,,,,,,31.934811174935838,,,33.50469362176592,,,36.00602359557402,40.10338982231104,,90.6,30,417
jo_penquin,,,,,,,,,,,,,,,,,,,,,,,,,,,,,,,,,,28.089810610522058,,,,,,,,,,,,,,,,111.4,30,280
jieun_0216,,,,,,,,,,,,,,,,,,,,,,,,,,,,,,,,,,,,,,,,,,,,,,,,,35.5690088883373,121.0,30,247
alway0131,27.464145193078,,,,,,,,,,,,,,,,,,,,,,,,,,,,,,,29.716581683150082,,,,,,,,,,,,,,,34.43542584000039,,,4274.6,30,385
kyureegil,,,,,,,,,,,,,,,,,,,,,,,,,,,,,,,,,,,,,,,,,,,,,,,,,,24.8,30,199
delphine0327,43.33622351088484,,,,,,,,,,39.63764656208006,,,,,,,,,,,,,,,,,,,,,,,30.28728922184517,,,,,,,,,,46.25351910977276,,,,40.77159763022179,27.754401735169345,2626.0,30,401
wmelon29,,,,,,,,,,,,,,,,,,,,,,,,,,,,,,,,,,30.16775563963164,,,,,,,,,,,,,,,,147.8,30,789
nagi_729,,,,,,,,,,,,,,,,,,,,,,,,,,,,,,,,39.958926049224786,,24.050101607300522,,,,,,,,,,,,36.1246282393733,,42.05746797654364,,824.0,60,804
langlang12,,,,,,,,,,,,,,,,,,,,,,,,,,,,,,,,,,,,,,,,,,,,,,,,,,291.0,30,453
silpid59,,,,,,,,,,,,,,,,,,,,,,,,,,,,,,,28.726112954757227,,,,,,35.025554536419136,,,,31.103101904957157,,,,,,,,,123.8,30,372
eunjxx_108,,,,,,,,,,,,39.70400097094729,,,38.01757819372823,,,,,,,,,,,,,,,,,24.218890646058064,29.78205576643115,19.760834979515412,,,,,,,,,,,,,,,,95.8,30,579
oboist1123,43.82939422004808,,,,,,,,,,,55.6969840595591,,,,,,,,,,,,,,,,,,,,,33.28477986193615,33.49230288527685,,,,,,,,,,,,,,,,214.8,30,442
melonheads,,,,,,,,,,,,,33.79397049769222,,,,,,,,,,,,40.24052412013678,,,,,,,,42.60624347775696,,,,,,,,35.14939153399554,,,,,,,,,3619.6,60,813
ssb84351,,,,,,,,,,,,34.59163650338003,32.25091754403775,,,34.03770635263451,,,,,,,,,,,,,,,21.76731632910836,39.36100870007036,,,,,,,,,20.08181259157147,,,,,,,,,323.8,30,883
hyey00n,,,,,,,,,,,,,,,,,,,,,,34.14153141193677,,,,,,,,,,,,,,,,,,,,,,,,,,,,1122.8,60,270
cyber3578,28.19257637104316,,,,,,,,,,,,28.512139821417556,32.66368680753129,,,,,,,,,,,,,,,,,26.267955380830962,36.530228272940256,35.17505999074864,29.93168955242373,,,38.610340077052854,38.0475369969198,,37.441826546007086,29.259867506912087,32.24262179354956,,33.38346500681516,,34.711513639430535,36.53716513303835,36.693031631427274,,3253.0,60,2081
girlhj,37.162565403381976,,,,,,,,,,,,,,,,,,,,,,,,,,,,,43.6227965916914,41.02550742941909,50.157599880870585,,38.11993947791615,40.54851908299041,,,45.54144899770013,,,36.622092815631326,,38.81099624790973,47.44798618610269,,,39.974602927324696,44.85513257576858,,779.8,60,820
vhglglgl,,,,,,,,,,,46.872039168725124,,42.769528346971555,,,,,,,,,,,,,,,,,41.45015284969487,,,,,,,36.785969488132515,,,,24.207170322936154,,,40.396362948097334,,,,36.31643620712225,,1285.0,30,745
raraann,,,,,,,,,,,,,,,,,,,,,,,,,,,,,,,,,,,,,,,,,,,,,,,,25.97330292342974,,32.2,60,218
dbrkgus52,,,,,,,,,,,,,,,,,,,,,,,,,,,,,,,,35.79355738436834,46.49462865933963,,,,,,,,,,,,,,,,,11.8,30,279
love3550,36.31264878731783,,,,,,,,,,,,,,,,,,,,,,,,,,,,,,,,,22.347563114966917,31.44082031522373,,,44.040354891592806,,,,,,,,,,,,3711.0,30,195
cuteboy0519,31.23008029399091,,,,,30.178388636005597,,,,,35.05772567225327,32.8273803477216,33.53967562177797,31.789828521799468,,29.568733536808182,,34.608672829978424,,,,39.59470235315066,,,29.829125226993657,,,,,32.25355825581827,26.66312402822749,28.821122937714716,,22.57401732807488,25.57839732113708,,,36.023109786933524,41.051723548969534,29.422791032162078,27.507882547070384,,29.756519659331513,31.54042083086414,38.53940304139821,24.313364727082007,34.789853781258884,32.86679738655368,40.34512252202695,118.8,180,4056
ddiamosho,,,,,,,,,,,,,,,,,,,,,,,,,,,,,,,34.28183344555451,34.64347867152515,,21.413342071787635,31.864973796247266,,,,,,35.47126491987771,,,,,,,,,1957.8,60,397
rizotto1,,,,,,21.519729740779052,,,,,,,,,,,,,,,,,,,,,,,,,,,,,,,28.359175000061605,,,,,,,24.2316337571634,,,,,,24.6,30,1500
xuxis2,,,,,,,,,,,,30.5303949472344,,27.996089700926234,,25.48504131529173,,,,,,,,,,,,,,34.5293095121397,31.566192039151893,32.29781363132447,,25.317401539205452,,37.60633717511018,,,,,,32.85840932666154,,,,,,,,412.8,60,1548
hbj0128,,,,,,,,,,,27.01507122631747,,,,,30.548417658534927,,,,,,,,,,,,,,29.36477128955703,24.997008390847245,22.319046363200627,,,35.29392842260821,,,,,,23.17428294420733,,,33.73802268728032,,,25.048384057465817,37.708561507288856,45.191042759740775,362.0,30,873
hongtaigne,,,,,,67.46408999590487,,,,,,,,,,,,,,,,,,,,,,,,,,28.996018539860724,,,,,,,,,,,,,,,40.81343857477696,48.82690225024833,,272.0,30,714
syol07,,,,,,,,,,,,,,,,,,,,,,,,,28.96784638945533,,,,,,,46.12357624318132,,,,,,,,,,,,40.54265088317945,,33.75413045297533,22.994413669847603,,,261.4,30,1294
tncjq5,38.33053043554183,,,,,,,,,,,,,,,,,,,,,,,,,,,,,,,,,,,,,,,,,,,,,,20.92643765154262,,,1185.6,30,224
mkr4223,,,,,,,,,,,,,,,,21.47024377105342,,,,,,,,,,,,,,,,,,,,,,,,,,,,,,,,,,15.2,30,649
sesirlis,34.42463397984489,,,,,,,,,,,,,,,,,,,,,,,,,,,,,,,,,18.684121337912508,,,,,,,,,,,,,,,,1389.2,60,972
xingyuner72,34.85335246224801,,,,,,,,,,,,,,,,,,,,,,,,,,,,,44.09577929002818,,,,,,,,,,,,,,,,,,,,1813.6,90,1087
codnjswhddn,,,,,,,,,,,,,,,,,,,,,,,,,,,,,,,,,,,,,,,,,,,,,,,,24.44443862273078,,829.6,60,1419
whrnjs4225,,,,,,,,,,,,,,,,,,,,,,,,,,,,,,,,40.47524618212265,,,,,,,,,,,,,,,,,,140.8,30,643
nam59887,,,,,,,,,,,,22.650094922366392,,,,,,,,,,,,,,,,,,,,,,21.217767869261426,,,,,,,,,16.296375196683243,29.689545051244956,,,,,,88.6,30,200
1127ye,39.57531648567053,,,,,,,,,,,,,,,,,,,,,,,,,,,,,,,,,,,,,,,,,,,,,,,,,56.2,30,347
crt4658,,,,,,,,,,,,,50.315791872471,,,49.93667320416003,,,,,,,,,,,,,,,38.559667097019556,,,,35.843247005171676,,,,,52.65058221091816,,,,,37.59527425755131,,36.16065522097504,38.26499713513546,,864.0,60,589
annau__u,,,,,,,,,,,,,,,,,,26.73301226792698,,,,,,,,,,,,,,30.11617018222592,,19.858736316642336,,,,,,,,,,49.17126064776984,22.83252717805091,,29.18171127212053,,,625.6,120,1252
fjtn78,,,,,,,,,,,,52.17638437612239,,32.67346645781924,,,,,,,,,,,,,,,,,,,,34.04397553742665,,,,,,,,,,,,,34.46913946175251,44.502709229493675,,83.4,30,339
aimi0803,,,,,,,,,,,,,,,,,,,,,,,,,,,,,,,,,,,30.041429133477997,,,,,,,,,,,,,,,56.4,30,205
missj0322,,,,,,,,,,,,,,,,,,,,,,47.65161306646369,,,,,,,,,23.04963191277778,,,,26.097648884670495,,,,,,29.739399014340755,,,,,,7.572009606523525,,,64.4,30,395
kyakya_4001,,,,,,,,,,,,,32.4334409372818,,44.92346081902019,34.651663423091854,,28.477668330889454,,,,,,,,,,,,,38.00251547606108,,,,,,,,,,30.067770308210147,,,45.65735103802065,,,,43.59012051680343,,8011.0,120,1573
o_ogns07,,,,,,,,,,,,,,,,,,,,,,,,,,,,,,,,29.537172420742607,,23.175696664327315,33.52105872778058,,,,,,,,,,,,18.947898745996277,44.04973157782222,,1207.4,60,727
83younsuk,,,,,,,,,,,,,33.760768079716875,,,,,,,,,,,,28.793091810877883,,,,,,,36.922487847463735,,,33.670557185775586,,,,,,,,,,,,,,,70.8,30,257
skyfox1011,,,,,,22.8869278260394,,,,,,,42.17989808289588,,,,,,,,,,,,37.91472751213674,,,,,,42.20474092513727,17.4812767443706,66.64593411136049,26.681053161102557,17.442236801811116,49.008252402325844,,47.21608716854812,,,36.37885252401815,,38.5236754424391,48.91183098156414,,48.486492201795215,37.77481416679146,54.07982616716848,,3807.0,60,1291
gkffhzz,,,,,,,,,,,,,,,,,,,,,,,,,,,,,,,,,,,,,,,,,,,,,,,,20.91423148498715,,61.2,30,116
soulmate1983,,,,,,,,,,,,29.896780320447068,,,,,,,,,,,,,,,,,,35.4452557486768,,,,,,,,,,,,,,,,,,33.86283322665523,,767.6,30,991
skqusrudals12,,,,,,,,,,,,,,,,,,,,,,,,,,,,,,,,,,,,,,,,,,,,,,,,,,145.0,30,231
daaah5,,,,,,,,,,,,,,,,,,,,,,,,,,,,,,,,,,,,,,,,,,,,,,,,,,319.8,30,597
py2389,,,,,,,,,,,,,,,,,,,,,,,,,,,,,,,,,,,,,,,,,,,,,,,,,,133.2,30,130
sj1229,,,,,,,,,,,,,,,,,,,,,,,,,,,,,,,,,,23.82181488467487,,,,,,,22.92322732375347,,,,,,,,,1340.6,30,192
jieun2468jieun,,,,,,,,,,,,,,,,,,,,,,,,,,,,,,,,,,,,,,,,,,,,,,,,,,13.4,30,123
ksbeen0709,,,,,,68.09964700108226,,,,,,34.71819249533937,,,,50.8240331448749,,,,,,,,,,,,,,,,57.195465070036526,,43.06635619103355,,,,,,,,,,,,35.540380222281435,,,47.687436163778656,784.8,120,892
iletaittemps,,,,,,,,,,,,32.9649440766329,,,,,,,,,,,,,,,,,,,,30.416376815034983,,,39.984350994986045,,,,,,,,,31.774487381180013,,,,43.18912497855814,,71.0,30,498
ellew4902,,,,,,,,,,,,,,,,,,,,,,,,,,,,,,,,,,,,,,,,,,,,,,,,,,67.6,30,292
tsslove,,29.49426959109742,,,,,,,,,,46.19453829684662,,,,29.93244306389254,,,,,,,,,38.959479521101635,,,,,46.638775945943664,,,,,35.08212600551277,,,,,,,,,47.49124278975514,,,,42.762505993391606,,2358.6,60,957
420dussssu,,,,,,,,,,,,,,,,,,,,,,,,,,,,,,,,,,,,,,,,,26.451915367390242,,,,,,,,,151.0,30,256
sji_eun,,,,,,,,,,,,,24.46604034898096,,,,,,,,,,,,,,,,,,,,,,,,,,,,,,,,,,,,,419.2,30,156
ghddbdk1,,,,,,,,,,,,,,,,,,,,,,,,,,,,,,,,,,,,,,,17.84648741550398,,,,,,,,,,,13.8,30,143
yyumun,19.353720946307106,,,,,,,,,,28.06905347330131,21.173603223568193,,,,,,,,,,,,,,,,,,,,,,20.686722454536906,,,,27.560097661025537,,,,,,,,,23.42946536383848,29.391356514332205,,2533.2,60,958
yu_jin0415,,,,,,,,,,,,,,,,,,,,,,,,,,,,,,,,,,23.861957455583063,,,,,,,,,,,,,,,,161.2,30,169
genesis0821,,,,,,,,,,,,,,,,,,,,,,,,,,,,,,,,35.35548050015222,,,31.252762585979696,,,39.53549477057514,,,30.824369803014584,35.95034167167368,,,,,27.56156938222975,,,232.8,30,424
sdsd0536,,,,,,,,,,,,,,,,,,,,,,,,,24.302806598787928,,,,,,,,,,,,,,,,36.60731084572429,,,45.45786940752208,,,,,,24256.0,60,475
amaim30,,,,,,,,,,,,,28.00962476060243,,,,,,,,,,,,,,,,,,,,29.546347824379346,,,,,,,,24.156083348523794,,,30.420964055732984,,,28.927049412843488,30.74951913482945,,3927.4,30,778
clamsh,32.52224728852319,,,,,,,,,,,,40.52105448121194,,,,,,,,,,,,,,,,,,,,,,,,,,,,,,,,,,,,37.658562423781845,1380.6,30,502
wlsdud8607,,,,,,,,,,,,,,,,,,,,,,,,,,,,,,,,20.846464674912134,,,35.47066040013711,,,,,,,,,,,,,,,85.4,30,269
d_hye97,,,,,,,,,,,,,,,,,,,,,,,,,30.228183694598826,,,,,,,,,16.954962362915914,,,,,,,30.85240601084112,,,,,,,38.88796330861115,,4072.6,60,527
hellomini486,,,,,,,,,,,,,,,,,,,,,,,,,40.9181166773165,,,,,44.76546986588824,34.27634470412273,42.9569280963387,,,,,,,,,23.531065634909517,,,40.49820948993755,,,,,,891.0,30,546
mg-shin,,,,,,,,,,,,,,,,,,,,,,,,,,,,,,,,,,,,,,,,,,,,,,,,,,100.6,30,276
meertd,,,,,,,,,,,,,,34.73982809472749,,,,,,,,,,,,,,,,,,,,25.384893130252117,17.315581167055885,,,,,,,,,,,,,,,626.6,30,461
kjtpntn,,,,,,,,,,,,,,,,,,,,,,,,,,,,,,,,,,,,,,,,,,,,,,,,,,78.8,30,153
fbwogus123,23.426054298558434,,,,,,,,,,,26.466974812636124,,,,,,,,,,,,,,,,,,,28.868581712583858,36.36713773133812,,29.33224928294478,21.082982837927464,,,41.349565132754805,,,,,,,,,,,,1435.0,60,724
rlatnals6426,,,,,,,,,,,,,31.388553142866613,,,,,,,,,,,,,,,,,,,,,,,,,,,31.375652908957377,36.95627476642897,,,,,,,,,765.6,90,1123
yoong4097,,,,,,,,,,,,44.521384242375795,,,,,,,,,,,,,,,,,,46.69204932892215,,43.38474929244845,,34.670424718022296,,,,,,,,,,62.118395952684345,,62.28718661916152,,55.08823610454466,,176.6,30,1024
caprisome,,,,,,,,,,,,,,,,,,,,,,,,,,,,,,,,,,,,,,,,,,,,,,,,,,34.2,30,169
lhr0905,,,,,,28.209940243369864,,,,,,,,,,,,,,,,,,,,,,,,,,31.951630171879597,,25.291354959180097,,,,,,,25.58405257100135,,,,,,28.19231476534671,47.18002198483539,,172.8,60,884
jujuyeong,,,,,,,,,,,,,,,,,,,,,,,,,,,,,,,,35.21162117422497,,,,,,,,,,,,,,,,,,251.2,30,216
sosoo101,27.399965214298344,36.496675833904064,,,,,,,,,,,20.87597108097362,,,,,,,,,,,,,,,,,,,31.661407251985043,,27.058137585245923,,,,,,,,21.226550831920502,,24.2305708560374,,,,,,562.4,120,1243
hyetaeng,,,,,,,,,,,,,,,,,,,,,,,,,27.59458699783024,,,,,,,,,,,,,,,,,,,,,,,,,1050.4,30,116
mslink,,,,,,,,,,,50.47042847773386,38.14147437311969,,,,,,,,,,,,,,,,,,27.080730203024622,24.606940289560114,,,20.964565520949563,,,,,,,,,,41.5235122656987,,,,38.773620380150035,,1330.6,30,261
ahah3242,,,,,,,,,,,,,,,,,,,,,,,,,,,,,,,,22.075863827303166,,,,,,,,,,,,,,,,,,276.2,30,727
ton53,,,,,,,,,,,,,,,,,,,,,,,,,,,,,,,,,,,,,,,,,,,,,,,,,,13.2,30,1500
rlagmltn2,,,,,,,,,,,,,,,,,,,,,,,,,,,,,,,,36.50931041883602,,26.469279385117748,,,,28.010537505515064,,,,,,,,,,,20.884722465258413,458.0,30,1005
ty_hwang,,,,,,,,,,,,37.718957504990634,,27.573913151315537,,,,,,,,,,,,,,,,,,,,,,,44.43381902541718,,,,32.29472288504947,,,32.45112701135033,,,,,,164.0,30,369
cey1996,,,,,,,,,,,,,,,,,,,,,,,,,,,,,,,,,,,,,,,,,,,,,,,,,,72.6,30,106
rin141206,,,,,,,,,,,,35.49401152876363,31.29561325245171,,,,,,,,,,,,,,,,,,35.96439455502902,,,30.289741077628484,,,,41.38263210777038,,44.93707731123766,38.68958818140297,,,,,,,38.71451515002265,,8604.2,90,723
wkdwlgp94,,,,,,,,,,,,,,29.906093003573925,,25.631167874068662,,,,,,,,,,,,,,,,,,,,,,,,,10.286505773354818,,,,,,,,,126.4,60,512
lkjta55,,30.543095847361638,,,,,,,,,34.0478679074126,34.454521139816116,,,,,,,,,,,,,,,,,,,,44.39745708686326,,,,,,,,,,,,39.08362619681886,,,,,,175.6,30,424
dmslse11,,,,,,,,,,,,,,,,,,,,,,,,,,,,,,,,39.00304507067162,,,,,,,,,,,,,,,20.693251774275474,,,224.8,60,616
kdseul33,31.886370536410855,,,,,42.95616002351774,,,,,,39.099502803384766,29.1826170676612,,,,,,,,,,,,,,,,,37.29984724521604,,34.178512819833074,43.67762669817833,29.217461759453283,,,,40.77057628360039,,,32.090852882084484,,28.21470509104673,33.05018039153577,,23.00921415684637,,36.32142279993165,45.449831151152736,279.6,30,696
weiss2015,,,,,,45.614838276417466,,,,,,34.494847160142584,,,,,,,,,,,,,,,,,,43.310401256484994,,38.20492146392742,,24.033501726459516,,,,,,,24.173832174423985,,,,,,,45.46649251121091,,447.4,60,1080
bsh9240,,,,,,,,,,,,,,,,,,,,,,,,,,,,,,,,36.70457484004795,,,,,,,,,,,,,,34.857856362504634,,,,121.8,30,304
dlahrwl,,,,,,,,,,,,18.313168610215122,,,,,,,,,,,,,,,,,,,,,,17.84091111396621,32.36301905523081,,,,,,,,,,,,,,30.644049616890225,969.8,30,868
happycloud24,,,,,,,,,,,,43.59851742405408,,,,,,,,,,,,,,,,,,,,33.34752018707785,44.50924299734619,,40.37041035927335,,,,,,22.168808444830326,,26.919537622799925,,,,,,,841.4,30,1039
gomzzu,,,,,,,,,,,,,,,,,,,,,,,,,,,,,,,,42.14756738656355,,,,,,,,,,,,,,32.263156560261294,,,,259.2,30,301
bang_0215,,,,,,,,,,,,,,,,,,,,,,,,,,,,,,,,,,,19.41429281365607,,,,,,,,,25.030766448805032,,,,,,536.4,30,312
khlee5260,,,,,,,,,,,36.98445070436383,,,,,,,,,,,,,,,,,,,,,,,,,,,,,,39.552325518836106,,,,,,,,,989.4,30,478
pian_oka,,,,,,,,,,,,,,,,,,,,,,,,,,,,,,,29.79165914893337,,,,,,,,,,,,,,,,,,,79.0,30,383
jechoi98,,,,,,,,44.74727967616523,,,,,,,,,,,,,,,,,37.35924081421777,,,,,,,33.848585680403595,,,,,,,,,,,,,36.542868968723695,,,,,711.6,60,669
asstarpine,,,,,,,,,,,,,,,,,,,,,,,,,,,,,,,,,,18.03654752716853,,,,,,,,,,,,,,,,157.2,30,205
odri1998,,,,,,,,,,,,,,,,,,,,,,,,,,,,,,,,,,,,,,,,,28.006008436800908,,,,,,,,,38.6,30,106
heo___j,,,,,,,,,,,,,20.98016414782333,,,,,,,,,,,,,,,,,,,,,22.741015089950675,,,,,,,,,,17.774662910387953,,,,,,55.6,30,418
yelloww613,,,,,,,,,,,,,,,,,,,,,,,,,,,,,,,26.14876063763448,,,,,,,,,,,,,,,,,,,940.6,30,288
hwiba0030,,,,,,,,,,,,,,,,24.280042881889017,,,,,,,,,,,,,,,,,,,,,,32.77309728957027,,,,,,,,,,,,80.8,30,362
k_sr0609,,,,,,,,,,,,,,,,,,,,,,,,,,,,,,,,,,16.589845526213256,,,,,,,28.074462719786656,,,,,,,,,53.6,30,220
xnaxim,,,,,,,,,,,,,,,,,,,,,,,,,,,,,,,,,,,,,,,,,,,,,,,,,,6131.6,30,195
lillian1216,,,,,,,,,,,,,,,,,,,,,,,,,,,,,,,,,,,,,30.651132292977053,,,,29.555532879605455,,,,,,,,,386.2,30,451
hwawoorok,,,,,,,,,,,,,,,,,,,,,,,,,,,,,,,,,,,,,,,,26.690974674304464,27.807129690306766,,,,,,,,,213.0,30,308
mint_always,,,,,,,,,,,,,,,,,,,,,,,,,,,,,,,,,,,24.151781311635254,,,,,,31.067585304978042,,,,,,,,,672.2,60,433
codms86,,,,,,,,,,,,35.563075410491045,,29.94085183823236,,,,,,,,,,,,,,,,,,,,,,,,,,,,,,,,,,38.74373085077761,,228.0,30,354
kimsej88,,,,,,,,,,,,,,,,,,,,,,,,,,,,,,,,,,,,,,,,,,,,,,,,,,257.0,30,169
ri_nyy,,,,,,,,,,,,,,,,,,,,,,,,,,,,,,,,,,34.55310584882371,25.125358346539183,,,,,,32.94991547198249,,,,,,,,43.58458498329849,447.8,60,603
ewud09,,,,,,,,,,,,43.50113355469311,,,,,,,,,,,,,,,,,,,,,,,32.22752874035545,,,,,,,,,37.94959036822602,,28.92104632401893,28.911315881791797,48.68080776691711,,87.0,30,858
lovelnr1103,,,,,,,,,,,,,,,,,,,,,,,,,,,,,,,,,,,,,,,,,,,,,,,,,,117.0,30,281
jinjunghan_na,,,,,,52.95414631436401,,,,,38.60043712812315,40.56151288138953,,,,40.39794608277485,,,,,,,,,,,,,,,,,,45.40556167190073,30.293459619654577,,,,,,38.63576142064797,,,,,,,40.2989984873017,,478.2,60,989
good_coco,,,,,,,,,,,,,,,,,,,,,,,,,,,,,,,,,,,,,,,,,,,,,,,,,,242.0,180,3007
yek867,,,,,,,,,,,,,,,,,,,,,,,,,,,,,,,,,,,,,,,,,,,,,,,,,,138.6,30,267
delightplace,,,,,,,,,,,,30.98519631186597,,,,,,,,,,,,,,,,,,,,30.304461690716632,,,,,,,,,27.8757342701907,,,,,,33.06828885885035,,,171.2,60,486
uniqueplace_,36.409215975284084,,,,,,,,,,,,,,,,,,,,,,,,,,,,,,,,,,,,33.898038837150445,,,,,,,,,,40.478352925186606,,,492.0,60,608
cool7927,,,,,,,,,,,,,,,,,,,,,,,,,,,,,,,,,,,,,,,,,,,,,,,,,,407.4,30,833
shin11109,,,,,,,,,,,,,,,,,,,,,,,,,,,,,,,,,,,,,,,,,,,,46.11097080697615,,,,,,263.6,30,426
kiry_96,,,,,,,,,,,,40.14253411055461,,,,,,,,,,,,,,,,,,,,30.906303216021474,,30.276565424880403,33.38070109804144,,,,,,,,25.434274839910742,,,,,,,156.2,30,610
thdud261,,,,,,,,,,,,41.20966620068778,,,,,,,,,,36.480163937074046,,,,,,,,,,,,,,,,,,,,,,,,,,,,787.2,30,296
penguinnews,,,,,,,,,,,,34.50955908224732,,,,,,,,,,,,,,,,,,,,40.213806180714826,38.6011761498388,,39.63062089873474,,,,,,33.03491053357758,,,28.4007138811368,,,38.990017054518724,35.106680294205425,,1858.4,60,1386
peach143,,,,,,,,,,,,,,,,,,,,,,,,,,,,,,,,,,,,,,,,,,,,32.64160000768257,28.504423883086048,,,,,282.2,30,453
kbr0222,,,,,,,,,,,,,,,,,,,,,,,,,,,,,,,,,30.64857246076876,,21.74012965910839,,,,,,,,,,,,44.07592893740159,,,115.0,30,313
ilov2h5691,,,,,,,,,,,,,,,,,,,,,,,,,,,,,,,,,,,31.910430453308116,,,,,45.97660357500261,26.676136981189416,,,,,,,46.19675180025882,,3270.2,60,408
lostpola79,,,,,,,,,,,,34.20560226935061,,,,27.42164322429986,,,,,,,,,,,,,,,,,,35.788811385638425,,,,,,,,,,,,,,36.47780607280323,,433.4,30,325
dioni_,,,,,,,,,,,,,,,,,,,,,,,,,,,,,,,,,,,32.60080754003989,,,,,,,,,,,,,27.48376270531547,,99.0,30,537
dreamersr12,,,,,,,,,,,,,16.300512169230107,,,,,,,,,,,,,,,,,,,42.2236324184199,,,30.184680089818006,,,,,,32.06188296810848,,,,,,,,,172.2,150,831
nwjoo98,,,,,,,,,,,,,,,,,,,,,,,,,,,,,,,,,,,,,,,,,,,,,,,,,,82.4,30,132
masejin,,,,,,,,,,,,40.51570466144752,38.11101515604359,,,,,,,,,,,,,,,,,,,32.91305186807839,,,,,,44.05693583573433,,,33.004886889210816,,,45.85059914773973,,,,48.44976467179017,50.587384111823475,2545.2,30,607
yibwa0912,,,,,,,,,,,,38.53012301556039,,,,,,,,,,,,,,,,,,,,23.44075050862376,,,,,,,,,,,,23.029937727219878,32.60035424540065,,,,,265.4,60,330
ghkdwjddo202,,,,,,,,,,,,,,,,,,,,,,,,,,,,,,,,,,,,,,,,,,,,,,,,,,75.4,30,188
zasan77,,,,,,,,,,,,,,,,,,,,,,,,,,,,,,,,,,,,,,,,,,,,,,,,,,3.8,30,137
chpc0313,,,,,,,,,,,,,,,,,,,,,,,,,,,,,,,,,,,,,,,,,,,,,,,,,,117.0,30,196
vyeon_,,,,,,,,,,,,,,,,,,,,,,,,,,,,,,,,,,,,,,,,,,,,,,,,,,241.6,30,164
heyji0303,,,,,,,,,,,,,,,,,,,,,,,,,,,,,,,,,,,,,,,,,,,,,,,,,,372.6,30,261
namjji85,,,,,,,,,,,,,,,,,,,,,,,,,,,,,,,,,,,,,,,,,,,,,,,39.8427280976929,,,147.8,30,490
wndud8354,,,,,,,,,,,,29.20997979741467,,,,30.401216614127893,,,,,,,,,,,,,,,33.546110714536844,34.43974044851982,,,,,,,,,,,,,,,,,,310.4,30,469
kindmiso89,,,,,,,,,,,,,,,,,,,,,,,,,,,,,,,,,,,,,,,,,,,,46.230049685726705,,,,,,635.0,30,272
nadaumii,,34.897875343277114,,,,,,,,,,24.22952046313668,,26.439393067375583,,26.316313972057905,,,,,,,,,24.14167266586328,,,,,21.199947825102186,19.96602501858354,,,18.485030234625025,22.858171735122813,,,,,,18.764069623488293,,16.221957962858447,,,,21.25178621569128,25.07101049388736,,587.8,90,1244
yunkmink,,,,,,34.923498071906096,,,,,,,,,,,,,,,,,,,,,,,,,,,,,,,,,,,,,,,,,,,,117.0,30,267
dbqkffodyd,6.602460900969711,,,,,,,,,,,,,,,,,33.570565561453456,,,,,,,,,,,,,,,,,,,,,,,,,,,,,,38.60712614274991,,292.4,30,239
osa3532,36.544370109266374,,,,,,,,,,,,,,,,,,,,,,,,,,,,,,,,,29.136342297103198,,,,,,,,,,34.742988502010206,,,,,,437.6,30,661
purplebora1018,27.43892385150219,,,,,,,,,,,,,,,,,,,,,,,,,,,,,,,,,,,,,,,,23.31731872500545,,,,,,37.051383878639406,,,591.2,60,472
kiho1030,,,,,,,,,,,,,,,,,,,,,,,,,,,,,,,,,,,,,,,,,24.541670740620997,,,,,,,,,964.6,30,224
oouoo4648,,,,,,,,,,,,,,,,,,,,,,,,,,,,,,,,,,,,,,,,,,,,,,,,,,30.8,30,114
sophyhoney,,,,,,53.961486320654735,,,,,,,,,,,,,,,,,,,,,,,,,,,42.82094905252651,,,,,,,,,,,,,,,,,66.4,30,254
dk1983,,,,,,,,,,,,,,,,,,,,,,,,,,,,,,,,,,,,,,,,,19.84666500493396,,,,,,,,,124.6,30,434
fairyasrai,,,,,,,,,,,,,36.16874093242073,,,,,,,,,,,,,,,,,40.24444656269729,,,,,,,,,,,23.832985685490804,,,,,,,,,249.0,30,605
babb2011,,,,,,,,,,,,,,,,,,,,,,,,,,,,,,,,,,,,,,,,,,,,,,,,,,7.2,30,168
sihyukumma14,,,,,,,,,,,,,,,,,,,,,,,,,,,,,,,,,38.772489780846904,,,,,,,,,,,46.28496282219263,,,43.0462757554701,,,165.0,30,318
iamstar_,,,,,,,,,,,,,,,,,,,,,,,,,,,,,,,,,,13.61570192211048,,,,,,,,,,,,31.608112793186066,,,,49.4,30,122
lsogk70,,30.10184187760731,,,,,,,,,,,28.559785763424923,,,,,,,,,,,,37.68628484984265,,,,,,,,,19.015503504128553,,,,,,,,,,28.56123608236282,,,,44.41891632629827,,40.0,30,165
hgy6908,,,,,,,,,,,,36.21941516656828,,,,,,,,,,,,,29.29077619426799,,,,,35.68557752864294,23.570734901065716,27.70564336573615,,23.74431057965384,,35.454246425468455,,40.198336711635676,,33.86730914805568,31.79304334265443,,,41.47802421760205,,,27.321531734722768,41.471921082539296,,40.8,60,748
msunh,,,,,,,,,,,,,,,,,,,,,,,,,,,,,,,,,,,,,,,,,,,,,,,,,,1697.0,90,1000
mkil618,,,,,,,,,,,,,,,,,,,,,,,,,,,,,,39.66825749587003,,,32.50954977481968,,,,,,,,,,,,,,32.16143484744891,,,84.0,30,397
wltn786,,,,,,,,,,,,,,,,,,,,,,,,,,,,,,,,37.64570002440788,,,43.19477895869605,,,,,,,,,,,,,45.666206590462885,,1179.0,60,392
xuanwo,,,,,,,,,,,,,27.84525160462274,,,,,,,,,,,,,,,,,,,,,,,,,,,,,,,,,,24.99725566883794,24.387324768916912,,27.8,30,533
ngfriend2002,,,,,,,,,,,,,,,,,,,,,,,,,,,,,,,,,,,,,,,,,,,,,,,,,21.94265650501644,250.0,60,291
yaimn,,,,,,,,,,,,,,,,,,,,,,,,,,,,,,,,,35.03001249640284,32.08582483009576,,26.054931560903608,,,,,,,,,,,31.025111447981402,23.67138409032176,,338.0,60,880
dgnmm123,,,,,,,,,,,,,,,,,,,,,,,,,,,,,,,,,,32.487246839821246,,,,,,,,,,,,,,,,162.2,30,295
yej45864586,,,,,,,,31.459774101593993,,,32.26247801485509,37.67832399692551,,30.7316537864681,37.100696770507156,35.925531775819955,,,,,,,,,45.919550454795974,,,,,33.4476413040263,31.780582123557902,28.32116222442566,,30.345757257166774,28.244184482190317,,,35.97444242709328,26.468062372434648,,24.458322166226672,,23.194782373339763,36.4185708499598,,,,44.57814748670463,,3523.0,90,2135
coco_9301,,,,,,,,,,,,,,,,,,,,,,,,,,,,,,,,,,,,,,,,,,,,,,,,,,8.6,30,156
songitktk,,,,,,,,,,,,,,,,,,,,,,,,,,,,,,,,,,,,,,,,,,,,,,,,,,201.2,30,433
audtjs1981,,,,,,,,,,,,,,,,,,,,,,,,,,,,,,,,,,,,,,,,,23.953973431095594,,,,,,,,,169.2,60,557
hosoo881020,,,,,,,,,,,,,,,,,,,,,,,,,,,,,,,,,,,23.408091384276467,,,,,,13.98830941953676,,,,,,,,,65.2,30,219
amoris1105,,,,,,,,,,,,34.59097728818983,,20.925856190535868,,,,,,,,,,,,,,,,,27.461634808849702,31.76883445269617,,,26.183882595500652,,,,,,,,,,,,,27.914920520772323,,139.8,30,487
kafer,19.34954349343756,,,,,,,,,,,,,,,,,,,,,,,,,,,,,,,,,,,,,,,,20.457363684477276,,,23.319375491409406,,,,,,108.8,30,134
alfk8195,39.585687650413064,,,,,,,,,,,,,26.275943948980544,,,,,,,,,,,,,,,,,,,,,45.7592717948147,,,,,,,,,,,,34.96434841522623,,,379.8,60,383
lizela87,,,,,,,,,,,,,,,,,,,,,,,,,,,,,,,,,,34.53612930105775,15.979036448927951,,,,,,30.886194225481717,,,,,,,35.116523424737416,,1842.8,90,921
lui14won,,,,,,,,,,,,,,,,,,,,,,,,,,,,,,,,,,,,,,,,,,,,,,,,,,44.6,30,1516
didtks0590,,,,,,,,,,,,,,,,,,,,,,,,,,,,,,,,,,,,,,,,,,,,,,,,,,122.4,30,376
seven-queen,24.381820442729023,,,,,,,,,,,40.733154453306206,,,,32.377722701415934,,,,,,,,,,,,,,,12.090866689408212,35.19104549126313,,,,,,,,,28.8238141839697,,33.33204371597583,30.97166720467022,,,,37.358002312514834,,1331.6,60,1413
dailycindy,,,,,,,,,,,,33.906044468110444,,,,,,,,,,,,,,,,,,,29.605517908327062,,,,32.67662781143334,,,,,,,,,,,,,41.3492583839055,,1039.0,60,846
gowjd1223,,,,,,,,,,,,,,,,,,,,,,,,,,,,,,,,,,26.876343553113216,,,,,,,,,,,,24.738781353078675,,,,588.4,30,380
zellove12,,,,,,,,,,,,44.5151161347633,34.52401902477847,37.47871688720548,,44.86782515157485,,,,,,,,,,,,,,,37.46915005736172,,,31.82821395425526,,,,,41.80771801592224,,36.28945114916337,,,40.17386671197973,,,,40.28529643572916,,4830.0,90,2402
bolgorog,,,,,,,,,,,,,,,,,,,,,,,,,,,,,,,,42.598131340177254,,29.877062441653806,26.02035252193999,,,,,,,,,38.31300056383313,,34.29999965112819,,,,588.6,30,567
bak0866,,,,,,,,,,,,,,,,,,,,,,,,,,,,,,,,,,,,,,,,,,,,,,,,,,105.0,30,208
alsl720,,20.17554617376117,,,,,,,,,,32.50924544556417,,,,,,,,,,,,,,,,,,,,33.74698117551319,,,,,,,,,21.91519501367688,,40.51282709505554,35.823700726367306,,,,35.86962856565699,,2404.6,60,653
googys,,,,,,,,,,,49.54061693662106,,35.889086956215074,,,,,,,,,,,,,,,,,,,,44.738245205756265,,20.661250508854224,,,,,,29.103712615036226,,,29.514796345995087,,,,,,307.6,30,282
ooheeya96,,,,,,,,,,,,,,,,,,,,,,,,,,,,,,,,,,,,,,,,,,,,,,,,52.50232810531478,,572.8,30,436
1223psy,,,,,,,,,,,,,,,,,,,,,,,,,,,,,,,,,,,,,,,,,,,,,,,,,,1650.6,30,284
07min25,,27.012027297503337,,,,,,,,,,,,,,,,,,,,,,,,,,,,,,,,31.538448681399007,,,,,,,,,,,,,,39.123217007390444,,9.8,30,128
seanbyeol,,,,,,,,,,,,,,,,,,,,,,,,,,,,,,,,,,,,,,,,,,,,,,,,,,60.2,30,154
hwajung319,,,,,,22.752116851156654,,,,,,24.450406043428384,,,,,,,,,,,,,,,,,,,,,,,,,,,,,,,,35.3163567448647,,,,36.51630549511147,,172.4,30,268
xogh0147,,,,,,,,,,,,,31.181265807072865,,,,,,,,,,,,,,,,,,,,,,,,,,,,,,,,,,,,,223.0,30,318
rudals9703,,,,,,,,,,,,,,,,,,,,,,,,,,,,,,,,,,20.992901437902635,,,,,,,,,,,,,,,,178.4,30,190
hoiyeji48,,,,,,,,,,,44.770231535830895,34.68370324779525,34.36230700923159,27.179874138468602,36.12705692209788,40.66082028917338,,,,,,,,,,,,,,40.39101687641083,,21.73284093896156,37.20075573510724,31.863012615314517,34.87893973365277,,10.899503676543803,37.07857019213992,,29.12837264209133,27.544491099169385,,39.246745991417825,36.4037551676056,,12.080833762233507,39.79596300866861,35.407463507274166,,35.4,30,2788
cyaflower,22.863805655417398,,,,,,,,,,,,,,,30.20989729014531,,,,,,,,,,,,,,,,,,,,,,,,,30.534365087263026,,,,,,,,,177.8,30,509
gng6679,,,,,,,,,,,,30.58273178521991,,,,31.678336249238072,,,,,,,,,,,,,,,,,37.27285903228663,18.87828222341652,,,,,,,,,,,,,,27.926465020797025,,13.8,30,399
vjdud1222,,,,,,,,,,,,,,32.01762835675882,,28.873503833540653,,,,,,,,,,,,,,,30.413935042426296,21.877643273521535,,,20.417792698411265,,,,,,,,,,,,,,,348.0,60,400
kbearp,,,,,,,,,,,,,,,,41.55434396171994,,,,,,,,,,,,,,38.49617005470439,,,,,30.414464393898093,,,,,,,,,,,,51.936841041167405,48.880160156643214,,1593.4,30,503
greathead60,,,,,,,,,,,48.58087643235685,44.38910915770573,,,,,,,,,,,,,,,,,,53.91921771286522,41.9837888679518,,,40.4908355799258,,,,,,,28.410241831437624,,,54.025512661378315,,,,57.85473821304768,72.92012839272687,36.6,30,293
justdoitming,,,,,,,,,,,,,,,,,,,,,,,,,,,,,,,,,,,,,,,,,,,,,,,,,,2.6,30,207
midihj,,,,,,,,,,,,,,,,,,,,,,,,,,,,,,,,,,,,,,,,,,,,,,,,40.452450781799264,,540.4,30,351
cm0103,,,,,,,,,,,,,26.607301856333386,,,,,,,,,,,,,,,,,,,,,,,,,,,,,,,,,,,,,176.6,30,853
aktf0910,,,,,,,,,,,,,,21.78993824301688,,,,,,,,,,,,,,,,,,,,,,,,,,,,,,,,,,,,88.6,30,364
base02014,,,,,,,,,,,,,,,,,,,,,,,,,,,,,,,36.211404859180945,,,19.670033535766464,,,,,,,,,,,,,,,,569.0,60,819
rhdnsnl88,,,,,,,,,,,,,,,,36.72080222054053,,,,,,,,,,,,,,32.341952895103134,,,,24.07350144202435,,,,,,,21.76020778050988,,,,,,,31.305794577443123,,497.4,60,1013
sung_431,24.463554102845944,,,,,,,,,,,27.60300594790747,,,,,,,,,,,,,,,,,,,,21.783429918829977,,23.290955583177077,,,,,,,21.35368551890752,24.941929881560245,,,,,,34.628536722809805,,3335.4,60,1238
lamoon12,,,,,,,,,,,,,,,,,,,,,,,,,,,,,,,,,,,28.020622511511643,,,,,,18.477888726959236,,,,,36.695526893583505,,28.11429834741512,,123.0,30,365
kindness89,26.658825988162192,35.13437939444474,,,,20.423626673014407,,,,,,26.241932243619928,30.99171312434849,28.585124702022174,,32.58511248740628,,,,,,,,,31.285492974581125,,,,,,,,,30.173292439167767,27.38343720057244,,,,,,34.78243660472897,,,,,,,,,354.6,90,839
0525shj,,,,,,,,,,,,,,,,,,,,,,,,,,,,,,,,,,,,,,,,,,,,,,,,,,36.6,30,103
hyewon_100588,,,,,,,,,,,,,,,,,,,,,,,,,,,,,,,,,,,,,,,,,18.217399284704644,,,,,,,,,324.4,30,1282
jdbri1130,,,,,,,,,,,,,,,,,,,,,,,,,,,,,,,,,,31.235988074578074,,,,,,,,,,,,,,,,501.4,30,255
dlffldksk,,,,,,,,,,,,,,,,,,,,,,,,,,,,,,,,,20.792748190833954,40.84302033059998,,,,,,,,,,,,,,29.87667979210139,,204.2,60,831
rudtj7177,27.45749005056851,,,,,,,,,,,,34.748214240921506,,,,,,,,,,,,,,,,,,,,,23.997619157426232,,,,,,,35.18361742535252,,,,,,,,,3712.2,30,294
zzeeun,,,,,,,,,,,,38.64536825706443,,,,,,,,,,,,,,,,,,29.99112630222841,,,,,,,,,,,32.38351510117115,,,,,,39.001727816084866,44.72283314322879,,121.8,30,413
sdm_bomi,,,,,,,,,,,,,,,,,,,,,,,,,,,,,,,,,,,,,,,,,,,,,,,,,,34.2,30,199
yacomworld,,,,,,,,,,,,,31.20820118107793,,40.55202211350781,,,,,,,,,,34.52806790867456,,,,,,29.165701994465348,38.64541763341886,,18.506471407538676,25.896621606260183,,39.599064728587024,30.432801442079924,,,33.133383974918395,,,44.61941515054389,45.286542189888266,,,39.469071395221484,,8056.0,30,603
polaris_yh,,23.2964511746404,,,,,,,,,,33.15162694806992,,,,32.88471918852193,,,,,,,,,,,,,,,34.2343867446959,27.184952298316443,,23.179962141120928,,,35.207304256833744,44.52519154112147,,,32.21099362472982,37.69553360589445,,31.141614301966964,,30.58729757285241,,36.290081424394764,,255.6,60,1547
iso_sr,,,,,,,,,,,,,,30.205937300962827,,,,,,,,,,,,,,,,,,,,21.496053403938284,,,,,,,,,31.24958859505398,,,,,,,164.4,30,255
bebe9820,,,,,,,,,,,,,,,,,,,,,,,,,,,,,,,,,,,,,,,,,,,,,,,,,,65.2,30,209
ktaru,,,,,,,,,,,,,,,,37.85300057438135,,,,,,,,,,,,,,,,,,,35.076970892264775,,,35.12524648828621,,,29.715290224428312,,,39.66243615839111,,,,,,139.8,30,1253
anue1123,,,,,,,,,,,,,36.23697794487593,,,,,,,,,,,,,,,,,,,,,29.539274144996188,,,,,,,,,,,,,,,,325.4,30,536
leehaksoon,32.35398525613178,,,,,21.991164262768464,,,,,40.55944793043703,,24.961502815454406,,,28.810055707446637,,,,,,,,,,,,,,,29.047086085952465,,,19.34105149634421,,,,32.591644059135575,,29.356826230430066,23.41741937951849,,,,,40.967118566423316,30.468434889513205,32.69421931572176,28.960950872086794,4015.4,90,1462
chry6295,,,,,,,,,,,,,,,,,,,,,,,,,,,,,,,,,,,18.203183604840092,,,,,,14.79514940126553,,,,,,,,,141.6,30,275
ringom0201,,,,,,,,,,,,,,,,,,,,,,,,,,,,,,,,25.45158068827164,,,28.68193389585726,27.251166081312043,,,,,13.751754713025024,,,,,,,38.046766290429034,,1100.0,30,534
